Timestamp,PlaybackTime,UnitQuaternion.x,UnitQuaternion.y,UnitQuaternion.z,UnitQuaternion.w,HmdPosition.x,HmdPosition.y,HmdPosition.z
2016-12-01 01:44:20.357,0.021,0.031,0.943,-0.049,0.328,0.427,1.155,0.215
2016-12-01 01:44:20.368,0.021,0.029,0.943,-0.048,0.327,0.426,1.155,0.215
2016-12-01 01:44:20.379,0.043,0.027,0.944,-0.047,0.326,0.426,1.155,0.215
2016-12-01 01:44:20.390,0.043,0.026,0.944,-0.045,0.324,0.425,1.156,0.215
2016-12-01 01:44:20.401,0.064,0.025,0.945,-0.044,0.323,0.424,1.156,0.215
2016-12-01 01:44:20.413,0.064,0.024,0.945,-0.042,0.322,0.424,1.156,0.215
2016-12-01 01:44:20.423,0.055,0.023,0.946,-0.041,0.321,0.423,1.157,0.215
2016-12-01 01:44:20.434,0.055,0.021,0.947,-0.040,0.320,0.422,1.157,0.215
2016-12-01 01:44:20.446,0.076,0.020,0.947,-0.038,0.318,0.422,1.157,0.215
2016-12-01 01:44:20.457,0.097,0.019,0.948,-0.037,0.317,0.421,1.158,0.215
2016-12-01 01:44:20.468,0.097,0.018,0.948,-0.036,0.316,0.420,1.158,0.215
2016-12-01 01:44:20.479,0.119,0.017,0.949,-0.035,0.314,0.419,1.158,0.215
2016-12-01 01:44:20.490,0.119,0.016,0.949,-0.034,0.313,0.419,1.158,0.215
2016-12-01 01:44:20.501,0.119,0.016,0.950,-0.034,0.312,0.418,1.158,0.215
2016-12-01 01:44:20.513,0.140,0.015,0.950,-0.033,0.310,0.417,1.158,0.215
2016-12-01 01:44:20.524,0.140,0.015,0.950,-0.032,0.309,0.416,1.159,0.215
2016-12-01 01:44:20.535,0.161,0.015,0.951,-0.032,0.307,0.415,1.159,0.215
2016-12-01 01:44:20.546,0.183,0.014,0.951,-0.032,0.306,0.415,1.159,0.214
2016-12-01 01:44:20.558,0.183,0.014,0.952,-0.032,0.305,0.414,1.159,0.214
2016-12-01 01:44:20.568,0.204,0.013,0.952,-0.031,0.303,0.413,1.159,0.214
2016-12-01 01:44:20.581,0.204,0.012,0.953,-0.031,0.302,0.413,1.159,0.214
2016-12-01 01:44:20.591,0.225,0.011,0.953,-0.031,0.300,0.412,1.159,0.214
2016-12-01 01:44:20.602,0.225,0.010,0.954,-0.031,0.299,0.411,1.159,0.214
2016-12-01 01:44:20.613,0.247,0.009,0.954,-0.031,0.298,0.411,1.159,0.213
2016-12-01 01:44:20.625,0.247,0.008,0.954,-0.031,0.297,0.410,1.159,0.213
2016-12-01 01:44:20.635,0.268,0.007,0.955,-0.031,0.296,0.409,1.159,0.213
2016-12-01 01:44:20.647,0.289,0.007,0.955,-0.031,0.295,0.409,1.159,0.213
2016-12-01 01:44:20.657,0.289,0.006,0.955,-0.031,0.295,0.409,1.159,0.213
2016-12-01 01:44:20.669,0.289,0.005,0.955,-0.031,0.294,0.408,1.159,0.213
2016-12-01 01:44:20.680,0.311,0.004,0.956,-0.031,0.293,0.407,1.159,0.212
2016-12-01 01:44:20.691,0.311,0.004,0.956,-0.031,0.293,0.407,1.159,0.212
2016-12-01 01:44:20.703,0.332,0.003,0.956,-0.030,0.293,0.407,1.159,0.212
2016-12-01 01:44:20.714,0.332,0.003,0.956,-0.030,0.292,0.406,1.159,0.212
2016-12-01 01:44:20.725,0.353,0.002,0.956,-0.030,0.292,0.406,1.159,0.212
2016-12-01 01:44:20.736,0.375,0.002,0.956,-0.030,0.292,0.406,1.159,0.212
2016-12-01 01:44:20.748,0.375,0.002,0.956,-0.030,0.292,0.405,1.159,0.212
2016-12-01 01:44:20.759,0.396,0.002,0.956,-0.030,0.292,0.405,1.159,0.212
2016-12-01 01:44:20.769,0.396,0.001,0.956,-0.030,0.292,0.405,1.159,0.212
2016-12-01 01:44:20.781,0.417,0.001,0.956,-0.030,0.292,0.404,1.159,0.212
2016-12-01 01:44:20.793,0.417,0.001,0.956,-0.030,0.292,0.404,1.159,0.212
2016-12-01 01:44:20.803,0.439,0.000,0.956,-0.030,0.292,0.404,1.159,0.212
2016-12-01 01:44:20.815,0.439,0.000,0.956,-0.030,0.292,0.404,1.159,0.212
2016-12-01 01:44:20.825,0.460,0.000,0.956,-0.030,0.293,0.404,1.159,0.212
2016-12-01 01:44:20.836,0.460,0.000,0.956,-0.030,0.293,0.404,1.159,0.212
2016-12-01 01:44:20.847,0.481,0.000,0.956,-0.031,0.293,0.404,1.159,0.212
2016-12-01 01:44:20.859,0.481,0.000,0.956,-0.032,0.293,0.403,1.159,0.212
2016-12-01 01:44:20.870,0.503,0.000,0.956,-0.032,0.292,0.403,1.159,0.212
2016-12-01 01:44:20.882,0.503,0.000,0.956,-0.033,0.292,0.403,1.159,0.212
2016-12-01 01:44:20.894,0.524,-0.001,0.956,-0.033,0.292,0.403,1.159,0.212
2016-12-01 01:44:20.904,0.524,-0.001,0.956,-0.034,0.291,0.403,1.158,0.212
2016-12-01 01:44:20.915,0.545,0.000,0.956,-0.034,0.291,0.403,1.158,0.212
2016-12-01 01:44:20.927,0.567,0.000,0.956,-0.035,0.291,0.403,1.158,0.212
2016-12-01 01:44:20.937,0.567,0.000,0.956,-0.035,0.291,0.403,1.158,0.212
2016-12-01 01:44:20.948,0.588,0.001,0.956,-0.035,0.290,0.403,1.158,0.212
2016-12-01 01:44:20.961,0.588,0.002,0.956,-0.036,0.290,0.403,1.158,0.212
2016-12-01 01:44:20.971,0.609,0.002,0.956,-0.036,0.290,0.403,1.158,0.212
2016-12-01 01:44:20.982,0.609,0.003,0.956,-0.037,0.290,0.403,1.158,0.212
2016-12-01 01:44:20.993,0.609,0.003,0.956,-0.037,0.290,0.403,1.158,0.212
2016-12-01 01:44:21.004,0.631,0.004,0.957,-0.037,0.289,0.404,1.158,0.213
2016-12-01 01:44:21.015,0.631,0.004,0.957,-0.037,0.289,0.404,1.158,0.213
2016-12-01 01:44:21.027,0.652,0.004,0.957,-0.038,0.289,0.404,1.158,0.213
2016-12-01 01:44:21.038,0.673,0.005,0.957,-0.038,0.289,0.404,1.157,0.213
2016-12-01 01:44:21.049,0.673,0.005,0.957,-0.039,0.288,0.404,1.157,0.213
2016-12-01 01:44:21.060,0.695,0.006,0.957,-0.040,0.288,0.404,1.157,0.213
2016-12-01 01:44:21.071,0.695,0.007,0.957,-0.041,0.288,0.404,1.157,0.214
2016-12-01 01:44:21.082,0.716,0.007,0.957,-0.042,0.288,0.405,1.157,0.214
2016-12-01 01:44:21.094,0.716,0.008,0.957,-0.042,0.288,0.405,1.156,0.214
2016-12-01 01:44:21.105,0.737,0.009,0.957,-0.044,0.287,0.405,1.156,0.214
2016-12-01 01:44:21.116,0.759,0.009,0.957,-0.045,0.287,0.405,1.156,0.214
2016-12-01 01:44:21.127,0.759,0.010,0.957,-0.046,0.287,0.405,1.156,0.214
2016-12-01 01:44:21.138,0.780,0.011,0.957,-0.047,0.287,0.405,1.156,0.214
2016-12-01 01:44:21.150,0.780,0.012,0.957,-0.049,0.286,0.405,1.155,0.214
2016-12-01 01:44:21.161,0.780,0.013,0.957,-0.050,0.286,0.405,1.155,0.214
2016-12-01 01:44:21.172,0.801,0.013,0.957,-0.052,0.285,0.405,1.155,0.214
2016-12-01 01:44:21.183,0.801,0.013,0.957,-0.053,0.285,0.405,1.154,0.214
2016-12-01 01:44:21.194,0.823,0.013,0.957,-0.054,0.284,0.405,1.154,0.213
2016-12-01 01:44:21.205,0.823,0.013,0.957,-0.055,0.283,0.405,1.154,0.213
2016-12-01 01:44:21.216,0.844,0.014,0.958,-0.056,0.282,0.405,1.154,0.213
2016-12-01 01:44:21.228,0.865,0.014,0.958,-0.057,0.281,0.405,1.154,0.213
2016-12-01 01:44:21.238,0.865,0.014,0.958,-0.058,0.279,0.405,1.154,0.212
2016-12-01 01:44:21.250,0.887,0.014,0.959,-0.060,0.278,0.405,1.153,0.212
2016-12-01 01:44:21.261,0.887,0.014,0.959,-0.061,0.277,0.405,1.153,0.212
2016-12-01 01:44:21.272,0.908,0.015,0.959,-0.063,0.275,0.405,1.153,0.212
2016-12-01 01:44:21.284,0.908,0.016,0.960,-0.065,0.273,0.405,1.152,0.211
2016-12-01 01:44:21.294,0.929,0.016,0.960,-0.067,0.271,0.405,1.152,0.211
2016-12-01 01:44:21.305,0.929,0.017,0.961,-0.069,0.269,0.404,1.152,0.210
2016-12-01 01:44:21.317,0.951,0.018,0.961,-0.071,0.266,0.404,1.151,0.210
2016-12-01 01:44:21.330,0.951,0.020,0.962,-0.073,0.264,0.404,1.151,0.210
2016-12-01 01:44:21.339,0.972,0.021,0.962,-0.076,0.261,0.404,1.150,0.209
2016-12-01 01:44:21.350,0.972,0.022,0.963,-0.078,0.258,0.403,1.150,0.209
2016-12-01 01:44:21.362,0.993,0.022,0.963,-0.081,0.255,0.403,1.149,0.209
2016-12-01 01:44:21.372,0.993,0.023,0.964,-0.083,0.252,0.403,1.149,0.208
2016-12-01 01:44:21.384,1.015,0.024,0.964,-0.085,0.250,0.402,1.148,0.208
2016-12-01 01:44:21.395,1.015,0.024,0.965,-0.088,0.247,0.402,1.148,0.207
2016-12-01 01:44:21.406,1.036,0.025,0.965,-0.090,0.244,0.402,1.148,0.207
2016-12-01 01:44:21.417,1.057,0.026,0.966,-0.092,0.241,0.401,1.148,0.206
2016-12-01 01:44:21.428,1.057,0.027,0.966,-0.094,0.238,0.401,1.147,0.206
2016-12-01 01:44:21.439,1.079,0.027,0.967,-0.096,0.235,0.400,1.147,0.205
2016-12-01 01:44:21.451,1.079,0.027,0.968,-0.097,0.231,0.400,1.146,0.204
2016-12-01 01:44:21.462,1.100,0.027,0.968,-0.099,0.227,0.399,1.146,0.204
2016-12-01 01:44:21.473,1.100,0.027,0.969,-0.101,0.224,0.399,1.146,0.203
2016-12-01 01:44:21.485,1.100,0.027,0.970,-0.103,0.220,0.398,1.145,0.203
2016-12-01 01:44:21.496,1.121,0.026,0.970,-0.105,0.216,0.398,1.145,0.202
2016-12-01 01:44:21.507,1.143,0.026,0.971,-0.107,0.212,0.397,1.145,0.202
2016-12-01 01:44:21.518,1.143,0.025,0.972,-0.108,0.208,0.396,1.144,0.201
2016-12-01 01:44:21.529,1.164,0.025,0.973,-0.110,0.203,0.396,1.144,0.200
2016-12-01 01:44:21.540,1.164,0.025,0.973,-0.112,0.199,0.395,1.144,0.200
2016-12-01 01:44:21.551,1.185,0.024,0.974,-0.114,0.195,0.394,1.143,0.199
2016-12-01 01:44:21.562,1.185,0.023,0.975,-0.115,0.190,0.394,1.143,0.199
2016-12-01 01:44:21.574,1.207,0.022,0.975,-0.117,0.186,0.393,1.143,0.198
2016-12-01 01:44:21.585,1.207,0.022,0.976,-0.119,0.181,0.392,1.142,0.197
2016-12-01 01:44:21.596,1.228,0.021,0.977,-0.120,0.177,0.392,1.142,0.197
2016-12-01 01:44:21.607,1.249,0.021,0.977,-0.121,0.172,0.391,1.142,0.196
2016-12-01 01:44:21.618,1.249,0.020,0.978,-0.122,0.167,0.390,1.142,0.196
2016-12-01 01:44:21.629,1.271,0.019,0.979,-0.123,0.162,0.389,1.142,0.195
2016-12-01 01:44:21.641,1.271,0.018,0.980,-0.123,0.157,0.389,1.141,0.195
2016-12-01 01:44:21.652,1.271,0.016,0.980,-0.124,0.152,0.388,1.141,0.195
2016-12-01 01:44:21.663,1.292,0.015,0.981,-0.125,0.147,0.387,1.141,0.194
2016-12-01 01:44:21.674,1.292,0.014,0.982,-0.126,0.142,0.387,1.141,0.194
2016-12-01 01:44:21.685,1.313,0.012,0.983,-0.126,0.136,0.386,1.141,0.194
2016-12-01 01:44:21.697,1.335,0.011,0.983,-0.127,0.131,0.385,1.141,0.194
2016-12-01 01:44:21.707,1.335,0.010,0.984,-0.127,0.126,0.385,1.141,0.193
2016-12-01 01:44:21.719,1.356,0.010,0.985,-0.127,0.121,0.384,1.141,0.193
2016-12-01 01:44:21.730,1.356,0.009,0.985,-0.127,0.116,0.383,1.141,0.193
2016-12-01 01:44:21.741,1.377,0.007,0.986,-0.126,0.111,0.383,1.141,0.193
2016-12-01 01:44:21.753,1.377,0.007,0.986,-0.126,0.107,0.382,1.142,0.193
2016-12-01 01:44:21.763,1.399,0.006,0.987,-0.125,0.103,0.382,1.142,0.193
2016-12-01 01:44:21.774,1.399,0.006,0.987,-0.125,0.100,0.382,1.142,0.194
2016-12-01 01:44:21.785,1.420,0.006,0.988,-0.124,0.096,0.382,1.142,0.194
2016-12-01 01:44:21.797,1.420,0.005,0.988,-0.123,0.093,0.382,1.142,0.194
2016-12-01 01:44:21.808,1.441,0.004,0.988,-0.123,0.091,0.382,1.142,0.194
2016-12-01 01:44:21.829,1.463,0.004,0.989,-0.122,0.088,0.381,1.142,0.194
2016-12-01 01:44:21.831,1.463,0.004,0.989,-0.122,0.086,0.382,1.142,0.195
2016-12-01 01:44:21.842,1.463,0.003,0.989,-0.121,0.084,0.382,1.142,0.195
2016-12-01 01:44:21.853,1.484,0.001,0.989,-0.121,0.082,0.382,1.143,0.195
2016-12-01 01:44:21.865,1.484,-0.001,0.989,-0.121,0.080,0.383,1.143,0.195
2016-12-01 01:44:21.875,1.505,-0.002,0.990,-0.120,0.080,0.383,1.143,0.196
2016-12-01 01:44:21.887,1.527,-0.002,0.990,-0.119,0.079,0.383,1.143,0.196
2016-12-01 01:44:21.897,1.527,-0.002,0.990,-0.119,0.079,0.384,1.143,0.196
2016-12-01 01:44:21.909,1.548,-0.003,0.990,-0.119,0.078,0.384,1.143,0.196
2016-12-01 01:44:21.920,1.548,-0.004,0.990,-0.118,0.078,0.384,1.143,0.197
2016-12-01 01:44:21.931,1.569,-0.005,0.990,-0.117,0.078,0.385,1.143,0.197
2016-12-01 01:44:21.942,1.569,-0.006,0.990,-0.117,0.077,0.385,1.143,0.197
2016-12-01 01:44:21.953,1.591,-0.008,0.990,-0.117,0.077,0.386,1.144,0.198
2016-12-01 01:44:21.964,1.591,-0.009,0.990,-0.116,0.076,0.386,1.144,0.198
2016-12-01 01:44:21.976,1.591,-0.010,0.990,-0.116,0.074,0.387,1.144,0.199
2016-12-01 01:44:21.987,1.612,-0.011,0.991,-0.115,0.073,0.387,1.144,0.199
2016-12-01 01:44:21.998,1.633,-0.011,0.991,-0.114,0.072,0.388,1.144,0.199
2016-12-01 01:44:22.009,1.633,-0.012,0.991,-0.113,0.070,0.388,1.144,0.200
2016-12-01 01:44:22.020,1.655,-0.012,0.991,-0.112,0.068,0.388,1.145,0.200
2016-12-01 01:44:22.032,1.655,-0.013,0.992,-0.110,0.065,0.389,1.145,0.200
2016-12-01 01:44:22.043,1.676,-0.013,0.992,-0.109,0.062,0.389,1.145,0.201
2016-12-01 01:44:22.054,1.676,-0.014,0.992,-0.107,0.058,0.389,1.146,0.201
2016-12-01 01:44:22.065,1.697,-0.014,0.993,-0.105,0.054,0.389,1.146,0.201
2016-12-01 01:44:22.076,1.719,-0.015,0.993,-0.102,0.050,0.390,1.147,0.202
2016-12-01 01:44:22.088,1.719,-0.015,0.994,-0.100,0.045,0.390,1.147,0.202
2016-12-01 01:44:22.099,1.740,-0.015,0.994,-0.098,0.040,0.390,1.147,0.202
2016-12-01 01:44:22.110,1.740,-0.015,0.995,-0.095,0.034,0.390,1.148,0.203
2016-12-01 01:44:22.121,1.740,-0.015,0.995,-0.093,0.029,0.390,1.148,0.203
2016-12-01 01:44:22.132,1.761,-0.016,0.996,-0.090,0.022,0.390,1.149,0.203
2016-12-01 01:44:22.143,1.761,-0.017,0.996,-0.087,0.015,0.390,1.150,0.204
2016-12-01 01:44:22.154,1.783,-0.019,0.996,-0.083,0.007,0.390,1.150,0.204
2016-12-01 01:44:22.166,1.783,-0.020,0.997,-0.079,-0.001,0.389,1.151,0.204
2016-12-01 01:44:22.176,1.804,-0.020,0.997,-0.075,-0.010,0.389,1.151,0.205
2016-12-01 01:44:22.188,1.825,-0.021,0.997,-0.071,-0.020,0.389,1.152,0.205
2016-12-01 01:44:22.199,1.825,-0.022,0.997,-0.066,-0.029,0.389,1.153,0.206
2016-12-01 01:44:22.210,1.847,-0.024,0.997,-0.062,-0.040,0.388,1.154,0.206
2016-12-01 01:44:22.222,1.847,-0.025,0.997,-0.058,-0.050,0.388,1.155,0.207
2016-12-01 01:44:22.233,1.868,-0.026,0.996,-0.053,-0.061,0.387,1.156,0.207
2016-12-01 01:44:22.244,1.868,-0.025,0.996,-0.049,-0.072,0.386,1.156,0.208
2016-12-01 01:44:22.255,1.889,-0.024,0.995,-0.044,-0.082,0.385,1.157,0.209
2016-12-01 01:44:22.267,1.911,-0.023,0.995,-0.039,-0.093,0.385,1.158,0.209
2016-12-01 01:44:22.278,1.911,-0.022,0.994,-0.035,-0.104,0.384,1.159,0.210
2016-12-01 01:44:22.288,1.911,-0.022,0.993,-0.032,-0.115,0.383,1.159,0.211
2016-12-01 01:44:22.300,1.932,-0.022,0.991,-0.028,-0.125,0.382,1.160,0.211
2016-12-01 01:44:22.311,1.932,-0.021,0.990,-0.026,-0.136,0.381,1.160,0.212
2016-12-01 01:44:22.322,1.953,-0.020,0.989,-0.023,-0.146,0.381,1.161,0.213
2016-12-01 01:44:22.333,1.953,-0.020,0.987,-0.021,-0.156,0.380,1.161,0.214
2016-12-01 01:44:22.344,1.975,-0.019,0.986,-0.019,-0.166,0.379,1.161,0.215
2016-12-01 01:44:22.355,1.975,-0.018,0.984,-0.017,-0.175,0.378,1.162,0.215
2016-12-01 01:44:22.366,1.996,-0.018,0.983,-0.015,-0.184,0.377,1.162,0.216
2016-12-01 01:44:22.377,2.017,-0.017,0.981,-0.013,-0.192,0.376,1.163,0.217
2016-12-01 01:44:22.389,2.017,-0.017,0.980,-0.012,-0.200,0.375,1.163,0.217
2016-12-01 01:44:22.400,2.039,-0.016,0.978,-0.010,-0.208,0.375,1.163,0.217
2016-12-01 01:44:22.412,2.039,-0.016,0.976,-0.009,-0.215,0.374,1.163,0.218
2016-12-01 01:44:22.423,2.060,-0.015,0.975,-0.008,-0.222,0.373,1.163,0.218
2016-12-01 01:44:22.434,2.060,-0.015,0.973,-0.006,-0.229,0.372,1.164,0.219
2016-12-01 01:44:22.445,2.081,-0.016,0.972,-0.005,-0.236,0.371,1.164,0.219
2016-12-01 01:44:22.457,2.081,-0.016,0.970,-0.004,-0.243,0.371,1.164,0.220
2016-12-01 01:44:22.467,2.103,-0.016,0.968,-0.002,-0.249,0.370,1.164,0.220
2016-12-01 01:44:22.479,2.103,-0.016,0.967,-0.001,-0.256,0.369,1.165,0.220
2016-12-01 01:44:22.490,2.124,-0.016,0.965,0.000,-0.262,0.368,1.165,0.221
2016-12-01 01:44:22.501,2.124,-0.016,0.963,0.001,-0.268,0.367,1.165,0.221
2016-12-01 01:44:22.512,2.145,-0.015,0.962,0.002,-0.274,0.366,1.165,0.221
2016-12-01 01:44:22.523,2.145,-0.015,0.960,0.002,-0.280,0.365,1.165,0.222
2016-12-01 01:44:22.534,2.167,-0.015,0.958,0.003,-0.286,0.364,1.165,0.222
2016-12-01 01:44:22.545,2.167,-0.016,0.956,0.003,-0.292,0.363,1.165,0.223
2016-12-01 01:44:22.557,2.188,-0.016,0.954,0.004,-0.298,0.362,1.165,0.223
2016-12-01 01:44:22.568,2.209,-0.016,0.953,0.005,-0.304,0.361,1.165,0.224
2016-12-01 01:44:22.579,2.209,-0.017,0.951,0.006,-0.310,0.360,1.165,0.224
2016-12-01 01:44:22.590,2.231,-0.017,0.949,0.007,-0.315,0.359,1.165,0.224
2016-12-01 01:44:22.601,2.231,-0.017,0.947,0.008,-0.321,0.358,1.165,0.225
2016-12-01 01:44:22.612,2.231,-0.017,0.945,0.009,-0.326,0.357,1.165,0.225
2016-12-01 01:44:22.623,2.252,-0.017,0.943,0.010,-0.331,0.356,1.165,0.226
2016-12-01 01:44:22.635,2.252,-0.018,0.942,0.010,-0.335,0.355,1.165,0.226
2016-12-01 01:44:22.646,2.273,-0.018,0.940,0.011,-0.340,0.354,1.165,0.226
2016-12-01 01:44:22.658,2.295,-0.018,0.939,0.012,-0.344,0.354,1.165,0.227
2016-12-01 01:44:22.668,2.295,-0.018,0.937,0.012,-0.348,0.353,1.165,0.227
2016-12-01 01:44:22.679,2.316,-0.018,0.936,0.013,-0.351,0.352,1.165,0.228
2016-12-01 01:44:22.691,2.316,-0.018,0.935,0.013,-0.354,0.351,1.165,0.228
2016-12-01 01:44:22.702,2.337,-0.018,0.934,0.014,-0.357,0.351,1.165,0.229
2016-12-01 01:44:22.714,2.337,-0.019,0.933,0.014,-0.359,0.350,1.165,0.229
2016-12-01 01:44:22.724,2.359,-0.019,0.932,0.015,-0.361,0.349,1.165,0.229
2016-12-01 01:44:22.735,2.359,-0.020,0.932,0.016,-0.363,0.349,1.165,0.229
2016-12-01 01:44:22.747,2.380,-0.020,0.931,0.016,-0.364,0.348,1.165,0.229
2016-12-01 01:44:22.758,2.401,-0.021,0.931,0.017,-0.365,0.348,1.165,0.230
2016-12-01 01:44:22.769,2.401,-0.021,0.930,0.017,-0.366,0.347,1.165,0.230
2016-12-01 01:44:22.780,2.401,-0.022,0.930,0.018,-0.366,0.347,1.165,0.230
2016-12-01 01:44:22.791,2.423,-0.022,0.930,0.018,-0.366,0.346,1.165,0.231
2016-12-01 01:44:22.802,2.423,-0.023,0.930,0.018,-0.366,0.346,1.165,0.231
2016-12-01 01:44:22.813,2.444,-0.024,0.930,0.018,-0.365,0.346,1.164,0.231
2016-12-01 01:44:22.825,2.444,-0.025,0.930,0.018,-0.365,0.346,1.164,0.231
2016-12-01 01:44:22.836,2.465,-0.026,0.931,0.018,-0.364,0.345,1.164,0.231
2016-12-01 01:44:22.847,2.487,-0.026,0.931,0.018,-0.363,0.345,1.164,0.231
2016-12-01 01:44:22.859,2.487,-0.027,0.932,0.017,-0.362,0.345,1.164,0.231
2016-12-01 01:44:22.869,2.508,-0.026,0.932,0.017,-0.360,0.345,1.164,0.231
2016-12-01 01:44:22.881,2.508,-0.026,0.933,0.016,-0.359,0.344,1.164,0.231
2016-12-01 01:44:22.892,2.529,-0.026,0.934,0.015,-0.357,0.344,1.164,0.231
2016-12-01 01:44:22.903,2.529,-0.026,0.934,0.015,-0.355,0.344,1.163,0.231
2016-12-01 01:44:22.914,2.551,-0.027,0.935,0.014,-0.353,0.344,1.163,0.231
2016-12-01 01:44:22.926,2.551,-0.027,0.936,0.013,-0.351,0.344,1.163,0.231
2016-12-01 01:44:22.936,2.572,-0.026,0.937,0.013,-0.348,0.344,1.163,0.231
2016-12-01 01:44:22.948,2.572,-0.026,0.938,0.013,-0.345,0.344,1.163,0.231
2016-12-01 01:44:22.959,2.593,-0.025,0.939,0.012,-0.343,0.344,1.164,0.231
2016-12-01 01:44:22.970,2.593,-0.024,0.940,0.012,-0.339,0.344,1.164,0.230
2016-12-01 01:44:22.981,2.615,-0.023,0.942,0.012,-0.335,0.344,1.164,0.230
2016-12-01 01:44:22.992,2.615,-0.022,0.943,0.012,-0.331,0.345,1.164,0.230
2016-12-01 01:44:23.003,2.636,-0.021,0.945,0.011,-0.327,0.345,1.164,0.230
2016-12-01 01:44:23.014,2.636,-0.020,0.947,0.011,-0.321,0.345,1.165,0.229
2016-12-01 01:44:23.026,2.657,-0.019,0.949,0.011,-0.315,0.346,1.165,0.229
2016-12-01 01:44:23.037,2.679,-0.018,0.951,0.011,-0.308,0.346,1.165,0.228
2016-12-01 01:44:23.049,2.679,-0.016,0.954,0.011,-0.300,0.347,1.166,0.228
2016-12-01 01:44:23.059,2.700,-0.014,0.957,0.011,-0.291,0.348,1.166,0.228
2016-12-01 01:44:23.070,2.700,-0.012,0.960,0.011,-0.280,0.349,1.166,0.227
2016-12-01 01:44:23.081,2.721,-0.011,0.963,0.011,-0.269,0.350,1.166,0.226
2016-12-01 01:44:23.093,2.721,-0.010,0.967,0.011,-0.256,0.351,1.167,0.226
2016-12-01 01:44:23.104,2.721,-0.009,0.970,0.011,-0.241,0.353,1.167,0.225
2016-12-01 01:44:23.115,2.743,-0.009,0.974,0.011,-0.225,0.355,1.167,0.224
2016-12-01 01:44:23.127,2.764,-0.009,0.978,0.011,-0.208,0.357,1.167,0.223
2016-12-01 01:44:23.137,2.764,-0.010,0.982,0.012,-0.190,0.359,1.168,0.222
2016-12-01 01:44:23.148,2.785,-0.010,0.985,0.012,-0.170,0.361,1.168,0.222
2016-12-01 01:44:23.160,2.785,-0.014,0.988,0.015,-0.151,0.363,1.169,0.221
2016-12-01 01:44:23.171,2.807,-0.020,0.991,0.020,-0.132,0.365,1.170,0.220
2016-12-01 01:44:23.182,2.807,-0.021,0.993,0.025,-0.112,0.367,1.170,0.219
2016-12-01 01:44:23.193,2.828,-0.020,0.995,0.027,-0.090,0.370,1.171,0.219
2016-12-01 01:44:23.204,2.828,-0.019,0.997,0.029,-0.068,0.373,1.171,0.219
2016-12-01 01:44:23.215,2.849,-0.020,0.998,0.031,-0.045,0.376,1.172,0.218
2016-12-01 01:44:23.227,2.871,-0.021,0.999,0.032,-0.022,0.378,1.172,0.219
2016-12-01 01:44:23.238,2.871,-0.021,0.999,0.034,0.001,0.381,1.172,0.219
2016-12-01 01:44:23.249,2.892,-0.021,0.999,0.036,0.025,0.384,1.172,0.219
2016-12-01 01:44:23.260,2.892,-0.020,0.998,0.037,0.048,0.387,1.172,0.220
2016-12-01 01:44:23.271,2.892,-0.020,0.997,0.037,0.071,0.390,1.172,0.221
2016-12-01 01:44:23.283,2.913,-0.019,0.995,0.037,0.093,0.393,1.172,0.222
2016-12-01 01:44:23.294,2.913,-0.018,0.993,0.036,0.115,0.396,1.172,0.222
2016-12-01 01:44:23.305,2.935,-0.016,0.990,0.035,0.137,0.399,1.172,0.224
2016-12-01 01:44:23.316,2.935,-0.014,0.987,0.034,0.158,0.401,1.172,0.224
2016-12-01 01:44:23.327,2.956,-0.012,0.983,0.032,0.179,0.404,1.171,0.226
2016-12-01 01:44:23.338,2.977,-0.010,0.980,0.030,0.198,0.407,1.171,0.227
2016-12-01 01:44:23.350,2.977,-0.008,0.976,0.028,0.216,0.409,1.170,0.228
2016-12-01 01:44:23.361,2.999,-0.006,0.972,0.025,0.233,0.411,1.170,0.229
2016-12-01 01:44:23.372,2.999,-0.005,0.968,0.022,0.250,0.414,1.169,0.230
2016-12-01 01:44:23.383,3.020,-0.004,0.964,0.020,0.265,0.416,1.169,0.231
2016-12-01 01:44:23.394,3.020,-0.004,0.960,0.017,0.279,0.418,1.169,0.232
2016-12-01 01:44:23.405,3.041,-0.004,0.956,0.017,0.292,0.420,1.168,0.233
2016-12-01 01:44:23.417,3.041,-0.004,0.952,0.015,0.305,0.422,1.168,0.234
2016-12-01 01:44:23.428,3.063,-0.005,0.949,0.012,0.316,0.424,1.168,0.235
2016-12-01 01:44:23.439,3.063,-0.006,0.945,0.010,0.327,0.426,1.167,0.236
2016-12-01 01:44:23.450,3.084,-0.006,0.941,0.008,0.338,0.427,1.167,0.236
2016-12-01 01:44:23.462,3.084,-0.005,0.938,0.005,0.347,0.429,1.166,0.237
2016-12-01 01:44:23.472,3.105,-0.005,0.935,0.003,0.355,0.431,1.166,0.238
2016-12-01 01:44:23.484,3.105,-0.005,0.932,0.001,0.363,0.432,1.166,0.238
2016-12-01 01:44:23.495,3.127,-0.005,0.929,-0.002,0.370,0.434,1.165,0.239
2016-12-01 01:44:23.506,3.127,-0.005,0.926,-0.005,0.378,0.435,1.165,0.239
2016-12-01 01:44:23.517,3.148,-0.004,0.923,-0.006,0.384,0.437,1.165,0.240
2016-12-01 01:44:23.529,3.169,-0.002,0.921,-0.008,0.390,0.438,1.164,0.241
2016-12-01 01:44:23.539,3.169,-0.001,0.918,-0.009,0.396,0.439,1.164,0.241
2016-12-01 01:44:23.550,3.191,0.001,0.915,-0.011,0.402,0.441,1.164,0.242
2016-12-01 01:44:23.562,3.191,0.004,0.913,-0.011,0.409,0.443,1.164,0.242
2016-12-01 01:44:23.573,3.212,0.007,0.910,-0.011,0.415,0.444,1.164,0.242
2016-12-01 01:44:23.584,3.212,0.010,0.906,-0.010,0.422,0.446,1.164,0.243
2016-12-01 01:44:23.595,3.212,0.013,0.903,-0.009,0.429,0.447,1.164,0.243
2016-12-01 01:44:23.607,3.233,0.016,0.900,-0.007,0.436,0.449,1.164,0.244
2016-12-01 01:44:23.618,3.255,0.019,0.897,-0.005,0.443,0.451,1.164,0.244
2016-12-01 01:44:23.630,3.255,0.022,0.893,-0.004,0.449,0.452,1.163,0.245
2016-12-01 01:44:23.640,3.276,0.025,0.890,-0.003,0.456,0.453,1.163,0.245
2016-12-01 01:44:23.652,3.276,0.027,0.886,-0.003,0.463,0.455,1.163,0.246
2016-12-01 01:44:23.663,3.297,0.030,0.882,-0.004,0.470,0.456,1.162,0.247
2016-12-01 01:44:23.674,3.297,0.032,0.879,-0.005,0.476,0.457,1.162,0.247
2016-12-01 01:44:23.685,3.319,0.035,0.875,-0.007,0.483,0.458,1.162,0.247
2016-12-01 01:44:23.696,3.340,0.037,0.871,-0.008,0.490,0.459,1.161,0.248
2016-12-01 01:44:23.707,3.340,0.039,0.867,-0.010,0.497,0.461,1.161,0.248
2016-12-01 01:44:23.719,3.361,0.042,0.863,-0.012,0.504,0.462,1.160,0.249
2016-12-01 01:44:23.729,3.361,0.043,0.859,-0.014,0.511,0.463,1.160,0.249
2016-12-01 01:44:23.740,3.361,0.044,0.854,-0.015,0.517,0.463,1.160,0.249
2016-12-01 01:44:23.752,3.383,0.045,0.850,-0.017,0.525,0.464,1.159,0.249
2016-12-01 01:44:23.763,3.383,0.046,0.846,-0.018,0.532,0.465,1.159,0.250
2016-12-01 01:44:23.774,3.404,0.046,0.841,-0.020,0.539,0.466,1.159,0.250
2016-12-01 01:44:23.786,3.425,0.046,0.836,-0.021,0.546,0.466,1.158,0.250
2016-12-01 01:44:23.797,3.425,0.046,0.832,-0.023,0.553,0.467,1.158,0.250
2016-12-01 01:44:23.808,3.447,0.046,0.827,-0.024,0.560,0.467,1.157,0.251
2016-12-01 01:44:23.819,3.447,0.047,0.822,-0.026,0.567,0.467,1.157,0.251
2016-12-01 01:44:23.830,3.468,0.047,0.816,-0.027,0.575,0.468,1.157,0.251
2016-12-01 01:44:23.841,3.468,0.048,0.811,-0.028,0.582,0.468,1.156,0.251
2016-12-01 01:44:23.852,3.489,0.049,0.806,-0.029,0.589,0.468,1.156,0.251
2016-12-01 01:44:23.864,3.489,0.049,0.800,-0.031,0.597,0.468,1.156,0.251
2016-12-01 01:44:23.875,3.511,0.049,0.795,-0.032,0.604,0.468,1.155,0.251
2016-12-01 01:44:23.886,3.532,0.049,0.789,-0.033,0.611,0.468,1.155,0.251
2016-12-01 01:44:23.897,3.532,0.049,0.783,-0.033,0.619,0.468,1.155,0.252
2016-12-01 01:44:23.908,3.532,0.049,0.777,-0.033,0.627,0.468,1.155,0.252
2016-12-01 01:44:23.919,3.553,0.049,0.771,-0.034,0.635,0.468,1.154,0.252
2016-12-01 01:44:23.931,3.553,0.049,0.764,-0.035,0.642,0.467,1.154,0.252
2016-12-01 01:44:23.941,3.575,0.048,0.757,-0.036,0.650,0.467,1.154,0.252
2016-12-01 01:44:23.953,3.575,0.048,0.751,-0.037,0.658,0.467,1.153,0.252
2016-12-01 01:44:23.964,3.596,0.048,0.744,-0.038,0.665,0.466,1.153,0.252
2016-12-01 01:44:23.976,3.596,0.048,0.737,-0.039,0.673,0.466,1.153,0.252
2016-12-01 01:44:23.987,3.617,0.049,0.731,-0.040,0.680,0.465,1.153,0.252
2016-12-01 01:44:23.998,3.639,0.050,0.724,-0.040,0.686,0.465,1.152,0.252
2016-12-01 01:44:24.009,3.639,0.050,0.718,-0.042,0.693,0.464,1.152,0.252
2016-12-01 01:44:24.020,3.660,0.050,0.712,-0.043,0.699,0.463,1.151,0.252
2016-12-01 01:44:24.031,3.660,0.050,0.706,-0.045,0.705,0.463,1.151,0.252
2016-12-01 01:44:24.042,3.681,0.050,0.700,-0.047,0.711,0.462,1.151,0.251
2016-12-01 01:44:24.054,3.681,0.050,0.695,-0.047,0.716,0.461,1.151,0.251
2016-12-01 01:44:24.065,3.703,0.051,0.689,-0.047,0.722,0.460,1.151,0.251
2016-12-01 01:44:24.076,3.703,0.051,0.683,-0.046,0.727,0.459,1.151,0.251
2016-12-01 01:44:24.087,3.724,0.051,0.678,-0.045,0.732,0.459,1.151,0.251
2016-12-01 01:44:24.098,3.724,0.050,0.672,-0.044,0.737,0.458,1.151,0.251
2016-12-01 01:44:24.109,3.745,0.049,0.667,-0.043,0.742,0.457,1.151,0.250
2016-12-01 01:44:24.121,3.745,0.049,0.662,-0.042,0.747,0.456,1.152,0.250
2016-12-01 01:44:24.131,3.767,0.048,0.656,-0.040,0.752,0.456,1.152,0.250
2016-12-01 01:44:24.143,3.767,0.047,0.651,-0.039,0.757,0.455,1.153,0.250
2016-12-01 01:44:24.154,3.788,0.046,0.646,-0.037,0.761,0.454,1.153,0.250
2016-12-01 01:44:24.165,3.788,0.045,0.640,-0.035,0.766,0.453,1.153,0.250
2016-12-01 01:44:24.176,3.809,0.044,0.635,-0.033,0.771,0.452,1.154,0.250
2016-12-01 01:44:24.188,3.831,0.043,0.629,-0.032,0.775,0.451,1.154,0.250
2016-12-01 01:44:24.199,3.831,0.042,0.624,-0.030,0.780,0.451,1.155,0.250
2016-12-01 01:44:24.210,3.852,0.041,0.618,-0.028,0.785,0.450,1.155,0.250
2016-12-01 01:44:24.221,3.852,0.040,0.612,-0.027,0.789,0.449,1.156,0.250
2016-12-01 01:44:24.232,3.852,0.039,0.605,-0.025,0.795,0.448,1.156,0.250
2016-12-01 01:44:24.243,3.873,0.039,0.599,-0.023,0.800,0.448,1.156,0.250
2016-12-01 01:44:24.255,3.873,0.039,0.591,-0.021,0.805,0.447,1.157,0.250
2016-12-01 01:44:24.265,3.895,0.038,0.584,-0.020,0.810,0.446,1.157,0.251
2016-12-01 01:44:24.277,3.916,0.038,0.577,-0.019,0.816,0.446,1.157,0.251
2016-12-01 01:44:24.288,3.916,0.038,0.569,-0.019,0.821,0.445,1.158,0.251
2016-12-01 01:44:24.299,3.937,0.038,0.561,-0.019,0.826,0.444,1.158,0.251
2016-12-01 01:44:24.310,3.937,0.039,0.554,-0.018,0.832,0.443,1.159,0.251
2016-12-01 01:44:24.321,3.959,0.039,0.546,-0.017,0.837,0.442,1.159,0.251
2016-12-01 01:44:24.333,3.959,0.039,0.538,-0.016,0.842,0.440,1.159,0.251
2016-12-01 01:44:24.343,3.980,0.039,0.530,-0.015,0.847,0.439,1.160,0.251
2016-12-01 01:44:24.355,3.980,0.039,0.522,-0.013,0.852,0.438,1.161,0.251
2016-12-01 01:44:24.366,4.001,0.038,0.514,-0.010,0.857,0.437,1.161,0.252
2016-12-01 01:44:24.378,4.023,0.037,0.506,-0.007,0.862,0.436,1.162,0.251
2016-12-01 01:44:24.389,4.023,0.036,0.499,-0.004,0.866,0.435,1.163,0.252
2016-12-01 01:44:24.400,4.023,0.035,0.492,-0.002,0.870,0.434,1.163,0.251
2016-12-01 01:44:24.411,4.044,0.034,0.484,-0.001,0.874,0.433,1.163,0.251
2016-12-01 01:44:24.422,4.044,0.034,0.477,0.000,0.878,0.432,1.164,0.251
2016-12-01 01:44:24.433,4.065,0.034,0.470,0.002,0.882,0.431,1.164,0.251
2016-12-01 01:44:24.444,4.065,0.034,0.463,0.003,0.886,0.430,1.164,0.251
2016-12-01 01:44:24.455,4.087,0.034,0.455,0.004,0.890,0.429,1.164,0.250
2016-12-01 01:44:24.467,4.108,0.034,0.448,0.006,0.893,0.428,1.165,0.250
2016-12-01 01:44:24.478,4.108,0.033,0.440,0.007,0.897,0.428,1.165,0.250
2016-12-01 01:44:24.489,4.129,0.032,0.433,0.009,0.901,0.427,1.165,0.250
2016-12-01 01:44:24.500,4.129,0.032,0.425,0.010,0.905,0.427,1.165,0.250
2016-12-01 01:44:24.511,4.151,0.031,0.417,0.011,0.908,0.426,1.166,0.250
2016-12-01 01:44:24.523,4.151,0.030,0.409,0.011,0.912,0.426,1.166,0.250
2016-12-01 01:44:24.533,4.172,0.030,0.401,0.011,0.916,0.425,1.166,0.250
2016-12-01 01:44:24.545,4.172,0.030,0.393,0.012,0.919,0.425,1.166,0.250
2016-12-01 01:44:24.556,4.193,0.030,0.384,0.012,0.923,0.424,1.166,0.250
2016-12-01 01:44:24.567,4.193,0.030,0.375,0.012,0.926,0.424,1.166,0.249
2016-12-01 01:44:24.579,4.215,0.030,0.366,0.012,0.930,0.424,1.166,0.249
2016-12-01 01:44:24.590,4.215,0.030,0.356,0.012,0.934,0.423,1.166,0.250
2016-12-01 01:44:24.601,4.236,0.029,0.347,0.011,0.937,0.423,1.165,0.250
2016-12-01 01:44:24.612,4.236,0.029,0.337,0.010,0.941,0.423,1.165,0.250
2016-12-01 01:44:24.623,4.257,0.029,0.328,0.009,0.944,0.422,1.165,0.250
2016-12-01 01:44:24.634,4.257,0.029,0.318,0.008,0.948,0.422,1.165,0.250
2016-12-01 01:44:24.645,4.279,0.029,0.309,0.007,0.951,0.422,1.165,0.250
2016-12-01 01:44:24.657,4.300,0.029,0.300,0.006,0.954,0.422,1.164,0.250
2016-12-01 01:44:24.667,4.300,0.029,0.291,0.005,0.956,0.422,1.164,0.250
2016-12-01 01:44:24.679,4.321,0.030,0.282,0.004,0.959,0.422,1.164,0.250
2016-12-01 01:44:24.690,4.321,0.030,0.274,0.003,0.961,0.422,1.164,0.250
2016-12-01 01:44:24.701,4.343,0.031,0.266,0.001,0.964,0.422,1.163,0.250
2016-12-01 01:44:24.712,4.343,0.031,0.258,0.000,0.966,0.421,1.163,0.250
2016-12-01 01:44:24.723,4.343,0.031,0.249,-0.001,0.968,0.421,1.163,0.250
2016-12-01 01:44:24.735,4.364,0.031,0.242,-0.002,0.970,0.421,1.163,0.251
2016-12-01 01:44:24.746,4.364,0.031,0.234,-0.002,0.972,0.421,1.163,0.251
2016-12-01 01:44:24.757,4.385,0.031,0.226,-0.003,0.974,0.421,1.163,0.251
2016-12-01 01:44:24.769,4.407,0.031,0.218,-0.004,0.975,0.421,1.163,0.251
2016-12-01 01:44:24.780,4.407,0.031,0.211,-0.005,0.977,0.420,1.163,0.252
2016-12-01 01:44:24.791,4.428,0.031,0.204,-0.005,0.979,0.420,1.163,0.252
2016-12-01 01:44:24.802,4.428,0.030,0.197,-0.006,0.980,0.420,1.163,0.252
2016-12-01 01:44:24.813,4.449,0.030,0.190,-0.006,0.981,0.420,1.163,0.252
2016-12-01 01:44:24.824,4.449,0.029,0.182,-0.006,0.983,0.419,1.163,0.253
2016-12-01 01:44:24.835,4.471,0.028,0.175,-0.006,0.984,0.419,1.163,0.253
2016-12-01 01:44:24.846,4.492,0.027,0.168,-0.006,0.985,0.418,1.164,0.253
2016-12-01 01:44:24.858,4.492,0.026,0.160,-0.006,0.987,0.418,1.164,0.253
2016-12-01 01:44:24.869,4.513,0.024,0.152,-0.005,0.988,0.417,1.164,0.253
2016-12-01 01:44:24.880,4.513,0.024,0.144,-0.005,0.989,0.417,1.165,0.254
2016-12-01 01:44:24.891,4.513,0.023,0.136,-0.005,0.991,0.416,1.165,0.254
2016-12-01 01:44:24.902,4.535,0.021,0.128,-0.004,0.992,0.416,1.165,0.254
2016-12-01 01:44:24.913,4.535,0.021,0.120,-0.004,0.993,0.415,1.165,0.254
2016-12-01 01:44:24.925,4.556,0.020,0.112,-0.004,0.993,0.415,1.166,0.255
2016-12-01 01:44:24.936,4.577,0.019,0.105,-0.004,0.994,0.414,1.166,0.254
2016-12-01 01:44:24.947,4.577,0.018,0.098,-0.004,0.995,0.414,1.166,0.255
2016-12-01 01:44:24.958,4.599,0.018,0.090,-0.003,0.996,0.413,1.166,0.255
2016-12-01 01:44:24.970,4.599,0.017,0.083,-0.003,0.996,0.413,1.166,0.255
2016-12-01 01:44:24.981,4.620,0.017,0.076,-0.002,0.997,0.413,1.166,0.255
2016-12-01 01:44:24.992,4.620,0.017,0.069,-0.002,0.997,0.412,1.166,0.255
2016-12-01 01:44:25.003,4.641,0.018,0.062,-0.002,0.998,0.412,1.166,0.255
2016-12-01 01:44:25.014,4.641,0.018,0.056,-0.001,0.998,0.412,1.166,0.255
2016-12-01 01:44:25.025,4.663,0.018,0.049,-0.001,0.999,0.411,1.166,0.255
2016-12-01 01:44:25.036,4.663,0.018,0.043,-0.001,0.999,0.411,1.166,0.255
2016-12-01 01:44:25.047,4.684,0.018,0.036,-0.001,0.999,0.410,1.166,0.255
2016-12-01 01:44:25.059,4.684,0.018,0.030,-0.001,0.999,0.410,1.166,0.255
2016-12-01 01:44:25.069,4.705,0.019,0.023,-0.001,1.000,0.410,1.166,0.256
2016-12-01 01:44:25.081,4.705,0.020,0.017,-0.001,1.000,0.409,1.166,0.256
2016-12-01 01:44:25.092,4.727,0.021,0.011,-0.001,1.000,0.409,1.165,0.256
2016-12-01 01:44:25.103,4.727,0.021,0.005,-0.001,1.000,0.409,1.165,0.255
2016-12-01 01:44:25.115,4.748,0.022,-0.001,0.000,1.000,0.409,1.165,0.255
2016-12-01 01:44:25.126,4.769,0.022,-0.007,0.000,1.000,0.408,1.165,0.255
2016-12-01 01:44:25.137,4.769,0.022,-0.013,0.000,1.000,0.408,1.165,0.255
2016-12-01 01:44:25.148,4.791,0.022,-0.019,0.000,1.000,0.407,1.165,0.255
2016-12-01 01:44:25.160,4.791,0.022,-0.025,0.001,0.999,0.407,1.165,0.255
2016-12-01 01:44:25.170,4.812,0.023,-0.030,0.001,0.999,0.407,1.165,0.255
2016-12-01 01:44:25.182,4.812,0.023,-0.036,0.001,0.999,0.407,1.165,0.255
2016-12-01 01:44:25.193,4.833,0.024,-0.043,0.002,0.999,0.406,1.165,0.255
2016-12-01 01:44:25.204,4.833,0.024,-0.049,0.002,0.999,0.406,1.165,0.255
2016-12-01 01:44:25.215,4.833,0.024,-0.056,0.003,0.998,0.406,1.165,0.254
2016-12-01 01:44:25.226,4.855,0.024,-0.062,0.003,0.998,0.405,1.165,0.254
2016-12-01 01:44:25.237,4.876,0.024,-0.069,0.004,0.997,0.405,1.165,0.254
2016-12-01 01:44:25.249,4.876,0.023,-0.076,0.004,0.997,0.404,1.165,0.254
2016-12-01 01:44:25.259,4.897,0.024,-0.083,0.004,0.996,0.404,1.165,0.254
2016-12-01 01:44:25.271,4.897,0.024,-0.090,0.004,0.996,0.404,1.165,0.253
2016-12-01 01:44:25.282,4.919,0.025,-0.097,0.004,0.995,0.403,1.165,0.253
2016-12-01 01:44:25.294,4.919,0.025,-0.104,0.004,0.994,0.403,1.165,0.253
2016-12-01 01:44:25.305,4.940,0.026,-0.110,0.004,0.994,0.403,1.165,0.252
2016-12-01 01:44:25.316,4.961,0.025,-0.117,0.005,0.993,0.402,1.165,0.252
2016-12-01 01:44:25.327,4.961,0.025,-0.125,0.005,0.992,0.402,1.165,0.252
2016-12-01 01:44:25.338,4.983,0.024,-0.132,0.005,0.991,0.402,1.165,0.251
2016-12-01 01:44:25.349,4.983,0.024,-0.139,0.005,0.990,0.401,1.165,0.251
2016-12-01 01:44:25.360,5.004,0.024,-0.146,0.005,0.989,0.401,1.165,0.250
2016-12-01 01:44:25.371,5.004,0.024,-0.154,0.004,0.988,0.400,1.165,0.250
2016-12-01 01:44:25.383,5.004,0.025,-0.161,0.004,0.987,0.400,1.165,0.249
2016-12-01 01:44:25.394,5.025,0.024,-0.168,0.004,0.985,0.400,1.165,0.249
2016-12-01 01:44:25.405,5.025,0.025,-0.176,0.004,0.984,0.400,1.165,0.249
2016-12-01 01:44:25.416,5.047,0.025,-0.183,0.003,0.983,0.399,1.165,0.248
2016-12-01 01:44:25.427,5.068,0.024,-0.190,0.003,0.981,0.399,1.165,0.248
2016-12-01 01:44:25.438,5.068,0.024,-0.197,0.003,0.980,0.399,1.165,0.247
2016-12-01 01:44:25.449,5.089,0.024,-0.204,0.003,0.979,0.399,1.165,0.247
2016-12-01 01:44:25.461,5.089,0.025,-0.210,0.003,0.977,0.399,1.165,0.247
2016-12-01 01:44:25.471,5.111,0.025,-0.216,0.003,0.976,0.399,1.165,0.246
2016-12-01 01:44:25.484,5.111,0.026,-0.222,0.003,0.975,0.399,1.165,0.246
2016-12-01 01:44:25.494,5.132,0.026,-0.228,0.003,0.973,0.398,1.165,0.246
2016-12-01 01:44:25.505,5.132,0.026,-0.233,0.003,0.972,0.399,1.165,0.246
2016-12-01 01:44:25.517,5.153,0.027,-0.239,0.003,0.971,0.398,1.165,0.246
2016-12-01 01:44:25.528,5.153,0.027,-0.244,0.004,0.969,0.398,1.165,0.245
2016-12-01 01:44:25.539,5.175,0.028,-0.249,0.004,0.968,0.398,1.164,0.245
2016-12-01 01:44:25.550,5.175,0.028,-0.254,0.004,0.967,0.398,1.164,0.245
2016-12-01 01:44:25.562,5.196,0.029,-0.260,0.005,0.965,0.399,1.164,0.245
2016-12-01 01:44:25.572,5.196,0.029,-0.265,0.005,0.964,0.399,1.164,0.245
2016-12-01 01:44:25.584,5.217,0.030,-0.270,0.005,0.962,0.399,1.164,0.245
2016-12-01 01:44:25.595,5.217,0.030,-0.275,0.004,0.961,0.399,1.164,0.245
2016-12-01 01:44:25.606,5.239,0.030,-0.280,0.004,0.959,0.399,1.164,0.245
2016-12-01 01:44:25.617,5.260,0.030,-0.286,0.004,0.958,0.399,1.164,0.245
2016-12-01 01:44:25.629,5.260,0.031,-0.291,0.004,0.956,0.399,1.164,0.245
2016-12-01 01:44:25.639,5.281,0.031,-0.296,0.004,0.955,0.399,1.164,0.245
2016-12-01 01:44:25.651,5.281,0.031,-0.302,0.004,0.953,0.399,1.163,0.245
2016-12-01 01:44:25.661,5.303,0.032,-0.307,0.003,0.951,0.399,1.163,0.245
2016-12-01 01:44:25.673,5.303,0.032,-0.312,0.003,0.950,0.399,1.163,0.245
2016-12-01 01:44:25.684,5.324,0.033,-0.317,0.003,0.948,0.399,1.163,0.245
2016-12-01 01:44:25.696,5.324,0.033,-0.322,0.003,0.946,0.400,1.164,0.245
2016-12-01 01:44:25.707,5.345,0.033,-0.327,0.003,0.945,0.400,1.164,0.246
2016-12-01 01:44:25.718,5.345,0.033,-0.331,0.002,0.943,0.400,1.164,0.246
2016-12-01 01:44:25.729,5.367,0.033,-0.336,0.002,0.941,0.400,1.164,0.246
2016-12-01 01:44:25.740,5.367,0.034,-0.340,0.002,0.940,0.400,1.163,0.246
2016-12-01 01:44:25.751,5.388,0.034,-0.345,0.002,0.938,0.401,1.163,0.246
2016-12-01 01:44:25.763,5.388,0.034,-0.349,0.002,0.936,0.401,1.164,0.246
2016-12-01 01:44:25.773,5.409,0.034,-0.353,0.001,0.935,0.401,1.164,0.247
2016-12-01 01:44:25.785,5.409,0.034,-0.357,0.001,0.933,0.401,1.164,0.247
2016-12-01 01:44:25.796,5.431,0.033,-0.361,0.000,0.932,0.401,1.163,0.247
2016-12-01 01:44:25.807,5.452,0.033,-0.365,0.000,0.931,0.402,1.163,0.247
2016-12-01 01:44:25.818,5.452,0.033,-0.368,-0.001,0.929,0.402,1.163,0.248
2016-12-01 01:44:25.829,5.473,0.034,-0.372,-0.001,0.928,0.402,1.163,0.248
2016-12-01 01:44:25.841,5.473,0.034,-0.375,-0.001,0.927,0.402,1.163,0.248
2016-12-01 01:44:25.852,5.473,0.034,-0.377,-0.001,0.925,0.403,1.162,0.249
2016-12-01 01:44:25.863,5.495,0.035,-0.380,-0.001,0.924,0.403,1.163,0.249
2016-12-01 01:44:25.874,5.495,0.035,-0.382,-0.002,0.923,0.403,1.163,0.249
2016-12-01 01:44:25.885,5.516,0.035,-0.384,-0.002,0.922,0.403,1.163,0.249
2016-12-01 01:44:25.897,5.537,0.035,-0.386,-0.003,0.922,0.404,1.163,0.250
2016-12-01 01:44:25.907,5.537,0.035,-0.388,-0.003,0.921,0.404,1.163,0.250
2016-12-01 01:44:25.919,5.559,0.035,-0.390,-0.003,0.920,0.404,1.163,0.250
2016-12-01 01:44:25.930,5.559,0.035,-0.391,-0.003,0.920,0.404,1.163,0.251
2016-12-01 01:44:25.941,5.580,0.035,-0.392,-0.003,0.919,0.404,1.163,0.251
2016-12-01 01:44:25.953,5.580,0.034,-0.393,-0.004,0.919,0.405,1.163,0.252
2016-12-01 01:44:25.963,5.601,0.034,-0.394,-0.004,0.918,0.405,1.163,0.252
2016-12-01 01:44:25.974,5.601,0.034,-0.395,-0.004,0.918,0.405,1.163,0.252
2016-12-01 01:44:25.986,5.623,0.034,-0.396,-0.004,0.917,0.406,1.162,0.253
2016-12-01 01:44:25.997,5.644,0.033,-0.398,-0.004,0.917,0.406,1.162,0.253
2016-12-01 01:44:26.008,5.644,0.033,-0.399,-0.004,0.916,0.406,1.162,0.253
2016-12-01 01:44:26.019,5.644,0.033,-0.400,-0.004,0.916,0.406,1.162,0.254
2016-12-01 01:44:26.030,5.665,0.033,-0.402,-0.003,0.915,0.407,1.162,0.254
2016-12-01 01:44:26.042,5.665,0.033,-0.404,-0.003,0.914,0.407,1.162,0.255
2016-12-01 01:44:26.053,5.687,0.032,-0.405,-0.003,0.914,0.407,1.162,0.255
2016-12-01 01:44:26.065,5.687,0.032,-0.407,-0.003,0.913,0.407,1.162,0.255
2016-12-01 01:44:26.075,5.708,0.031,-0.409,-0.003,0.912,0.407,1.162,0.256
2016-12-01 01:44:26.087,5.729,0.030,-0.412,-0.002,0.911,0.407,1.162,0.256
2016-12-01 01:44:26.097,5.729,0.030,-0.414,-0.002,0.910,0.407,1.162,0.256
2016-12-01 01:44:26.109,5.751,0.030,-0.417,-0.002,0.908,0.407,1.162,0.256
2016-12-01 01:44:26.120,5.751,0.030,-0.420,-0.003,0.907,0.408,1.162,0.257
2016-12-01 01:44:26.131,5.772,0.030,-0.422,-0.003,0.906,0.408,1.162,0.257
2016-12-01 01:44:26.142,5.772,0.030,-0.425,-0.003,0.905,0.408,1.162,0.257
2016-12-01 01:44:26.153,5.793,0.031,-0.428,-0.002,0.903,0.408,1.162,0.257
2016-12-01 01:44:26.165,5.793,0.031,-0.432,-0.003,0.901,0.408,1.162,0.257
2016-12-01 01:44:26.176,5.815,0.031,-0.435,-0.002,0.900,0.408,1.162,0.257
2016-12-01 01:44:26.187,5.815,0.031,-0.439,-0.002,0.898,0.408,1.162,0.257
2016-12-01 01:44:26.198,5.836,0.032,-0.443,-0.002,0.896,0.408,1.162,0.257
2016-12-01 01:44:26.209,5.836,0.032,-0.447,-0.002,0.894,0.408,1.162,0.257
2016-12-01 01:44:26.220,5.857,0.032,-0.451,-0.002,0.892,0.408,1.162,0.257
2016-12-01 01:44:26.232,5.857,0.033,-0.455,-0.002,0.890,0.408,1.162,0.257
2016-12-01 01:44:26.243,5.879,0.033,-0.459,-0.002,0.888,0.407,1.162,0.257
2016-12-01 01:44:26.254,5.879,0.033,-0.464,-0.002,0.885,0.407,1.162,0.257
2016-12-01 01:44:26.265,5.900,0.033,-0.468,-0.002,0.883,0.407,1.161,0.257
2016-12-01 01:44:26.276,5.921,0.034,-0.473,-0.002,0.881,0.407,1.161,0.257
2016-12-01 01:44:26.288,5.921,0.034,-0.477,-0.002,0.878,0.407,1.161,0.256
2016-12-01 01:44:26.298,5.943,0.034,-0.482,-0.002,0.876,0.406,1.161,0.256
2016-12-01 01:44:26.310,5.943,0.034,-0.486,-0.002,0.873,0.406,1.162,0.256
2016-12-01 01:44:26.321,5.964,0.034,-0.491,-0.002,0.870,0.406,1.162,0.256
2016-12-01 01:44:26.332,5.964,0.034,-0.496,-0.002,0.868,0.405,1.162,0.255
2016-12-01 01:44:26.343,5.964,0.033,-0.500,-0.002,0.865,0.405,1.162,0.255
2016-12-01 01:44:26.354,5.985,0.033,-0.505,-0.001,0.862,0.404,1.162,0.254
2016-12-01 01:44:26.366,5.985,0.033,-0.510,-0.001,0.860,0.404,1.162,0.254
2016-12-01 01:44:26.376,6.007,0.032,-0.515,-0.001,0.857,0.404,1.162,0.254
2016-12-01 01:44:26.388,6.028,0.032,-0.520,0.000,0.854,0.403,1.162,0.253
2016-12-01 01:44:26.399,6.028,0.032,-0.525,0.000,0.851,0.403,1.162,0.253
2016-12-01 01:44:26.410,6.049,0.031,-0.530,0.000,0.848,0.402,1.162,0.252
2016-12-01 01:44:26.422,6.049,0.031,-0.535,0.001,0.844,0.402,1.162,0.252
2016-12-01 01:44:26.433,6.071,0.030,-0.540,0.001,0.841,0.401,1.162,0.251
2016-12-01 01:44:26.444,6.071,0.030,-0.546,0.001,0.838,0.401,1.162,0.250
2016-12-01 01:44:26.455,6.092,0.029,-0.551,0.001,0.834,0.400,1.162,0.250
2016-12-01 01:44:26.466,6.113,0.028,-0.557,0.002,0.830,0.400,1.162,0.249
2016-12-01 01:44:26.478,6.113,0.027,-0.563,0.002,0.826,0.399,1.162,0.248
2016-12-01 01:44:26.488,6.135,0.026,-0.569,0.003,0.822,0.399,1.162,0.247
2016-12-01 01:44:26.499,6.135,0.025,-0.575,0.003,0.818,0.398,1.162,0.247
2016-12-01 01:44:26.511,6.135,0.024,-0.582,0.003,0.813,0.397,1.163,0.246
2016-12-01 01:44:26.522,6.156,0.023,-0.589,0.002,0.808,0.397,1.163,0.245
2016-12-01 01:44:26.533,6.156,0.022,-0.595,0.002,0.803,0.397,1.163,0.244
2016-12-01 01:44:26.544,6.177,0.022,-0.601,0.001,0.799,0.396,1.163,0.243
2016-12-01 01:44:26.556,6.199,0.021,-0.608,0.001,0.794,0.396,1.163,0.242
2016-12-01 01:44:26.566,6.199,0.020,-0.614,0.000,0.789,0.395,1.163,0.241
2016-12-01 01:44:26.577,6.220,0.019,-0.620,0.000,0.785,0.395,1.163,0.240
2016-12-01 01:44:26.589,6.220,0.018,-0.626,0.000,0.780,0.395,1.163,0.239
2016-12-01 01:44:26.600,6.241,0.018,-0.631,0.001,0.775,0.395,1.163,0.238
2016-12-01 01:44:26.612,6.241,0.017,-0.637,0.001,0.771,0.394,1.163,0.237
2016-12-01 01:44:26.623,6.263,0.017,-0.642,0.001,0.766,0.394,1.164,0.236
2016-12-01 01:44:26.634,6.263,0.017,-0.648,0.001,0.762,0.394,1.164,0.235
2016-12-01 01:44:26.645,6.284,0.016,-0.653,0.002,0.757,0.394,1.164,0.234
2016-12-01 01:44:26.656,6.284,0.015,-0.658,0.002,0.753,0.393,1.164,0.234
2016-12-01 01:44:26.667,6.305,0.015,-0.663,0.002,0.749,0.393,1.164,0.233
2016-12-01 01:44:26.678,6.305,0.014,-0.668,0.003,0.744,0.394,1.164,0.232
2016-12-01 01:44:26.689,6.327,0.013,-0.673,0.003,0.740,0.393,1.164,0.231
2016-12-01 01:44:26.701,6.327,0.012,-0.678,0.003,0.735,0.393,1.164,0.230
2016-12-01 01:44:26.712,6.348,0.011,-0.682,0.003,0.731,0.393,1.164,0.229
2016-12-01 01:44:26.723,6.348,0.010,-0.687,0.003,0.726,0.394,1.164,0.229
2016-12-01 01:44:26.734,6.369,0.009,-0.692,0.002,0.722,0.394,1.165,0.228
2016-12-01 01:44:26.745,6.369,0.008,-0.697,0.002,0.717,0.394,1.165,0.227
2016-12-01 01:44:26.756,6.391,0.008,-0.702,0.002,0.712,0.394,1.165,0.227
2016-12-01 01:44:26.768,6.412,0.007,-0.706,0.002,0.708,0.394,1.165,0.226
2016-12-01 01:44:26.779,6.412,0.006,-0.711,0.002,0.703,0.394,1.165,0.225
2016-12-01 01:44:26.790,6.433,0.005,-0.716,0.002,0.698,0.395,1.166,0.225
2016-12-01 01:44:26.801,6.433,0.003,-0.721,0.002,0.693,0.395,1.166,0.224
2016-12-01 01:44:26.813,6.455,0.003,-0.726,0.002,0.688,0.395,1.166,0.223
2016-12-01 01:44:26.824,6.455,0.002,-0.730,0.002,0.683,0.395,1.166,0.223
2016-12-01 01:44:26.835,6.455,0.001,-0.735,0.002,0.678,0.396,1.166,0.223
2016-12-01 01:44:26.846,6.476,0.001,-0.739,0.002,0.673,0.396,1.166,0.222
2016-12-01 01:44:26.857,6.497,0.000,-0.744,0.002,0.668,0.396,1.166,0.222
2016-12-01 01:44:26.868,6.497,0.000,-0.748,0.001,0.664,0.396,1.166,0.222
2016-12-01 01:44:26.879,6.519,0.000,-0.752,0.001,0.659,0.396,1.166,0.221
2016-12-01 01:44:26.891,6.519,0.001,-0.756,0.001,0.654,0.397,1.167,0.221
2016-12-01 01:44:26.902,6.540,0.001,-0.760,0.000,0.650,0.397,1.167,0.221
2016-12-01 01:44:26.913,6.540,0.002,-0.764,0.000,0.646,0.397,1.166,0.221
2016-12-01 01:44:26.924,6.561,0.002,-0.767,0.000,0.641,0.398,1.167,0.221
2016-12-01 01:44:26.935,6.561,0.003,-0.771,0.000,0.637,0.398,1.166,0.221
2016-12-01 01:44:26.946,6.583,0.004,-0.774,-0.001,0.634,0.398,1.166,0.222
2016-12-01 01:44:26.958,6.604,0.005,-0.776,-0.001,0.630,0.399,1.167,0.222
2016-12-01 01:44:26.969,6.604,0.005,-0.779,-0.001,0.627,0.399,1.167,0.222
2016-12-01 01:44:26.980,6.625,0.006,-0.782,-0.001,0.624,0.399,1.166,0.222
2016-12-01 01:44:26.991,6.625,0.006,-0.784,-0.001,0.621,0.400,1.166,0.223
2016-12-01 01:44:27.002,6.625,0.007,-0.786,-0.001,0.618,0.400,1.166,0.223
2016-12-01 01:44:27.014,6.647,0.007,-0.788,-0.001,0.616,0.400,1.166,0.223
2016-12-01 01:44:27.025,6.647,0.007,-0.790,0.000,0.614,0.400,1.166,0.224
2016-12-01 01:44:27.036,6.668,0.008,-0.791,0.001,0.611,0.400,1.166,0.224
2016-12-01 01:44:27.047,6.689,0.008,-0.793,0.001,0.609,0.401,1.166,0.225
2016-12-01 01:44:27.058,6.689,0.008,-0.794,0.002,0.607,0.401,1.166,0.225
2016-12-01 01:44:27.069,6.711,0.008,-0.796,0.003,0.605,0.401,1.166,0.226
2016-12-01 01:44:27.081,6.711,0.007,-0.797,0.003,0.604,0.401,1.166,0.226
2016-12-01 01:44:27.091,6.732,0.006,-0.798,0.004,0.602,0.401,1.167,0.227
2016-12-01 01:44:27.103,6.732,0.006,-0.800,0.004,0.600,0.401,1.167,0.228
2016-12-01 01:44:27.114,6.753,0.005,-0.801,0.004,0.599,0.401,1.167,0.228
2016-12-01 01:44:27.126,6.775,0.005,-0.802,0.005,0.597,0.402,1.167,0.229
2016-12-01 01:44:27.136,6.775,0.004,-0.803,0.005,0.596,0.402,1.168,0.230
2016-12-01 01:44:27.147,6.775,0.004,-0.804,0.006,0.595,0.402,1.168,0.230
2016-12-01 01:44:27.159,6.796,0.004,-0.805,0.006,0.594,0.402,1.168,0.231
2016-12-01 01:44:27.170,6.796,0.003,-0.806,0.006,0.592,0.401,1.168,0.232
2016-12-01 01:44:27.181,6.817,0.003,-0.806,0.007,0.591,0.401,1.169,0.233
2016-12-01 01:44:27.193,6.817,0.002,-0.807,0.007,0.590,0.401,1.169,0.233
2016-12-01 01:44:27.203,6.839,0.002,-0.808,0.007,0.589,0.401,1.169,0.234
2016-12-01 01:44:27.215,6.839,0.001,-0.809,0.007,0.588,0.401,1.169,0.235
2016-12-01 01:44:27.226,6.860,0.001,-0.809,0.007,0.587,0.400,1.169,0.236
2016-12-01 01:44:27.237,6.881,0.001,-0.810,0.007,0.586,0.400,1.169,0.237
2016-12-01 01:44:27.248,6.881,0.002,-0.811,0.007,0.585,0.399,1.169,0.238
2016-12-01 01:44:27.260,6.903,0.002,-0.811,0.006,0.585,0.399,1.169,0.239
2016-12-01 01:44:27.270,6.903,0.002,-0.812,0.006,0.584,0.399,1.169,0.240
2016-12-01 01:44:27.282,6.924,0.002,-0.812,0.006,0.583,0.398,1.169,0.240
2016-12-01 01:44:27.293,6.924,0.003,-0.813,0.005,0.583,0.397,1.169,0.241
2016-12-01 01:44:27.304,6.945,0.004,-0.813,0.005,0.582,0.397,1.169,0.242
2016-12-01 01:44:27.315,6.945,0.004,-0.813,0.004,0.582,0.396,1.169,0.243
2016-12-01 01:44:27.327,6.967,0.005,-0.814,0.003,0.581,0.395,1.169,0.244
2016-12-01 01:44:27.337,6.967,0.006,-0.814,0.003,0.581,0.395,1.169,0.245
2016-12-01 01:44:27.348,6.988,0.007,-0.814,0.003,0.580,0.394,1.169,0.246
2016-12-01 01:44:27.363,6.988,0.009,-0.815,0.002,0.580,0.393,1.169,0.247
2016-12-01 01:44:27.371,7.009,0.010,-0.815,0.002,0.579,0.393,1.169,0.247
2016-12-01 01:44:27.383,7.009,0.011,-0.815,0.002,0.579,0.392,1.169,0.248
2016-12-01 01:44:27.394,7.031,0.012,-0.815,0.001,0.579,0.392,1.169,0.249
2016-12-01 01:44:27.404,7.031,0.014,-0.816,0.001,0.578,0.391,1.168,0.250
2016-12-01 01:44:27.415,7.052,0.015,-0.816,0.000,0.578,0.390,1.168,0.251
2016-12-01 01:44:27.427,7.073,0.016,-0.816,0.000,0.578,0.390,1.168,0.252
2016-12-01 01:44:27.438,7.073,0.018,-0.816,-0.001,0.578,0.389,1.168,0.252
2016-12-01 01:44:27.449,7.095,0.019,-0.816,-0.001,0.578,0.389,1.168,0.253
2016-12-01 01:44:27.460,7.095,0.020,-0.816,-0.001,0.578,0.388,1.168,0.254
2016-12-01 01:44:27.471,7.095,0.021,-0.816,-0.001,0.578,0.388,1.168,0.255
2016-12-01 01:44:27.482,7.116,0.022,-0.816,-0.001,0.578,0.387,1.168,0.256
2016-12-01 01:44:27.494,7.116,0.023,-0.816,-0.001,0.578,0.387,1.167,0.256
2016-12-01 01:44:27.505,7.137,0.023,-0.816,-0.002,0.578,0.386,1.168,0.257
2016-12-01 01:44:27.516,7.159,0.024,-0.816,-0.002,0.578,0.386,1.168,0.257
2016-12-01 01:44:27.527,7.159,0.025,-0.815,-0.003,0.578,0.385,1.168,0.258
2016-12-01 01:44:27.538,7.180,0.026,-0.815,-0.003,0.579,0.385,1.168,0.259
2016-12-01 01:44:27.550,7.180,0.027,-0.815,-0.004,0.579,0.384,1.168,0.259
2016-12-01 01:44:27.561,7.201,0.027,-0.815,-0.005,0.579,0.384,1.168,0.260
2016-12-01 01:44:27.572,7.201,0.028,-0.814,-0.005,0.580,0.384,1.168,0.261
2016-12-01 01:44:27.584,7.223,0.028,-0.814,-0.006,0.580,0.383,1.169,0.261
2016-12-01 01:44:27.595,7.223,0.028,-0.814,-0.007,0.580,0.383,1.169,0.262
2016-12-01 01:44:27.605,7.244,0.028,-0.814,-0.008,0.581,0.383,1.169,0.263
2016-12-01 01:44:27.617,7.265,0.028,-0.813,-0.009,0.581,0.382,1.169,0.263
2016-12-01 01:44:27.628,7.265,0.029,-0.813,-0.010,0.582,0.382,1.169,0.264
2016-12-01 01:44:27.639,7.265,0.029,-0.812,-0.010,0.582,0.381,1.169,0.265
2016-12-01 01:44:27.650,7.287,0.029,-0.812,-0.011,0.583,0.381,1.169,0.265
2016-12-01 01:44:27.662,7.287,0.030,-0.812,-0.012,0.583,0.381,1.169,0.266
2016-12-01 01:44:27.672,7.308,0.030,-0.811,-0.012,0.584,0.380,1.169,0.267
2016-12-01 01:44:27.684,7.308,0.030,-0.811,-0.013,0.584,0.380,1.169,0.267
2016-12-01 01:44:27.695,7.329,0.031,-0.810,-0.013,0.585,0.380,1.169,0.268
2016-12-01 01:44:27.706,7.351,0.031,-0.810,-0.013,0.586,0.380,1.169,0.269
2016-12-01 01:44:27.717,7.351,0.032,-0.809,-0.014,0.587,0.379,1.169,0.269
2016-12-01 01:44:27.728,7.372,0.032,-0.808,-0.015,0.588,0.379,1.169,0.270
2016-12-01 01:44:27.739,7.372,0.032,-0.807,-0.016,0.589,0.378,1.169,0.271
2016-12-01 01:44:27.751,7.393,0.032,-0.807,-0.017,0.590,0.378,1.170,0.271
2016-12-01 01:44:27.762,7.393,0.031,-0.806,-0.017,0.591,0.377,1.170,0.272
2016-12-01 01:44:27.773,7.415,0.031,-0.805,-0.018,0.592,0.377,1.170,0.272
2016-12-01 01:44:27.785,7.415,0.032,-0.805,-0.019,0.593,0.377,1.170,0.273
2016-12-01 01:44:27.795,7.436,0.032,-0.804,-0.019,0.593,0.376,1.170,0.273
2016-12-01 01:44:27.806,7.436,0.032,-0.804,-0.019,0.594,0.376,1.169,0.274
2016-12-01 01:44:27.818,7.457,0.033,-0.803,-0.019,0.595,0.376,1.169,0.274
2016-12-01 01:44:27.829,7.457,0.033,-0.802,-0.019,0.596,0.376,1.169,0.275
2016-12-01 01:44:27.840,7.479,0.033,-0.802,-0.019,0.596,0.375,1.169,0.275
2016-12-01 01:44:27.851,7.479,0.033,-0.802,-0.019,0.597,0.375,1.169,0.276
2016-12-01 01:44:27.862,7.500,0.034,-0.801,-0.019,0.597,0.375,1.169,0.276
2016-12-01 01:44:27.873,7.500,0.034,-0.801,-0.019,0.597,0.374,1.169,0.276
2016-12-01 01:44:27.884,7.521,0.034,-0.801,-0.019,0.597,0.374,1.169,0.276
2016-12-01 01:44:27.896,7.543,0.034,-0.801,-0.019,0.597,0.374,1.169,0.276
2016-12-01 01:44:27.907,7.543,0.035,-0.802,-0.019,0.597,0.374,1.169,0.277
2016-12-01 01:44:27.918,7.564,0.035,-0.802,-0.019,0.596,0.374,1.169,0.277
2016-12-01 01:44:27.929,7.564,0.036,-0.802,-0.019,0.596,0.374,1.169,0.277
2016-12-01 01:44:27.940,7.585,0.036,-0.803,-0.018,0.595,0.373,1.169,0.277
2016-12-01 01:44:27.953,7.585,0.036,-0.803,-0.018,0.594,0.373,1.169,0.277
2016-12-01 01:44:27.963,7.585,0.036,-0.804,-0.018,0.594,0.373,1.169,0.277
2016-12-01 01:44:27.974,7.607,0.036,-0.805,-0.018,0.593,0.373,1.169,0.277
2016-12-01 01:44:27.985,7.607,0.035,-0.805,-0.018,0.592,0.373,1.169,0.277
2016-12-01 01:44:27.996,7.628,0.035,-0.806,-0.018,0.591,0.374,1.169,0.277
2016-12-01 01:44:28.008,7.649,0.034,-0.806,-0.018,0.590,0.374,1.169,0.277
2016-12-01 01:44:28.019,7.649,0.034,-0.807,-0.018,0.589,0.374,1.169,0.277
2016-12-01 01:44:28.030,7.671,0.033,-0.807,-0.018,0.589,0.374,1.169,0.277
2016-12-01 01:44:28.041,7.671,0.033,-0.808,-0.018,0.588,0.374,1.169,0.277
2016-12-01 01:44:28.052,7.692,0.033,-0.808,-0.018,0.588,0.374,1.169,0.276
2016-12-01 01:44:28.063,7.692,0.033,-0.809,-0.018,0.587,0.374,1.169,0.276
2016-12-01 01:44:28.074,7.713,0.033,-0.809,-0.018,0.587,0.374,1.169,0.276
2016-12-01 01:44:28.086,7.735,0.033,-0.809,-0.018,0.587,0.375,1.169,0.276
2016-12-01 01:44:28.097,7.735,0.033,-0.809,-0.018,0.587,0.375,1.169,0.276
2016-12-01 01:44:28.108,7.756,0.033,-0.809,-0.018,0.587,0.375,1.169,0.276
2016-12-01 01:44:28.120,7.756,0.034,-0.809,-0.018,0.587,0.375,1.169,0.276
2016-12-01 01:44:28.130,7.756,0.034,-0.809,-0.018,0.587,0.376,1.169,0.276
2016-12-01 01:44:28.142,7.777,0.034,-0.809,-0.018,0.586,0.376,1.169,0.276
2016-12-01 01:44:28.153,7.777,0.035,-0.809,-0.018,0.586,0.376,1.169,0.275
2016-12-01 01:44:28.164,7.799,0.035,-0.809,-0.018,0.586,0.377,1.169,0.275
2016-12-01 01:44:28.175,7.799,0.035,-0.810,-0.018,0.586,0.377,1.169,0.275
2016-12-01 01:44:28.186,7.820,0.034,-0.810,-0.018,0.585,0.377,1.169,0.275
2016-12-01 01:44:28.198,7.841,0.034,-0.810,-0.018,0.585,0.378,1.169,0.275
2016-12-01 01:44:28.209,7.841,0.034,-0.810,-0.018,0.585,0.378,1.169,0.275
2016-12-01 01:44:28.220,7.863,0.034,-0.810,-0.018,0.585,0.378,1.169,0.274
2016-12-01 01:44:28.231,7.863,0.033,-0.810,-0.018,0.585,0.378,1.169,0.274
2016-12-01 01:44:28.243,7.884,0.033,-0.810,-0.018,0.585,0.379,1.169,0.274
2016-12-01 01:44:28.253,7.884,0.032,-0.810,-0.018,0.585,0.379,1.168,0.274
2016-12-01 01:44:28.265,7.905,0.031,-0.810,-0.018,0.585,0.379,1.168,0.273
2016-12-01 01:44:28.275,7.905,0.031,-0.810,-0.017,0.586,0.380,1.168,0.273
2016-12-01 01:44:28.286,7.927,0.030,-0.810,-0.017,0.586,0.380,1.168,0.273
2016-12-01 01:44:28.299,7.927,0.029,-0.809,-0.017,0.586,0.381,1.168,0.273
2016-12-01 01:44:28.310,7.948,0.029,-0.809,-0.017,0.587,0.381,1.168,0.273
2016-12-01 01:44:28.321,7.948,0.028,-0.809,-0.016,0.587,0.382,1.169,0.272
2016-12-01 01:44:28.331,7.969,0.027,-0.808,-0.016,0.588,0.383,1.169,0.272
2016-12-01 01:44:28.344,7.969,0.027,-0.808,-0.016,0.588,0.383,1.169,0.272
2016-12-01 01:44:28.354,7.991,0.026,-0.808,-0.015,0.589,0.384,1.169,0.272
2016-12-01 01:44:28.365,7.991,0.025,-0.807,-0.015,0.589,0.384,1.169,0.271
2016-12-01 01:44:28.376,8.012,0.024,-0.807,-0.015,0.590,0.385,1.169,0.271
2016-12-01 01:44:28.388,8.033,0.022,-0.807,-0.014,0.590,0.385,1.169,0.271
2016-12-01 01:44:28.398,8.033,0.021,-0.806,-0.014,0.591,0.386,1.169,0.271
2016-12-01 01:44:28.410,8.055,0.020,-0.806,-0.014,0.592,0.387,1.169,0.270
2016-12-01 01:44:28.421,8.055,0.019,-0.806,-0.014,0.592,0.387,1.169,0.270
2016-12-01 01:44:28.432,8.076,0.018,-0.805,-0.014,0.593,0.388,1.169,0.270
2016-12-01 01:44:28.443,8.076,0.016,-0.805,-0.013,0.593,0.388,1.170,0.269
2016-12-01 01:44:28.454,8.076,0.015,-0.805,-0.013,0.593,0.389,1.170,0.269
2016-12-01 01:44:28.465,8.097,0.014,-0.805,-0.013,0.593,0.390,1.170,0.268
2016-12-01 01:44:28.476,8.119,0.012,-0.805,-0.013,0.594,0.390,1.170,0.268
2016-12-01 01:44:28.488,8.119,0.011,-0.804,-0.013,0.594,0.391,1.171,0.267
2016-12-01 01:44:28.499,8.140,0.010,-0.804,-0.013,0.594,0.391,1.171,0.267
2016-12-01 01:44:28.510,8.140,0.009,-0.804,-0.013,0.594,0.392,1.171,0.267
2016-12-01 01:44:28.521,8.161,0.007,-0.805,-0.013,0.594,0.393,1.171,0.266
2016-12-01 01:44:28.533,8.161,0.005,-0.805,-0.013,0.593,0.394,1.171,0.265
2016-12-01 01:44:28.544,8.183,0.003,-0.805,-0.013,0.593,0.394,1.171,0.265
2016-12-01 01:44:28.555,8.183,0.002,-0.805,-0.012,0.593,0.395,1.171,0.264
2016-12-01 01:44:28.566,8.204,0.000,-0.805,-0.012,0.593,0.396,1.171,0.264
2016-12-01 01:44:28.577,8.225,-0.001,-0.805,-0.013,0.593,0.397,1.172,0.263
2016-12-01 01:44:28.589,8.225,-0.002,-0.805,-0.013,0.593,0.397,1.171,0.262
2016-12-01 01:44:28.599,8.247,-0.004,-0.805,-0.014,0.593,0.398,1.171,0.262
2016-12-01 01:44:28.611,8.247,-0.006,-0.805,-0.013,0.593,0.399,1.172,0.261
2016-12-01 01:44:28.622,8.247,-0.007,-0.805,-0.014,0.594,0.400,1.172,0.261
2016-12-01 01:44:28.633,8.268,-0.008,-0.804,-0.014,0.594,0.400,1.172,0.260
2016-12-01 01:44:28.644,8.268,-0.009,-0.804,-0.014,0.595,0.401,1.172,0.260
2016-12-01 01:44:28.655,8.289,-0.010,-0.804,-0.014,0.595,0.402,1.172,0.259
2016-12-01 01:44:28.667,8.311,-0.011,-0.803,-0.014,0.596,0.403,1.172,0.259
2016-12-01 01:44:28.678,8.311,-0.012,-0.802,-0.014,0.596,0.404,1.172,0.259
2016-12-01 01:44:28.689,8.332,-0.013,-0.802,-0.014,0.597,0.405,1.172,0.258
2016-12-01 01:44:28.700,8.332,-0.013,-0.801,-0.014,0.598,0.405,1.172,0.258
2016-12-01 01:44:28.711,8.353,-0.013,-0.800,-0.015,0.599,0.406,1.172,0.258
2016-12-01 01:44:28.723,8.353,-0.014,-0.800,-0.015,0.600,0.407,1.172,0.257
2016-12-01 01:44:28.734,8.375,-0.014,-0.799,-0.015,0.601,0.407,1.172,0.257
2016-12-01 01:44:28.745,8.375,-0.015,-0.798,-0.015,0.602,0.408,1.172,0.257
2016-12-01 01:44:28.756,8.396,-0.015,-0.797,-0.015,0.603,0.409,1.172,0.257
2016-12-01 01:44:28.767,8.396,-0.016,-0.796,-0.016,0.604,0.410,1.172,0.256
2016-12-01 01:44:28.778,8.417,-0.016,-0.796,-0.016,0.605,0.411,1.172,0.256
2016-12-01 01:44:28.789,8.417,-0.017,-0.795,-0.017,0.607,0.411,1.172,0.256
2016-12-01 01:44:28.800,8.439,-0.017,-0.794,-0.018,0.608,0.412,1.172,0.256
2016-12-01 01:44:28.812,8.439,-0.018,-0.793,-0.018,0.609,0.412,1.172,0.255
2016-12-01 01:44:28.823,8.460,-0.018,-0.792,-0.019,0.610,0.413,1.172,0.255
2016-12-01 01:44:28.834,8.460,-0.018,-0.791,-0.020,0.612,0.414,1.173,0.255
2016-12-01 01:44:28.845,8.481,-0.018,-0.790,-0.020,0.613,0.415,1.173,0.254
2016-12-01 01:44:28.857,8.503,-0.018,-0.789,-0.021,0.614,0.415,1.173,0.254
2016-12-01 01:44:28.868,8.503,-0.018,-0.788,-0.022,0.616,0.416,1.173,0.254
2016-12-01 01:44:28.879,8.524,-0.018,-0.786,-0.022,0.617,0.417,1.173,0.254
2016-12-01 01:44:28.891,8.524,-0.018,-0.785,-0.022,0.618,0.417,1.173,0.253
2016-12-01 01:44:28.901,8.545,-0.018,-0.784,-0.023,0.620,0.418,1.173,0.253
2016-12-01 01:44:28.913,8.545,-0.019,-0.783,-0.023,0.621,0.419,1.173,0.253
2016-12-01 01:44:28.924,8.567,-0.019,-0.782,-0.023,0.623,0.420,1.173,0.252
2016-12-01 01:44:28.935,8.567,-0.020,-0.781,-0.023,0.624,0.420,1.173,0.252
2016-12-01 01:44:28.946,8.567,-0.021,-0.779,-0.023,0.626,0.421,1.173,0.252
2016-12-01 01:44:28.957,8.588,-0.022,-0.778,-0.023,0.627,0.422,1.173,0.251
2016-12-01 01:44:28.968,8.609,-0.022,-0.777,-0.023,0.629,0.423,1.173,0.251
2016-12-01 01:44:28.980,8.609,-0.023,-0.776,-0.023,0.630,0.423,1.173,0.251
2016-12-01 01:44:28.990,8.631,-0.024,-0.774,-0.022,0.632,0.424,1.173,0.250
2016-12-01 01:44:29.001,8.631,-0.025,-0.773,-0.023,0.633,0.425,1.173,0.250
2016-12-01 01:44:29.013,8.652,-0.026,-0.772,-0.023,0.635,0.425,1.173,0.249
2016-12-01 01:44:29.024,8.652,-0.027,-0.771,-0.023,0.636,0.426,1.173,0.249
2016-12-01 01:44:29.035,8.673,-0.028,-0.770,-0.023,0.638,0.427,1.173,0.248
2016-12-01 01:44:29.046,8.695,-0.029,-0.768,-0.023,0.639,0.427,1.173,0.248
2016-12-01 01:44:29.058,8.695,-0.030,-0.767,-0.023,0.640,0.428,1.173,0.247
2016-12-01 01:44:29.069,8.716,-0.030,-0.766,-0.023,0.641,0.428,1.173,0.247
2016-12-01 01:44:29.080,8.716,-0.031,-0.765,-0.023,0.642,0.429,1.173,0.246
2016-12-01 01:44:29.091,8.716,-0.032,-0.765,-0.023,0.643,0.429,1.173,0.246
2016-12-01 01:44:29.102,8.737,-0.033,-0.764,-0.024,0.644,0.430,1.173,0.246
2016-12-01 01:44:29.113,8.737,-0.034,-0.763,-0.024,0.645,0.431,1.173,0.245
2016-12-01 01:44:29.124,8.759,-0.035,-0.762,-0.024,0.646,0.431,1.174,0.245
2016-12-01 01:44:29.136,8.759,-0.036,-0.762,-0.025,0.647,0.431,1.174,0.244
2016-12-01 01:44:29.147,8.780,-0.037,-0.761,-0.025,0.647,0.432,1.174,0.243
2016-12-01 01:44:29.158,8.801,-0.038,-0.761,-0.025,0.648,0.432,1.174,0.243
2016-12-01 01:44:29.169,8.801,-0.039,-0.760,-0.026,0.648,0.433,1.174,0.243
2016-12-01 01:44:29.180,8.823,-0.040,-0.760,-0.026,0.649,0.433,1.174,0.242
2016-12-01 01:44:29.192,8.823,-0.041,-0.759,-0.026,0.649,0.433,1.174,0.241
2016-12-01 01:44:29.202,8.844,-0.041,-0.759,-0.026,0.650,0.434,1.174,0.241
2016-12-01 01:44:29.214,8.844,-0.042,-0.758,-0.026,0.650,0.434,1.174,0.240
2016-12-01 01:44:29.225,8.865,-0.042,-0.758,-0.026,0.651,0.434,1.174,0.240
2016-12-01 01:44:29.236,8.887,-0.042,-0.757,-0.027,0.651,0.434,1.174,0.239
2016-12-01 01:44:29.248,8.887,-0.042,-0.757,-0.027,0.651,0.435,1.174,0.239
2016-12-01 01:44:29.259,8.887,-0.042,-0.757,-0.027,0.652,0.435,1.174,0.238
2016-12-01 01:44:29.270,8.908,-0.042,-0.757,-0.028,0.652,0.435,1.174,0.238
2016-12-01 01:44:29.281,8.908,-0.042,-0.756,-0.028,0.652,0.436,1.174,0.237
2016-12-01 01:44:29.293,8.929,-0.042,-0.756,-0.028,0.652,0.436,1.174,0.236
2016-12-01 01:44:29.304,8.929,-0.042,-0.756,-0.028,0.652,0.436,1.174,0.236
2016-12-01 01:44:29.315,8.951,-0.042,-0.756,-0.029,0.652,0.436,1.174,0.235
2016-12-01 01:44:29.326,8.951,-0.042,-0.757,-0.029,0.652,0.437,1.174,0.235
2016-12-01 01:44:29.337,8.972,-0.042,-0.757,-0.029,0.651,0.437,1.174,0.234
2016-12-01 01:44:29.348,8.993,-0.042,-0.757,-0.029,0.651,0.437,1.174,0.234
2016-12-01 01:44:29.360,8.993,-0.042,-0.757,-0.029,0.651,0.437,1.174,0.233
2016-12-01 01:44:29.370,9.015,-0.041,-0.758,-0.029,0.651,0.437,1.174,0.232
2016-12-01 01:44:29.381,9.015,-0.041,-0.758,-0.029,0.651,0.437,1.174,0.232
2016-12-01 01:44:29.393,9.036,-0.041,-0.758,-0.029,0.650,0.438,1.174,0.231
2016-12-01 01:44:29.404,9.036,-0.041,-0.758,-0.029,0.650,0.438,1.174,0.231
2016-12-01 01:44:29.415,9.057,-0.041,-0.758,-0.028,0.650,0.438,1.174,0.230
2016-12-01 01:44:29.427,9.057,-0.042,-0.759,-0.028,0.650,0.438,1.174,0.230
2016-12-01 01:44:29.438,9.079,-0.042,-0.759,-0.028,0.649,0.438,1.174,0.230
2016-12-01 01:44:29.449,9.079,-0.042,-0.759,-0.027,0.649,0.439,1.174,0.229
2016-12-01 01:44:29.460,9.100,-0.042,-0.759,-0.027,0.649,0.439,1.174,0.229
2016-12-01 01:44:29.471,9.100,-0.043,-0.759,-0.026,0.649,0.439,1.174,0.228
2016-12-01 01:44:29.482,9.121,-0.043,-0.759,-0.026,0.649,0.439,1.174,0.228
2016-12-01 01:44:29.494,9.121,-0.043,-0.759,-0.026,0.649,0.439,1.174,0.228
2016-12-01 01:44:29.504,9.143,-0.044,-0.759,-0.026,0.649,0.439,1.174,0.227
2016-12-01 01:44:29.516,9.143,-0.044,-0.759,-0.026,0.649,0.439,1.174,0.227
2016-12-01 01:44:29.527,9.164,-0.045,-0.759,-0.026,0.649,0.439,1.174,0.227
2016-12-01 01:44:29.538,9.185,-0.045,-0.759,-0.025,0.649,0.439,1.174,0.227
2016-12-01 01:44:29.550,9.185,-0.046,-0.759,-0.025,0.649,0.439,1.174,0.226
2016-12-01 01:44:29.560,9.207,-0.046,-0.759,-0.025,0.649,0.439,1.174,0.226
2016-12-01 01:44:29.571,9.207,-0.046,-0.759,-0.025,0.649,0.439,1.174,0.226
2016-12-01 01:44:29.582,9.207,-0.047,-0.759,-0.025,0.649,0.439,1.174,0.226
2016-12-01 01:44:29.594,9.228,-0.047,-0.759,-0.025,0.649,0.440,1.174,0.226
2016-12-01 01:44:29.605,9.228,-0.047,-0.759,-0.025,0.649,0.439,1.174,0.226
2016-12-01 01:44:29.616,9.249,-0.047,-0.759,-0.025,0.649,0.439,1.174,0.226
2016-12-01 01:44:29.628,9.271,-0.047,-0.759,-0.025,0.649,0.439,1.174,0.226
2016-12-01 01:44:29.638,9.271,-0.048,-0.760,-0.025,0.648,0.439,1.174,0.226
2016-12-01 01:44:29.649,9.292,-0.048,-0.760,-0.025,0.648,0.439,1.174,0.226
2016-12-01 01:44:29.661,9.292,-0.048,-0.760,-0.025,0.647,0.440,1.174,0.225
2016-12-01 01:44:29.672,9.313,-0.048,-0.761,-0.025,0.647,0.440,1.174,0.226
2016-12-01 01:44:29.684,9.313,-0.048,-0.761,-0.025,0.646,0.440,1.174,0.226
2016-12-01 01:44:29.694,9.335,-0.049,-0.762,-0.025,0.646,0.440,1.174,0.226
2016-12-01 01:44:29.705,9.335,-0.049,-0.762,-0.025,0.645,0.439,1.174,0.226
2016-12-01 01:44:29.717,9.356,-0.049,-0.763,-0.025,0.644,0.439,1.174,0.226
2016-12-01 01:44:29.728,9.377,-0.049,-0.763,-0.025,0.644,0.439,1.174,0.226
2016-12-01 01:44:29.739,9.377,-0.048,-0.764,-0.025,0.643,0.439,1.174,0.226
2016-12-01 01:44:29.750,9.377,-0.048,-0.765,-0.025,0.642,0.439,1.174,0.226
2016-12-01 01:44:29.761,9.399,-0.048,-0.765,-0.025,0.641,0.439,1.174,0.226
2016-12-01 01:44:29.772,9.399,-0.047,-0.766,-0.024,0.641,0.439,1.174,0.226
2016-12-01 01:44:29.783,9.420,-0.047,-0.767,-0.024,0.640,0.439,1.174,0.227
2016-12-01 01:44:29.795,9.420,-0.046,-0.768,-0.024,0.639,0.439,1.174,0.227
2016-12-01 01:44:29.806,9.441,-0.045,-0.769,-0.024,0.638,0.439,1.174,0.227
2016-12-01 01:44:29.817,9.463,-0.044,-0.770,-0.023,0.636,0.439,1.174,0.227
2016-12-01 01:44:29.829,9.463,-0.044,-0.771,-0.023,0.635,0.439,1.174,0.227
2016-12-01 01:44:29.839,9.484,-0.043,-0.772,-0.023,0.634,0.439,1.173,0.227
2016-12-01 01:44:29.851,9.484,-0.042,-0.773,-0.022,0.632,0.439,1.173,0.227
2016-12-01 01:44:29.862,9.505,-0.041,-0.774,-0.021,0.631,0.439,1.173,0.228
2016-12-01 01:44:29.873,9.505,-0.040,-0.775,-0.021,0.630,0.438,1.173,0.228
2016-12-01 01:44:29.884,9.527,-0.039,-0.776,-0.020,0.629,0.438,1.173,0.228
2016-12-01 01:44:29.895,9.527,-0.038,-0.777,-0.020,0.628,0.438,1.173,0.228
2016-12-01 01:44:29.906,9.548,-0.037,-0.778,-0.019,0.627,0.438,1.173,0.228
2016-12-01 01:44:29.918,9.548,-0.036,-0.779,-0.018,0.626,0.438,1.172,0.228
2016-12-01 01:44:29.929,9.569,-0.035,-0.780,-0.018,0.625,0.438,1.172,0.228
2016-12-01 01:44:29.940,9.569,-0.034,-0.781,-0.017,0.624,0.437,1.172,0.229
2016-12-01 01:44:29.951,9.591,-0.034,-0.781,-0.017,0.623,0.437,1.172,0.229
2016-12-01 01:44:29.962,9.591,-0.033,-0.782,-0.016,0.622,0.437,1.172,0.229
2016-12-01 01:44:29.973,9.612,-0.032,-0.782,-0.016,0.622,0.437,1.172,0.229
2016-12-01 01:44:29.984,9.612,-0.032,-0.783,-0.015,0.621,0.437,1.172,0.230
2016-12-01 01:44:29.996,9.633,-0.031,-0.783,-0.015,0.621,0.436,1.172,0.230
2016-12-01 01:44:30.007,9.655,-0.030,-0.784,-0.015,0.620,0.436,1.171,0.230
2016-12-01 01:44:30.019,9.655,-0.030,-0.784,-0.014,0.619,0.436,1.171,0.230
2016-12-01 01:44:30.029,9.676,-0.029,-0.785,-0.014,0.619,0.436,1.171,0.230
2016-12-01 01:44:30.040,9.676,-0.029,-0.785,-0.014,0.618,0.435,1.171,0.230
2016-12-01 01:44:30.052,9.697,-0.028,-0.786,-0.014,0.618,0.435,1.171,0.231
2016-12-01 01:44:30.063,9.697,-0.028,-0.786,-0.014,0.617,0.435,1.171,0.231
2016-12-01 01:44:30.074,9.697,-0.028,-0.786,-0.014,0.617,0.435,1.171,0.231
2016-12-01 01:44:30.085,9.719,-0.027,-0.787,-0.014,0.617,0.435,1.171,0.231
2016-12-01 01:44:30.097,9.740,-0.027,-0.787,-0.014,0.616,0.435,1.171,0.232
2016-12-01 01:44:30.107,9.740,-0.027,-0.787,-0.014,0.616,0.435,1.171,0.232
2016-12-01 01:44:30.119,9.761,-0.027,-0.787,-0.014,0.616,0.435,1.171,0.232
2016-12-01 01:44:30.130,9.761,-0.026,-0.787,-0.014,0.616,0.435,1.172,0.233
2016-12-01 01:44:30.141,9.783,-0.026,-0.787,-0.014,0.616,0.435,1.172,0.233
2016-12-01 01:44:30.152,9.783,-0.026,-0.787,-0.014,0.616,0.434,1.172,0.233
2016-12-01 01:44:30.163,9.804,-0.026,-0.787,-0.015,0.616,0.434,1.172,0.234
2016-12-01 01:44:30.174,9.804,-0.026,-0.787,-0.015,0.616,0.434,1.172,0.234
2016-12-01 01:44:30.186,9.825,-0.026,-0.787,-0.015,0.616,0.434,1.172,0.234
2016-12-01 01:44:30.197,9.847,-0.026,-0.787,-0.016,0.616,0.434,1.172,0.235
2016-12-01 01:44:30.209,9.847,-0.026,-0.787,-0.016,0.616,0.434,1.172,0.235
2016-12-01 01:44:30.219,9.868,-0.026,-0.787,-0.016,0.616,0.434,1.172,0.235
2016-12-01 01:44:30.230,9.868,-0.026,-0.787,-0.017,0.616,0.433,1.172,0.235
2016-12-01 01:44:30.242,9.868,-0.026,-0.787,-0.017,0.616,0.433,1.172,0.235
2016-12-01 01:44:30.253,9.889,-0.026,-0.787,-0.017,0.616,0.433,1.172,0.236
2016-12-01 01:44:30.264,9.889,-0.026,-0.787,-0.018,0.616,0.433,1.172,0.236
2016-12-01 01:44:30.275,9.911,-0.027,-0.787,-0.018,0.616,0.433,1.172,0.236
2016-12-01 01:44:30.287,9.932,-0.027,-0.788,-0.019,0.615,0.433,1.172,0.236
2016-12-01 01:44:30.297,9.932,-0.027,-0.788,-0.019,0.615,0.432,1.172,0.236
2016-12-01 01:44:30.309,9.953,-0.027,-0.788,-0.019,0.615,0.432,1.172,0.236
2016-12-01 01:44:30.320,9.953,-0.027,-0.788,-0.020,0.614,0.432,1.172,0.237
2016-12-01 01:44:30.331,9.975,-0.028,-0.788,-0.020,0.614,0.432,1.172,0.237
2016-12-01 01:44:30.342,9.975,-0.028,-0.789,-0.020,0.614,0.432,1.173,0.237
2016-12-01 01:44:30.353,9.996,-0.028,-0.789,-0.021,0.613,0.432,1.173,0.237
2016-12-01 01:44:30.365,9.996,-0.029,-0.790,-0.021,0.612,0.432,1.173,0.237
2016-12-01 01:44:30.376,10.017,-0.029,-0.790,-0.022,0.612,0.432,1.173,0.237
2016-12-01 01:44:30.387,10.017,-0.029,-0.791,-0.022,0.611,0.432,1.173,0.237
2016-12-01 01:44:30.398,10.039,-0.029,-0.791,-0.022,0.611,0.432,1.173,0.237
2016-12-01 01:44:30.409,10.039,-0.029,-0.791,-0.023,0.610,0.432,1.173,0.237
2016-12-01 01:44:30.420,10.060,-0.030,-0.792,-0.023,0.609,0.432,1.173,0.238
2016-12-01 01:44:30.431,10.060,-0.030,-0.792,-0.024,0.609,0.432,1.173,0.238
2016-12-01 01:44:30.442,10.081,-0.031,-0.793,-0.024,0.608,0.432,1.173,0.238
2016-12-01 01:44:30.454,10.081,-0.032,-0.793,-0.025,0.607,0.432,1.173,0.238
2016-12-01 01:44:30.465,10.103,-0.032,-0.794,-0.026,0.607,0.432,1.174,0.238
2016-12-01 01:44:30.476,10.124,-0.033,-0.794,-0.027,0.606,0.432,1.174,0.238
2016-12-01 01:44:30.487,10.124,-0.033,-0.795,-0.028,0.606,0.432,1.174,0.238
2016-12-01 01:44:30.498,10.145,-0.034,-0.795,-0.029,0.605,0.432,1.174,0.238
2016-12-01 01:44:30.510,10.145,-0.035,-0.795,-0.030,0.604,0.432,1.174,0.238
2016-12-01 01:44:30.521,10.167,-0.036,-0.796,-0.031,0.604,0.432,1.175,0.238
2016-12-01 01:44:30.532,10.167,-0.038,-0.796,-0.032,0.603,0.432,1.175,0.238
2016-12-01 01:44:30.543,10.188,-0.039,-0.796,-0.034,0.603,0.432,1.176,0.238
2016-12-01 01:44:30.555,10.188,-0.040,-0.796,-0.035,0.602,0.432,1.176,0.238
2016-12-01 01:44:30.565,10.188,-0.040,-0.797,-0.036,0.602,0.432,1.176,0.238
2016-12-01 01:44:30.577,10.209,-0.041,-0.797,-0.037,0.602,0.432,1.176,0.238
2016-12-01 01:44:30.588,10.231,-0.041,-0.797,-0.038,0.602,0.433,1.176,0.238
2016-12-01 01:44:30.599,10.231,-0.042,-0.797,-0.039,0.601,0.433,1.177,0.238
2016-12-01 01:44:30.610,10.252,-0.042,-0.797,-0.039,0.601,0.433,1.177,0.239
2016-12-01 01:44:30.622,10.252,-0.042,-0.797,-0.039,0.601,0.433,1.177,0.239
2016-12-01 01:44:30.632,10.273,-0.043,-0.797,-0.040,0.601,0.433,1.177,0.239
2016-12-01 01:44:30.643,10.273,-0.043,-0.797,-0.040,0.601,0.433,1.177,0.239
2016-12-01 01:44:30.654,10.295,-0.043,-0.797,-0.040,0.601,0.433,1.177,0.239
2016-12-01 01:44:30.666,10.316,-0.043,-0.797,-0.039,0.601,0.434,1.177,0.239
2016-12-01 01:44:30.677,10.316,-0.043,-0.797,-0.039,0.602,0.434,1.177,0.239
2016-12-01 01:44:30.688,10.337,-0.043,-0.796,-0.039,0.602,0.434,1.177,0.239
2016-12-01 01:44:30.700,10.337,-0.043,-0.796,-0.039,0.602,0.434,1.177,0.239
2016-12-01 01:44:30.711,10.337,-0.043,-0.796,-0.039,0.602,0.434,1.177,0.239
2016-12-01 01:44:30.722,10.337,-0.043,-0.796,-0.039,0.603,0.434,1.177,0.240
2016-12-01 01:44:30.733,10.337,-0.043,-0.796,-0.039,0.603,0.434,1.177,0.240
2016-12-01 01:44:30.744,10.359,-0.043,-0.795,-0.039,0.603,0.435,1.176,0.240
2016-12-01 01:44:30.756,10.359,-0.043,-0.795,-0.039,0.604,0.435,1.176,0.240
2016-12-01 01:44:30.767,10.380,-0.043,-0.795,-0.039,0.604,0.435,1.176,0.240
2016-12-01 01:44:30.778,10.401,-0.042,-0.794,-0.038,0.605,0.435,1.176,0.240
2016-12-01 01:44:30.789,10.401,-0.042,-0.794,-0.038,0.606,0.435,1.176,0.240
2016-12-01 01:44:30.800,10.423,-0.042,-0.793,-0.038,0.606,0.435,1.176,0.240
2016-12-01 01:44:30.812,10.423,-0.042,-0.793,-0.037,0.607,0.435,1.176,0.240
2016-12-01 01:44:30.822,10.444,-0.042,-0.792,-0.037,0.608,0.435,1.176,0.240
2016-12-01 01:44:30.834,10.444,-0.042,-0.791,-0.037,0.609,0.435,1.176,0.240
2016-12-01 01:44:30.844,10.465,-0.042,-0.791,-0.037,0.609,0.435,1.176,0.240
2016-12-01 01:44:30.856,10.487,-0.042,-0.790,-0.037,0.610,0.435,1.176,0.241
2016-12-01 01:44:30.867,10.487,-0.042,-0.789,-0.037,0.611,0.435,1.176,0.241
2016-12-01 01:44:30.878,10.487,-0.042,-0.789,-0.037,0.612,0.435,1.176,0.241
2016-12-01 01:44:30.890,10.508,-0.041,-0.788,-0.037,0.613,0.435,1.176,0.241
2016-12-01 01:44:30.901,10.508,-0.041,-0.787,-0.037,0.614,0.436,1.176,0.241
2016-12-01 01:44:30.912,10.529,-0.041,-0.786,-0.037,0.615,0.436,1.176,0.241
2016-12-01 01:44:30.923,10.529,-0.041,-0.786,-0.037,0.616,0.436,1.176,0.241
2016-12-01 01:44:30.934,10.551,-0.041,-0.785,-0.037,0.617,0.436,1.176,0.242
2016-12-01 01:44:30.945,10.551,-0.041,-0.784,-0.037,0.618,0.436,1.176,0.242
2016-12-01 01:44:30.956,10.572,-0.041,-0.784,-0.037,0.618,0.436,1.176,0.242
2016-12-01 01:44:30.967,10.593,-0.041,-0.783,-0.037,0.619,0.436,1.176,0.242
2016-12-01 01:44:30.979,10.593,-0.041,-0.783,-0.038,0.620,0.436,1.176,0.242
2016-12-01 01:44:30.990,10.615,-0.041,-0.782,-0.038,0.620,0.436,1.176,0.242
2016-12-01 01:44:31.001,10.615,-0.041,-0.782,-0.038,0.621,0.436,1.176,0.242
2016-12-01 01:44:31.012,10.636,-0.041,-0.782,-0.039,0.621,0.436,1.176,0.242
2016-12-01 01:44:31.023,10.636,-0.041,-0.781,-0.039,0.621,0.436,1.176,0.242
2016-12-01 01:44:31.034,10.657,-0.041,-0.781,-0.039,0.622,0.436,1.176,0.242
2016-12-01 01:44:31.046,10.657,-0.041,-0.781,-0.039,0.622,0.436,1.176,0.242
2016-12-01 01:44:31.056,10.679,-0.041,-0.781,-0.040,0.622,0.436,1.176,0.242
2016-12-01 01:44:31.069,10.679,-0.041,-0.781,-0.040,0.622,0.436,1.176,0.242
2016-12-01 01:44:31.080,10.700,-0.041,-0.781,-0.040,0.623,0.436,1.176,0.242
2016-12-01 01:44:31.090,10.700,-0.041,-0.780,-0.040,0.623,0.436,1.176,0.242
2016-12-01 01:44:31.102,10.721,-0.040,-0.780,-0.040,0.623,0.436,1.176,0.242
2016-12-01 01:44:31.113,10.721,-0.040,-0.781,-0.040,0.623,0.436,1.176,0.242
2016-12-01 01:44:31.124,10.743,-0.040,-0.781,-0.040,0.623,0.436,1.176,0.242
2016-12-01 01:44:31.135,10.743,-0.040,-0.781,-0.039,0.622,0.436,1.176,0.242
2016-12-01 01:44:31.146,10.764,-0.040,-0.781,-0.039,0.622,0.436,1.176,0.242
2016-12-01 01:44:31.158,10.785,-0.039,-0.781,-0.039,0.622,0.435,1.176,0.241
2016-12-01 01:44:31.169,10.785,-0.039,-0.781,-0.039,0.622,0.435,1.176,0.241
2016-12-01 01:44:31.180,10.807,-0.039,-0.781,-0.038,0.622,0.435,1.176,0.241
2016-12-01 01:44:31.191,10.807,-0.038,-0.781,-0.038,0.622,0.435,1.176,0.241
2016-12-01 01:44:31.202,10.807,-0.037,-0.781,-0.038,0.622,0.435,1.176,0.241
2016-12-01 01:44:31.213,10.828,-0.036,-0.782,-0.038,0.622,0.434,1.176,0.241
2016-12-01 01:44:31.225,10.828,-0.036,-0.782,-0.037,0.622,0.434,1.176,0.241
2016-12-01 01:44:31.235,10.849,-0.035,-0.782,-0.037,0.621,0.434,1.176,0.241
2016-12-01 01:44:31.247,10.871,-0.035,-0.782,-0.036,0.621,0.434,1.176,0.241
2016-12-01 01:44:31.258,10.871,-0.034,-0.782,-0.036,0.621,0.434,1.175,0.241
2016-12-01 01:44:31.269,10.892,-0.033,-0.782,-0.035,0.621,0.434,1.175,0.241
2016-12-01 01:44:31.281,10.892,-0.033,-0.782,-0.035,0.621,0.433,1.175,0.241
2016-12-01 01:44:31.292,10.913,-0.032,-0.783,-0.034,0.621,0.433,1.175,0.241
2016-12-01 01:44:31.303,10.913,-0.032,-0.783,-0.034,0.621,0.433,1.175,0.241
2016-12-01 01:44:31.314,10.935,-0.031,-0.783,-0.033,0.621,0.433,1.175,0.241
2016-12-01 01:44:31.325,10.935,-0.031,-0.783,-0.033,0.621,0.432,1.175,0.241
2016-12-01 01:44:31.336,10.956,-0.030,-0.783,-0.032,0.621,0.432,1.174,0.241
2016-12-01 01:44:31.348,10.977,-0.030,-0.783,-0.031,0.621,0.432,1.174,0.241
2016-12-01 01:44:31.359,10.977,-0.029,-0.782,-0.030,0.621,0.432,1.174,0.241
2016-12-01 01:44:31.369,10.977,-0.029,-0.782,-0.029,0.622,0.431,1.174,0.241
2016-12-01 01:44:31.381,10.999,-0.029,-0.782,-0.029,0.622,0.431,1.174,0.240
2016-12-01 01:44:31.392,10.999,-0.028,-0.782,-0.028,0.622,0.431,1.174,0.241
2016-12-01 01:44:31.403,11.020,-0.028,-0.782,-0.027,0.622,0.431,1.174,0.241
2016-12-01 01:44:31.414,11.020,-0.028,-0.782,-0.026,0.622,0.430,1.174,0.241
2016-12-01 01:44:31.425,11.041,-0.027,-0.782,-0.025,0.623,0.430,1.174,0.241
2016-12-01 01:44:31.437,11.063,-0.027,-0.782,-0.025,0.623,0.430,1.174,0.241
2016-12-01 01:44:31.449,11.063,-0.027,-0.781,-0.024,0.623,0.430,1.173,0.241
2016-12-01 01:44:31.459,11.084,-0.026,-0.781,-0.024,0.623,0.430,1.174,0.241
2016-12-01 01:44:31.471,11.084,-0.026,-0.781,-0.024,0.624,0.429,1.173,0.241
2016-12-01 01:44:31.481,11.105,-0.026,-0.781,-0.024,0.624,0.429,1.173,0.241
2016-12-01 01:44:31.493,11.105,-0.026,-0.781,-0.023,0.624,0.429,1.173,0.241
2016-12-01 01:44:31.504,11.127,-0.025,-0.781,-0.023,0.624,0.429,1.173,0.241
2016-12-01 01:44:31.515,11.127,-0.025,-0.780,-0.023,0.624,0.428,1.173,0.241
2016-12-01 01:44:31.526,11.148,-0.025,-0.780,-0.023,0.624,0.428,1.173,0.241
2016-12-01 01:44:31.537,11.148,-0.024,-0.780,-0.022,0.625,0.428,1.173,0.241
2016-12-01 01:44:31.549,11.169,-0.024,-0.780,-0.022,0.625,0.428,1.173,0.241
2016-12-01 01:44:31.560,11.169,-0.024,-0.780,-0.022,0.625,0.428,1.173,0.241
2016-12-01 01:44:31.570,11.191,-0.023,-0.780,-0.022,0.625,0.427,1.173,0.241
2016-12-01 01:44:31.582,11.191,-0.023,-0.780,-0.022,0.625,0.427,1.173,0.241
2016-12-01 01:44:31.593,11.212,-0.023,-0.780,-0.021,0.625,0.427,1.173,0.241
2016-12-01 01:44:31.604,11.212,-0.023,-0.780,-0.021,0.625,0.427,1.173,0.242
2016-12-01 01:44:31.615,11.233,-0.022,-0.780,-0.021,0.625,0.427,1.173,0.242
2016-12-01 01:44:31.627,11.255,-0.022,-0.780,-0.021,0.625,0.426,1.173,0.241
2016-12-01 01:44:31.638,11.255,-0.022,-0.780,-0.021,0.625,0.426,1.173,0.242
2016-12-01 01:44:31.649,11.276,-0.022,-0.780,-0.020,0.625,0.426,1.172,0.242
2016-12-01 01:44:31.660,11.276,-0.022,-0.780,-0.020,0.625,0.426,1.173,0.242
2016-12-01 01:44:31.671,11.297,-0.021,-0.780,-0.020,0.625,0.426,1.173,0.242
2016-12-01 01:44:31.683,11.297,-0.021,-0.780,-0.020,0.625,0.426,1.172,0.242
2016-12-01 01:44:31.693,11.297,-0.021,-0.780,-0.020,0.625,0.426,1.172,0.242
2016-12-01 01:44:31.705,11.319,-0.021,-0.780,-0.020,0.625,0.426,1.173,0.242
2016-12-01 01:44:31.716,11.340,-0.021,-0.780,-0.019,0.625,0.425,1.172,0.242
2016-12-01 01:44:31.727,11.340,-0.020,-0.780,-0.019,0.625,0.425,1.172,0.242
2016-12-01 01:44:31.738,11.361,-0.020,-0.780,-0.019,0.625,0.425,1.173,0.242
2016-12-01 01:44:31.750,11.361,-0.020,-0.780,-0.019,0.625,0.425,1.172,0.242
2016-12-01 01:44:31.760,11.383,-0.019,-0.780,-0.019,0.625,0.425,1.172,0.241
2016-12-01 01:44:31.772,11.383,-0.019,-0.780,-0.018,0.625,0.425,1.172,0.241
2016-12-01 01:44:31.783,11.404,-0.019,-0.780,-0.018,0.625,0.425,1.172,0.241
2016-12-01 01:44:31.794,11.404,-0.019,-0.780,-0.018,0.625,0.425,1.172,0.241
2016-12-01 01:44:31.805,11.425,-0.019,-0.780,-0.018,0.625,0.425,1.172,0.242
2016-12-01 01:44:31.817,11.447,-0.019,-0.780,-0.018,0.625,0.425,1.172,0.242
2016-12-01 01:44:31.828,11.447,-0.019,-0.780,-0.018,0.625,0.425,1.172,0.242
2016-12-01 01:44:31.839,11.468,-0.019,-0.781,-0.017,0.625,0.425,1.172,0.242
2016-12-01 01:44:31.850,11.468,-0.018,-0.781,-0.017,0.625,0.425,1.172,0.242
2016-12-01 01:44:31.861,11.468,-0.018,-0.781,-0.017,0.624,0.425,1.172,0.242
2016-12-01 01:44:31.872,11.489,-0.018,-0.781,-0.017,0.624,0.425,1.172,0.242
2016-12-01 01:44:31.884,11.489,-0.018,-0.781,-0.017,0.624,0.425,1.172,0.242
2016-12-01 01:44:31.895,11.511,-0.018,-0.781,-0.017,0.624,0.425,1.172,0.242
2016-12-01 01:44:31.906,11.511,-0.018,-0.781,-0.017,0.624,0.425,1.172,0.241
2016-12-01 01:44:31.917,11.532,-0.017,-0.781,-0.017,0.624,0.425,1.172,0.242
2016-12-01 01:44:31.928,11.553,-0.017,-0.781,-0.017,0.625,0.424,1.172,0.242
2016-12-01 01:44:31.939,11.553,-0.017,-0.780,-0.017,0.625,0.425,1.172,0.242
2016-12-01 01:44:31.950,11.575,-0.017,-0.780,-0.017,0.625,0.425,1.172,0.242
2016-12-01 01:44:31.961,11.575,-0.017,-0.780,-0.017,0.625,0.425,1.172,0.242
2016-12-01 01:44:31.973,11.596,-0.017,-0.780,-0.017,0.625,0.425,1.172,0.242
2016-12-01 01:44:31.984,11.596,-0.017,-0.780,-0.017,0.625,0.425,1.172,0.242
2016-12-01 01:44:31.995,11.617,-0.017,-0.780,-0.017,0.625,0.425,1.172,0.242
2016-12-01 01:44:32.007,11.617,-0.017,-0.780,-0.017,0.626,0.425,1.172,0.242
2016-12-01 01:44:32.018,11.639,-0.017,-0.780,-0.017,0.626,0.425,1.172,0.242
2016-12-01 01:44:32.029,11.639,-0.017,-0.779,-0.017,0.626,0.425,1.172,0.242
2016-12-01 01:44:32.040,11.660,-0.017,-0.779,-0.017,0.626,0.425,1.172,0.242
2016-12-01 01:44:32.051,11.660,-0.017,-0.779,-0.017,0.627,0.425,1.172,0.242
2016-12-01 01:44:32.062,11.681,-0.017,-0.779,-0.017,0.627,0.425,1.172,0.242
2016-12-01 01:44:32.074,11.681,-0.017,-0.779,-0.017,0.627,0.425,1.172,0.242
2016-12-01 01:44:32.085,11.703,-0.018,-0.779,-0.017,0.627,0.425,1.172,0.242
2016-12-01 01:44:32.096,11.724,-0.018,-0.778,-0.017,0.627,0.425,1.172,0.242
2016-12-01 01:44:32.107,11.724,-0.018,-0.778,-0.017,0.627,0.425,1.172,0.242
2016-12-01 01:44:32.118,11.745,-0.018,-0.778,-0.017,0.627,0.425,1.172,0.242
2016-12-01 01:44:32.129,11.745,-0.019,-0.778,-0.017,0.628,0.425,1.172,0.242
2016-12-01 01:44:32.140,11.767,-0.019,-0.778,-0.017,0.628,0.425,1.172,0.243
2016-12-01 01:44:32.151,11.767,-0.019,-0.778,-0.017,0.628,0.425,1.172,0.243
2016-12-01 01:44:32.163,11.788,-0.020,-0.778,-0.017,0.628,0.425,1.172,0.243
2016-12-01 01:44:32.174,11.788,-0.020,-0.778,-0.017,0.628,0.425,1.172,0.243
2016-12-01 01:44:32.185,11.788,-0.020,-0.778,-0.017,0.628,0.425,1.172,0.243
2016-12-01 01:44:32.196,11.809,-0.020,-0.778,-0.017,0.628,0.425,1.172,0.243
2016-12-01 01:44:32.207,11.831,-0.020,-0.777,-0.017,0.628,0.425,1.172,0.243
2016-12-01 01:44:32.219,11.831,-0.021,-0.777,-0.017,0.629,0.425,1.172,0.243
2016-12-01 01:44:32.230,11.852,-0.021,-0.777,-0.017,0.629,0.425,1.172,0.243
2016-12-01 01:44:32.241,11.852,-0.021,-0.777,-0.017,0.629,0.425,1.172,0.243
2016-12-01 01:44:32.253,11.873,-0.021,-0.777,-0.018,0.629,0.425,1.172,0.243
2016-12-01 01:44:32.263,11.873,-0.021,-0.777,-0.018,0.629,0.425,1.172,0.243
2016-12-01 01:44:32.274,11.895,-0.022,-0.777,-0.018,0.629,0.425,1.173,0.243
2016-12-01 01:44:32.286,11.895,-0.022,-0.777,-0.018,0.629,0.425,1.173,0.243
2016-12-01 01:44:32.297,11.916,-0.022,-0.777,-0.018,0.629,0.425,1.173,0.243
2016-12-01 01:44:32.308,11.937,-0.022,-0.777,-0.018,0.629,0.425,1.173,0.243
2016-12-01 01:44:32.319,11.937,-0.023,-0.776,-0.018,0.629,0.425,1.173,0.243
2016-12-01 01:44:32.330,11.937,-0.023,-0.776,-0.018,0.630,0.425,1.173,0.243
2016-12-01 01:44:32.341,11.959,-0.023,-0.776,-0.018,0.630,0.425,1.173,0.243
2016-12-01 01:44:32.353,11.959,-0.023,-0.776,-0.018,0.630,0.425,1.173,0.243
2016-12-01 01:44:32.364,11.980,-0.024,-0.776,-0.018,0.630,0.425,1.173,0.243
2016-12-01 01:44:32.375,11.980,-0.024,-0.776,-0.018,0.630,0.425,1.173,0.243
2016-12-01 01:44:32.386,12.001,-0.024,-0.776,-0.018,0.630,0.425,1.173,0.243
2016-12-01 01:44:32.397,12.023,-0.025,-0.776,-0.018,0.630,0.425,1.173,0.243
2016-12-01 01:44:32.409,12.023,-0.025,-0.776,-0.019,0.631,0.425,1.173,0.243
2016-12-01 01:44:32.420,12.044,-0.025,-0.775,-0.019,0.631,0.425,1.173,0.243
2016-12-01 01:44:32.431,12.044,-0.025,-0.775,-0.019,0.631,0.425,1.173,0.243
2016-12-01 01:44:32.442,12.065,-0.025,-0.775,-0.019,0.631,0.425,1.173,0.243
2016-12-01 01:44:32.454,12.065,-0.026,-0.775,-0.019,0.631,0.425,1.173,0.243
2016-12-01 01:44:32.464,12.087,-0.026,-0.775,-0.019,0.631,0.425,1.173,0.243
2016-12-01 01:44:32.476,12.087,-0.026,-0.775,-0.020,0.631,0.425,1.173,0.243
2016-12-01 01:44:32.487,12.108,-0.027,-0.775,-0.020,0.631,0.425,1.173,0.243
2016-12-01 01:44:32.498,12.108,-0.027,-0.775,-0.020,0.631,0.425,1.173,0.243
2016-12-01 01:44:32.509,12.129,-0.027,-0.775,-0.020,0.631,0.424,1.173,0.243
2016-12-01 01:44:32.520,12.129,-0.027,-0.775,-0.021,0.631,0.424,1.174,0.243
2016-12-01 01:44:32.531,12.151,-0.027,-0.775,-0.021,0.631,0.424,1.174,0.243
2016-12-01 01:44:32.543,12.151,-0.027,-0.775,-0.021,0.631,0.424,1.174,0.243
2016-12-01 01:44:32.553,12.172,-0.028,-0.775,-0.021,0.631,0.424,1.174,0.243
2016-12-01 01:44:32.564,12.172,-0.028,-0.775,-0.021,0.631,0.424,1.174,0.243
2016-12-01 01:44:32.576,12.193,-0.028,-0.775,-0.021,0.631,0.424,1.174,0.243
2016-12-01 01:44:32.588,12.215,-0.028,-0.775,-0.021,0.631,0.424,1.174,0.243
2016-12-01 01:44:32.599,12.215,-0.028,-0.775,-0.021,0.631,0.424,1.174,0.243
2016-12-01 01:44:32.610,12.236,-0.029,-0.775,-0.022,0.631,0.424,1.174,0.243
2016-12-01 01:44:32.621,12.236,-0.029,-0.775,-0.022,0.631,0.424,1.174,0.243
2016-12-01 01:44:32.632,12.257,-0.029,-0.775,-0.022,0.631,0.424,1.174,0.243
2016-12-01 01:44:32.644,12.257,-0.029,-0.775,-0.022,0.630,0.424,1.174,0.243
2016-12-01 01:44:32.654,12.279,-0.029,-0.775,-0.022,0.630,0.424,1.174,0.243
2016-12-01 01:44:32.665,12.279,-0.030,-0.775,-0.022,0.630,0.424,1.174,0.243
2016-12-01 01:44:32.677,12.300,-0.030,-0.776,-0.022,0.630,0.424,1.174,0.243
2016-12-01 01:44:32.688,12.300,-0.030,-0.776,-0.022,0.630,0.424,1.174,0.243
2016-12-01 01:44:32.699,12.321,-0.030,-0.776,-0.022,0.630,0.424,1.174,0.243
2016-12-01 01:44:32.710,12.321,-0.030,-0.776,-0.022,0.630,0.424,1.174,0.243
2016-12-01 01:44:32.721,12.343,-0.030,-0.776,-0.022,0.630,0.424,1.174,0.243
2016-12-01 01:44:32.732,12.343,-0.030,-0.776,-0.022,0.630,0.424,1.175,0.243
2016-12-01 01:44:32.743,12.364,-0.031,-0.776,-0.022,0.629,0.424,1.174,0.243
2016-12-01 01:44:32.755,12.364,-0.031,-0.776,-0.022,0.629,0.424,1.174,0.243
2016-12-01 01:44:32.767,12.385,-0.031,-0.776,-0.022,0.629,0.424,1.175,0.243
2016-12-01 01:44:32.778,12.407,-0.031,-0.776,-0.023,0.629,0.424,1.175,0.243
2016-12-01 01:44:32.789,12.407,-0.031,-0.776,-0.023,0.629,0.424,1.175,0.243
2016-12-01 01:44:32.799,12.428,-0.031,-0.777,-0.023,0.629,0.423,1.175,0.243
2016-12-01 01:44:32.811,12.428,-0.031,-0.777,-0.023,0.629,0.423,1.175,0.243
2016-12-01 01:44:32.822,12.428,-0.031,-0.777,-0.022,0.629,0.423,1.174,0.243
2016-12-01 01:44:32.833,12.449,-0.031,-0.777,-0.022,0.629,0.423,1.174,0.243
2016-12-01 01:44:32.845,12.449,-0.031,-0.777,-0.022,0.629,0.423,1.174,0.243
2016-12-01 01:44:32.855,12.471,-0.030,-0.777,-0.022,0.628,0.423,1.174,0.243
2016-12-01 01:44:32.866,12.492,-0.030,-0.777,-0.022,0.628,0.423,1.174,0.243
2016-12-01 01:44:32.878,12.492,-0.030,-0.777,-0.021,0.628,0.423,1.174,0.243
2016-12-01 01:44:32.888,12.513,-0.030,-0.777,-0.021,0.628,0.423,1.174,0.243
2016-12-01 01:44:32.900,12.513,-0.030,-0.777,-0.021,0.628,0.423,1.174,0.243
2016-12-01 01:44:32.911,12.535,-0.029,-0.777,-0.021,0.628,0.423,1.174,0.243
2016-12-01 01:44:32.922,12.535,-0.029,-0.777,-0.021,0.628,0.423,1.174,0.243
2016-12-01 01:44:32.933,12.556,-0.028,-0.777,-0.020,0.629,0.423,1.174,0.243
2016-12-01 01:44:32.945,12.556,-0.028,-0.777,-0.020,0.629,0.423,1.174,0.243
2016-12-01 01:44:32.956,12.577,-0.028,-0.777,-0.020,0.629,0.423,1.174,0.243
2016-12-01 01:44:32.967,12.599,-0.027,-0.776,-0.019,0.629,0.423,1.174,0.243
2016-12-01 01:44:32.978,12.599,-0.027,-0.776,-0.019,0.630,0.422,1.174,0.243
2016-12-01 01:44:32.989,12.599,-0.026,-0.776,-0.018,0.630,0.422,1.174,0.243
2016-12-01 01:44:33.001,12.620,-0.026,-0.776,-0.018,0.631,0.422,1.173,0.243
2016-12-01 01:44:33.012,12.620,-0.026,-0.775,-0.017,0.631,0.422,1.173,0.243
2016-12-01 01:44:33.023,12.641,-0.026,-0.775,-0.017,0.631,0.422,1.173,0.243
2016-12-01 01:44:33.034,12.641,-0.026,-0.775,-0.016,0.631,0.422,1.173,0.243
2016-12-01 01:44:33.045,12.663,-0.026,-0.775,-0.016,0.632,0.422,1.173,0.243
2016-12-01 01:44:33.057,12.684,-0.025,-0.774,-0.016,0.632,0.422,1.173,0.243
2016-12-01 01:44:33.068,12.684,-0.025,-0.774,-0.016,0.632,0.422,1.173,0.243
2016-12-01 01:44:33.078,12.705,-0.025,-0.774,-0.016,0.632,0.422,1.173,0.243
2016-12-01 01:44:33.089,12.705,-0.025,-0.774,-0.015,0.632,0.422,1.173,0.243
2016-12-01 01:44:33.101,12.727,-0.025,-0.774,-0.015,0.632,0.422,1.173,0.243
2016-12-01 01:44:33.112,12.727,-0.025,-0.774,-0.015,0.632,0.422,1.173,0.243
2016-12-01 01:44:33.123,12.748,-0.025,-0.774,-0.015,0.632,0.422,1.173,0.243
2016-12-01 01:44:33.135,12.748,-0.025,-0.774,-0.015,0.632,0.422,1.173,0.243
2016-12-01 01:44:33.146,12.748,-0.025,-0.774,-0.015,0.632,0.422,1.173,0.243
2016-12-01 01:44:33.157,12.769,-0.025,-0.774,-0.016,0.632,0.422,1.173,0.243
2016-12-01 01:44:33.168,12.791,-0.025,-0.774,-0.015,0.632,0.422,1.173,0.243
2016-12-01 01:44:33.180,12.791,-0.025,-0.774,-0.015,0.632,0.422,1.173,0.243
2016-12-01 01:44:33.190,12.812,-0.025,-0.774,-0.015,0.632,0.422,1.173,0.243
2016-12-01 01:44:33.202,12.812,-0.025,-0.775,-0.015,0.632,0.422,1.173,0.243
2016-12-01 01:44:33.213,12.833,-0.025,-0.775,-0.015,0.632,0.422,1.173,0.243
2016-12-01 01:44:33.224,12.833,-0.024,-0.775,-0.016,0.632,0.422,1.173,0.243
2016-12-01 01:44:33.235,12.855,-0.024,-0.775,-0.015,0.632,0.422,1.173,0.243
2016-12-01 01:44:33.247,12.876,-0.024,-0.775,-0.015,0.631,0.422,1.173,0.243
2016-12-01 01:44:33.257,12.876,-0.024,-0.775,-0.015,0.631,0.422,1.173,0.243
2016-12-01 01:44:33.268,12.897,-0.024,-0.775,-0.015,0.631,0.422,1.173,0.243
2016-12-01 01:44:33.280,12.897,-0.024,-0.775,-0.015,0.631,0.421,1.173,0.243
2016-12-01 01:44:33.291,12.919,-0.023,-0.775,-0.015,0.631,0.421,1.173,0.243
2016-12-01 01:44:33.302,12.919,-0.023,-0.775,-0.014,0.631,0.421,1.173,0.243
2016-12-01 01:44:33.313,12.919,-0.022,-0.775,-0.014,0.631,0.421,1.172,0.243
2016-12-01 01:44:33.325,12.940,-0.022,-0.775,-0.014,0.632,0.421,1.172,0.243
2016-12-01 01:44:33.336,12.940,-0.021,-0.775,-0.014,0.632,0.422,1.172,0.243
2016-12-01 01:44:33.347,12.961,-0.021,-0.774,-0.014,0.632,0.422,1.172,0.244
2016-12-01 01:44:33.360,12.983,-0.020,-0.774,-0.013,0.633,0.422,1.172,0.244
2016-12-01 01:44:33.370,12.983,-0.020,-0.774,-0.013,0.633,0.422,1.172,0.244
2016-12-01 01:44:33.380,13.004,-0.019,-0.773,-0.013,0.634,0.422,1.172,0.244
2016-12-01 01:44:33.392,13.004,-0.018,-0.773,-0.013,0.634,0.422,1.172,0.244
2016-12-01 01:44:33.403,13.025,-0.017,-0.773,-0.013,0.635,0.422,1.172,0.244
2016-12-01 01:44:33.415,13.025,-0.017,-0.772,-0.013,0.635,0.422,1.172,0.245
2016-12-01 01:44:33.425,13.047,-0.016,-0.772,-0.012,0.635,0.422,1.172,0.245
2016-12-01 01:44:33.437,13.068,-0.016,-0.772,-0.012,0.636,0.422,1.171,0.245
2016-12-01 01:44:33.447,13.068,-0.015,-0.771,-0.012,0.636,0.422,1.171,0.245
2016-12-01 01:44:33.459,13.089,-0.015,-0.771,-0.012,0.636,0.421,1.171,0.245
2016-12-01 01:44:33.470,13.089,-0.014,-0.771,-0.012,0.637,0.421,1.171,0.245
2016-12-01 01:44:33.480,13.089,-0.014,-0.771,-0.011,0.637,0.421,1.171,0.245
2016-12-01 01:44:33.492,13.111,-0.013,-0.771,-0.011,0.637,0.422,1.171,0.245
2016-12-01 01:44:33.503,13.111,-0.013,-0.771,-0.010,0.637,0.421,1.171,0.245
2016-12-01 01:44:33.515,13.132,-0.013,-0.771,-0.009,0.637,0.421,1.171,0.246
2016-12-01 01:44:33.526,13.153,-0.012,-0.771,-0.008,0.637,0.422,1.171,0.246
2016-12-01 01:44:33.537,13.153,-0.012,-0.771,-0.007,0.637,0.422,1.171,0.246
2016-12-01 01:44:33.548,13.175,-0.011,-0.771,-0.005,0.637,0.422,1.171,0.246
2016-12-01 01:44:33.559,13.175,-0.010,-0.770,-0.004,0.637,0.422,1.170,0.246
2016-12-01 01:44:33.570,13.196,-0.009,-0.770,-0.003,0.638,0.422,1.170,0.246
2016-12-01 01:44:33.582,13.196,-0.008,-0.770,-0.003,0.638,0.422,1.170,0.246
2016-12-01 01:44:33.593,13.217,-0.008,-0.770,-0.002,0.639,0.421,1.170,0.246
2016-12-01 01:44:33.604,13.217,-0.007,-0.769,-0.002,0.639,0.421,1.170,0.247
2016-12-01 01:44:33.615,13.239,-0.006,-0.769,-0.002,0.639,0.421,1.170,0.247
2016-12-01 01:44:33.626,13.239,-0.006,-0.769,-0.002,0.640,0.421,1.170,0.247
2016-12-01 01:44:33.637,13.260,-0.006,-0.768,-0.002,0.640,0.421,1.170,0.247
2016-12-01 01:44:33.648,13.260,-0.005,-0.768,-0.001,0.640,0.421,1.170,0.247
2016-12-01 01:44:33.659,13.281,-0.005,-0.768,-0.001,0.640,0.421,1.170,0.247
2016-12-01 01:44:33.671,13.281,-0.004,-0.768,-0.001,0.641,0.421,1.170,0.247
2016-12-01 01:44:33.681,13.303,-0.004,-0.768,0.000,0.641,0.421,1.170,0.247
2016-12-01 01:44:33.693,13.303,-0.004,-0.768,0.000,0.641,0.420,1.170,0.247
2016-12-01 01:44:33.704,13.324,-0.003,-0.768,0.000,0.641,0.420,1.170,0.248
2016-12-01 01:44:33.716,13.324,-0.003,-0.768,0.000,0.641,0.420,1.169,0.248
2016-12-01 01:44:33.727,13.345,-0.002,-0.768,0.000,0.641,0.420,1.169,0.248
2016-12-01 01:44:33.738,13.367,-0.002,-0.768,0.000,0.641,0.420,1.169,0.248
2016-12-01 01:44:33.749,13.367,-0.002,-0.768,-0.001,0.641,0.420,1.169,0.248
2016-12-01 01:44:33.760,13.388,-0.002,-0.768,-0.001,0.641,0.420,1.169,0.248
2016-12-01 01:44:33.771,13.388,-0.002,-0.768,-0.001,0.641,0.420,1.169,0.248
2016-12-01 01:44:33.782,13.409,-0.002,-0.768,-0.002,0.641,0.420,1.169,0.248
2016-12-01 01:44:33.793,13.409,-0.002,-0.768,-0.002,0.641,0.420,1.169,0.248
2016-12-01 01:44:33.805,13.409,-0.002,-0.768,-0.003,0.641,0.420,1.169,0.248
2016-12-01 01:44:33.816,13.431,-0.001,-0.768,-0.003,0.641,0.420,1.169,0.248
2016-12-01 01:44:33.827,13.452,-0.001,-0.768,-0.004,0.641,0.420,1.170,0.248
2016-12-01 01:44:33.838,13.452,-0.001,-0.768,-0.004,0.641,0.420,1.170,0.248
2016-12-01 01:44:33.849,13.473,-0.002,-0.768,-0.005,0.641,0.420,1.170,0.248
2016-12-01 01:44:33.860,13.473,-0.002,-0.768,-0.006,0.641,0.420,1.170,0.248
2016-12-01 01:44:33.872,13.495,-0.002,-0.768,-0.006,0.641,0.420,1.170,0.248
2016-12-01 01:44:33.883,13.495,-0.002,-0.768,-0.007,0.641,0.420,1.170,0.248
2016-12-01 01:44:33.894,13.516,-0.002,-0.768,-0.008,0.641,0.420,1.170,0.248
2016-12-01 01:44:33.906,13.516,-0.002,-0.768,-0.009,0.641,0.420,1.170,0.248
2016-12-01 01:44:33.917,13.537,-0.002,-0.768,-0.009,0.641,0.420,1.170,0.249
2016-12-01 01:44:33.928,13.559,-0.002,-0.768,-0.010,0.641,0.420,1.170,0.248
2016-12-01 01:44:33.939,13.559,-0.002,-0.767,-0.010,0.641,0.421,1.170,0.248
2016-12-01 01:44:33.950,13.580,-0.003,-0.767,-0.010,0.641,0.421,1.170,0.248
2016-12-01 01:44:33.961,13.580,-0.003,-0.768,-0.011,0.641,0.421,1.170,0.249
2016-12-01 01:44:33.972,13.580,-0.003,-0.768,-0.011,0.641,0.421,1.170,0.249
2016-12-01 01:44:33.983,13.601,-0.003,-0.768,-0.011,0.641,0.421,1.170,0.249
2016-12-01 01:44:33.995,13.601,-0.003,-0.768,-0.011,0.641,0.421,1.170,0.249
2016-12-01 01:44:34.006,13.623,-0.003,-0.768,-0.011,0.641,0.421,1.170,0.249
2016-12-01 01:44:34.017,13.644,-0.004,-0.768,-0.010,0.641,0.421,1.170,0.249
2016-12-01 01:44:34.028,13.644,-0.004,-0.768,-0.011,0.640,0.421,1.170,0.249
2016-12-01 01:44:34.039,13.665,-0.004,-0.768,-0.011,0.640,0.421,1.170,0.249
2016-12-01 01:44:34.050,13.665,-0.004,-0.769,-0.011,0.639,0.421,1.170,0.249
2016-12-01 01:44:34.062,13.687,-0.004,-0.769,-0.011,0.639,0.421,1.170,0.249
2016-12-01 01:44:34.073,13.687,-0.004,-0.770,-0.011,0.639,0.421,1.170,0.249
2016-12-01 01:44:34.084,13.708,-0.004,-0.770,-0.011,0.638,0.421,1.170,0.249
2016-12-01 01:44:34.096,13.708,-0.004,-0.771,-0.011,0.637,0.421,1.170,0.249
2016-12-01 01:44:34.106,13.729,-0.004,-0.771,-0.011,0.636,0.421,1.170,0.249
2016-12-01 01:44:34.118,13.729,-0.003,-0.772,-0.011,0.635,0.421,1.170,0.249
2016-12-01 01:44:34.129,13.751,-0.003,-0.773,-0.011,0.635,0.421,1.170,0.249
2016-12-01 01:44:34.140,13.751,-0.003,-0.773,-0.011,0.634,0.421,1.170,0.249
2016-12-01 01:44:34.151,13.772,-0.003,-0.774,-0.011,0.633,0.421,1.170,0.249
2016-12-01 01:44:34.162,13.772,-0.003,-0.775,-0.011,0.632,0.421,1.170,0.249
2016-12-01 01:44:34.173,13.793,-0.002,-0.776,-0.011,0.631,0.421,1.170,0.249
2016-12-01 01:44:34.185,13.793,-0.002,-0.776,-0.011,0.630,0.421,1.170,0.249
2016-12-01 01:44:34.195,13.815,-0.002,-0.777,-0.011,0.629,0.421,1.170,0.249
2016-12-01 01:44:34.207,13.836,-0.002,-0.778,-0.011,0.628,0.421,1.170,0.249
2016-12-01 01:44:34.218,13.836,-0.002,-0.779,-0.011,0.627,0.421,1.170,0.249
2016-12-01 01:44:34.229,13.857,-0.001,-0.779,-0.011,0.627,0.421,1.170,0.249
2016-12-01 01:44:34.240,13.857,-0.001,-0.780,-0.011,0.626,0.421,1.170,0.250
2016-12-01 01:44:34.251,13.879,-0.001,-0.781,-0.011,0.625,0.421,1.170,0.250
2016-12-01 01:44:34.263,13.879,-0.001,-0.781,-0.011,0.624,0.421,1.170,0.250
2016-12-01 01:44:34.274,13.900,-0.001,-0.782,-0.011,0.623,0.421,1.170,0.250
2016-12-01 01:44:34.285,13.900,-0.001,-0.783,-0.011,0.622,0.421,1.170,0.250
2016-12-01 01:44:34.297,13.921,-0.001,-0.784,-0.011,0.621,0.421,1.170,0.250
2016-12-01 01:44:34.308,13.921,-0.001,-0.784,-0.011,0.620,0.421,1.170,0.250
2016-12-01 01:44:34.318,13.943,-0.001,-0.785,-0.011,0.620,0.421,1.170,0.250
2016-12-01 01:44:34.330,13.943,-0.001,-0.785,-0.010,0.619,0.421,1.170,0.250
2016-12-01 01:44:34.341,13.964,-0.001,-0.786,-0.010,0.618,0.421,1.170,0.250
2016-12-01 01:44:34.352,13.964,-0.001,-0.786,-0.010,0.618,0.421,1.170,0.250
2016-12-01 01:44:34.363,13.985,-0.001,-0.787,-0.010,0.617,0.421,1.170,0.250
2016-12-01 01:44:34.374,13.985,-0.001,-0.787,-0.010,0.617,0.421,1.170,0.250
2016-12-01 01:44:34.385,14.007,-0.001,-0.788,-0.010,0.616,0.421,1.170,0.251
2016-12-01 01:44:34.396,14.028,-0.001,-0.788,-0.009,0.616,0.421,1.170,0.251
2016-12-01 01:44:34.408,14.028,-0.001,-0.788,-0.009,0.616,0.421,1.170,0.251
2016-12-01 01:44:34.419,14.049,-0.001,-0.788,-0.009,0.615,0.420,1.170,0.251
2016-12-01 01:44:34.431,14.049,-0.001,-0.788,-0.009,0.615,0.420,1.170,0.251
2016-12-01 01:44:34.441,14.049,-0.001,-0.789,-0.009,0.615,0.420,1.170,0.251
2016-12-01 01:44:34.454,14.071,-0.001,-0.789,-0.009,0.615,0.420,1.170,0.251
2016-12-01 01:44:34.464,14.071,-0.001,-0.789,-0.008,0.615,0.420,1.170,0.251
2016-12-01 01:44:34.475,14.092,-0.002,-0.789,-0.008,0.614,0.420,1.170,0.251
2016-12-01 01:44:34.486,14.113,-0.002,-0.789,-0.008,0.614,0.420,1.170,0.251
2016-12-01 01:44:34.497,14.113,-0.002,-0.789,-0.008,0.614,0.420,1.170,0.252
2016-12-01 01:44:34.508,14.135,-0.002,-0.789,-0.009,0.614,0.420,1.170,0.252
2016-12-01 01:44:34.520,14.135,-0.002,-0.789,-0.009,0.614,0.420,1.170,0.252
2016-12-01 01:44:34.531,14.156,-0.002,-0.789,-0.009,0.615,0.420,1.170,0.252
2016-12-01 01:44:34.543,14.156,-0.002,-0.789,-0.009,0.615,0.420,1.170,0.253
2016-12-01 01:44:34.553,14.177,-0.002,-0.789,-0.009,0.615,0.420,1.170,0.253
2016-12-01 01:44:34.564,14.177,-0.002,-0.789,-0.009,0.615,0.420,1.170,0.253
2016-12-01 01:44:34.575,14.199,-0.002,-0.788,-0.009,0.615,0.420,1.170,0.253
2016-12-01 01:44:34.587,14.220,-0.002,-0.788,-0.009,0.615,0.420,1.170,0.253
2016-12-01 01:44:34.598,14.220,-0.003,-0.788,-0.009,0.615,0.420,1.170,0.253
2016-12-01 01:44:34.609,14.220,-0.003,-0.788,-0.009,0.615,0.420,1.170,0.254
2016-12-01 01:44:34.620,14.241,-0.003,-0.788,-0.009,0.616,0.420,1.170,0.254
2016-12-01 01:44:34.631,14.241,-0.003,-0.788,-0.009,0.616,0.420,1.170,0.254
2016-12-01 01:44:34.643,14.263,-0.003,-0.788,-0.009,0.616,0.420,1.170,0.254
2016-12-01 01:44:34.654,14.263,-0.004,-0.787,-0.009,0.616,0.419,1.170,0.254
2016-12-01 01:44:34.665,14.284,-0.004,-0.787,-0.009,0.616,0.419,1.170,0.254
2016-12-01 01:44:34.677,14.305,-0.004,-0.787,-0.009,0.617,0.419,1.170,0.254
2016-12-01 01:44:34.687,14.305,-0.004,-0.787,-0.009,0.617,0.419,1.170,0.254
2016-12-01 01:44:34.698,14.327,-0.004,-0.787,-0.009,0.617,0.419,1.170,0.254
2016-12-01 01:44:34.710,14.327,-0.004,-0.787,-0.009,0.617,0.419,1.170,0.254
2016-12-01 01:44:34.721,14.348,-0.004,-0.786,-0.009,0.618,0.419,1.170,0.254
2016-12-01 01:44:34.732,14.348,-0.004,-0.786,-0.009,0.618,0.419,1.170,0.254
2016-12-01 01:44:34.743,14.369,-0.004,-0.786,-0.009,0.618,0.419,1.170,0.254
2016-12-01 01:44:34.754,14.369,-0.003,-0.786,-0.009,0.619,0.419,1.170,0.255
2016-12-01 01:44:34.765,14.391,-0.003,-0.785,-0.009,0.619,0.419,1.170,0.255
2016-12-01 01:44:34.777,14.391,-0.003,-0.785,-0.009,0.619,0.419,1.170,0.255
2016-12-01 01:44:34.787,14.412,-0.003,-0.785,-0.009,0.619,0.419,1.170,0.255
2016-12-01 01:44:34.799,14.412,-0.003,-0.785,-0.009,0.620,0.419,1.170,0.255
2016-12-01 01:44:34.810,14.433,-0.003,-0.785,-0.009,0.620,0.419,1.170,0.255
2016-12-01 01:44:34.822,14.433,-0.003,-0.784,-0.009,0.620,0.419,1.170,0.255
2016-12-01 01:44:34.833,14.455,-0.003,-0.784,-0.009,0.621,0.419,1.170,0.255
2016-12-01 01:44:34.844,14.455,-0.003,-0.784,-0.009,0.621,0.419,1.170,0.255
2016-12-01 01:44:34.855,14.476,-0.003,-0.783,-0.009,0.622,0.419,1.170,0.255
2016-12-01 01:44:34.866,14.476,-0.003,-0.783,-0.009,0.622,0.419,1.170,0.255
2016-12-01 01:44:34.877,14.497,-0.003,-0.782,-0.009,0.623,0.419,1.170,0.255
2016-12-01 01:44:34.898,14.519,-0.003,-0.782,-0.008,0.623,0.419,1.170,0.255
2016-12-01 01:44:34.900,14.519,-0.003,-0.781,-0.008,0.624,0.419,1.170,0.255
2016-12-01 01:44:34.911,14.540,-0.004,-0.781,-0.009,0.625,0.419,1.170,0.255
2016-12-01 01:44:34.922,14.540,-0.004,-0.780,-0.008,0.625,0.419,1.170,0.255
2016-12-01 01:44:34.933,14.540,-0.004,-0.780,-0.008,0.626,0.419,1.170,0.255
2016-12-01 01:44:34.944,14.561,-0.005,-0.779,-0.008,0.626,0.419,1.170,0.255
2016-12-01 01:44:34.955,14.561,-0.005,-0.779,-0.008,0.627,0.419,1.170,0.255
2016-12-01 01:44:34.966,14.583,-0.005,-0.778,-0.008,0.628,0.419,1.170,0.255
2016-12-01 01:44:34.978,14.604,-0.005,-0.778,-0.008,0.628,0.419,1.170,0.255
2016-12-01 01:44:34.988,14.604,-0.006,-0.777,-0.008,0.629,0.419,1.170,0.255
2016-12-01 01:44:35.000,14.625,-0.006,-0.777,-0.008,0.630,0.419,1.170,0.255
2016-12-01 01:44:35.011,14.625,-0.006,-0.776,-0.008,0.631,0.419,1.170,0.255
2016-12-01 01:44:35.022,14.647,-0.007,-0.776,-0.008,0.631,0.420,1.170,0.255
2016-12-01 01:44:35.034,14.647,-0.007,-0.775,-0.008,0.632,0.420,1.170,0.255
2016-12-01 01:44:35.045,14.668,-0.007,-0.774,-0.008,0.633,0.420,1.170,0.255
2016-12-01 01:44:35.056,14.668,-0.008,-0.774,-0.008,0.633,0.420,1.170,0.255
2016-12-01 01:44:35.067,14.689,-0.008,-0.773,-0.008,0.634,0.420,1.170,0.254
2016-12-01 01:44:35.078,14.711,-0.008,-0.773,-0.009,0.635,0.420,1.170,0.254
2016-12-01 01:44:35.089,14.711,-0.008,-0.772,-0.009,0.635,0.420,1.171,0.254
2016-12-01 01:44:35.101,14.711,-0.009,-0.772,-0.009,0.636,0.420,1.171,0.254
2016-12-01 01:44:35.112,14.732,-0.009,-0.771,-0.009,0.637,0.420,1.171,0.254
2016-12-01 01:44:35.123,14.732,-0.009,-0.770,-0.010,0.638,0.420,1.171,0.254
2016-12-01 01:44:35.134,14.753,-0.010,-0.770,-0.010,0.638,0.421,1.171,0.254
2016-12-01 01:44:35.145,14.753,-0.010,-0.769,-0.010,0.639,0.421,1.171,0.254
2016-12-01 01:44:35.156,14.775,-0.010,-0.768,-0.011,0.640,0.421,1.171,0.254
2016-12-01 01:44:35.167,14.796,-0.011,-0.767,-0.011,0.641,0.421,1.171,0.254
2016-12-01 01:44:35.179,14.796,-0.011,-0.767,-0.011,0.642,0.421,1.171,0.254
2016-12-01 01:44:35.190,14.817,-0.012,-0.766,-0.011,0.643,0.421,1.171,0.254
2016-12-01 01:44:35.202,14.817,-0.012,-0.765,-0.011,0.644,0.421,1.171,0.254
2016-12-01 01:44:35.213,14.839,-0.013,-0.764,-0.011,0.645,0.421,1.171,0.254
2016-12-01 01:44:35.223,14.839,-0.013,-0.764,-0.012,0.645,0.422,1.171,0.254
2016-12-01 01:44:35.235,14.860,-0.013,-0.763,-0.012,0.646,0.422,1.171,0.254
2016-12-01 01:44:35.246,14.860,-0.013,-0.762,-0.012,0.648,0.422,1.171,0.254
2016-12-01 01:44:35.257,14.881,-0.014,-0.761,-0.012,0.648,0.422,1.171,0.254
2016-12-01 01:44:35.268,14.881,-0.014,-0.760,-0.012,0.650,0.422,1.171,0.254
2016-12-01 01:44:35.279,14.903,-0.014,-0.759,-0.012,0.651,0.423,1.171,0.253
2016-12-01 01:44:35.291,14.903,-0.014,-0.758,-0.012,0.652,0.423,1.171,0.253
2016-12-01 01:44:35.302,14.924,-0.015,-0.757,-0.012,0.653,0.423,1.171,0.253
2016-12-01 01:44:35.313,14.924,-0.015,-0.756,-0.012,0.654,0.423,1.171,0.253
2016-12-01 01:44:35.324,14.945,-0.015,-0.755,-0.012,0.655,0.423,1.172,0.253
2016-12-01 01:44:35.335,14.945,-0.015,-0.755,-0.012,0.656,0.423,1.172,0.253
2016-12-01 01:44:35.346,14.967,-0.016,-0.754,-0.012,0.657,0.423,1.172,0.253
2016-12-01 01:44:35.357,14.988,-0.016,-0.753,-0.012,0.658,0.423,1.172,0.253
2016-12-01 01:44:35.369,14.988,-0.016,-0.751,-0.012,0.659,0.423,1.172,0.253
2016-12-01 01:44:35.379,15.009,-0.017,-0.750,-0.012,0.661,0.424,1.172,0.253
2016-12-01 01:44:35.391,15.009,-0.017,-0.749,-0.012,0.662,0.424,1.172,0.253
2016-12-01 01:44:35.402,15.031,-0.017,-0.748,-0.012,0.663,0.424,1.172,0.253
2016-12-01 01:44:35.414,15.031,-0.017,-0.747,-0.013,0.664,0.424,1.172,0.253
2016-12-01 01:44:35.424,15.031,-0.018,-0.746,-0.013,0.666,0.424,1.172,0.253
2016-12-01 01:44:35.435,15.052,-0.018,-0.745,-0.013,0.667,0.425,1.172,0.253
2016-12-01 01:44:35.447,15.073,-0.018,-0.744,-0.013,0.668,0.425,1.172,0.253
2016-12-01 01:44:35.458,15.073,-0.018,-0.743,-0.013,0.669,0.425,1.172,0.253
2016-12-01 01:44:35.469,15.095,-0.018,-0.741,-0.013,0.671,0.425,1.172,0.253
2016-12-01 01:44:35.481,15.095,-0.019,-0.740,-0.014,0.672,0.425,1.172,0.253
2016-12-01 01:44:35.491,15.116,-0.019,-0.739,-0.014,0.673,0.425,1.172,0.253
2016-12-01 01:44:35.503,15.116,-0.019,-0.738,-0.014,0.675,0.426,1.172,0.253
2016-12-01 01:44:35.514,15.137,-0.020,-0.737,-0.014,0.676,0.426,1.172,0.253
2016-12-01 01:44:35.525,15.137,-0.020,-0.735,-0.014,0.677,0.426,1.173,0.253
2016-12-01 01:44:35.536,15.159,-0.020,-0.734,-0.015,0.679,0.426,1.173,0.253
2016-12-01 01:44:35.548,15.180,-0.021,-0.733,-0.015,0.680,0.426,1.173,0.253
2016-12-01 01:44:35.558,15.180,-0.021,-0.731,-0.015,0.682,0.427,1.173,0.253
2016-12-01 01:44:35.569,15.201,-0.021,-0.730,-0.015,0.683,0.427,1.173,0.253
2016-12-01 01:44:35.582,15.201,-0.022,-0.728,-0.015,0.685,0.427,1.173,0.253
2016-12-01 01:44:35.593,15.201,-0.022,-0.727,-0.016,0.686,0.427,1.173,0.253
2016-12-01 01:44:35.603,15.223,-0.023,-0.725,-0.016,0.688,0.427,1.173,0.252
2016-12-01 01:44:35.615,15.223,-0.023,-0.724,-0.016,0.689,0.428,1.173,0.252
2016-12-01 01:44:35.626,15.244,-0.023,-0.722,-0.016,0.691,0.428,1.173,0.252
2016-12-01 01:44:35.637,15.265,-0.024,-0.721,-0.016,0.692,0.428,1.173,0.252
2016-12-01 01:44:35.648,15.265,-0.024,-0.719,-0.016,0.694,0.428,1.173,0.252
2016-12-01 01:44:35.659,15.287,-0.025,-0.718,-0.016,0.695,0.429,1.173,0.252
2016-12-01 01:44:35.671,15.287,-0.025,-0.717,-0.016,0.697,0.429,1.173,0.252
2016-12-01 01:44:35.681,15.308,-0.026,-0.715,-0.016,0.698,0.429,1.173,0.252
2016-12-01 01:44:35.692,15.308,-0.026,-0.714,-0.016,0.699,0.429,1.173,0.252
2016-12-01 01:44:35.704,15.329,-0.026,-0.713,-0.016,0.701,0.429,1.173,0.252
2016-12-01 01:44:35.715,15.329,-0.027,-0.711,-0.017,0.702,0.430,1.173,0.252
2016-12-01 01:44:35.726,15.351,-0.027,-0.710,-0.017,0.703,0.430,1.173,0.251
2016-12-01 01:44:35.737,15.351,-0.027,-0.709,-0.017,0.705,0.430,1.173,0.251
2016-12-01 01:44:35.748,15.372,-0.028,-0.707,-0.017,0.706,0.430,1.173,0.251
2016-12-01 01:44:35.759,15.372,-0.028,-0.706,-0.017,0.707,0.430,1.173,0.251
2016-12-01 01:44:35.771,15.393,-0.028,-0.705,-0.017,0.708,0.431,1.173,0.251
2016-12-01 01:44:35.782,15.393,-0.028,-0.704,-0.017,0.710,0.431,1.173,0.251
2016-12-01 01:44:35.793,15.415,-0.028,-0.703,-0.017,0.711,0.431,1.173,0.250
2016-12-01 01:44:35.804,15.415,-0.029,-0.701,-0.017,0.712,0.431,1.173,0.250
2016-12-01 01:44:35.815,15.436,-0.029,-0.700,-0.017,0.713,0.432,1.173,0.250
2016-12-01 01:44:35.827,15.457,-0.029,-0.699,-0.017,0.714,0.432,1.173,0.250
2016-12-01 01:44:35.838,15.457,-0.029,-0.698,-0.017,0.715,0.432,1.173,0.249
2016-12-01 01:44:35.849,15.479,-0.029,-0.697,-0.017,0.716,0.432,1.173,0.249
2016-12-01 01:44:35.860,15.479,-0.030,-0.697,-0.017,0.717,0.432,1.173,0.249
2016-12-01 01:44:35.871,15.500,-0.030,-0.696,-0.018,0.717,0.432,1.173,0.249
2016-12-01 01:44:35.883,15.500,-0.030,-0.695,-0.018,0.718,0.433,1.173,0.248
2016-12-01 01:44:35.894,15.521,-0.030,-0.694,-0.017,0.719,0.433,1.174,0.248
2016-12-01 01:44:35.905,15.521,-0.030,-0.694,-0.017,0.719,0.433,1.174,0.248
2016-12-01 01:44:35.916,15.521,-0.030,-0.694,-0.017,0.719,0.433,1.174,0.248
2016-12-01 01:44:35.927,15.543,-0.031,-0.694,-0.017,0.719,0.433,1.174,0.248
2016-12-01 01:44:35.938,15.564,-0.031,-0.694,-0.017,0.719,0.433,1.174,0.247
2016-12-01 01:44:35.949,15.564,-0.030,-0.695,-0.017,0.718,0.434,1.174,0.247
2016-12-01 01:44:35.961,15.585,-0.030,-0.695,-0.017,0.718,0.434,1.174,0.246
2016-12-01 01:44:35.972,15.585,-0.030,-0.696,-0.017,0.717,0.434,1.174,0.246
2016-12-01 01:44:35.983,15.607,-0.030,-0.697,-0.017,0.717,0.434,1.174,0.245
2016-12-01 01:44:35.994,15.607,-0.031,-0.697,-0.017,0.716,0.434,1.174,0.245
2016-12-01 01:44:36.005,15.628,-0.031,-0.698,-0.017,0.715,0.434,1.174,0.244
2016-12-01 01:44:36.017,15.649,-0.031,-0.699,-0.017,0.715,0.434,1.174,0.244
2016-12-01 01:44:36.028,15.649,-0.031,-0.700,-0.016,0.714,0.434,1.174,0.243
2016-12-01 01:44:36.039,15.671,-0.032,-0.701,-0.016,0.713,0.435,1.174,0.243
2016-12-01 01:44:36.050,15.671,-0.032,-0.702,-0.016,0.712,0.435,1.174,0.242
2016-12-01 01:44:36.061,15.671,-0.032,-0.702,-0.015,0.711,0.435,1.174,0.242
2016-12-01 01:44:36.072,15.692,-0.032,-0.703,-0.015,0.710,0.435,1.174,0.241
2016-12-01 01:44:36.084,15.692,-0.032,-0.704,-0.015,0.709,0.435,1.174,0.241
2016-12-01 01:44:36.094,15.713,-0.033,-0.705,-0.016,0.709,0.435,1.174,0.240
2016-12-01 01:44:36.106,15.713,-0.033,-0.705,-0.016,0.708,0.435,1.174,0.239
2016-12-01 01:44:36.117,15.735,-0.034,-0.706,-0.016,0.707,0.435,1.174,0.239
2016-12-01 01:44:36.128,15.756,-0.034,-0.707,-0.016,0.707,0.435,1.174,0.239
2016-12-01 01:44:36.140,15.756,-0.035,-0.707,-0.016,0.706,0.435,1.174,0.238
2016-12-01 01:44:36.151,15.777,-0.035,-0.708,-0.016,0.706,0.435,1.174,0.238
2016-12-01 01:44:36.162,15.777,-0.036,-0.708,-0.016,0.705,0.435,1.174,0.237
2016-12-01 01:44:36.173,15.799,-0.036,-0.708,-0.015,0.705,0.435,1.174,0.237
2016-12-01 01:44:36.185,15.799,-0.037,-0.709,-0.015,0.704,0.435,1.174,0.236
2016-12-01 01:44:36.195,15.820,-0.037,-0.709,-0.015,0.704,0.435,1.174,0.236
2016-12-01 01:44:36.207,15.841,-0.038,-0.709,-0.015,0.704,0.435,1.174,0.236
2016-12-01 01:44:36.217,15.841,-0.038,-0.710,-0.015,0.703,0.435,1.174,0.235
2016-12-01 01:44:36.229,15.841,-0.038,-0.710,-0.015,0.703,0.435,1.174,0.235
2016-12-01 01:44:36.240,15.863,-0.038,-0.710,-0.015,0.703,0.435,1.174,0.235
2016-12-01 01:44:36.251,15.863,-0.039,-0.710,-0.014,0.703,0.435,1.174,0.235
2016-12-01 01:44:36.262,15.884,-0.039,-0.710,-0.014,0.703,0.435,1.174,0.234
2016-12-01 01:44:36.274,15.884,-0.039,-0.711,-0.014,0.702,0.435,1.174,0.234
2016-12-01 01:44:36.284,15.905,-0.038,-0.711,-0.014,0.702,0.434,1.174,0.234
2016-12-01 01:44:36.296,15.927,-0.038,-0.711,-0.013,0.702,0.434,1.174,0.234
2016-12-01 01:44:36.307,15.927,-0.038,-0.711,-0.013,0.702,0.434,1.174,0.233
2016-12-01 01:44:36.318,15.948,-0.038,-0.711,-0.013,0.702,0.434,1.174,0.233
2016-12-01 01:44:36.329,15.948,-0.038,-0.711,-0.013,0.702,0.434,1.174,0.233
2016-12-01 01:44:36.341,15.969,-0.038,-0.711,-0.013,0.702,0.434,1.174,0.233
2016-12-01 01:44:36.352,15.969,-0.038,-0.711,-0.012,0.702,0.434,1.174,0.233
2016-12-01 01:44:36.363,15.991,-0.037,-0.711,-0.012,0.703,0.434,1.174,0.232
2016-12-01 01:44:36.374,15.991,-0.037,-0.710,-0.012,0.703,0.434,1.174,0.232
2016-12-01 01:44:36.385,16.012,-0.037,-0.710,-0.012,0.703,0.434,1.174,0.232
2016-12-01 01:44:36.396,16.012,-0.036,-0.710,-0.011,0.703,0.434,1.173,0.232
2016-12-01 01:44:36.407,16.033,-0.036,-0.709,-0.012,0.704,0.434,1.173,0.232
2016-12-01 01:44:36.419,16.033,-0.035,-0.709,-0.012,0.704,0.434,1.173,0.232
2016-12-01 01:44:36.430,16.055,-0.035,-0.708,-0.012,0.705,0.434,1.173,0.232
2016-12-01 01:44:36.441,16.055,-0.034,-0.707,-0.011,0.706,0.434,1.173,0.233
2016-12-01 01:44:36.452,16.076,-0.034,-0.707,-0.011,0.707,0.434,1.173,0.233
2016-12-01 01:44:36.463,16.076,-0.033,-0.706,-0.011,0.707,0.434,1.173,0.233
2016-12-01 01:44:36.474,16.097,-0.033,-0.706,-0.011,0.708,0.434,1.173,0.233
2016-12-01 01:44:36.486,16.119,-0.033,-0.705,-0.011,0.708,0.433,1.173,0.233
2016-12-01 01:44:36.497,16.119,-0.033,-0.705,-0.011,0.708,0.433,1.173,0.234
2016-12-01 01:44:36.508,16.140,-0.033,-0.705,-0.011,0.709,0.433,1.173,0.234
2016-12-01 01:44:36.519,16.140,-0.032,-0.705,-0.011,0.709,0.433,1.173,0.234
2016-12-01 01:44:36.530,16.161,-0.032,-0.704,-0.011,0.709,0.433,1.173,0.234
2016-12-01 01:44:36.542,16.161,-0.032,-0.704,-0.011,0.709,0.433,1.173,0.235
2016-12-01 01:44:36.553,16.161,-0.031,-0.704,-0.011,0.709,0.433,1.173,0.235
2016-12-01 01:44:36.564,16.183,-0.031,-0.704,-0.011,0.709,0.433,1.173,0.235
2016-12-01 01:44:36.575,16.183,-0.030,-0.704,-0.011,0.709,0.433,1.173,0.235
2016-12-01 01:44:36.586,16.204,-0.029,-0.704,-0.011,0.709,0.433,1.173,0.236
2016-12-01 01:44:36.598,16.225,-0.029,-0.705,-0.011,0.709,0.434,1.173,0.236
2016-12-01 01:44:36.609,16.225,-0.029,-0.705,-0.011,0.709,0.434,1.173,0.236
2016-12-01 01:44:36.619,16.247,-0.028,-0.705,-0.011,0.708,0.434,1.173,0.237
2016-12-01 01:44:36.631,16.247,-0.028,-0.705,-0.012,0.708,0.434,1.173,0.237
2016-12-01 01:44:36.642,16.268,-0.027,-0.706,-0.012,0.708,0.434,1.173,0.237
2016-12-01 01:44:36.654,16.268,-0.027,-0.706,-0.012,0.707,0.434,1.173,0.237
2016-12-01 01:44:36.664,16.289,-0.027,-0.707,-0.012,0.707,0.434,1.173,0.238
2016-12-01 01:44:36.676,16.311,-0.027,-0.707,-0.012,0.707,0.434,1.173,0.238
2016-12-01 01:44:36.687,16.311,-0.026,-0.708,-0.012,0.706,0.434,1.173,0.238
2016-12-01 01:44:36.698,16.332,-0.026,-0.708,-0.012,0.705,0.434,1.173,0.239
2016-12-01 01:44:36.710,16.332,-0.025,-0.709,-0.012,0.705,0.434,1.173,0.239
2016-12-01 01:44:36.721,16.332,-0.025,-0.710,-0.012,0.704,0.434,1.173,0.239
2016-12-01 01:44:36.732,16.353,-0.025,-0.710,-0.012,0.703,0.434,1.173,0.240
2016-12-01 01:44:36.743,16.353,-0.024,-0.711,-0.012,0.702,0.434,1.173,0.240
2016-12-01 01:44:36.754,16.375,-0.024,-0.712,-0.013,0.701,0.434,1.172,0.240
2016-12-01 01:44:36.765,16.375,-0.024,-0.713,-0.013,0.701,0.434,1.172,0.241
2016-12-01 01:44:36.776,16.396,-0.023,-0.714,-0.013,0.700,0.434,1.172,0.241
2016-12-01 01:44:36.788,16.417,-0.023,-0.715,-0.013,0.699,0.434,1.172,0.241
2016-12-01 01:44:36.799,16.417,-0.022,-0.716,-0.013,0.697,0.434,1.172,0.241
2016-12-01 01:44:36.810,16.439,-0.021,-0.717,-0.013,0.696,0.434,1.172,0.242
2016-12-01 01:44:36.821,16.439,-0.021,-0.718,-0.013,0.695,0.434,1.172,0.242
2016-12-01 01:44:36.832,16.460,-0.020,-0.719,-0.013,0.694,0.434,1.172,0.242
2016-12-01 01:44:36.844,16.460,-0.020,-0.720,-0.013,0.693,0.434,1.172,0.242
2016-12-01 01:44:36.854,16.481,-0.019,-0.721,-0.013,0.692,0.434,1.172,0.243
2016-12-01 01:44:36.865,16.481,-0.018,-0.722,-0.013,0.691,0.434,1.172,0.243
2016-12-01 01:44:36.876,16.503,-0.018,-0.723,-0.013,0.690,0.434,1.172,0.243
2016-12-01 01:44:36.888,16.503,-0.017,-0.724,-0.013,0.689,0.433,1.172,0.244
2016-12-01 01:44:36.899,16.524,-0.017,-0.725,-0.013,0.688,0.433,1.172,0.244
2016-12-01 01:44:36.911,16.524,-0.016,-0.726,-0.013,0.688,0.433,1.172,0.244
2016-12-01 01:44:36.921,16.545,-0.015,-0.727,-0.013,0.687,0.433,1.172,0.244
2016-12-01 01:44:36.932,16.545,-0.015,-0.727,-0.013,0.686,0.433,1.171,0.245
2016-12-01 01:44:36.944,16.567,-0.015,-0.728,-0.013,0.685,0.433,1.171,0.245
2016-12-01 01:44:36.955,16.567,-0.014,-0.729,-0.013,0.684,0.433,1.171,0.245
2016-12-01 01:44:36.966,16.588,-0.014,-0.730,-0.013,0.683,0.433,1.171,0.245
2016-12-01 01:44:36.978,16.609,-0.013,-0.731,-0.012,0.682,0.432,1.171,0.245
2016-12-01 01:44:36.988,16.609,-0.013,-0.731,-0.013,0.682,0.432,1.171,0.246
2016-12-01 01:44:37.000,16.631,-0.013,-0.732,-0.013,0.681,0.432,1.171,0.246
2016-12-01 01:44:37.011,16.631,-0.012,-0.733,-0.013,0.680,0.432,1.171,0.246
2016-12-01 01:44:37.021,16.652,-0.012,-0.734,-0.013,0.679,0.431,1.172,0.246
2016-12-01 01:44:37.034,16.652,-0.012,-0.735,-0.013,0.678,0.431,1.172,0.246
2016-12-01 01:44:37.044,16.652,-0.012,-0.736,-0.013,0.677,0.431,1.172,0.246
2016-12-01 01:44:37.055,16.673,-0.011,-0.736,-0.013,0.676,0.431,1.172,0.246
2016-12-01 01:44:37.066,16.695,-0.011,-0.737,-0.013,0.675,0.430,1.172,0.246
2016-12-01 01:44:37.078,16.695,-0.010,-0.738,-0.013,0.674,0.430,1.171,0.246
2016-12-01 01:44:37.089,16.716,-0.010,-0.739,-0.013,0.674,0.430,1.171,0.247
2016-12-01 01:44:37.100,16.716,-0.010,-0.740,-0.013,0.673,0.429,1.171,0.247
2016-12-01 01:44:37.112,16.737,-0.010,-0.741,-0.013,0.672,0.429,1.171,0.247
2016-12-01 01:44:37.123,16.737,-0.009,-0.742,-0.013,0.671,0.429,1.171,0.247
2016-12-01 01:44:37.134,16.759,-0.009,-0.743,-0.012,0.670,0.428,1.171,0.247
2016-12-01 01:44:37.145,16.759,-0.009,-0.744,-0.012,0.669,0.428,1.171,0.247
2016-12-01 01:44:37.156,16.780,-0.008,-0.745,-0.012,0.667,0.428,1.171,0.247
2016-12-01 01:44:37.167,16.801,-0.008,-0.746,-0.012,0.666,0.428,1.171,0.247
2016-12-01 01:44:37.179,16.801,-0.007,-0.747,-0.011,0.665,0.428,1.171,0.247
2016-12-01 01:44:37.189,16.823,-0.007,-0.748,-0.011,0.664,0.427,1.171,0.247
2016-12-01 01:44:37.201,16.823,-0.006,-0.749,-0.011,0.663,0.427,1.171,0.247
2016-12-01 01:44:37.212,16.823,-0.006,-0.750,-0.010,0.662,0.427,1.171,0.247
2016-12-01 01:44:37.223,16.844,-0.006,-0.751,-0.010,0.661,0.426,1.170,0.246
2016-12-01 01:44:37.234,16.844,-0.005,-0.752,-0.010,0.659,0.426,1.170,0.246
2016-12-01 01:44:37.245,16.865,-0.005,-0.753,-0.009,0.658,0.426,1.170,0.246
2016-12-01 01:44:37.256,16.887,-0.004,-0.754,-0.009,0.657,0.425,1.170,0.246
2016-12-01 01:44:37.268,16.887,-0.004,-0.755,-0.009,0.656,0.425,1.170,0.246
2016-12-01 01:44:37.279,16.908,-0.003,-0.755,-0.008,0.655,0.425,1.170,0.246
2016-12-01 01:44:37.290,16.908,-0.003,-0.756,-0.008,0.654,0.424,1.170,0.246
2016-12-01 01:44:37.301,16.929,-0.003,-0.757,-0.008,0.653,0.424,1.170,0.246
2016-12-01 01:44:37.313,16.929,-0.002,-0.758,-0.007,0.652,0.424,1.170,0.246
2016-12-01 01:44:37.324,16.951,-0.002,-0.759,-0.007,0.651,0.423,1.170,0.246
2016-12-01 01:44:37.335,16.951,-0.001,-0.759,-0.006,0.651,0.423,1.170,0.246
2016-12-01 01:44:37.346,16.972,-0.001,-0.760,-0.006,0.650,0.423,1.170,0.246
2016-12-01 01:44:37.357,16.972,0.000,-0.761,-0.006,0.649,0.423,1.170,0.246
2016-12-01 01:44:37.368,16.993,0.000,-0.761,-0.005,0.648,0.423,1.170,0.246
2016-12-01 01:44:37.380,16.993,0.000,-0.762,-0.005,0.648,0.422,1.169,0.246
2016-12-01 01:44:37.390,17.015,0.001,-0.762,-0.004,0.647,0.422,1.169,0.246
2016-12-01 01:44:37.401,17.015,0.001,-0.763,-0.004,0.646,0.422,1.169,0.246
2016-12-01 01:44:37.413,17.036,0.002,-0.764,-0.004,0.646,0.422,1.169,0.246
2016-12-01 01:44:37.424,17.036,0.002,-0.764,-0.004,0.645,0.422,1.169,0.246
2016-12-01 01:44:37.435,17.057,0.002,-0.765,-0.003,0.644,0.422,1.169,0.246
2016-12-01 01:44:37.446,17.079,0.003,-0.765,-0.003,0.644,0.422,1.169,0.246
2016-12-01 01:44:37.458,17.079,0.003,-0.766,-0.003,0.643,0.422,1.169,0.246
2016-12-01 01:44:37.469,17.100,0.003,-0.766,-0.002,0.642,0.422,1.169,0.246
2016-12-01 01:44:37.480,17.100,0.003,-0.767,-0.002,0.642,0.422,1.169,0.246
2016-12-01 01:44:37.491,17.121,0.004,-0.768,-0.001,0.641,0.422,1.169,0.246
2016-12-01 01:44:37.503,17.121,0.004,-0.768,-0.001,0.640,0.422,1.169,0.246
2016-12-01 01:44:37.513,17.143,0.004,-0.769,0.000,0.639,0.422,1.169,0.245
2016-12-01 01:44:37.524,17.143,0.004,-0.770,0.000,0.638,0.422,1.169,0.245
2016-12-01 01:44:37.536,17.143,0.004,-0.771,0.000,0.637,0.422,1.169,0.245
2016-12-01 01:44:37.547,17.164,0.004,-0.772,0.000,0.636,0.422,1.169,0.245
2016-12-01 01:44:37.558,17.185,0.004,-0.772,0.000,0.635,0.422,1.169,0.245
2016-12-01 01:44:37.569,17.185,0.005,-0.773,0.000,0.634,0.422,1.169,0.245
2016-12-01 01:44:37.580,17.207,0.005,-0.774,0.001,0.633,0.422,1.169,0.245
2016-12-01 01:44:37.591,17.207,0.004,-0.775,0.001,0.632,0.422,1.168,0.245
2016-12-01 01:44:37.602,17.228,0.005,-0.776,0.001,0.631,0.422,1.168,0.245
2016-12-01 01:44:37.614,17.228,0.005,-0.777,0.001,0.630,0.422,1.168,0.245
2016-12-01 01:44:37.625,17.249,0.005,-0.777,0.001,0.629,0.422,1.168,0.245
2016-12-01 01:44:37.636,17.271,0.005,-0.778,0.001,0.628,0.422,1.168,0.245
2016-12-01 01:44:37.648,17.271,0.004,-0.779,0.000,0.627,0.422,1.168,0.245
2016-12-01 01:44:37.659,17.292,0.004,-0.780,0.000,0.626,0.422,1.168,0.245
2016-12-01 01:44:37.670,17.292,0.004,-0.781,0.000,0.625,0.422,1.168,0.245
2016-12-01 01:44:37.681,17.292,0.004,-0.781,0.000,0.624,0.422,1.168,0.244
2016-12-01 01:44:37.692,17.313,0.004,-0.782,0.000,0.623,0.422,1.168,0.244
2016-12-01 01:44:37.704,17.313,0.003,-0.783,0.000,0.622,0.422,1.169,0.244
2016-12-01 01:44:37.714,17.335,0.003,-0.784,-0.001,0.621,0.422,1.169,0.244
2016-12-01 01:44:37.726,17.356,0.002,-0.785,-0.001,0.620,0.422,1.169,0.244
2016-12-01 01:44:37.737,17.356,0.002,-0.786,-0.001,0.619,0.422,1.169,0.244
2016-12-01 01:44:37.748,17.377,0.001,-0.787,-0.002,0.617,0.422,1.169,0.244
2016-12-01 01:44:37.759,17.377,0.001,-0.787,-0.002,0.616,0.422,1.169,0.244
2016-12-01 01:44:37.770,17.399,0.000,-0.788,-0.002,0.615,0.422,1.169,0.244
2016-12-01 01:44:37.781,17.399,0.000,-0.789,-0.003,0.614,0.422,1.169,0.244
2016-12-01 01:44:37.792,17.420,0.000,-0.790,-0.003,0.613,0.422,1.169,0.244
2016-12-01 01:44:37.804,17.420,0.000,-0.791,-0.003,0.612,0.422,1.169,0.244
2016-12-01 01:44:37.814,17.441,0.000,-0.792,-0.003,0.611,0.422,1.169,0.244
2016-12-01 01:44:37.826,17.463,0.000,-0.793,-0.003,0.609,0.422,1.169,0.243
2016-12-01 01:44:37.838,17.463,0.000,-0.794,-0.003,0.608,0.422,1.169,0.243
2016-12-01 01:44:37.848,17.463,0.000,-0.795,-0.003,0.607,0.422,1.169,0.243
2016-12-01 01:44:37.860,17.484,0.000,-0.795,-0.003,0.606,0.422,1.169,0.243
2016-12-01 01:44:37.871,17.484,0.000,-0.796,-0.002,0.605,0.422,1.169,0.244
2016-12-01 01:44:37.882,17.505,0.000,-0.797,-0.002,0.604,0.422,1.169,0.243
2016-12-01 01:44:37.895,17.505,0.000,-0.798,-0.001,0.603,0.422,1.169,0.243
2016-12-01 01:44:37.905,17.527,0.000,-0.799,0.000,0.601,0.422,1.168,0.244
2016-12-01 01:44:37.916,17.527,0.000,-0.800,0.001,0.600,0.421,1.168,0.244
2016-12-01 01:44:37.927,17.548,0.000,-0.801,0.001,0.599,0.421,1.168,0.244
2016-12-01 01:44:37.938,17.569,0.000,-0.802,0.003,0.598,0.421,1.168,0.244
2016-12-01 01:44:37.949,17.569,0.001,-0.802,0.004,0.597,0.421,1.167,0.244
2016-12-01 01:44:37.960,17.591,0.001,-0.803,0.005,0.596,0.420,1.167,0.243
2016-12-01 01:44:37.972,17.591,0.001,-0.804,0.007,0.595,0.420,1.167,0.243
2016-12-01 01:44:37.985,17.612,0.000,-0.805,0.009,0.593,0.420,1.167,0.243
2016-12-01 01:44:37.994,17.612,0.000,-0.806,0.011,0.592,0.419,1.166,0.243
2016-12-01 01:44:38.005,17.633,0.001,-0.807,0.012,0.590,0.419,1.166,0.243
2016-12-01 01:44:38.016,17.633,0.002,-0.808,0.013,0.589,0.419,1.166,0.243
2016-12-01 01:44:38.028,17.655,0.002,-0.809,0.014,0.587,0.418,1.166,0.243
2016-12-01 01:44:38.039,17.655,0.003,-0.810,0.015,0.586,0.418,1.165,0.243
2016-12-01 01:44:38.050,17.676,0.005,-0.811,0.016,0.584,0.418,1.165,0.242
2016-12-01 01:44:38.061,17.676,0.006,-0.812,0.016,0.583,0.417,1.165,0.242
2016-12-01 01:44:38.072,17.697,0.007,-0.814,0.016,0.581,0.417,1.165,0.242
2016-12-01 01:44:38.083,17.697,0.009,-0.815,0.017,0.579,0.417,1.165,0.242
2016-12-01 01:44:38.095,17.719,0.010,-0.816,0.017,0.578,0.416,1.165,0.242
2016-12-01 01:44:38.106,17.719,0.011,-0.817,0.016,0.576,0.416,1.165,0.242
2016-12-01 01:44:38.116,17.740,0.012,-0.818,0.016,0.575,0.415,1.165,0.241
2016-12-01 01:44:38.127,17.761,0.013,-0.819,0.016,0.573,0.415,1.164,0.241
2016-12-01 01:44:38.139,17.761,0.014,-0.820,0.015,0.572,0.414,1.164,0.241
2016-12-01 01:44:38.150,17.783,0.015,-0.821,0.015,0.570,0.414,1.164,0.241
2016-12-01 01:44:38.161,17.783,0.015,-0.822,0.014,0.569,0.413,1.164,0.240
2016-12-01 01:44:38.172,17.783,0.016,-0.823,0.012,0.567,0.412,1.164,0.241
2016-12-01 01:44:38.183,17.804,0.018,-0.824,0.010,0.566,0.412,1.164,0.240
2016-12-01 01:44:38.195,17.804,0.019,-0.825,0.007,0.565,0.411,1.164,0.240
2016-12-01 01:44:38.205,17.825,0.019,-0.825,0.004,0.564,0.410,1.164,0.240
2016-12-01 01:44:38.218,17.847,0.020,-0.826,0.001,0.564,0.409,1.163,0.239
2016-12-01 01:44:38.228,17.847,0.019,-0.826,-0.002,0.563,0.409,1.163,0.239
2016-12-01 01:44:38.239,17.868,0.018,-0.826,-0.004,0.563,0.408,1.163,0.238
2016-12-01 01:44:38.251,17.868,0.016,-0.826,-0.006,0.563,0.407,1.163,0.238
2016-12-01 01:44:38.262,17.889,0.014,-0.827,-0.007,0.562,0.406,1.164,0.237
2016-12-01 01:44:38.273,17.889,0.012,-0.827,-0.007,0.561,0.405,1.164,0.237
2016-12-01 01:44:38.284,17.911,0.011,-0.828,-0.007,0.560,0.404,1.164,0.236
2016-12-01 01:44:38.295,17.911,0.009,-0.829,-0.007,0.559,0.403,1.164,0.235
2016-12-01 01:44:38.306,17.932,0.008,-0.830,-0.006,0.557,0.402,1.164,0.235
2016-12-01 01:44:38.318,17.953,0.008,-0.831,-0.005,0.556,0.401,1.163,0.234
2016-12-01 01:44:38.329,17.953,0.008,-0.832,-0.004,0.554,0.401,1.163,0.234
2016-12-01 01:44:38.340,17.953,0.009,-0.833,-0.003,0.553,0.400,1.163,0.233
2016-12-01 01:44:38.351,17.975,0.010,-0.834,-0.003,0.551,0.399,1.163,0.233
2016-12-01 01:44:38.362,17.975,0.012,-0.835,-0.002,0.549,0.398,1.162,0.232
2016-12-01 01:44:38.373,17.996,0.014,-0.836,-0.002,0.548,0.397,1.162,0.232
2016-12-01 01:44:38.385,17.996,0.016,-0.838,-0.001,0.546,0.396,1.162,0.231
2016-12-01 01:44:38.395,18.017,0.018,-0.839,-0.001,0.544,0.396,1.162,0.231
2016-12-01 01:44:38.407,18.039,0.019,-0.840,0.000,0.543,0.395,1.162,0.230
2016-12-01 01:44:38.419,18.039,0.020,-0.841,0.000,0.541,0.394,1.161,0.230
2016-12-01 01:44:38.429,18.060,0.020,-0.841,0.000,0.540,0.393,1.161,0.229
2016-12-01 01:44:38.441,18.060,0.020,-0.842,-0.001,0.539,0.392,1.161,0.229
2016-12-01 01:44:38.451,18.081,0.021,-0.842,-0.001,0.539,0.391,1.161,0.229
2016-12-01 01:44:38.463,18.081,0.021,-0.842,-0.001,0.539,0.391,1.161,0.228
2016-12-01 01:44:38.474,18.103,0.021,-0.842,0.000,0.539,0.390,1.161,0.228
2016-12-01 01:44:38.485,18.103,0.021,-0.842,0.001,0.539,0.389,1.161,0.228
2016-12-01 01:44:38.496,18.103,0.021,-0.842,0.003,0.540,0.389,1.161,0.228
2016-12-01 01:44:38.507,18.124,0.021,-0.841,0.004,0.540,0.388,1.160,0.228
2016-12-01 01:44:38.519,18.145,0.021,-0.841,0.005,0.541,0.387,1.160,0.227
2016-12-01 01:44:38.529,18.145,0.021,-0.840,0.006,0.543,0.387,1.160,0.227
2016-12-01 01:44:38.541,18.167,0.020,-0.839,0.008,0.544,0.386,1.159,0.227
2016-12-01 01:44:38.553,18.167,0.020,-0.838,0.009,0.545,0.385,1.159,0.227
2016-12-01 01:44:38.563,18.188,0.019,-0.837,0.011,0.546,0.384,1.159,0.227
2016-12-01 01:44:38.575,18.188,0.019,-0.836,0.013,0.548,0.384,1.158,0.226
2016-12-01 01:44:38.586,18.209,0.019,-0.835,0.016,0.549,0.383,1.158,0.226
2016-12-01 01:44:38.597,18.231,0.018,-0.835,0.018,0.550,0.382,1.157,0.226
2016-12-01 01:44:38.608,18.231,0.019,-0.834,0.022,0.551,0.382,1.157,0.226
2016-12-01 01:44:38.619,18.252,0.019,-0.833,0.025,0.553,0.381,1.156,0.226
2016-12-01 01:44:38.631,18.252,0.020,-0.832,0.029,0.554,0.381,1.155,0.226
2016-12-01 01:44:38.641,18.273,0.020,-0.831,0.032,0.555,0.380,1.155,0.226
2016-12-01 01:44:38.653,18.273,0.021,-0.830,0.035,0.556,0.380,1.154,0.226
2016-12-01 01:44:38.664,18.273,0.022,-0.829,0.037,0.558,0.379,1.154,0.226
2016-12-01 01:44:38.675,18.295,0.023,-0.828,0.039,0.559,0.379,1.153,0.226
2016-12-01 01:44:38.687,18.316,0.024,-0.827,0.041,0.560,0.379,1.153,0.226
2016-12-01 01:44:38.697,18.316,0.025,-0.826,0.042,0.561,0.378,1.153,0.226
2016-12-01 01:44:38.708,18.337,0.026,-0.826,0.043,0.562,0.378,1.153,0.226
2016-12-01 01:44:38.720,18.337,0.027,-0.825,0.043,0.563,0.378,1.152,0.226
2016-12-01 01:44:38.730,18.359,0.028,-0.825,0.044,0.563,0.378,1.152,0.226
2016-12-01 01:44:38.742,18.359,0.029,-0.824,0.044,0.564,0.378,1.152,0.226
2016-12-01 01:44:38.753,18.380,0.030,-0.824,0.045,0.564,0.378,1.152,0.226
2016-12-01 01:44:38.764,18.380,0.031,-0.824,0.046,0.565,0.378,1.152,0.226
2016-12-01 01:44:38.776,18.401,0.031,-0.823,0.046,0.565,0.378,1.152,0.227
2016-12-01 01:44:38.787,18.423,0.031,-0.823,0.047,0.565,0.379,1.152,0.227
2016-12-01 01:44:38.799,18.423,0.032,-0.823,0.047,0.565,0.379,1.152,0.227
2016-12-01 01:44:38.809,18.444,0.032,-0.823,0.047,0.565,0.379,1.152,0.227
2016-12-01 01:44:38.820,18.444,0.032,-0.823,0.047,0.566,0.379,1.152,0.227
2016-12-01 01:44:38.831,18.444,0.032,-0.822,0.047,0.566,0.379,1.152,0.227
2016-12-01 01:44:38.843,18.465,0.033,-0.822,0.047,0.567,0.379,1.152,0.228
2016-12-01 01:44:38.854,18.465,0.033,-0.822,0.047,0.567,0.379,1.152,0.228
2016-12-01 01:44:38.865,18.487,0.034,-0.822,0.047,0.567,0.380,1.152,0.228
2016-12-01 01:44:38.877,18.508,0.034,-0.821,0.047,0.568,0.380,1.152,0.228
2016-12-01 01:44:38.887,18.508,0.035,-0.821,0.047,0.568,0.380,1.152,0.228
2016-12-01 01:44:38.898,18.529,0.036,-0.821,0.048,0.568,0.380,1.152,0.228
2016-12-01 01:44:38.911,18.529,0.036,-0.820,0.048,0.569,0.380,1.152,0.229
2016-12-01 01:44:38.921,18.551,0.037,-0.820,0.048,0.569,0.380,1.152,0.229
2016-12-01 01:44:38.932,18.551,0.038,-0.819,0.049,0.570,0.380,1.152,0.229
2016-12-01 01:44:38.943,18.572,0.039,-0.819,0.049,0.571,0.380,1.151,0.229
2016-12-01 01:44:38.954,18.572,0.040,-0.818,0.049,0.571,0.381,1.151,0.230
2016-12-01 01:44:38.966,18.593,0.041,-0.818,0.050,0.572,0.381,1.151,0.230
2016-12-01 01:44:38.977,18.593,0.042,-0.817,0.050,0.573,0.381,1.151,0.230
2016-12-01 01:44:38.988,18.615,0.042,-0.817,0.050,0.573,0.381,1.151,0.230
2016-12-01 01:44:38.999,18.615,0.043,-0.816,0.050,0.574,0.381,1.151,0.230
2016-12-01 01:44:39.011,18.636,0.043,-0.815,0.050,0.575,0.381,1.151,0.230
2016-12-01 01:44:39.022,18.636,0.044,-0.815,0.050,0.576,0.381,1.151,0.230
2016-12-01 01:44:39.032,18.657,0.044,-0.814,0.049,0.577,0.381,1.151,0.231
2016-12-01 01:44:39.044,18.657,0.044,-0.813,0.049,0.578,0.381,1.151,0.231
2016-12-01 01:44:39.054,18.679,0.044,-0.813,0.049,0.579,0.381,1.151,0.231
2016-12-01 01:44:39.066,18.700,0.044,-0.812,0.048,0.580,0.382,1.151,0.231
2016-12-01 01:44:39.078,18.700,0.044,-0.811,0.048,0.581,0.382,1.152,0.232
2016-12-01 01:44:39.088,18.721,0.044,-0.811,0.048,0.582,0.382,1.152,0.232
2016-12-01 01:44:39.100,18.721,0.043,-0.810,0.047,0.583,0.382,1.152,0.232
2016-12-01 01:44:39.110,18.743,0.043,-0.809,0.047,0.584,0.382,1.152,0.232
2016-12-01 01:44:39.122,18.743,0.043,-0.809,0.046,0.585,0.382,1.152,0.233
2016-12-01 01:44:39.133,18.764,0.043,-0.808,0.046,0.586,0.382,1.152,0.233
2016-12-01 01:44:39.144,18.764,0.043,-0.807,0.045,0.587,0.383,1.152,0.233
2016-12-01 01:44:39.155,18.764,0.043,-0.806,0.044,0.588,0.383,1.152,0.233
2016-12-01 01:44:39.167,18.785,0.043,-0.806,0.044,0.589,0.383,1.153,0.234
2016-12-01 01:44:39.178,18.807,0.043,-0.805,0.043,0.590,0.383,1.153,0.234
2016-12-01 01:44:39.189,18.807,0.043,-0.804,0.042,0.592,0.383,1.153,0.234
2016-12-01 01:44:39.200,18.828,0.043,-0.803,0.042,0.593,0.383,1.153,0.235
2016-12-01 01:44:39.212,18.828,0.043,-0.802,0.041,0.594,0.383,1.153,0.235
2016-12-01 01:44:39.223,18.849,0.043,-0.801,0.040,0.596,0.384,1.153,0.235
2016-12-01 01:44:39.233,18.849,0.043,-0.800,0.039,0.597,0.384,1.154,0.236
2016-12-01 01:44:39.245,18.871,0.043,-0.799,0.039,0.599,0.384,1.154,0.236
2016-12-01 01:44:39.256,18.892,0.044,-0.798,0.038,0.600,0.384,1.154,0.236
2016-12-01 01:44:39.268,18.892,0.044,-0.796,0.037,0.602,0.384,1.154,0.237
2016-12-01 01:44:39.278,18.913,0.044,-0.795,0.037,0.604,0.384,1.154,0.237
2016-12-01 01:44:39.289,18.913,0.044,-0.794,0.036,0.606,0.384,1.154,0.238
2016-12-01 01:44:39.300,18.913,0.044,-0.792,0.035,0.608,0.384,1.154,0.238
2016-12-01 01:44:39.311,18.935,0.043,-0.790,0.034,0.610,0.385,1.154,0.238
2016-12-01 01:44:39.323,18.935,0.043,-0.789,0.034,0.612,0.385,1.154,0.239
2016-12-01 01:44:39.334,18.956,0.042,-0.787,0.034,0.615,0.385,1.154,0.239
2016-12-01 01:44:39.346,18.956,0.041,-0.785,0.034,0.617,0.385,1.154,0.239
2016-12-01 01:44:39.356,18.977,0.040,-0.783,0.035,0.620,0.385,1.154,0.240
2016-12-01 01:44:39.368,18.999,0.039,-0.780,0.037,0.623,0.385,1.154,0.240
2016-12-01 01:44:39.379,18.999,0.038,-0.778,0.038,0.626,0.385,1.154,0.241
2016-12-01 01:44:39.390,19.020,0.037,-0.776,0.041,0.629,0.385,1.154,0.241
2016-12-01 01:44:39.402,19.020,0.036,-0.773,0.043,0.631,0.385,1.154,0.242
2016-12-01 01:44:39.412,19.041,0.036,-0.771,0.045,0.634,0.385,1.154,0.242
2016-12-01 01:44:39.423,19.041,0.036,-0.769,0.047,0.637,0.385,1.154,0.243
2016-12-01 01:44:39.434,19.063,0.035,-0.767,0.049,0.639,0.385,1.154,0.243
2016-12-01 01:44:39.446,19.084,0.036,-0.765,0.050,0.641,0.386,1.154,0.243
2016-12-01 01:44:39.457,19.084,0.037,-0.763,0.051,0.643,0.386,1.153,0.244
2016-12-01 01:44:39.468,19.084,0.039,-0.762,0.050,0.644,0.386,1.153,0.244
2016-12-01 01:44:39.479,19.105,0.041,-0.761,0.050,0.646,0.386,1.153,0.244
2016-12-01 01:44:39.490,19.105,0.043,-0.760,0.049,0.647,0.386,1.153,0.244
2016-12-01 01:44:39.501,19.127,0.045,-0.759,0.049,0.648,0.386,1.153,0.244
2016-12-01 01:44:39.513,19.127,0.046,-0.758,0.048,0.649,0.386,1.153,0.245
2016-12-01 01:44:39.523,19.148,0.048,-0.757,0.048,0.649,0.386,1.153,0.245
2016-12-01 01:44:39.535,19.148,0.050,-0.757,0.048,0.650,0.386,1.152,0.245
2016-12-01 01:44:39.546,19.169,0.052,-0.757,0.048,0.650,0.386,1.152,0.245
2016-12-01 01:44:39.558,19.191,0.054,-0.756,0.048,0.650,0.386,1.152,0.245
2016-12-01 01:44:39.569,19.191,0.056,-0.756,0.048,0.650,0.386,1.152,0.245
2016-12-01 01:44:39.580,19.212,0.058,-0.756,0.049,0.650,0.386,1.151,0.245
2016-12-01 01:44:39.591,19.212,0.061,-0.755,0.050,0.650,0.386,1.151,0.245
2016-12-01 01:44:39.602,19.233,0.063,-0.755,0.051,0.650,0.386,1.151,0.245
2016-12-01 01:44:39.614,19.233,0.065,-0.755,0.053,0.650,0.386,1.151,0.245
2016-12-01 01:44:39.624,19.255,0.067,-0.755,0.054,0.650,0.387,1.150,0.245
2016-12-01 01:44:39.636,19.255,0.069,-0.755,0.057,0.650,0.387,1.150,0.245
2016-12-01 01:44:39.646,19.276,0.071,-0.754,0.059,0.650,0.387,1.149,0.245
2016-12-01 01:44:39.658,19.276,0.073,-0.754,0.060,0.650,0.387,1.149,0.244
2016-12-01 01:44:39.669,19.297,0.074,-0.754,0.062,0.650,0.387,1.149,0.244
2016-12-01 01:44:39.680,19.297,0.075,-0.754,0.063,0.650,0.387,1.148,0.244
2016-12-01 01:44:39.691,19.319,0.076,-0.754,0.064,0.650,0.387,1.148,0.244
2016-12-01 01:44:39.702,19.319,0.076,-0.753,0.065,0.650,0.387,1.148,0.244
2016-12-01 01:44:39.713,19.340,0.077,-0.753,0.065,0.650,0.386,1.148,0.244
2016-12-01 01:44:39.726,19.340,0.078,-0.753,0.067,0.650,0.386,1.147,0.244
2016-12-01 01:44:39.736,19.361,0.079,-0.753,0.068,0.650,0.387,1.147,0.243
2016-12-01 01:44:39.748,19.383,0.079,-0.753,0.070,0.650,0.387,1.147,0.243
2016-12-01 01:44:39.758,19.383,0.080,-0.753,0.072,0.650,0.387,1.147,0.243
2016-12-01 01:44:39.770,19.404,0.081,-0.753,0.074,0.649,0.387,1.146,0.242
2016-12-01 01:44:39.781,19.404,0.081,-0.753,0.075,0.649,0.387,1.146,0.242
2016-12-01 01:44:39.792,19.404,0.081,-0.753,0.078,0.649,0.387,1.146,0.242
2016-12-01 01:44:39.803,19.425,0.082,-0.752,0.080,0.649,0.387,1.145,0.241
2016-12-01 01:44:39.815,19.425,0.082,-0.752,0.081,0.649,0.387,1.145,0.241
2016-12-01 01:44:39.825,19.447,0.083,-0.752,0.083,0.649,0.387,1.145,0.241
2016-12-01 01:44:39.836,19.468,0.083,-0.752,0.084,0.649,0.387,1.145,0.240
2016-12-01 01:44:39.848,19.468,0.084,-0.751,0.085,0.649,0.387,1.144,0.240
2016-12-01 01:44:39.859,19.489,0.084,-0.751,0.086,0.649,0.387,1.144,0.240
2016-12-01 01:44:39.870,19.489,0.084,-0.751,0.086,0.649,0.387,1.144,0.239
2016-12-01 01:44:39.881,19.511,0.083,-0.751,0.087,0.649,0.387,1.144,0.239
2016-12-01 01:44:39.892,19.511,0.083,-0.751,0.088,0.649,0.387,1.144,0.239
2016-12-01 01:44:39.904,19.532,0.083,-0.751,0.089,0.649,0.387,1.144,0.238
2016-12-01 01:44:39.916,19.532,0.083,-0.751,0.089,0.649,0.387,1.144,0.238
2016-12-01 01:44:39.926,19.553,0.083,-0.751,0.090,0.649,0.387,1.144,0.238
2016-12-01 01:44:39.938,19.575,0.083,-0.750,0.090,0.650,0.387,1.144,0.237
2016-12-01 01:44:39.948,19.575,0.083,-0.750,0.090,0.650,0.387,1.144,0.237
2016-12-01 01:44:39.960,19.575,0.082,-0.750,0.090,0.651,0.387,1.144,0.237
2016-12-01 01:44:39.971,19.596,0.082,-0.749,0.090,0.651,0.387,1.144,0.237
2016-12-01 01:44:39.982,19.596,0.081,-0.749,0.090,0.651,0.387,1.145,0.236
2016-12-01 01:44:39.993,19.617,0.081,-0.749,0.090,0.652,0.387,1.145,0.236
2016-12-01 01:44:40.004,19.617,0.081,-0.748,0.090,0.652,0.388,1.145,0.236
2016-12-01 01:44:40.015,19.639,0.080,-0.748,0.090,0.653,0.388,1.145,0.236
2016-12-01 01:44:40.027,19.660,0.080,-0.747,0.090,0.653,0.388,1.145,0.236
2016-12-01 01:44:40.038,19.660,0.079,-0.747,0.090,0.654,0.388,1.145,0.235
2016-12-01 01:44:40.049,19.681,0.079,-0.746,0.091,0.655,0.388,1.145,0.235
2016-12-01 01:44:40.060,19.681,0.078,-0.746,0.091,0.655,0.388,1.145,0.235
2016-12-01 01:44:40.071,19.703,0.079,-0.745,0.091,0.656,0.388,1.145,0.235
2016-12-01 01:44:40.083,19.703,0.079,-0.744,0.091,0.657,0.388,1.145,0.235
2016-12-01 01:44:40.094,19.724,0.079,-0.743,0.092,0.658,0.388,1.145,0.235
2016-12-01 01:44:40.105,19.724,0.079,-0.742,0.092,0.659,0.388,1.145,0.235
2016-12-01 01:44:40.116,19.724,0.079,-0.742,0.093,0.660,0.388,1.145,0.235
2016-12-01 01:44:40.127,19.745,0.080,-0.741,0.093,0.660,0.388,1.144,0.235
2016-12-01 01:44:40.138,19.767,0.081,-0.740,0.093,0.661,0.389,1.144,0.236
2016-12-01 01:44:40.150,19.767,0.081,-0.739,0.094,0.662,0.389,1.144,0.236
2016-12-01 01:44:40.160,19.788,0.082,-0.739,0.095,0.663,0.389,1.144,0.235
2016-12-01 01:44:40.172,19.788,0.082,-0.738,0.095,0.663,0.389,1.144,0.235
2016-12-01 01:44:40.183,19.809,0.081,-0.738,0.095,0.663,0.389,1.144,0.235
2016-12-01 01:44:40.194,19.809,0.081,-0.738,0.096,0.663,0.389,1.144,0.235
2016-12-01 01:44:40.205,19.831,0.081,-0.738,0.096,0.663,0.389,1.144,0.235
2016-12-01 01:44:40.217,19.852,0.082,-0.738,0.096,0.663,0.389,1.144,0.235
2016-12-01 01:44:40.227,19.852,0.082,-0.738,0.096,0.663,0.390,1.144,0.235
2016-12-01 01:44:40.238,19.873,0.082,-0.739,0.096,0.662,0.390,1.144,0.235
2016-12-01 01:44:40.250,19.873,0.083,-0.739,0.096,0.662,0.390,1.144,0.235
2016-12-01 01:44:40.261,19.895,0.083,-0.739,0.096,0.661,0.390,1.144,0.235
2016-12-01 01:44:40.272,19.895,0.084,-0.739,0.097,0.661,0.390,1.144,0.234
2016-12-01 01:44:40.284,19.895,0.084,-0.740,0.096,0.661,0.391,1.144,0.234
2016-12-01 01:44:40.295,19.916,0.085,-0.740,0.096,0.660,0.391,1.144,0.234
2016-12-01 01:44:40.306,19.916,0.085,-0.740,0.096,0.660,0.391,1.143,0.234
2016-12-01 01:44:40.317,19.937,0.085,-0.741,0.096,0.659,0.391,1.144,0.234
2016-12-01 01:44:40.329,19.959,0.085,-0.741,0.096,0.659,0.391,1.144,0.234
2016-12-01 01:44:40.340,19.959,0.085,-0.742,0.096,0.658,0.391,1.144,0.234
2016-12-01 01:44:40.351,19.980,0.086,-0.742,0.096,0.658,0.391,1.144,0.234
2016-12-01 01:44:40.362,19.980,0.086,-0.742,0.096,0.658,0.391,1.144,0.233
2016-12-01 01:44:40.373,20.001,0.086,-0.743,0.096,0.657,0.391,1.144,0.233
2016-12-01 01:44:40.385,20.001,0.086,-0.743,0.096,0.657,0.391,1.144,0.233
2016-12-01 01:44:40.395,20.023,0.085,-0.743,0.096,0.657,0.392,1.144,0.233
2016-12-01 01:44:40.407,20.044,0.085,-0.743,0.095,0.657,0.392,1.144,0.233
2016-12-01 01:44:40.417,20.044,0.085,-0.743,0.095,0.657,0.392,1.144,0.233
2016-12-01 01:44:40.429,20.065,0.085,-0.743,0.095,0.657,0.392,1.144,0.233
2016-12-01 01:44:40.440,20.065,0.085,-0.744,0.095,0.656,0.392,1.144,0.233
2016-12-01 01:44:40.451,20.065,0.085,-0.744,0.095,0.656,0.392,1.144,0.233
2016-12-01 01:44:40.462,20.087,0.085,-0.744,0.095,0.656,0.392,1.144,0.233
2016-12-01 01:44:40.473,20.087,0.084,-0.745,0.094,0.655,0.392,1.144,0.233
2016-12-01 01:44:40.485,20.108,0.084,-0.745,0.094,0.655,0.392,1.144,0.232
2016-12-01 01:44:40.496,20.129,0.084,-0.746,0.093,0.654,0.392,1.144,0.232
2016-12-01 01:44:40.507,20.129,0.083,-0.747,0.093,0.653,0.392,1.145,0.232
2016-12-01 01:44:40.518,20.151,0.083,-0.748,0.092,0.652,0.392,1.145,0.232
2016-12-01 01:44:40.529,20.151,0.083,-0.749,0.092,0.651,0.392,1.145,0.232
2016-12-01 01:44:40.540,20.172,0.083,-0.750,0.092,0.650,0.392,1.145,0.231
2016-12-01 01:44:40.552,20.172,0.083,-0.751,0.091,0.648,0.392,1.145,0.231
2016-12-01 01:44:40.563,20.193,0.083,-0.752,0.091,0.647,0.392,1.145,0.231
2016-12-01 01:44:40.574,20.193,0.082,-0.753,0.091,0.646,0.392,1.145,0.230
2016-12-01 01:44:40.585,20.215,0.082,-0.754,0.091,0.645,0.392,1.145,0.230
2016-12-01 01:44:40.596,20.215,0.082,-0.755,0.091,0.644,0.392,1.145,0.230
2016-12-01 01:44:40.607,20.236,0.081,-0.756,0.091,0.644,0.392,1.145,0.229
2016-12-01 01:44:40.619,20.236,0.081,-0.756,0.091,0.643,0.392,1.145,0.229
2016-12-01 01:44:40.629,20.257,0.081,-0.757,0.091,0.642,0.392,1.145,0.229
2016-12-01 01:44:40.641,20.257,0.081,-0.758,0.091,0.641,0.392,1.145,0.229
2016-12-01 01:44:40.652,20.279,0.081,-0.758,0.092,0.641,0.392,1.145,0.228
2016-12-01 01:44:40.663,20.279,0.080,-0.758,0.092,0.640,0.392,1.145,0.228
2016-12-01 01:44:40.674,20.300,0.080,-0.759,0.093,0.640,0.392,1.145,0.228
2016-12-01 01:44:40.686,20.321,0.080,-0.759,0.094,0.639,0.392,1.145,0.228
2016-12-01 01:44:40.697,20.321,0.079,-0.759,0.095,0.639,0.391,1.145,0.228
2016-12-01 01:44:40.708,20.343,0.079,-0.760,0.095,0.638,0.392,1.145,0.228
2016-12-01 01:44:40.719,20.343,0.078,-0.760,0.096,0.638,0.392,1.145,0.227
2016-12-01 01:44:40.730,20.364,0.078,-0.761,0.097,0.637,0.392,1.144,0.227
2016-12-01 01:44:40.742,20.364,0.078,-0.761,0.097,0.636,0.392,1.144,0.227
2016-12-01 01:44:40.753,20.385,0.078,-0.762,0.098,0.636,0.391,1.144,0.227
2016-12-01 01:44:40.764,20.385,0.078,-0.762,0.099,0.635,0.391,1.144,0.226
2016-12-01 01:44:40.775,20.385,0.078,-0.763,0.099,0.634,0.392,1.144,0.226
2016-12-01 01:44:40.786,20.407,0.078,-0.763,0.100,0.633,0.391,1.144,0.226
2016-12-01 01:44:40.797,20.428,0.078,-0.764,0.101,0.633,0.391,1.144,0.226
2016-12-01 01:44:40.808,20.428,0.078,-0.765,0.101,0.632,0.392,1.144,0.226
2016-12-01 01:44:40.819,20.449,0.078,-0.765,0.101,0.631,0.392,1.144,0.225
2016-12-01 01:44:40.830,20.449,0.079,-0.766,0.102,0.630,0.392,1.144,0.225
2016-12-01 01:44:40.841,20.471,0.079,-0.766,0.102,0.630,0.392,1.144,0.225
2016-12-01 01:44:40.854,20.471,0.079,-0.767,0.102,0.629,0.392,1.143,0.225
2016-12-01 01:44:40.864,20.492,0.079,-0.767,0.103,0.629,0.392,1.143,0.225
2016-12-01 01:44:40.876,20.492,0.079,-0.767,0.103,0.628,0.392,1.143,0.225
2016-12-01 01:44:40.887,20.513,0.080,-0.767,0.103,0.629,0.392,1.143,0.225
2016-12-01 01:44:40.898,20.535,0.080,-0.767,0.103,0.629,0.392,1.143,0.225
2016-12-01 01:44:40.909,20.535,0.081,-0.766,0.103,0.629,0.392,1.143,0.225
2016-12-01 01:44:40.920,20.535,0.081,-0.766,0.103,0.630,0.392,1.143,0.225
2016-12-01 01:44:40.931,20.556,0.082,-0.765,0.103,0.630,0.392,1.143,0.225
2016-12-01 01:44:40.943,20.556,0.082,-0.764,0.104,0.631,0.392,1.143,0.225
2016-12-01 01:44:40.953,20.577,0.083,-0.764,0.104,0.632,0.392,1.143,0.226
2016-12-01 01:44:40.965,20.577,0.083,-0.763,0.105,0.632,0.392,1.143,0.226
2016-12-01 01:44:40.976,20.599,0.084,-0.762,0.105,0.633,0.392,1.143,0.226
2016-12-01 01:44:40.987,20.620,0.084,-0.762,0.106,0.634,0.392,1.143,0.226
2016-12-01 01:44:40.998,20.620,0.085,-0.761,0.106,0.635,0.392,1.142,0.226
2016-12-01 01:44:41.009,20.641,0.085,-0.760,0.107,0.635,0.392,1.142,0.227
2016-12-01 01:44:41.021,20.641,0.086,-0.759,0.107,0.636,0.392,1.142,0.227
2016-12-01 01:44:41.032,20.663,0.086,-0.759,0.108,0.637,0.392,1.142,0.227
2016-12-01 01:44:41.044,20.663,0.086,-0.758,0.108,0.637,0.392,1.142,0.227
2016-12-01 01:44:41.054,20.684,0.086,-0.758,0.108,0.638,0.392,1.142,0.227
2016-12-01 01:44:41.065,20.684,0.086,-0.757,0.109,0.638,0.392,1.142,0.227
2016-12-01 01:44:41.077,20.705,0.086,-0.757,0.109,0.638,0.392,1.142,0.227
2016-12-01 01:44:41.088,20.705,0.087,-0.757,0.109,0.639,0.392,1.142,0.228
2016-12-01 01:44:41.099,20.727,0.087,-0.757,0.109,0.639,0.392,1.142,0.228
2016-12-01 01:44:41.110,20.727,0.087,-0.756,0.109,0.639,0.391,1.142,0.228
2016-12-01 01:44:41.121,20.748,0.087,-0.756,0.109,0.639,0.391,1.142,0.228
2016-12-01 01:44:41.132,20.748,0.087,-0.756,0.109,0.639,0.391,1.142,0.228
2016-12-01 01:44:41.144,20.769,0.087,-0.756,0.109,0.639,0.391,1.142,0.228
2016-12-01 01:44:41.155,20.769,0.087,-0.756,0.109,0.639,0.391,1.142,0.228
2016-12-01 01:44:41.166,20.791,0.087,-0.756,0.109,0.639,0.391,1.142,0.228
2016-12-01 01:44:41.177,20.812,0.087,-0.756,0.109,0.639,0.391,1.142,0.228
2016-12-01 01:44:41.188,20.812,0.087,-0.757,0.109,0.639,0.391,1.142,0.229
2016-12-01 01:44:41.199,20.833,0.087,-0.757,0.109,0.639,0.391,1.142,0.229
2016-12-01 01:44:41.211,20.833,0.087,-0.757,0.109,0.638,0.391,1.142,0.229
2016-12-01 01:44:41.222,20.855,0.087,-0.757,0.109,0.638,0.391,1.142,0.229
2016-12-01 01:44:41.234,20.855,0.087,-0.758,0.109,0.638,0.391,1.142,0.229
2016-12-01 01:44:41.244,20.876,0.087,-0.758,0.109,0.637,0.391,1.142,0.229
2016-12-01 01:44:41.255,20.876,0.086,-0.758,0.108,0.637,0.391,1.142,0.229
2016-12-01 01:44:41.267,20.897,0.086,-0.759,0.108,0.637,0.392,1.142,0.229
2016-12-01 01:44:41.279,20.897,0.087,-0.759,0.109,0.636,0.392,1.142,0.229
2016-12-01 01:44:41.289,20.919,0.087,-0.759,0.109,0.636,0.392,1.142,0.229
2016-12-01 01:44:41.300,20.919,0.087,-0.759,0.109,0.636,0.392,1.142,0.229
2016-12-01 01:44:41.311,20.940,0.087,-0.759,0.109,0.636,0.392,1.142,0.230
2016-12-01 01:44:41.323,20.940,0.086,-0.760,0.108,0.635,0.392,1.142,0.230
2016-12-01 01:44:41.333,20.961,0.086,-0.760,0.108,0.635,0.392,1.142,0.230
2016-12-01 01:44:41.345,20.961,0.086,-0.760,0.108,0.635,0.392,1.142,0.230
2016-12-01 01:44:41.356,20.983,0.086,-0.760,0.108,0.635,0.392,1.142,0.230
2016-12-01 01:44:41.367,21.004,0.086,-0.761,0.108,0.634,0.392,1.142,0.230
2016-12-01 01:44:41.379,21.004,0.086,-0.761,0.108,0.634,0.392,1.142,0.230
2016-12-01 01:44:41.389,21.025,0.086,-0.761,0.108,0.634,0.392,1.142,0.230
2016-12-01 01:44:41.401,21.025,0.086,-0.761,0.109,0.634,0.392,1.142,0.230
2016-12-01 01:44:41.412,21.025,0.086,-0.761,0.109,0.634,0.392,1.142,0.230
2016-12-01 01:44:41.423,21.047,0.086,-0.761,0.109,0.634,0.392,1.142,0.230
2016-12-01 01:44:41.434,21.047,0.086,-0.761,0.109,0.634,0.392,1.142,0.230
2016-12-01 01:44:41.445,21.068,0.086,-0.761,0.109,0.633,0.392,1.142,0.230
2016-12-01 01:44:41.457,21.089,0.085,-0.761,0.109,0.633,0.392,1.142,0.230
2016-12-01 01:44:41.468,21.089,0.085,-0.761,0.109,0.633,0.392,1.142,0.230
2016-12-01 01:44:41.479,21.111,0.085,-0.762,0.109,0.633,0.392,1.142,0.230
2016-12-01 01:44:41.490,21.111,0.085,-0.762,0.109,0.633,0.392,1.142,0.230
2016-12-01 01:44:41.501,21.132,0.085,-0.762,0.109,0.633,0.392,1.142,0.231
2016-12-01 01:44:41.512,21.132,0.085,-0.762,0.109,0.633,0.392,1.143,0.231
2016-12-01 01:44:41.523,21.153,0.085,-0.762,0.108,0.633,0.392,1.143,0.231
2016-12-01 01:44:41.534,21.153,0.085,-0.762,0.108,0.633,0.392,1.143,0.231
2016-12-01 01:44:41.545,21.175,0.085,-0.762,0.108,0.633,0.392,1.143,0.231
2016-12-01 01:44:41.557,21.196,0.085,-0.762,0.108,0.633,0.392,1.143,0.231
2016-12-01 01:44:41.568,21.196,0.085,-0.762,0.108,0.633,0.392,1.143,0.231
2016-12-01 01:44:41.579,21.196,0.084,-0.762,0.108,0.633,0.393,1.143,0.231
2016-12-01 01:44:41.590,21.217,0.084,-0.762,0.108,0.633,0.392,1.142,0.231
2016-12-01 01:44:41.602,21.217,0.084,-0.762,0.108,0.633,0.392,1.143,0.231
2016-12-01 01:44:41.613,21.239,0.084,-0.762,0.108,0.633,0.392,1.143,0.231
2016-12-01 01:44:41.625,21.239,0.084,-0.762,0.108,0.633,0.392,1.143,0.231
2016-12-01 01:44:41.635,21.260,0.084,-0.762,0.108,0.633,0.392,1.143,0.231
2016-12-01 01:44:41.647,21.281,0.084,-0.762,0.108,0.633,0.392,1.143,0.231
2016-12-01 01:44:41.657,21.281,0.084,-0.762,0.108,0.633,0.392,1.143,0.231
2016-12-01 01:44:41.668,21.303,0.084,-0.762,0.108,0.633,0.393,1.143,0.231
2016-12-01 01:44:41.680,21.303,0.084,-0.762,0.108,0.633,0.393,1.143,0.231
2016-12-01 01:44:41.691,21.324,0.084,-0.762,0.108,0.633,0.393,1.143,0.231
2016-12-01 01:44:41.702,21.324,0.084,-0.762,0.108,0.632,0.393,1.143,0.231
2016-12-01 01:44:41.713,21.345,0.084,-0.762,0.108,0.632,0.393,1.143,0.231
2016-12-01 01:44:41.724,21.345,0.084,-0.762,0.108,0.632,0.393,1.143,0.231
2016-12-01 01:44:41.735,21.345,0.084,-0.762,0.108,0.632,0.393,1.143,0.231
2016-12-01 01:44:41.746,21.367,0.084,-0.763,0.108,0.632,0.393,1.143,0.231
2016-12-01 01:44:41.758,21.388,0.084,-0.763,0.108,0.632,0.393,1.143,0.231
2016-12-01 01:44:41.769,21.388,0.084,-0.763,0.108,0.632,0.393,1.143,0.231
2016-12-01 01:44:41.780,21.409,0.084,-0.763,0.108,0.632,0.393,1.143,0.231
2016-12-01 01:44:41.792,21.409,0.084,-0.763,0.108,0.632,0.393,1.143,0.231
2016-12-01 01:44:41.803,21.431,0.084,-0.763,0.108,0.632,0.393,1.143,0.231
2016-12-01 01:44:41.814,21.431,0.084,-0.763,0.108,0.632,0.393,1.143,0.231
2016-12-01 01:44:41.825,21.452,0.084,-0.763,0.108,0.632,0.393,1.143,0.231
2016-12-01 01:44:41.836,21.473,0.084,-0.763,0.108,0.632,0.393,1.143,0.231
2016-12-01 01:44:41.847,21.473,0.084,-0.762,0.108,0.632,0.393,1.143,0.231
2016-12-01 01:44:41.859,21.495,0.084,-0.762,0.108,0.633,0.392,1.143,0.231
2016-12-01 01:44:41.870,21.495,0.084,-0.762,0.108,0.633,0.393,1.143,0.231
2016-12-01 01:44:41.881,21.516,0.083,-0.762,0.108,0.633,0.393,1.143,0.231
2016-12-01 01:44:41.892,21.516,0.083,-0.762,0.108,0.633,0.393,1.143,0.231
2016-12-01 01:44:41.903,21.516,0.083,-0.762,0.108,0.633,0.393,1.143,0.231
2016-12-01 01:44:41.914,21.537,0.083,-0.762,0.108,0.633,0.393,1.143,0.231
2016-12-01 01:44:41.926,21.559,0.082,-0.762,0.107,0.633,0.393,1.143,0.231
2016-12-01 01:44:41.937,21.559,0.082,-0.762,0.107,0.634,0.393,1.143,0.231
2016-12-01 01:44:41.948,21.580,0.082,-0.762,0.107,0.634,0.393,1.143,0.231
2016-12-01 01:44:41.959,21.580,0.081,-0.762,0.107,0.634,0.393,1.143,0.231
2016-12-01 01:44:41.970,21.601,0.081,-0.762,0.106,0.634,0.393,1.143,0.231
2016-12-01 01:44:41.982,21.601,0.080,-0.762,0.106,0.634,0.393,1.143,0.231
2016-12-01 01:44:41.993,21.623,0.079,-0.762,0.106,0.634,0.393,1.144,0.231
2016-12-01 01:44:42.004,21.623,0.079,-0.762,0.106,0.634,0.393,1.144,0.231
2016-12-01 01:44:42.015,21.644,0.078,-0.762,0.105,0.634,0.393,1.144,0.231
2016-12-01 01:44:42.026,21.644,0.078,-0.762,0.105,0.635,0.393,1.144,0.231
2016-12-01 01:44:42.037,21.665,0.077,-0.762,0.105,0.635,0.393,1.144,0.231
2016-12-01 01:44:42.049,21.687,0.077,-0.762,0.105,0.635,0.393,1.144,0.231
2016-12-01 01:44:42.059,21.687,0.077,-0.762,0.104,0.635,0.393,1.144,0.231
2016-12-01 01:44:42.070,21.687,0.077,-0.762,0.104,0.635,0.393,1.144,0.231
2016-12-01 01:44:42.082,21.708,0.076,-0.762,0.104,0.635,0.393,1.144,0.231
2016-12-01 01:44:42.094,21.708,0.076,-0.762,0.104,0.635,0.393,1.144,0.231
2016-12-01 01:44:42.104,21.729,0.076,-0.762,0.104,0.635,0.393,1.144,0.231
2016-12-01 01:44:42.115,21.729,0.076,-0.762,0.104,0.635,0.393,1.144,0.231
2016-12-01 01:44:42.126,21.751,0.076,-0.762,0.103,0.635,0.393,1.144,0.231
2016-12-01 01:44:42.137,21.772,0.075,-0.762,0.103,0.635,0.393,1.144,0.231
2016-12-01 01:44:42.149,21.772,0.075,-0.762,0.103,0.635,0.394,1.145,0.231
2016-12-01 01:44:42.160,21.793,0.075,-0.762,0.103,0.635,0.394,1.145,0.231
2016-12-01 01:44:42.172,21.793,0.075,-0.762,0.103,0.635,0.394,1.145,0.231
2016-12-01 01:44:42.182,21.815,0.075,-0.762,0.103,0.635,0.394,1.145,0.231
2016-12-01 01:44:42.194,21.815,0.075,-0.762,0.102,0.636,0.394,1.145,0.231
2016-12-01 01:44:42.205,21.836,0.075,-0.761,0.102,0.636,0.394,1.145,0.231
2016-12-01 01:44:42.216,21.836,0.075,-0.761,0.102,0.636,0.394,1.145,0.231
2016-12-01 01:44:42.227,21.857,0.074,-0.761,0.102,0.636,0.394,1.145,0.231
2016-12-01 01:44:42.238,21.857,0.074,-0.761,0.101,0.636,0.394,1.145,0.231
2016-12-01 01:44:42.249,21.879,0.074,-0.761,0.101,0.637,0.394,1.145,0.231
2016-12-01 01:44:42.260,21.879,0.074,-0.761,0.101,0.637,0.395,1.145,0.231
2016-12-01 01:44:42.271,21.900,0.073,-0.761,0.101,0.637,0.395,1.145,0.231
2016-12-01 01:44:42.283,21.900,0.073,-0.760,0.100,0.637,0.395,1.145,0.231
2016-12-01 01:44:42.294,21.921,0.073,-0.760,0.100,0.638,0.395,1.146,0.231
2016-12-01 01:44:42.305,21.921,0.073,-0.760,0.100,0.638,0.395,1.146,0.232
2016-12-01 01:44:42.316,21.943,0.073,-0.760,0.100,0.638,0.395,1.146,0.232
2016-12-01 01:44:42.328,21.964,0.072,-0.760,0.099,0.638,0.395,1.146,0.232
2016-12-01 01:44:42.339,21.964,0.072,-0.760,0.099,0.638,0.395,1.146,0.232
2016-12-01 01:44:42.350,21.985,0.072,-0.760,0.099,0.638,0.395,1.146,0.232
2016-12-01 01:44:42.361,21.985,0.071,-0.760,0.098,0.639,0.395,1.146,0.232
2016-12-01 01:44:42.372,22.007,0.071,-0.760,0.098,0.639,0.396,1.146,0.232
2016-12-01 01:44:42.384,22.007,0.071,-0.760,0.098,0.639,0.396,1.147,0.232
2016-12-01 01:44:42.394,22.007,0.070,-0.760,0.097,0.639,0.396,1.147,0.232
2016-12-01 01:44:42.406,22.028,0.070,-0.760,0.097,0.639,0.396,1.147,0.232
2016-12-01 01:44:42.417,22.049,0.070,-0.760,0.097,0.639,0.396,1.147,0.232
2016-12-01 01:44:42.428,22.049,0.070,-0.760,0.096,0.639,0.396,1.147,0.232
2016-12-01 01:44:42.439,22.071,0.069,-0.760,0.096,0.639,0.396,1.147,0.232
2016-12-01 01:44:42.451,22.071,0.069,-0.760,0.095,0.639,0.396,1.147,0.232
2016-12-01 01:44:42.461,22.092,0.069,-0.761,0.095,0.639,0.396,1.147,0.232
2016-12-01 01:44:42.473,22.092,0.069,-0.761,0.095,0.639,0.396,1.147,0.232
2016-12-01 01:44:42.484,22.113,0.069,-0.761,0.094,0.638,0.397,1.147,0.232
2016-12-01 01:44:42.495,22.113,0.068,-0.761,0.094,0.638,0.396,1.147,0.232
2016-12-01 01:44:42.506,22.135,0.068,-0.761,0.093,0.638,0.397,1.147,0.232
2016-12-01 01:44:42.518,22.156,0.068,-0.761,0.093,0.638,0.397,1.147,0.232
2016-12-01 01:44:42.529,22.156,0.067,-0.762,0.092,0.638,0.397,1.147,0.232
2016-12-01 01:44:42.540,22.156,0.067,-0.762,0.091,0.638,0.397,1.147,0.232
2016-12-01 01:44:42.551,22.177,0.066,-0.762,0.091,0.638,0.397,1.148,0.232
2016-12-01 01:44:42.563,22.177,0.066,-0.762,0.090,0.637,0.397,1.148,0.233
2016-12-01 01:44:42.573,22.199,0.065,-0.763,0.089,0.637,0.397,1.148,0.233
2016-12-01 01:44:42.585,22.199,0.064,-0.763,0.088,0.637,0.397,1.148,0.233
2016-12-01 01:44:42.596,22.220,0.062,-0.764,0.087,0.637,0.397,1.149,0.233
2016-12-01 01:44:42.607,22.241,0.061,-0.764,0.086,0.636,0.397,1.149,0.233
2016-12-01 01:44:42.619,22.241,0.060,-0.765,0.084,0.636,0.397,1.149,0.233
2016-12-01 01:44:42.629,22.263,0.058,-0.765,0.083,0.636,0.397,1.150,0.233
2016-12-01 01:44:42.641,22.263,0.057,-0.766,0.082,0.635,0.397,1.150,0.233
2016-12-01 01:44:42.652,22.284,0.055,-0.766,0.080,0.635,0.398,1.151,0.233
2016-12-01 01:44:42.663,22.284,0.054,-0.767,0.079,0.635,0.398,1.151,0.232
2016-12-01 01:44:42.674,22.305,0.052,-0.768,0.077,0.634,0.398,1.152,0.232
2016-12-01 01:44:42.686,22.327,0.050,-0.768,0.076,0.634,0.398,1.152,0.232
2016-12-01 01:44:42.696,22.327,0.049,-0.769,0.075,0.633,0.398,1.153,0.232
2016-12-01 01:44:42.707,22.327,0.048,-0.770,0.073,0.633,0.398,1.153,0.232
2016-12-01 01:44:42.718,22.348,0.047,-0.770,0.072,0.632,0.399,1.153,0.232
2016-12-01 01:44:42.730,22.348,0.046,-0.771,0.071,0.632,0.399,1.153,0.232
2016-12-01 01:44:42.741,22.369,0.046,-0.771,0.070,0.631,0.399,1.154,0.233
2016-12-01 01:44:42.753,22.369,0.045,-0.771,0.070,0.631,0.400,1.154,0.233
2016-12-01 01:44:42.763,22.391,0.045,-0.772,0.069,0.631,0.400,1.154,0.233
2016-12-01 01:44:42.775,22.391,0.044,-0.772,0.068,0.631,0.400,1.154,0.233
2016-12-01 01:44:42.786,22.412,0.043,-0.772,0.068,0.631,0.400,1.154,0.233
2016-12-01 01:44:42.797,22.433,0.043,-0.772,0.067,0.630,0.401,1.154,0.233
2016-12-01 01:44:42.808,22.433,0.042,-0.772,0.066,0.630,0.401,1.155,0.233
2016-12-01 01:44:42.819,22.455,0.042,-0.772,0.065,0.630,0.401,1.155,0.233
2016-12-01 01:44:42.830,22.455,0.041,-0.772,0.065,0.630,0.401,1.155,0.233
2016-12-01 01:44:42.841,22.476,0.041,-0.772,0.064,0.631,0.401,1.155,0.233
2016-12-01 01:44:42.853,22.476,0.041,-0.772,0.064,0.631,0.401,1.155,0.233
2016-12-01 01:44:42.863,22.497,0.040,-0.772,0.064,0.631,0.402,1.155,0.233
2016-12-01 01:44:42.875,22.497,0.040,-0.772,0.063,0.631,0.402,1.155,0.233
2016-12-01 01:44:42.886,22.519,0.040,-0.772,0.063,0.631,0.402,1.155,0.234
2016-12-01 01:44:42.897,22.519,0.040,-0.772,0.063,0.631,0.402,1.155,0.234
2016-12-01 01:44:42.908,22.540,0.040,-0.772,0.062,0.631,0.402,1.155,0.234
2016-12-01 01:44:42.920,22.540,0.040,-0.772,0.062,0.631,0.403,1.156,0.234
2016-12-01 01:44:42.931,22.561,0.040,-0.772,0.062,0.631,0.403,1.156,0.234
2016-12-01 01:44:42.942,22.561,0.040,-0.772,0.061,0.631,0.403,1.156,0.234
2016-12-01 01:44:42.953,22.583,0.040,-0.772,0.061,0.631,0.403,1.156,0.234
2016-12-01 01:44:42.964,22.583,0.040,-0.772,0.061,0.631,0.403,1.156,0.234
2016-12-01 01:44:42.975,22.604,0.040,-0.772,0.061,0.631,0.404,1.156,0.235
2016-12-01 01:44:42.987,22.625,0.040,-0.772,0.061,0.631,0.404,1.156,0.235
2016-12-01 01:44:42.998,22.625,0.040,-0.772,0.060,0.631,0.404,1.156,0.235
2016-12-01 01:44:43.009,22.647,0.040,-0.773,0.060,0.631,0.404,1.156,0.235
2016-12-01 01:44:43.020,22.647,0.040,-0.773,0.060,0.631,0.404,1.156,0.235
2016-12-01 01:44:43.031,22.647,0.040,-0.773,0.059,0.631,0.404,1.156,0.235
2016-12-01 01:44:43.042,22.668,0.039,-0.773,0.059,0.631,0.405,1.156,0.235
2016-12-01 01:44:43.054,22.668,0.039,-0.773,0.059,0.631,0.405,1.156,0.235
2016-12-01 01:44:43.064,22.689,0.039,-0.773,0.059,0.631,0.405,1.156,0.235
2016-12-01 01:44:43.076,22.711,0.039,-0.773,0.059,0.631,0.405,1.156,0.235
2016-12-01 01:44:43.087,22.711,0.039,-0.773,0.058,0.631,0.405,1.156,0.236
2016-12-01 01:44:43.098,22.732,0.040,-0.773,0.058,0.630,0.405,1.156,0.236
2016-12-01 01:44:43.110,22.732,0.040,-0.773,0.058,0.630,0.405,1.156,0.236
2016-12-01 01:44:43.121,22.753,0.040,-0.773,0.058,0.630,0.405,1.156,0.236
2016-12-01 01:44:43.132,22.753,0.040,-0.773,0.058,0.630,0.406,1.156,0.236
2016-12-01 01:44:43.143,22.775,0.040,-0.773,0.058,0.630,0.406,1.156,0.236
2016-12-01 01:44:43.155,22.775,0.040,-0.774,0.058,0.630,0.406,1.156,0.236
2016-12-01 01:44:43.165,22.796,0.040,-0.774,0.058,0.630,0.406,1.156,0.236
2016-12-01 01:44:43.177,22.817,0.040,-0.774,0.058,0.630,0.406,1.156,0.236
2016-12-01 01:44:43.187,22.817,0.040,-0.774,0.058,0.630,0.406,1.156,0.236
2016-12-01 01:44:43.199,22.817,0.040,-0.774,0.058,0.630,0.406,1.156,0.236
2016-12-01 01:44:43.210,22.839,0.040,-0.774,0.058,0.630,0.406,1.156,0.236
2016-12-01 01:44:43.221,22.839,0.040,-0.774,0.058,0.630,0.406,1.156,0.236
2016-12-01 01:44:43.232,22.860,0.040,-0.774,0.058,0.630,0.406,1.156,0.236
2016-12-01 01:44:43.244,22.860,0.041,-0.774,0.058,0.630,0.406,1.156,0.236
2016-12-01 01:44:43.254,22.881,0.041,-0.774,0.058,0.630,0.406,1.156,0.236
2016-12-01 01:44:43.266,22.903,0.041,-0.774,0.058,0.630,0.406,1.156,0.236
2016-12-01 01:44:43.278,22.903,0.041,-0.774,0.058,0.629,0.406,1.156,0.237
2016-12-01 01:44:43.288,22.924,0.042,-0.774,0.058,0.629,0.406,1.156,0.237
2016-12-01 01:44:43.300,22.924,0.042,-0.774,0.058,0.629,0.406,1.156,0.237
2016-12-01 01:44:43.311,22.945,0.042,-0.774,0.058,0.629,0.405,1.156,0.237
2016-12-01 01:44:43.322,22.945,0.042,-0.774,0.058,0.629,0.405,1.156,0.237
2016-12-01 01:44:43.333,22.967,0.043,-0.774,0.058,0.629,0.405,1.156,0.237
2016-12-01 01:44:43.345,22.967,0.043,-0.774,0.058,0.629,0.405,1.156,0.237
2016-12-01 01:44:43.355,22.988,0.043,-0.774,0.058,0.629,0.405,1.156,0.237
2016-12-01 01:44:43.366,22.988,0.043,-0.774,0.059,0.629,0.405,1.156,0.237
2016-12-01 01:44:43.377,23.009,0.044,-0.774,0.059,0.629,0.405,1.156,0.237
2016-12-01 01:44:43.389,23.009,0.044,-0.774,0.059,0.629,0.405,1.156,0.237
2016-12-01 01:44:43.400,23.031,0.044,-0.774,0.059,0.629,0.405,1.156,0.237
2016-12-01 01:44:43.411,23.031,0.045,-0.774,0.059,0.629,0.405,1.156,0.237
2016-12-01 01:44:43.422,23.052,0.045,-0.774,0.059,0.629,0.405,1.155,0.237
2016-12-01 01:44:43.433,23.052,0.045,-0.774,0.059,0.629,0.404,1.155,0.237
2016-12-01 01:44:43.444,23.073,0.045,-0.773,0.059,0.630,0.404,1.155,0.237
2016-12-01 01:44:43.456,23.095,0.045,-0.773,0.059,0.630,0.404,1.155,0.237
2016-12-01 01:44:43.467,23.095,0.045,-0.773,0.059,0.630,0.404,1.155,0.237
2016-12-01 01:44:43.478,23.116,0.045,-0.773,0.059,0.630,0.404,1.155,0.237
2016-12-01 01:44:43.489,23.116,0.045,-0.773,0.059,0.630,0.404,1.155,0.237
2016-12-01 01:44:43.501,23.137,0.045,-0.773,0.059,0.630,0.404,1.155,0.237
2016-12-01 01:44:43.512,23.137,0.045,-0.773,0.060,0.630,0.404,1.155,0.237
2016-12-01 01:44:43.523,23.137,0.045,-0.773,0.060,0.630,0.404,1.155,0.237
2016-12-01 01:44:43.534,23.159,0.045,-0.773,0.060,0.630,0.404,1.155,0.237
2016-12-01 01:44:43.545,23.159,0.045,-0.773,0.060,0.630,0.404,1.155,0.237
2016-12-01 01:44:43.556,23.180,0.045,-0.773,0.060,0.630,0.404,1.155,0.236
2016-12-01 01:44:43.567,23.201,0.045,-0.773,0.060,0.629,0.403,1.155,0.236
2016-12-01 01:44:43.579,23.201,0.045,-0.774,0.060,0.629,0.403,1.155,0.236
2016-12-01 01:44:43.589,23.223,0.045,-0.774,0.060,0.629,0.404,1.155,0.237
2016-12-01 01:44:43.601,23.223,0.045,-0.774,0.060,0.629,0.404,1.155,0.236
2016-12-01 01:44:43.612,23.244,0.045,-0.774,0.060,0.629,0.404,1.155,0.236
2016-12-01 01:44:43.623,23.244,0.045,-0.774,0.060,0.628,0.404,1.155,0.236
2016-12-01 01:44:43.634,23.265,0.045,-0.774,0.060,0.628,0.404,1.155,0.236
2016-12-01 01:44:43.646,23.287,0.045,-0.775,0.060,0.628,0.404,1.155,0.236
2016-12-01 01:44:43.656,23.287,0.045,-0.775,0.060,0.628,0.404,1.155,0.236
2016-12-01 01:44:43.668,23.308,0.045,-0.775,0.060,0.628,0.403,1.155,0.236
2016-12-01 01:44:43.680,23.308,0.045,-0.775,0.060,0.628,0.403,1.155,0.236
2016-12-01 01:44:43.690,23.308,0.045,-0.775,0.061,0.628,0.403,1.155,0.236
2016-12-01 01:44:43.702,23.329,0.045,-0.775,0.061,0.627,0.403,1.155,0.236
2016-12-01 01:44:43.713,23.329,0.045,-0.775,0.061,0.627,0.403,1.155,0.236
2016-12-01 01:44:43.724,23.351,0.045,-0.775,0.061,0.627,0.403,1.155,0.236
2016-12-01 01:44:43.735,23.351,0.045,-0.775,0.061,0.627,0.403,1.155,0.236
2016-12-01 01:44:43.746,23.372,0.045,-0.775,0.061,0.627,0.403,1.155,0.236
2016-12-01 01:44:43.758,23.393,0.045,-0.776,0.062,0.627,0.403,1.155,0.236
2016-12-01 01:44:43.769,23.393,0.045,-0.776,0.062,0.626,0.404,1.155,0.236
2016-12-01 01:44:43.780,23.415,0.046,-0.776,0.062,0.626,0.403,1.155,0.236
2016-12-01 01:44:43.791,23.415,0.046,-0.776,0.062,0.626,0.403,1.155,0.235
2016-12-01 01:44:43.802,23.436,0.046,-0.776,0.062,0.626,0.403,1.155,0.235
2016-12-01 01:44:43.813,23.436,0.046,-0.776,0.062,0.626,0.403,1.155,0.235
2016-12-01 01:44:43.824,23.457,0.046,-0.776,0.062,0.626,0.403,1.155,0.235
2016-12-01 01:44:43.836,23.457,0.046,-0.776,0.062,0.626,0.403,1.155,0.235
2016-12-01 01:44:43.847,23.479,0.046,-0.776,0.062,0.625,0.403,1.155,0.235
2016-12-01 01:44:43.858,23.479,0.046,-0.777,0.062,0.625,0.403,1.155,0.235
2016-12-01 01:44:43.869,23.500,0.045,-0.777,0.062,0.625,0.403,1.155,0.235
2016-12-01 01:44:43.881,23.500,0.045,-0.777,0.062,0.625,0.404,1.155,0.235
2016-12-01 01:44:43.892,23.521,0.044,-0.777,0.062,0.625,0.404,1.155,0.235
2016-12-01 01:44:43.903,23.521,0.044,-0.777,0.062,0.625,0.404,1.155,0.235
2016-12-01 01:44:43.914,23.543,0.044,-0.777,0.062,0.625,0.404,1.155,0.235
2016-12-01 01:44:43.925,23.543,0.043,-0.777,0.062,0.624,0.404,1.155,0.235
2016-12-01 01:44:43.936,23.564,0.043,-0.778,0.062,0.624,0.404,1.155,0.235
2016-12-01 01:44:43.948,23.585,0.043,-0.778,0.062,0.624,0.404,1.155,0.235
2016-12-01 01:44:43.958,23.585,0.043,-0.778,0.062,0.624,0.404,1.155,0.234
2016-12-01 01:44:43.970,23.607,0.043,-0.778,0.062,0.624,0.404,1.155,0.234
2016-12-01 01:44:43.981,23.607,0.043,-0.778,0.062,0.624,0.404,1.155,0.234
2016-12-01 01:44:43.992,23.628,0.043,-0.778,0.062,0.624,0.404,1.155,0.234
2016-12-01 01:44:44.004,23.628,0.043,-0.778,0.062,0.624,0.404,1.155,0.234
2016-12-01 01:44:44.014,23.628,0.043,-0.778,0.063,0.624,0.404,1.155,0.234
2016-12-01 01:44:44.025,23.649,0.043,-0.778,0.063,0.624,0.404,1.155,0.234
2016-12-01 01:44:44.036,23.671,0.043,-0.778,0.063,0.623,0.404,1.155,0.234
2016-12-01 01:44:44.048,23.671,0.043,-0.778,0.064,0.623,0.404,1.155,0.234
2016-12-01 01:44:44.059,23.692,0.044,-0.778,0.064,0.623,0.403,1.155,0.234
2016-12-01 01:44:44.071,23.692,0.044,-0.778,0.064,0.623,0.403,1.155,0.234
2016-12-01 01:44:44.081,23.713,0.044,-0.778,0.065,0.623,0.403,1.155,0.234
2016-12-01 01:44:44.092,23.713,0.044,-0.778,0.065,0.623,0.403,1.155,0.234
2016-12-01 01:44:44.103,23.735,0.044,-0.778,0.065,0.623,0.403,1.155,0.234
2016-12-01 01:44:44.115,23.735,0.044,-0.778,0.066,0.623,0.403,1.155,0.233
2016-12-01 01:44:44.126,23.756,0.044,-0.778,0.066,0.623,0.403,1.154,0.233
2016-12-01 01:44:44.137,23.777,0.045,-0.778,0.066,0.623,0.403,1.154,0.233
2016-12-01 01:44:44.148,23.777,0.044,-0.778,0.066,0.623,0.403,1.154,0.233
2016-12-01 01:44:44.159,23.799,0.045,-0.778,0.066,0.623,0.403,1.154,0.233
2016-12-01 01:44:44.171,23.799,0.045,-0.778,0.066,0.623,0.403,1.154,0.233
2016-12-01 01:44:44.181,23.799,0.045,-0.778,0.066,0.623,0.403,1.154,0.233
2016-12-01 01:44:44.193,23.820,0.045,-0.778,0.066,0.623,0.403,1.154,0.233
2016-12-01 01:44:44.204,23.820,0.045,-0.779,0.067,0.622,0.403,1.154,0.233
2016-12-01 01:44:44.215,23.841,0.045,-0.779,0.067,0.622,0.403,1.154,0.233
2016-12-01 01:44:44.227,23.863,0.045,-0.779,0.066,0.622,0.403,1.154,0.233
2016-12-01 01:44:44.238,23.863,0.045,-0.779,0.066,0.622,0.403,1.154,0.232
2016-12-01 01:44:44.249,23.884,0.045,-0.779,0.066,0.622,0.403,1.154,0.232
2016-12-01 01:44:44.260,23.884,0.044,-0.779,0.066,0.622,0.403,1.155,0.232
2016-12-01 01:44:44.271,23.905,0.044,-0.779,0.065,0.622,0.403,1.155,0.232
2016-12-01 01:44:44.283,23.905,0.044,-0.779,0.065,0.622,0.403,1.155,0.232
2016-12-01 01:44:44.294,23.927,0.043,-0.779,0.065,0.622,0.403,1.155,0.232
2016-12-01 01:44:44.305,23.927,0.043,-0.779,0.065,0.622,0.403,1.155,0.232
2016-12-01 01:44:44.316,23.948,0.043,-0.779,0.064,0.622,0.403,1.155,0.232
2016-12-01 01:44:44.327,23.948,0.042,-0.779,0.064,0.622,0.403,1.155,0.232
2016-12-01 01:44:44.338,23.969,0.042,-0.779,0.064,0.622,0.403,1.155,0.232
2016-12-01 01:44:44.350,23.969,0.042,-0.779,0.063,0.622,0.403,1.155,0.232
2016-12-01 01:44:44.360,23.991,0.042,-0.779,0.063,0.622,0.403,1.155,0.232
2016-12-01 01:44:44.372,23.991,0.042,-0.779,0.063,0.622,0.403,1.155,0.232
2016-12-01 01:44:44.383,24.012,0.041,-0.779,0.062,0.623,0.403,1.155,0.232
2016-12-01 01:44:44.394,24.012,0.041,-0.779,0.062,0.623,0.403,1.155,0.233
2016-12-01 01:44:44.405,24.033,0.041,-0.779,0.062,0.623,0.403,1.155,0.233
2016-12-01 01:44:44.417,24.055,0.041,-0.779,0.062,0.623,0.403,1.155,0.233
2016-12-01 01:44:44.428,24.055,0.040,-0.779,0.061,0.623,0.403,1.155,0.233
2016-12-01 01:44:44.439,24.076,0.040,-0.779,0.060,0.623,0.403,1.155,0.233
2016-12-01 01:44:44.450,24.076,0.039,-0.778,0.060,0.624,0.403,1.155,0.233
2016-12-01 01:44:44.461,24.097,0.039,-0.778,0.059,0.624,0.403,1.155,0.233
2016-12-01 01:44:44.473,24.097,0.039,-0.778,0.058,0.624,0.402,1.155,0.234
2016-12-01 01:44:44.483,24.119,0.040,-0.778,0.058,0.625,0.402,1.155,0.234
2016-12-01 01:44:44.495,24.119,0.040,-0.777,0.058,0.625,0.402,1.155,0.234
2016-12-01 01:44:44.505,24.119,0.040,-0.777,0.057,0.626,0.402,1.155,0.234
2016-12-01 01:44:44.517,24.140,0.041,-0.777,0.057,0.626,0.402,1.155,0.234
2016-12-01 01:44:44.528,24.161,0.041,-0.777,0.057,0.626,0.402,1.155,0.235
2016-12-01 01:44:44.540,24.161,0.041,-0.776,0.057,0.626,0.402,1.155,0.235
2016-12-01 01:44:44.550,24.183,0.041,-0.776,0.057,0.627,0.402,1.155,0.235
2016-12-01 01:44:44.561,24.183,0.042,-0.776,0.057,0.627,0.402,1.155,0.235
2016-12-01 01:44:44.573,24.204,0.042,-0.776,0.056,0.627,0.402,1.155,0.235
2016-12-01 01:44:44.584,24.204,0.043,-0.775,0.056,0.627,0.402,1.155,0.235
2016-12-01 01:44:44.595,24.225,0.043,-0.775,0.056,0.628,0.401,1.155,0.236
2016-12-01 01:44:44.607,24.247,0.043,-0.775,0.056,0.628,0.401,1.155,0.236
2016-12-01 01:44:44.618,24.247,0.043,-0.775,0.057,0.628,0.401,1.155,0.236
2016-12-01 01:44:44.629,24.268,0.044,-0.774,0.057,0.629,0.401,1.155,0.236
2016-12-01 01:44:44.641,24.268,0.044,-0.774,0.057,0.629,0.401,1.155,0.236
2016-12-01 01:44:44.651,24.268,0.044,-0.774,0.057,0.629,0.401,1.155,0.236
2016-12-01 01:44:44.662,24.289,0.045,-0.774,0.057,0.629,0.401,1.155,0.236
2016-12-01 01:44:44.673,24.289,0.045,-0.773,0.058,0.630,0.401,1.155,0.236
2016-12-01 01:44:44.684,24.311,0.045,-0.773,0.058,0.630,0.401,1.155,0.237
2016-12-01 01:44:44.696,24.311,0.046,-0.773,0.058,0.630,0.401,1.155,0.237
2016-12-01 01:44:44.707,24.332,0.046,-0.773,0.058,0.630,0.401,1.155,0.237
2016-12-01 01:44:44.718,24.353,0.046,-0.773,0.059,0.630,0.401,1.155,0.237
2016-12-01 01:44:44.729,24.353,0.046,-0.773,0.059,0.631,0.401,1.155,0.237
2016-12-01 01:44:44.740,24.375,0.047,-0.772,0.059,0.631,0.401,1.155,0.237
2016-12-01 01:44:44.752,24.375,0.047,-0.772,0.059,0.631,0.401,1.154,0.237
2016-12-01 01:44:44.762,24.396,0.048,-0.772,0.059,0.631,0.400,1.154,0.237
2016-12-01 01:44:44.774,24.396,0.048,-0.772,0.060,0.631,0.400,1.154,0.237
2016-12-01 01:44:44.784,24.417,0.049,-0.772,0.060,0.631,0.400,1.154,0.238
2016-12-01 01:44:44.796,24.439,0.049,-0.772,0.060,0.631,0.400,1.154,0.237
2016-12-01 01:44:44.808,24.439,0.049,-0.771,0.060,0.632,0.400,1.154,0.237
2016-12-01 01:44:44.819,24.439,0.050,-0.771,0.060,0.632,0.400,1.154,0.238
2016-12-01 01:44:44.830,24.460,0.050,-0.771,0.061,0.632,0.400,1.154,0.238
2016-12-01 01:44:44.841,24.460,0.050,-0.771,0.061,0.632,0.400,1.154,0.238
2016-12-01 01:44:44.852,24.481,0.051,-0.771,0.061,0.632,0.400,1.153,0.238
2016-12-01 01:44:44.863,24.481,0.051,-0.771,0.061,0.632,0.400,1.153,0.238
2016-12-01 01:44:44.874,24.503,0.052,-0.771,0.061,0.632,0.400,1.153,0.238
2016-12-01 01:44:44.886,24.503,0.052,-0.771,0.061,0.632,0.400,1.153,0.238
2016-12-01 01:44:44.896,24.524,0.053,-0.771,0.062,0.632,0.400,1.153,0.239
2016-12-01 01:44:44.908,24.545,0.053,-0.771,0.062,0.632,0.400,1.153,0.239
2016-12-01 01:44:44.919,24.545,0.053,-0.771,0.062,0.632,0.400,1.153,0.239
2016-12-01 01:44:44.930,24.567,0.053,-0.770,0.062,0.632,0.400,1.153,0.239
2016-12-01 01:44:44.942,24.567,0.054,-0.770,0.062,0.632,0.400,1.153,0.239
2016-12-01 01:44:44.952,24.588,0.054,-0.770,0.062,0.632,0.400,1.153,0.239
2016-12-01 01:44:44.963,24.588,0.054,-0.770,0.062,0.632,0.400,1.153,0.239
2016-12-01 01:44:44.974,24.609,0.054,-0.770,0.062,0.633,0.400,1.153,0.239
2016-12-01 01:44:44.987,24.609,0.054,-0.770,0.062,0.633,0.401,1.153,0.239
2016-12-01 01:44:44.997,24.631,0.055,-0.770,0.062,0.633,0.401,1.153,0.239
2016-12-01 01:44:45.009,24.631,0.055,-0.770,0.062,0.633,0.400,1.153,0.239
2016-12-01 01:44:45.019,24.652,0.055,-0.770,0.063,0.633,0.400,1.153,0.239
2016-12-01 01:44:45.031,24.652,0.055,-0.769,0.063,0.633,0.400,1.153,0.239
2016-12-01 01:44:45.042,24.673,0.055,-0.769,0.063,0.634,0.400,1.153,0.239
2016-12-01 01:44:45.054,24.673,0.054,-0.769,0.063,0.634,0.400,1.153,0.239
2016-12-01 01:44:45.064,24.695,0.054,-0.768,0.063,0.635,0.400,1.153,0.239
2016-12-01 01:44:45.076,24.695,0.054,-0.767,0.063,0.636,0.400,1.153,0.239
2016-12-01 01:44:45.087,24.716,0.054,-0.766,0.064,0.637,0.400,1.153,0.240
2016-12-01 01:44:45.098,24.737,0.054,-0.765,0.064,0.638,0.400,1.153,0.240
2016-12-01 01:44:45.109,24.737,0.054,-0.764,0.064,0.639,0.400,1.153,0.240
2016-12-01 01:44:45.120,24.759,0.054,-0.764,0.065,0.640,0.400,1.153,0.240
2016-12-01 01:44:45.131,24.759,0.055,-0.763,0.065,0.641,0.400,1.153,0.240
2016-12-01 01:44:45.142,24.759,0.055,-0.762,0.066,0.642,0.400,1.153,0.240
2016-12-01 01:44:45.153,24.780,0.055,-0.762,0.066,0.642,0.400,1.153,0.240
2016-12-01 01:44:45.164,24.780,0.056,-0.761,0.066,0.643,0.400,1.153,0.240
2016-12-01 01:44:45.176,24.801,0.056,-0.761,0.067,0.643,0.400,1.153,0.240
2016-12-01 01:44:45.188,24.823,0.057,-0.761,0.067,0.643,0.400,1.153,0.241
2016-12-01 01:44:45.198,24.823,0.057,-0.760,0.067,0.644,0.400,1.152,0.240
2016-12-01 01:44:45.210,24.844,0.058,-0.760,0.067,0.644,0.400,1.152,0.241
2016-12-01 01:44:45.221,24.844,0.058,-0.760,0.068,0.644,0.400,1.152,0.240
2016-12-01 01:44:45.232,24.865,0.059,-0.760,0.068,0.644,0.400,1.152,0.240
2016-12-01 01:44:45.244,24.865,0.059,-0.760,0.068,0.644,0.400,1.152,0.241
2016-12-01 01:44:45.254,24.887,0.060,-0.760,0.068,0.644,0.400,1.152,0.241
2016-12-01 01:44:45.265,24.887,0.060,-0.760,0.068,0.643,0.400,1.152,0.241
2016-12-01 01:44:45.276,24.908,0.061,-0.760,0.068,0.643,0.400,1.152,0.241
2016-12-01 01:44:45.288,24.929,0.061,-0.760,0.069,0.643,0.400,1.152,0.241
2016-12-01 01:44:45.299,24.929,0.061,-0.760,0.069,0.643,0.400,1.152,0.241
2016-12-01 01:44:45.310,24.929,0.062,-0.760,0.069,0.643,0.400,1.152,0.241
2016-12-01 01:44:45.321,24.951,0.062,-0.760,0.069,0.644,0.400,1.152,0.241
2016-12-01 01:44:45.332,24.951,0.062,-0.760,0.070,0.644,0.400,1.152,0.241
2016-12-01 01:44:45.343,24.972,0.063,-0.759,0.070,0.644,0.400,1.152,0.241
2016-12-01 01:44:45.355,24.972,0.063,-0.759,0.070,0.644,0.400,1.151,0.241
2016-12-01 01:44:45.366,24.993,0.063,-0.759,0.071,0.644,0.399,1.151,0.241
2016-12-01 01:44:45.378,25.015,0.063,-0.759,0.071,0.644,0.399,1.151,0.241
2016-12-01 01:44:45.388,25.015,0.064,-0.758,0.071,0.645,0.399,1.151,0.241
2016-12-01 01:44:45.399,25.036,0.064,-0.758,0.071,0.645,0.399,1.151,0.241
2016-12-01 01:44:45.411,25.036,0.064,-0.758,0.072,0.645,0.399,1.151,0.241
2016-12-01 01:44:45.422,25.057,0.065,-0.758,0.072,0.646,0.399,1.151,0.241
2016-12-01 01:44:45.433,25.057,0.065,-0.757,0.073,0.646,0.399,1.151,0.241
2016-12-01 01:44:45.444,25.079,0.065,-0.757,0.073,0.646,0.399,1.151,0.241
2016-12-01 01:44:45.455,25.079,0.065,-0.757,0.073,0.646,0.399,1.151,0.241
2016-12-01 01:44:45.466,25.079,0.065,-0.756,0.073,0.647,0.399,1.151,0.241
2016-12-01 01:44:45.477,25.100,0.066,-0.756,0.074,0.647,0.399,1.151,0.241
2016-12-01 01:44:45.489,25.121,0.066,-0.756,0.074,0.647,0.399,1.151,0.241
2016-12-01 01:44:45.499,25.121,0.066,-0.756,0.074,0.647,0.399,1.150,0.241
2016-12-01 01:44:45.511,25.143,0.067,-0.756,0.074,0.647,0.399,1.150,0.241
2016-12-01 01:44:45.522,25.143,0.067,-0.755,0.074,0.648,0.399,1.150,0.241
2016-12-01 01:44:45.533,25.164,0.067,-0.755,0.074,0.648,0.399,1.150,0.242
2016-12-01 01:44:45.545,25.164,0.068,-0.755,0.075,0.648,0.399,1.150,0.241
2016-12-01 01:44:45.556,25.185,0.068,-0.755,0.075,0.648,0.399,1.150,0.242
2016-12-01 01:44:45.567,25.207,0.068,-0.755,0.075,0.648,0.399,1.150,0.242
2016-12-01 01:44:45.579,25.207,0.068,-0.754,0.075,0.649,0.399,1.150,0.242
2016-12-01 01:44:45.589,25.228,0.069,-0.754,0.076,0.649,0.399,1.150,0.242
2016-12-01 01:44:45.601,25.228,0.069,-0.754,0.076,0.649,0.399,1.150,0.242
2016-12-01 01:44:45.611,25.249,0.069,-0.753,0.076,0.650,0.398,1.150,0.242
2016-12-01 01:44:45.623,25.249,0.069,-0.753,0.076,0.650,0.398,1.150,0.242
2016-12-01 01:44:45.634,25.249,0.070,-0.753,0.077,0.650,0.398,1.150,0.242
2016-12-01 01:44:45.645,25.271,0.070,-0.752,0.077,0.651,0.398,1.150,0.242
2016-12-01 01:44:45.657,25.292,0.071,-0.752,0.077,0.651,0.398,1.150,0.242
2016-12-01 01:44:45.667,25.292,0.071,-0.751,0.078,0.652,0.398,1.150,0.242
2016-12-01 01:44:45.678,25.313,0.071,-0.751,0.078,0.652,0.398,1.150,0.242
2016-12-01 01:44:45.690,25.313,0.072,-0.750,0.079,0.653,0.398,1.150,0.242
2016-12-01 01:44:45.701,25.335,0.072,-0.750,0.079,0.653,0.398,1.149,0.243
2016-12-01 01:44:45.712,25.335,0.072,-0.749,0.079,0.654,0.398,1.149,0.243
2016-12-01 01:44:45.723,25.356,0.072,-0.749,0.080,0.654,0.398,1.149,0.243
2016-12-01 01:44:45.734,25.356,0.072,-0.748,0.080,0.654,0.398,1.149,0.243
2016-12-01 01:44:45.746,25.377,0.072,-0.748,0.081,0.655,0.398,1.149,0.243
2016-12-01 01:44:45.757,25.399,0.073,-0.748,0.081,0.655,0.398,1.149,0.243
2016-12-01 01:44:45.768,25.399,0.073,-0.747,0.082,0.656,0.398,1.149,0.243
2016-12-01 01:44:45.779,25.420,0.074,-0.747,0.083,0.656,0.398,1.149,0.243
2016-12-01 01:44:45.790,25.420,0.074,-0.746,0.083,0.656,0.398,1.148,0.243
2016-12-01 01:44:45.801,25.420,0.075,-0.746,0.084,0.657,0.398,1.148,0.243
2016-12-01 01:44:45.813,25.441,0.075,-0.745,0.085,0.658,0.398,1.148,0.244
2016-12-01 01:44:45.824,25.441,0.076,-0.744,0.086,0.658,0.397,1.148,0.244
2016-12-01 01:44:45.835,25.463,0.077,-0.743,0.087,0.659,0.398,1.148,0.244
2016-12-01 01:44:45.846,25.484,0.078,-0.742,0.088,0.660,0.398,1.147,0.244
2016-12-01 01:44:45.857,25.484,0.079,-0.741,0.089,0.660,0.398,1.147,0.244
2016-12-01 01:44:45.868,25.505,0.080,-0.740,0.090,0.661,0.398,1.147,0.245
2016-12-01 01:44:45.880,25.505,0.081,-0.739,0.091,0.662,0.398,1.147,0.245
2016-12-01 01:44:45.890,25.527,0.082,-0.738,0.093,0.663,0.398,1.147,0.245
2016-12-01 01:44:45.902,25.527,0.083,-0.737,0.094,0.664,0.398,1.146,0.246
2016-12-01 01:44:45.913,25.548,0.084,-0.736,0.095,0.665,0.398,1.146,0.246
2016-12-01 01:44:45.924,25.548,0.086,-0.735,0.096,0.666,0.398,1.146,0.246
2016-12-01 01:44:45.936,25.569,0.087,-0.734,0.098,0.667,0.398,1.145,0.246
2016-12-01 01:44:45.947,25.569,0.089,-0.732,0.099,0.668,0.398,1.145,0.246
2016-12-01 01:44:45.958,25.591,0.090,-0.731,0.101,0.669,0.398,1.145,0.247
2016-12-01 01:44:45.969,25.591,0.091,-0.730,0.102,0.669,0.397,1.144,0.247
2016-12-01 01:44:45.980,25.612,0.092,-0.729,0.103,0.670,0.397,1.144,0.247
2016-12-01 01:44:45.992,25.612,0.094,-0.729,0.104,0.671,0.397,1.144,0.247
2016-12-01 01:44:46.002,25.633,0.095,-0.728,0.105,0.671,0.397,1.143,0.247
2016-12-01 01:44:46.014,25.633,0.097,-0.727,0.106,0.672,0.397,1.143,0.248
2016-12-01 01:44:46.025,25.655,0.098,-0.726,0.107,0.672,0.397,1.143,0.248
2016-12-01 01:44:46.036,25.676,0.100,-0.725,0.108,0.673,0.397,1.143,0.248
2016-12-01 01:44:46.047,25.676,0.101,-0.725,0.109,0.673,0.397,1.142,0.248
2016-12-01 01:44:46.058,25.697,0.102,-0.724,0.109,0.673,0.397,1.142,0.249
2016-12-01 01:44:46.070,25.697,0.103,-0.724,0.109,0.674,0.397,1.142,0.249
2016-12-01 01:44:46.080,25.719,0.104,-0.723,0.110,0.674,0.397,1.142,0.249
2016-12-01 01:44:46.091,25.719,0.105,-0.723,0.110,0.674,0.396,1.141,0.249
2016-12-01 01:44:46.103,25.740,0.107,-0.722,0.110,0.674,0.396,1.141,0.249
2016-12-01 01:44:46.115,25.740,0.108,-0.722,0.110,0.675,0.396,1.141,0.249
2016-12-01 01:44:46.125,25.740,0.109,-0.722,0.110,0.675,0.396,1.141,0.250
2016-12-01 01:44:46.136,25.761,0.110,-0.721,0.110,0.675,0.396,1.141,0.250
2016-12-01 01:44:46.148,25.783,0.110,-0.721,0.110,0.675,0.396,1.141,0.250
2016-12-01 01:44:46.159,25.783,0.110,-0.721,0.110,0.675,0.395,1.141,0.251
2016-12-01 01:44:46.170,25.804,0.111,-0.721,0.110,0.676,0.395,1.141,0.251
2016-12-01 01:44:46.182,25.804,0.111,-0.720,0.110,0.676,0.395,1.140,0.251
2016-12-01 01:44:46.192,25.825,0.112,-0.720,0.109,0.676,0.395,1.141,0.251
2016-12-01 01:44:46.203,25.825,0.112,-0.720,0.109,0.677,0.395,1.141,0.252
2016-12-01 01:44:46.215,25.847,0.113,-0.719,0.109,0.677,0.395,1.140,0.252
2016-12-01 01:44:46.227,25.868,0.113,-0.719,0.109,0.677,0.395,1.140,0.252
2016-12-01 01:44:46.237,25.868,0.114,-0.718,0.109,0.678,0.395,1.140,0.252
2016-12-01 01:44:46.248,25.889,0.114,-0.718,0.109,0.678,0.394,1.140,0.253
2016-12-01 01:44:46.260,25.889,0.115,-0.718,0.109,0.678,0.394,1.140,0.253
2016-12-01 01:44:46.270,25.889,0.115,-0.717,0.109,0.679,0.394,1.140,0.253
2016-12-01 01:44:46.282,25.911,0.116,-0.717,0.109,0.679,0.394,1.140,0.253
2016-12-01 01:44:46.293,25.911,0.116,-0.716,0.108,0.679,0.394,1.140,0.253
2016-12-01 01:44:46.304,25.932,0.117,-0.716,0.108,0.679,0.393,1.140,0.253
2016-12-01 01:44:46.316,25.953,0.118,-0.716,0.108,0.680,0.393,1.140,0.254
2016-12-01 01:44:46.327,25.953,0.118,-0.716,0.108,0.680,0.393,1.140,0.254
2016-12-01 01:44:46.338,25.975,0.118,-0.715,0.108,0.680,0.393,1.140,0.254
2016-12-01 01:44:46.350,25.975,0.119,-0.715,0.108,0.680,0.392,1.140,0.254
2016-12-01 01:44:46.360,25.996,0.119,-0.715,0.108,0.680,0.392,1.140,0.254
2016-12-01 01:44:46.372,25.996,0.120,-0.715,0.108,0.680,0.392,1.140,0.254
2016-12-01 01:44:46.382,26.017,0.120,-0.715,0.108,0.680,0.392,1.140,0.254
2016-12-01 01:44:46.394,26.017,0.120,-0.715,0.108,0.680,0.392,1.139,0.254
2016-12-01 01:44:46.404,26.039,0.121,-0.715,0.108,0.680,0.392,1.139,0.254
2016-12-01 01:44:46.416,26.060,0.121,-0.715,0.108,0.680,0.392,1.139,0.254
2016-12-01 01:44:46.427,26.060,0.121,-0.715,0.108,0.680,0.391,1.139,0.254
2016-12-01 01:44:46.438,26.060,0.121,-0.715,0.108,0.680,0.391,1.140,0.254
2016-12-01 01:44:46.449,26.081,0.121,-0.716,0.108,0.679,0.391,1.140,0.254
2016-12-01 01:44:46.460,26.081,0.121,-0.716,0.107,0.679,0.391,1.140,0.254
2016-12-01 01:44:46.471,26.103,0.121,-0.716,0.107,0.679,0.391,1.140,0.254
2016-12-01 01:44:46.483,26.103,0.121,-0.717,0.107,0.678,0.390,1.140,0.254
2016-12-01 01:44:46.494,26.124,0.121,-0.717,0.107,0.678,0.390,1.140,0.254
2016-12-01 01:44:46.505,26.124,0.121,-0.718,0.107,0.677,0.390,1.140,0.254
2016-12-01 01:44:46.516,26.145,0.121,-0.718,0.107,0.677,0.390,1.140,0.254
2016-12-01 01:44:46.528,26.167,0.121,-0.719,0.107,0.676,0.390,1.140,0.254
2016-12-01 01:44:46.540,26.167,0.121,-0.719,0.107,0.676,0.390,1.140,0.254
2016-12-01 01:44:46.550,26.188,0.121,-0.720,0.107,0.675,0.390,1.140,0.254
2016-12-01 01:44:46.561,26.188,0.120,-0.720,0.107,0.675,0.390,1.140,0.254
2016-12-01 01:44:46.572,26.209,0.120,-0.721,0.107,0.674,0.390,1.140,0.253
2016-12-01 01:44:46.584,26.209,0.120,-0.722,0.107,0.673,0.390,1.140,0.253
2016-12-01 01:44:46.595,26.231,0.119,-0.723,0.107,0.672,0.390,1.140,0.253
2016-12-01 01:44:46.606,26.231,0.119,-0.723,0.107,0.672,0.390,1.140,0.253
2016-12-01 01:44:46.617,26.252,0.119,-0.724,0.107,0.671,0.390,1.140,0.253
2016-12-01 01:44:46.628,26.252,0.119,-0.725,0.107,0.670,0.390,1.140,0.253
2016-12-01 01:44:46.639,26.273,0.118,-0.726,0.107,0.669,0.390,1.140,0.253
2016-12-01 01:44:46.650,26.273,0.118,-0.726,0.107,0.669,0.390,1.140,0.252
2016-12-01 01:44:46.661,26.295,0.118,-0.727,0.107,0.668,0.390,1.140,0.252
2016-12-01 01:44:46.673,26.295,0.117,-0.728,0.107,0.667,0.390,1.140,0.252
2016-12-01 01:44:46.684,26.316,0.117,-0.729,0.107,0.666,0.390,1.140,0.252
2016-12-01 01:44:46.695,26.316,0.117,-0.730,0.107,0.665,0.390,1.140,0.251
2016-12-01 01:44:46.706,26.337,0.116,-0.731,0.107,0.664,0.390,1.140,0.251
2016-12-01 01:44:46.718,26.359,0.116,-0.732,0.107,0.663,0.391,1.140,0.251
2016-12-01 01:44:46.728,26.359,0.116,-0.733,0.107,0.662,0.391,1.140,0.251
2016-12-01 01:44:46.740,26.380,0.115,-0.734,0.106,0.661,0.391,1.141,0.251
2016-12-01 01:44:46.751,26.380,0.115,-0.735,0.106,0.660,0.391,1.141,0.250
2016-12-01 01:44:46.762,26.380,0.115,-0.736,0.106,0.659,0.391,1.141,0.250
2016-12-01 01:44:46.773,26.401,0.114,-0.737,0.106,0.658,0.391,1.141,0.250
2016-12-01 01:44:46.785,26.401,0.114,-0.738,0.106,0.657,0.391,1.141,0.250
2016-12-01 01:44:46.795,26.423,0.113,-0.739,0.106,0.656,0.391,1.141,0.249
2016-12-01 01:44:46.806,26.444,0.113,-0.740,0.106,0.654,0.391,1.141,0.249
2016-12-01 01:44:46.818,26.444,0.113,-0.741,0.105,0.653,0.391,1.141,0.249
2016-12-01 01:44:46.829,26.465,0.112,-0.742,0.105,0.652,0.391,1.141,0.249
2016-12-01 01:44:46.840,26.465,0.112,-0.743,0.105,0.651,0.391,1.141,0.248
2016-12-01 01:44:46.851,26.487,0.112,-0.744,0.105,0.650,0.392,1.141,0.248
2016-12-01 01:44:46.862,26.487,0.112,-0.745,0.105,0.649,0.391,1.141,0.248
2016-12-01 01:44:46.874,26.508,0.111,-0.746,0.105,0.648,0.392,1.141,0.247
2016-12-01 01:44:46.886,26.508,0.111,-0.747,0.105,0.647,0.392,1.141,0.247
2016-12-01 01:44:46.896,26.529,0.111,-0.748,0.104,0.646,0.392,1.141,0.247
2016-12-01 01:44:46.908,26.551,0.110,-0.749,0.104,0.645,0.392,1.141,0.247
2016-12-01 01:44:46.919,26.551,0.110,-0.750,0.104,0.644,0.392,1.141,0.246
2016-12-01 01:44:46.929,26.551,0.110,-0.751,0.104,0.643,0.392,1.142,0.246
2016-12-01 01:44:46.941,26.572,0.109,-0.752,0.103,0.642,0.392,1.142,0.246
2016-12-01 01:44:46.952,26.572,0.109,-0.753,0.103,0.641,0.393,1.142,0.245
2016-12-01 01:44:46.963,26.593,0.108,-0.754,0.103,0.640,0.393,1.142,0.245
2016-12-01 01:44:46.974,26.593,0.107,-0.755,0.103,0.639,0.393,1.142,0.245
2016-12-01 01:44:46.985,26.615,0.106,-0.756,0.103,0.638,0.393,1.142,0.245
2016-12-01 01:44:46.997,26.636,0.105,-0.757,0.102,0.637,0.393,1.142,0.244
2016-12-01 01:44:47.008,26.636,0.103,-0.758,0.102,0.635,0.393,1.143,0.244
2016-12-01 01:44:47.019,26.657,0.101,-0.760,0.101,0.634,0.393,1.143,0.243
2016-12-01 01:44:47.030,26.657,0.097,-0.762,0.100,0.632,0.393,1.143,0.243
2016-12-01 01:44:47.041,26.679,0.093,-0.764,0.099,0.630,0.393,1.144,0.243
2016-12-01 01:44:47.053,26.679,0.089,-0.767,0.098,0.628,0.393,1.144,0.242
2016-12-01 01:44:47.064,26.700,0.084,-0.770,0.097,0.625,0.394,1.145,0.241
2016-12-01 01:44:47.075,26.700,0.081,-0.773,0.096,0.622,0.394,1.145,0.240
2016-12-01 01:44:47.086,26.700,0.078,-0.776,0.095,0.619,0.394,1.146,0.239
2016-12-01 01:44:47.097,26.721,0.076,-0.778,0.094,0.616,0.394,1.146,0.239
2016-12-01 01:44:47.108,26.743,0.074,-0.781,0.094,0.613,0.395,1.146,0.238
2016-12-01 01:44:47.120,26.743,0.073,-0.783,0.094,0.611,0.395,1.147,0.237
2016-12-01 01:44:47.130,26.764,0.072,-0.785,0.094,0.608,0.395,1.147,0.236
2016-12-01 01:44:47.142,26.764,0.072,-0.787,0.094,0.606,0.396,1.147,0.236
2016-12-01 01:44:47.153,26.785,0.071,-0.789,0.095,0.603,0.396,1.147,0.235
2016-12-01 01:44:47.164,26.785,0.070,-0.790,0.096,0.601,0.397,1.147,0.234
2016-12-01 01:44:47.175,26.807,0.069,-0.792,0.096,0.599,0.397,1.147,0.234
2016-12-01 01:44:47.187,26.828,0.069,-0.793,0.097,0.597,0.397,1.147,0.233
2016-12-01 01:44:47.198,26.828,0.069,-0.794,0.098,0.595,0.397,1.147,0.232
2016-12-01 01:44:47.209,26.849,0.069,-0.796,0.099,0.594,0.398,1.147,0.232
2016-12-01 01:44:47.220,26.849,0.069,-0.797,0.099,0.592,0.398,1.147,0.231
2016-12-01 01:44:47.231,26.871,0.069,-0.797,0.100,0.591,0.398,1.146,0.230
2016-12-01 01:44:47.243,26.871,0.070,-0.798,0.101,0.590,0.398,1.146,0.230
2016-12-01 01:44:47.254,26.871,0.070,-0.799,0.102,0.589,0.399,1.146,0.229
2016-12-01 01:44:47.265,26.892,0.070,-0.799,0.102,0.588,0.399,1.146,0.229
2016-12-01 01:44:47.276,26.913,0.070,-0.800,0.103,0.587,0.399,1.146,0.228
2016-12-01 01:44:47.287,26.913,0.071,-0.800,0.103,0.586,0.399,1.146,0.228
2016-12-01 01:44:47.299,26.935,0.071,-0.801,0.103,0.586,0.399,1.146,0.227
2016-12-01 01:44:47.310,26.935,0.071,-0.801,0.104,0.585,0.399,1.146,0.227
2016-12-01 01:44:47.321,26.956,0.071,-0.801,0.104,0.585,0.400,1.146,0.226
2016-12-01 01:44:47.332,26.956,0.071,-0.802,0.104,0.584,0.400,1.145,0.226
2016-12-01 01:44:47.343,26.977,0.072,-0.802,0.105,0.584,0.400,1.145,0.226
2016-12-01 01:44:47.355,26.977,0.072,-0.802,0.105,0.583,0.400,1.145,0.225
2016-12-01 01:44:47.365,26.999,0.072,-0.802,0.105,0.583,0.400,1.145,0.225
2016-12-01 01:44:47.377,27.020,0.073,-0.802,0.105,0.583,0.401,1.145,0.225
2016-12-01 01:44:47.387,27.020,0.073,-0.803,0.106,0.583,0.401,1.145,0.224
2016-12-01 01:44:47.398,27.041,0.073,-0.803,0.106,0.582,0.401,1.145,0.224
2016-12-01 01:44:47.410,27.041,0.073,-0.803,0.106,0.582,0.401,1.145,0.224
2016-12-01 01:44:47.421,27.041,0.073,-0.803,0.106,0.582,0.401,1.145,0.223
2016-12-01 01:44:47.432,27.063,0.073,-0.803,0.106,0.582,0.401,1.145,0.223
2016-12-01 01:44:47.445,27.063,0.073,-0.804,0.106,0.581,0.401,1.145,0.223
2016-12-01 01:44:47.455,27.084,0.072,-0.804,0.106,0.581,0.401,1.145,0.223
2016-12-01 01:44:47.466,27.084,0.072,-0.804,0.106,0.581,0.401,1.145,0.222
2016-12-01 01:44:47.477,27.105,0.072,-0.804,0.106,0.580,0.401,1.145,0.222
2016-12-01 01:44:47.489,27.127,0.072,-0.805,0.106,0.580,0.401,1.145,0.222
2016-12-01 01:44:47.499,27.127,0.072,-0.805,0.106,0.579,0.401,1.145,0.222
2016-12-01 01:44:47.510,27.148,0.072,-0.805,0.106,0.579,0.402,1.145,0.222
2016-12-01 01:44:47.522,27.148,0.072,-0.805,0.107,0.579,0.402,1.145,0.221
2016-12-01 01:44:47.533,27.169,0.072,-0.805,0.107,0.579,0.402,1.145,0.221
2016-12-01 01:44:47.545,27.169,0.071,-0.806,0.107,0.578,0.402,1.145,0.221
2016-12-01 01:44:47.555,27.191,0.072,-0.806,0.107,0.578,0.402,1.145,0.221
2016-12-01 01:44:47.566,27.191,0.071,-0.806,0.108,0.578,0.402,1.145,0.221
2016-12-01 01:44:47.577,27.212,0.072,-0.806,0.108,0.577,0.402,1.145,0.220
2016-12-01 01:44:47.589,27.212,0.072,-0.806,0.108,0.577,0.402,1.145,0.220
2016-12-01 01:44:47.599,27.233,0.072,-0.806,0.108,0.577,0.402,1.145,0.220
2016-12-01 01:44:47.611,27.233,0.072,-0.806,0.109,0.577,0.402,1.145,0.220
2016-12-01 01:44:47.622,27.255,0.072,-0.806,0.109,0.577,0.402,1.145,0.220
2016-12-01 01:44:47.633,27.255,0.073,-0.806,0.110,0.577,0.402,1.145,0.220
2016-12-01 01:44:47.645,27.276,0.073,-0.806,0.110,0.577,0.402,1.145,0.220
2016-12-01 01:44:47.656,27.276,0.073,-0.806,0.110,0.577,0.402,1.145,0.220
2016-12-01 01:44:47.667,27.297,0.073,-0.806,0.110,0.577,0.401,1.145,0.220
2016-12-01 01:44:47.678,27.319,0.073,-0.806,0.111,0.577,0.401,1.145,0.220
2016-12-01 01:44:47.689,27.319,0.073,-0.806,0.111,0.576,0.401,1.145,0.220
2016-12-01 01:44:47.700,27.340,0.073,-0.806,0.111,0.576,0.401,1.145,0.220
2016-12-01 01:44:47.712,27.340,0.073,-0.806,0.111,0.576,0.401,1.145,0.220
2016-12-01 01:44:47.722,27.361,0.073,-0.806,0.111,0.576,0.401,1.144,0.220
2016-12-01 01:44:47.734,27.361,0.074,-0.806,0.111,0.576,0.401,1.144,0.220
2016-12-01 01:44:47.745,27.361,0.074,-0.806,0.112,0.576,0.401,1.144,0.220
2016-12-01 01:44:47.756,27.383,0.074,-0.806,0.112,0.577,0.401,1.144,0.220
2016-12-01 01:44:47.767,27.404,0.074,-0.806,0.112,0.577,0.401,1.144,0.220
2016-12-01 01:44:47.779,27.404,0.074,-0.806,0.112,0.577,0.401,1.144,0.220
2016-12-01 01:44:47.789,27.425,0.074,-0.806,0.112,0.577,0.401,1.144,0.220
2016-12-01 01:44:47.800,27.425,0.074,-0.806,0.112,0.577,0.400,1.144,0.220
2016-12-01 01:44:47.812,27.447,0.074,-0.806,0.112,0.577,0.400,1.144,0.220
2016-12-01 01:44:47.824,27.447,0.075,-0.806,0.112,0.577,0.400,1.144,0.220
2016-12-01 01:44:47.834,27.468,0.075,-0.806,0.112,0.577,0.400,1.144,0.220
2016-12-01 01:44:47.846,27.489,0.075,-0.805,0.112,0.577,0.400,1.144,0.221
2016-12-01 01:44:47.857,27.489,0.075,-0.805,0.111,0.577,0.400,1.144,0.221
2016-12-01 01:44:47.868,27.511,0.075,-0.805,0.112,0.578,0.400,1.144,0.221
2016-12-01 01:44:47.879,27.511,0.076,-0.805,0.112,0.578,0.400,1.144,0.221
2016-12-01 01:44:47.890,27.511,0.076,-0.805,0.112,0.578,0.400,1.144,0.221
2016-12-01 01:44:47.901,27.532,0.076,-0.805,0.112,0.578,0.400,1.144,0.221
2016-12-01 01:44:47.913,27.532,0.076,-0.805,0.111,0.578,0.400,1.144,0.221
2016-12-01 01:44:47.924,27.553,0.077,-0.805,0.112,0.578,0.400,1.144,0.221
2016-12-01 01:44:47.935,27.553,0.077,-0.805,0.112,0.578,0.400,1.144,0.221
2016-12-01 01:44:47.946,27.575,0.077,-0.804,0.112,0.578,0.400,1.144,0.222
2016-12-01 01:44:47.957,27.596,0.077,-0.804,0.112,0.578,0.400,1.144,0.222
2016-12-01 01:44:47.969,27.596,0.077,-0.804,0.111,0.578,0.400,1.144,0.222
2016-12-01 01:44:47.979,27.617,0.077,-0.804,0.111,0.578,0.400,1.144,0.222
2016-12-01 01:44:47.990,27.617,0.078,-0.804,0.111,0.578,0.400,1.144,0.222
2016-12-01 01:44:48.002,27.639,0.077,-0.804,0.111,0.578,0.400,1.144,0.222
2016-12-01 01:44:48.014,27.639,0.077,-0.804,0.111,0.578,0.400,1.144,0.222
2016-12-01 01:44:48.024,27.660,0.077,-0.805,0.111,0.578,0.400,1.144,0.222
2016-12-01 01:44:48.035,27.660,0.077,-0.805,0.111,0.578,0.400,1.144,0.222
2016-12-01 01:44:48.046,27.681,0.077,-0.805,0.111,0.578,0.400,1.144,0.222
2016-12-01 01:44:48.058,27.681,0.077,-0.805,0.110,0.578,0.400,1.144,0.222
2016-12-01 01:44:48.069,27.703,0.077,-0.805,0.110,0.578,0.400,1.144,0.222
2016-12-01 01:44:48.080,27.703,0.077,-0.805,0.110,0.578,0.400,1.144,0.222
2016-12-01 01:44:48.091,27.724,0.076,-0.805,0.110,0.578,0.400,1.144,0.222
2016-12-01 01:44:48.102,27.724,0.076,-0.805,0.109,0.577,0.400,1.144,0.222
2016-12-01 01:44:48.113,27.745,0.076,-0.806,0.109,0.577,0.400,1.144,0.222
2016-12-01 01:44:48.125,27.745,0.076,-0.806,0.109,0.577,0.400,1.144,0.222
2016-12-01 01:44:48.136,27.767,0.076,-0.806,0.109,0.577,0.400,1.144,0.222
2016-12-01 01:44:48.147,27.788,0.076,-0.806,0.109,0.577,0.400,1.144,0.222
2016-12-01 01:44:48.158,27.788,0.076,-0.806,0.109,0.576,0.400,1.144,0.222
2016-12-01 01:44:48.169,27.809,0.076,-0.806,0.108,0.576,0.400,1.145,0.222
2016-12-01 01:44:48.181,27.809,0.076,-0.807,0.108,0.576,0.400,1.145,0.222
2016-12-01 01:44:48.192,27.831,0.076,-0.807,0.108,0.576,0.400,1.145,0.222
2016-12-01 01:44:48.204,27.831,0.076,-0.807,0.108,0.576,0.401,1.145,0.222
2016-12-01 01:44:48.214,27.852,0.076,-0.807,0.108,0.576,0.401,1.145,0.222
2016-12-01 01:44:48.225,27.852,0.075,-0.807,0.107,0.576,0.401,1.145,0.222
2016-12-01 01:44:48.236,27.873,0.075,-0.807,0.107,0.575,0.401,1.145,0.222
2016-12-01 01:44:48.248,27.873,0.075,-0.807,0.107,0.575,0.401,1.145,0.222
2016-12-01 01:44:48.259,27.895,0.075,-0.807,0.107,0.575,0.401,1.145,0.221
2016-12-01 01:44:48.270,27.895,0.074,-0.808,0.107,0.575,0.401,1.145,0.221
2016-12-01 01:44:48.281,27.916,0.074,-0.808,0.106,0.575,0.401,1.145,0.221
2016-12-01 01:44:48.292,27.916,0.074,-0.808,0.106,0.575,0.401,1.145,0.221
2016-12-01 01:44:48.303,27.937,0.074,-0.808,0.106,0.575,0.401,1.145,0.221
2016-12-01 01:44:48.315,27.937,0.074,-0.808,0.106,0.575,0.401,1.145,0.221
2016-12-01 01:44:48.325,27.959,0.074,-0.808,0.106,0.575,0.401,1.145,0.221
2016-12-01 01:44:48.337,27.980,0.074,-0.808,0.106,0.575,0.401,1.145,0.221
2016-12-01 01:44:48.348,27.980,0.074,-0.808,0.106,0.575,0.401,1.145,0.221
2016-12-01 01:44:48.359,28.001,0.074,-0.808,0.106,0.575,0.401,1.145,0.221
2016-12-01 01:44:48.371,28.001,0.074,-0.808,0.106,0.575,0.401,1.145,0.221
2016-12-01 01:44:48.382,28.001,0.074,-0.808,0.106,0.575,0.401,1.145,0.221
2016-12-01 01:44:48.393,28.023,0.074,-0.808,0.106,0.575,0.401,1.145,0.221
2016-12-01 01:44:48.404,28.023,0.074,-0.808,0.106,0.575,0.401,1.145,0.221
2016-12-01 01:44:48.415,28.044,0.074,-0.808,0.106,0.575,0.401,1.145,0.221
2016-12-01 01:44:48.427,28.065,0.074,-0.808,0.106,0.575,0.401,1.145,0.221
2016-12-01 01:44:48.438,28.065,0.074,-0.808,0.106,0.575,0.401,1.145,0.221
2016-12-01 01:44:48.449,28.087,0.074,-0.808,0.106,0.575,0.401,1.145,0.221
2016-12-01 01:44:48.460,28.087,0.074,-0.808,0.106,0.575,0.401,1.145,0.221
2016-12-01 01:44:48.471,28.108,0.074,-0.808,0.106,0.574,0.401,1.145,0.221
2016-12-01 01:44:48.482,28.108,0.073,-0.808,0.105,0.574,0.401,1.145,0.221
2016-12-01 01:44:48.493,28.129,0.073,-0.809,0.105,0.574,0.401,1.145,0.221
2016-12-01 01:44:48.505,28.129,0.073,-0.809,0.105,0.574,0.402,1.145,0.221
2016-12-01 01:44:48.516,28.151,0.073,-0.809,0.105,0.574,0.402,1.145,0.221
2016-12-01 01:44:48.527,28.172,0.073,-0.809,0.105,0.574,0.402,1.145,0.221
2016-12-01 01:44:48.538,28.172,0.073,-0.808,0.105,0.574,0.402,1.146,0.222
2016-12-01 01:44:48.549,28.172,0.073,-0.808,0.105,0.575,0.402,1.146,0.222
2016-12-01 01:44:48.561,28.193,0.073,-0.808,0.105,0.575,0.402,1.145,0.221
2016-12-01 01:44:48.572,28.193,0.074,-0.808,0.105,0.575,0.402,1.145,0.221
2016-12-01 01:44:48.583,28.215,0.073,-0.808,0.105,0.575,0.401,1.145,0.221
2016-12-01 01:44:48.595,28.215,0.073,-0.808,0.105,0.575,0.402,1.146,0.222
2016-12-01 01:44:48.605,28.236,0.073,-0.808,0.105,0.575,0.402,1.146,0.222
2016-12-01 01:44:48.617,28.257,0.073,-0.808,0.104,0.575,0.402,1.146,0.222
2016-12-01 01:44:48.628,28.257,0.073,-0.808,0.104,0.575,0.401,1.146,0.222
2016-12-01 01:44:48.639,28.279,0.073,-0.808,0.104,0.575,0.401,1.146,0.222
2016-12-01 01:44:48.650,28.279,0.073,-0.808,0.104,0.576,0.401,1.146,0.222
2016-12-01 01:44:48.661,28.300,0.073,-0.808,0.104,0.576,0.401,1.146,0.222
2016-12-01 01:44:48.672,28.300,0.074,-0.807,0.104,0.576,0.401,1.146,0.222
2016-12-01 01:44:48.683,28.321,0.074,-0.807,0.104,0.576,0.402,1.146,0.222
2016-12-01 01:44:48.694,28.321,0.074,-0.807,0.104,0.577,0.402,1.146,0.222
2016-12-01 01:44:48.706,28.343,0.074,-0.807,0.104,0.577,0.402,1.146,0.223
2016-12-01 01:44:48.717,28.343,0.074,-0.807,0.104,0.577,0.402,1.146,0.223
2016-12-01 01:44:48.728,28.364,0.074,-0.806,0.103,0.578,0.402,1.146,0.223
2016-12-01 01:44:48.740,28.364,0.074,-0.806,0.103,0.579,0.402,1.146,0.223
2016-12-01 01:44:48.751,28.385,0.074,-0.805,0.103,0.580,0.402,1.146,0.223
2016-12-01 01:44:48.762,28.385,0.074,-0.804,0.103,0.581,0.401,1.146,0.223
2016-12-01 01:44:48.773,28.407,0.074,-0.803,0.103,0.582,0.401,1.146,0.224
2016-12-01 01:44:48.785,28.407,0.074,-0.802,0.103,0.583,0.401,1.146,0.224
2016-12-01 01:44:48.795,28.428,0.074,-0.801,0.104,0.585,0.401,1.146,0.224
2016-12-01 01:44:48.806,28.449,0.074,-0.800,0.104,0.586,0.401,1.146,0.224
2016-12-01 01:44:48.818,28.449,0.074,-0.799,0.104,0.587,0.401,1.146,0.225
2016-12-01 01:44:48.828,28.471,0.075,-0.799,0.104,0.588,0.401,1.146,0.225
2016-12-01 01:44:48.840,28.471,0.075,-0.798,0.103,0.589,0.401,1.146,0.225
2016-12-01 01:44:48.851,28.492,0.075,-0.797,0.103,0.591,0.401,1.146,0.225
2016-12-01 01:44:48.862,28.492,0.075,-0.796,0.103,0.592,0.401,1.146,0.226
2016-12-01 01:44:48.873,28.492,0.076,-0.795,0.103,0.593,0.401,1.146,0.226
2016-12-01 01:44:48.884,28.513,0.075,-0.794,0.103,0.594,0.401,1.146,0.226
2016-12-01 01:44:48.896,28.513,0.076,-0.794,0.103,0.595,0.401,1.146,0.226
2016-12-01 01:44:48.906,28.535,0.076,-0.793,0.103,0.596,0.401,1.146,0.227
2016-12-01 01:44:48.918,28.556,0.076,-0.792,0.102,0.597,0.400,1.146,0.227
2016-12-01 01:44:48.928,28.556,0.076,-0.791,0.102,0.598,0.400,1.146,0.227
2016-12-01 01:44:48.940,28.577,0.077,-0.791,0.102,0.599,0.400,1.146,0.228
2016-12-01 01:44:48.952,28.577,0.077,-0.790,0.102,0.600,0.400,1.146,0.228
2016-12-01 01:44:48.963,28.599,0.076,-0.789,0.102,0.601,0.400,1.146,0.228
2016-12-01 01:44:48.974,28.599,0.076,-0.788,0.102,0.602,0.400,1.146,0.229
2016-12-01 01:44:48.985,28.620,0.076,-0.787,0.102,0.603,0.400,1.146,0.229
2016-12-01 01:44:48.996,28.620,0.076,-0.787,0.101,0.604,0.400,1.146,0.229
2016-12-01 01:44:49.007,28.641,0.076,-0.786,0.101,0.605,0.400,1.146,0.229
2016-12-01 01:44:49.019,28.663,0.076,-0.785,0.101,0.606,0.400,1.146,0.230
2016-12-01 01:44:49.030,28.663,0.076,-0.785,0.101,0.607,0.400,1.146,0.230
2016-12-01 01:44:49.041,28.663,0.076,-0.784,0.101,0.608,0.400,1.146,0.230
2016-12-01 01:44:49.052,28.684,0.076,-0.783,0.101,0.609,0.400,1.146,0.230
2016-12-01 01:44:49.063,28.684,0.075,-0.783,0.101,0.610,0.400,1.146,0.230
2016-12-01 01:44:49.074,28.705,0.075,-0.782,0.101,0.610,0.400,1.147,0.231
2016-12-01 01:44:49.086,28.727,0.075,-0.781,0.101,0.611,0.400,1.147,0.231
2016-12-01 01:44:49.096,28.727,0.075,-0.781,0.101,0.612,0.400,1.147,0.231
2016-12-01 01:44:49.107,28.748,0.075,-0.780,0.100,0.613,0.400,1.147,0.231
2016-12-01 01:44:49.119,28.748,0.075,-0.780,0.100,0.614,0.400,1.147,0.232
2016-12-01 01:44:49.130,28.769,0.074,-0.779,0.100,0.615,0.400,1.147,0.232
2016-12-01 01:44:49.142,28.769,0.074,-0.778,0.100,0.616,0.400,1.147,0.232
2016-12-01 01:44:49.153,28.791,0.074,-0.778,0.100,0.616,0.400,1.147,0.232
2016-12-01 01:44:49.164,28.791,0.074,-0.777,0.099,0.617,0.399,1.147,0.232
2016-12-01 01:44:49.175,28.812,0.074,-0.776,0.099,0.618,0.400,1.147,0.233
2016-12-01 01:44:49.186,28.812,0.074,-0.775,0.099,0.619,0.400,1.147,0.233
2016-12-01 01:44:49.197,28.833,0.074,-0.775,0.098,0.620,0.399,1.147,0.233
2016-12-01 01:44:49.209,28.833,0.074,-0.774,0.098,0.621,0.399,1.147,0.234
2016-12-01 01:44:49.220,28.855,0.073,-0.773,0.098,0.622,0.399,1.147,0.234
2016-12-01 01:44:49.230,28.855,0.073,-0.773,0.098,0.623,0.400,1.147,0.234
2016-12-01 01:44:49.241,28.876,0.072,-0.772,0.097,0.624,0.400,1.147,0.234
2016-12-01 01:44:49.253,28.876,0.072,-0.771,0.097,0.625,0.400,1.147,0.235
2016-12-01 01:44:49.264,28.897,0.072,-0.771,0.096,0.626,0.399,1.148,0.235
2016-12-01 01:44:49.275,28.897,0.071,-0.770,0.096,0.627,0.399,1.148,0.235
2016-12-01 01:44:49.286,28.919,0.071,-0.769,0.095,0.628,0.400,1.148,0.235
2016-12-01 01:44:49.297,28.940,0.070,-0.769,0.095,0.629,0.400,1.148,0.235
2016-12-01 01:44:49.309,28.940,0.070,-0.768,0.094,0.630,0.400,1.148,0.236
2016-12-01 01:44:49.320,28.961,0.069,-0.767,0.094,0.631,0.400,1.148,0.236
2016-12-01 01:44:49.331,28.961,0.069,-0.766,0.093,0.632,0.400,1.149,0.236
2016-12-01 01:44:49.342,28.983,0.068,-0.765,0.093,0.634,0.400,1.149,0.237
2016-12-01 01:44:49.354,28.983,0.068,-0.764,0.092,0.635,0.400,1.149,0.237
2016-12-01 01:44:49.365,28.983,0.068,-0.763,0.092,0.636,0.400,1.149,0.237
2016-12-01 01:44:49.376,29.004,0.067,-0.762,0.091,0.638,0.400,1.149,0.238
2016-12-01 01:44:49.387,29.025,0.067,-0.761,0.091,0.639,0.400,1.149,0.238
2016-12-01 01:44:49.398,29.025,0.067,-0.760,0.090,0.641,0.400,1.149,0.238
2016-12-01 01:44:49.409,29.047,0.067,-0.758,0.089,0.642,0.400,1.150,0.239
2016-12-01 01:44:49.421,29.047,0.067,-0.757,0.089,0.644,0.400,1.150,0.239
2016-12-01 01:44:49.431,29.068,0.066,-0.756,0.088,0.645,0.400,1.150,0.239
2016-12-01 01:44:49.443,29.068,0.066,-0.754,0.087,0.647,0.400,1.150,0.239
2016-12-01 01:44:49.454,29.089,0.066,-0.753,0.087,0.649,0.400,1.150,0.240
2016-12-01 01:44:49.465,29.089,0.066,-0.752,0.086,0.651,0.401,1.150,0.240
2016-12-01 01:44:49.476,29.111,0.066,-0.750,0.085,0.652,0.401,1.150,0.241
2016-12-01 01:44:49.488,29.132,0.066,-0.749,0.085,0.654,0.401,1.150,0.241
2016-12-01 01:44:49.500,29.132,0.066,-0.747,0.084,0.656,0.401,1.150,0.241
2016-12-01 01:44:49.510,29.132,0.066,-0.746,0.083,0.657,0.400,1.150,0.242
2016-12-01 01:44:49.521,29.153,0.066,-0.744,0.083,0.659,0.400,1.150,0.242
2016-12-01 01:44:49.532,29.153,0.066,-0.743,0.082,0.661,0.400,1.150,0.242
2016-12-01 01:44:49.543,29.175,0.066,-0.741,0.081,0.663,0.400,1.151,0.242
2016-12-01 01:44:49.555,29.175,0.066,-0.739,0.080,0.666,0.400,1.151,0.243
2016-12-01 01:44:49.566,29.196,0.065,-0.736,0.079,0.669,0.400,1.151,0.243
2016-12-01 01:44:49.577,29.217,0.065,-0.733,0.078,0.673,0.400,1.152,0.244
2016-12-01 01:44:49.588,29.217,0.065,-0.730,0.077,0.677,0.400,1.152,0.245
2016-12-01 01:44:49.599,29.239,0.064,-0.726,0.076,0.680,0.400,1.152,0.245
2016-12-01 01:44:49.611,29.239,0.064,-0.723,0.075,0.684,0.401,1.152,0.246
2016-12-01 01:44:49.621,29.260,0.064,-0.719,0.075,0.688,0.401,1.152,0.247
2016-12-01 01:44:49.632,29.260,0.064,-0.716,0.074,0.691,0.401,1.152,0.247
2016-12-01 01:44:49.644,29.281,0.064,-0.713,0.073,0.695,0.401,1.153,0.248
2016-12-01 01:44:49.655,29.281,0.064,-0.710,0.073,0.698,0.401,1.153,0.248
2016-12-01 01:44:49.666,29.303,0.064,-0.706,0.072,0.701,0.401,1.153,0.249
2016-12-01 01:44:49.678,29.303,0.065,-0.703,0.071,0.705,0.402,1.153,0.249
2016-12-01 01:44:49.689,29.324,0.065,-0.700,0.071,0.708,0.402,1.153,0.250
2016-12-01 01:44:49.700,29.324,0.065,-0.697,0.071,0.710,0.402,1.153,0.250
2016-12-01 01:44:49.711,29.345,0.066,-0.695,0.070,0.713,0.402,1.153,0.251
2016-12-01 01:44:49.723,29.345,0.066,-0.692,0.070,0.716,0.402,1.153,0.251
2016-12-01 01:44:49.733,29.367,0.066,-0.689,0.070,0.718,0.402,1.153,0.252
2016-12-01 01:44:49.745,29.367,0.067,-0.687,0.070,0.720,0.402,1.152,0.252
2016-12-01 01:44:49.756,29.388,0.068,-0.685,0.069,0.723,0.403,1.153,0.252
2016-12-01 01:44:49.767,29.409,0.068,-0.682,0.069,0.725,0.403,1.152,0.253
2016-12-01 01:44:49.778,29.409,0.069,-0.680,0.069,0.727,0.403,1.152,0.253
2016-12-01 01:44:49.789,29.431,0.070,-0.678,0.069,0.729,0.403,1.152,0.253
2016-12-01 01:44:49.801,29.431,0.070,-0.675,0.068,0.731,0.403,1.152,0.254
2016-12-01 01:44:49.811,29.452,0.071,-0.673,0.068,0.733,0.403,1.152,0.254
2016-12-01 01:44:49.822,29.452,0.072,-0.670,0.068,0.735,0.403,1.152,0.254
2016-12-01 01:44:49.834,29.473,0.072,-0.668,0.068,0.738,0.403,1.152,0.254
2016-12-01 01:44:49.845,29.473,0.073,-0.665,0.068,0.740,0.403,1.152,0.254
2016-12-01 01:44:49.856,29.495,0.073,-0.663,0.067,0.742,0.403,1.152,0.255
2016-12-01 01:44:49.867,29.495,0.073,-0.660,0.067,0.745,0.404,1.152,0.255
2016-12-01 01:44:49.879,29.516,0.074,-0.657,0.067,0.747,0.404,1.152,0.255
2016-12-01 01:44:49.890,29.516,0.074,-0.654,0.067,0.749,0.404,1.152,0.255
2016-12-01 01:44:49.901,29.537,0.074,-0.652,0.067,0.752,0.404,1.152,0.255
2016-12-01 01:44:49.913,29.537,0.074,-0.649,0.066,0.754,0.404,1.152,0.256
2016-12-01 01:44:49.923,29.559,0.074,-0.646,0.066,0.757,0.404,1.152,0.256
2016-12-01 01:44:49.934,29.559,0.075,-0.643,0.066,0.760,0.404,1.152,0.256
2016-12-01 01:44:49.946,29.580,0.075,-0.640,0.065,0.762,0.405,1.152,0.256
2016-12-01 01:44:49.957,29.601,0.075,-0.636,0.065,0.765,0.405,1.152,0.256
2016-12-01 01:44:49.969,29.601,0.075,-0.633,0.064,0.768,0.405,1.152,0.257
2016-12-01 01:44:49.979,29.623,0.075,-0.630,0.064,0.770,0.405,1.153,0.257
2016-12-01 01:44:49.990,29.623,0.075,-0.627,0.063,0.773,0.405,1.153,0.257
2016-12-01 01:44:50.001,29.623,0.075,-0.624,0.062,0.775,0.405,1.153,0.257
2016-12-01 01:44:50.012,29.644,0.074,-0.621,0.062,0.778,0.405,1.153,0.257
2016-12-01 01:44:50.024,29.644,0.074,-0.617,0.061,0.781,0.406,1.153,0.257
2016-12-01 01:44:50.035,29.665,0.074,-0.614,0.061,0.783,0.406,1.153,0.257
2016-12-01 01:44:50.046,29.687,0.074,-0.611,0.060,0.786,0.406,1.153,0.257
2016-12-01 01:44:50.057,29.687,0.074,-0.608,0.059,0.789,0.406,1.153,0.257
2016-12-01 01:44:50.068,29.708,0.074,-0.604,0.059,0.791,0.406,1.154,0.257
2016-12-01 01:44:50.080,29.708,0.073,-0.601,0.058,0.794,0.406,1.154,0.257
2016-12-01 01:44:50.091,29.729,0.073,-0.598,0.058,0.796,0.406,1.154,0.257
2016-12-01 01:44:50.102,29.729,0.073,-0.595,0.057,0.799,0.407,1.154,0.257
2016-12-01 01:44:50.113,29.751,0.073,-0.591,0.056,0.801,0.407,1.154,0.257
2016-12-01 01:44:50.125,29.751,0.073,-0.588,0.056,0.804,0.407,1.154,0.257
2016-12-01 01:44:50.135,29.772,0.073,-0.585,0.055,0.806,0.407,1.154,0.257
2016-12-01 01:44:50.147,29.793,0.072,-0.582,0.055,0.808,0.407,1.154,0.257
2016-12-01 01:44:50.157,29.793,0.072,-0.579,0.054,0.810,0.407,1.155,0.256
2016-12-01 01:44:50.169,29.793,0.072,-0.576,0.054,0.812,0.407,1.155,0.256
2016-12-01 01:44:50.180,29.815,0.071,-0.574,0.054,0.814,0.407,1.155,0.256
2016-12-01 01:44:50.191,29.815,0.071,-0.571,0.053,0.816,0.407,1.155,0.256
2016-12-01 01:44:50.202,29.836,0.070,-0.568,0.053,0.818,0.407,1.155,0.256
2016-12-01 01:44:50.214,29.836,0.070,-0.566,0.053,0.820,0.407,1.155,0.255
2016-12-01 01:44:50.224,29.857,0.069,-0.563,0.053,0.822,0.408,1.155,0.255
2016-12-01 01:44:50.235,29.857,0.069,-0.561,0.052,0.823,0.408,1.155,0.255
2016-12-01 01:44:50.247,29.879,0.068,-0.559,0.052,0.825,0.408,1.156,0.255
2016-12-01 01:44:50.259,29.900,0.067,-0.557,0.052,0.826,0.407,1.155,0.254
2016-12-01 01:44:50.270,29.900,0.067,-0.554,0.052,0.828,0.407,1.156,0.254
2016-12-01 01:44:50.281,29.921,0.066,-0.552,0.052,0.830,0.407,1.156,0.253
2016-12-01 01:44:50.292,29.921,0.066,-0.550,0.052,0.831,0.407,1.156,0.253
2016-12-01 01:44:50.303,29.943,0.065,-0.547,0.052,0.833,0.407,1.156,0.253
2016-12-01 01:44:50.314,29.943,0.064,-0.545,0.052,0.834,0.407,1.156,0.253
2016-12-01 01:44:50.325,29.943,0.063,-0.542,0.052,0.836,0.407,1.156,0.252
2016-12-01 01:44:50.336,29.964,0.063,-0.540,0.052,0.838,0.407,1.156,0.252
2016-12-01 01:44:50.348,29.985,0.062,-0.537,0.052,0.840,0.407,1.156,0.252
2016-12-01 01:44:50.359,29.985,0.061,-0.535,0.052,0.841,0.407,1.157,0.252
2016-12-01 01:44:50.370,30.007,0.061,-0.532,0.051,0.843,0.407,1.157,0.252
2016-12-01 01:44:50.381,30.007,0.060,-0.529,0.051,0.845,0.408,1.157,0.251
2016-12-01 01:44:50.392,30.028,0.060,-0.526,0.051,0.847,0.408,1.157,0.251
2016-12-01 01:44:50.403,30.028,0.059,-0.524,0.052,0.848,0.408,1.157,0.251
2016-12-01 01:44:50.414,30.049,0.058,-0.521,0.052,0.850,0.408,1.157,0.251
2016-12-01 01:44:50.426,30.071,0.057,-0.517,0.052,0.852,0.408,1.157,0.251
2016-12-01 01:44:50.437,30.071,0.057,-0.514,0.051,0.854,0.408,1.157,0.251
2016-12-01 01:44:50.448,30.092,0.056,-0.511,0.051,0.856,0.408,1.157,0.251
2016-12-01 01:44:50.459,30.092,0.055,-0.508,0.051,0.858,0.408,1.158,0.251
2016-12-01 01:44:50.470,30.113,0.054,-0.505,0.051,0.860,0.409,1.158,0.251
2016-12-01 01:44:50.482,30.113,0.053,-0.501,0.050,0.862,0.409,1.158,0.251
2016-12-01 01:44:50.493,30.113,0.052,-0.498,0.050,0.864,0.409,1.158,0.251
2016-12-01 01:44:50.504,30.135,0.051,-0.494,0.050,0.867,0.409,1.158,0.251
2016-12-01 01:44:50.516,30.135,0.050,-0.490,0.050,0.869,0.410,1.159,0.251
2016-12-01 01:44:50.527,30.156,0.049,-0.487,0.050,0.871,0.410,1.159,0.251
2016-12-01 01:44:50.537,30.177,0.048,-0.483,0.049,0.873,0.410,1.159,0.251
2016-12-01 01:44:50.549,30.177,0.047,-0.479,0.049,0.875,0.411,1.159,0.251
2016-12-01 01:44:50.560,30.199,0.046,-0.475,0.049,0.877,0.411,1.160,0.251
2016-12-01 01:44:50.571,30.199,0.045,-0.471,0.048,0.880,0.412,1.160,0.251
2016-12-01 01:44:50.582,30.220,0.044,-0.467,0.047,0.882,0.412,1.160,0.252
2016-12-01 01:44:50.593,30.220,0.043,-0.463,0.047,0.884,0.412,1.160,0.252
2016-12-01 01:44:50.604,30.241,0.042,-0.458,0.046,0.887,0.413,1.161,0.252
2016-12-01 01:44:50.616,30.241,0.041,-0.454,0.046,0.889,0.413,1.161,0.252
2016-12-01 01:44:50.627,30.263,0.040,-0.450,0.045,0.891,0.414,1.161,0.252
2016-12-01 01:44:50.638,30.284,0.039,-0.446,0.045,0.893,0.415,1.161,0.253
2016-12-01 01:44:50.649,30.284,0.038,-0.441,0.044,0.895,0.415,1.161,0.253
2016-12-01 01:44:50.660,30.284,0.037,-0.437,0.044,0.898,0.416,1.161,0.253
2016-12-01 01:44:50.671,30.305,0.036,-0.432,0.043,0.900,0.416,1.162,0.254
2016-12-01 01:44:50.683,30.305,0.035,-0.427,0.043,0.903,0.417,1.162,0.254
2016-12-01 01:44:50.694,30.327,0.034,-0.422,0.042,0.905,0.417,1.162,0.255
2016-12-01 01:44:50.705,30.327,0.033,-0.417,0.042,0.907,0.418,1.162,0.255
2016-12-01 01:44:50.716,30.348,0.032,-0.412,0.042,0.910,0.418,1.163,0.255
2016-12-01 01:44:50.728,30.369,0.031,-0.407,0.042,0.912,0.419,1.163,0.256
2016-12-01 01:44:50.739,30.369,0.030,-0.403,0.041,0.914,0.419,1.163,0.256
2016-12-01 01:44:50.750,30.391,0.029,-0.398,0.041,0.916,0.420,1.163,0.256
2016-12-01 01:44:50.761,30.391,0.028,-0.394,0.041,0.918,0.420,1.164,0.257
2016-12-01 01:44:50.772,30.412,0.027,-0.391,0.041,0.919,0.421,1.164,0.257
2016-12-01 01:44:50.784,30.412,0.026,-0.387,0.040,0.921,0.421,1.164,0.257
2016-12-01 01:44:50.794,30.433,0.025,-0.383,0.039,0.922,0.421,1.164,0.257
2016-12-01 01:44:50.806,30.433,0.024,-0.380,0.039,0.924,0.422,1.164,0.257
2016-12-01 01:44:50.817,30.455,0.023,-0.377,0.039,0.925,0.422,1.165,0.258
2016-12-01 01:44:50.828,30.455,0.023,-0.374,0.038,0.926,0.423,1.165,0.258
2016-12-01 01:44:50.839,30.476,0.022,-0.372,0.038,0.927,0.423,1.165,0.258
2016-12-01 01:44:50.850,30.476,0.021,-0.369,0.038,0.928,0.423,1.165,0.258
2016-12-01 01:44:50.861,30.497,0.020,-0.367,0.037,0.929,0.423,1.165,0.258
2016-12-01 01:44:50.873,30.497,0.019,-0.365,0.037,0.930,0.424,1.165,0.258
2016-12-01 01:44:50.883,30.519,0.018,-0.363,0.037,0.931,0.424,1.165,0.258
2016-12-01 01:44:50.895,30.519,0.018,-0.362,0.038,0.931,0.424,1.165,0.258
2016-12-01 01:44:50.906,30.540,0.017,-0.360,0.038,0.932,0.424,1.165,0.258
2016-12-01 01:44:50.918,30.561,0.016,-0.359,0.039,0.932,0.424,1.166,0.258
2016-12-01 01:44:50.928,30.561,0.015,-0.358,0.039,0.933,0.425,1.166,0.258
2016-12-01 01:44:50.940,30.583,0.014,-0.357,0.039,0.933,0.425,1.166,0.258
2016-12-01 01:44:50.951,30.583,0.013,-0.356,0.039,0.934,0.425,1.166,0.258
2016-12-01 01:44:50.962,30.604,0.012,-0.355,0.040,0.934,0.425,1.166,0.258
2016-12-01 01:44:50.974,30.604,0.011,-0.354,0.040,0.934,0.425,1.166,0.258
2016-12-01 01:44:50.984,30.604,0.010,-0.353,0.040,0.935,0.425,1.166,0.257
2016-12-01 01:44:50.995,30.625,0.009,-0.352,0.040,0.935,0.425,1.166,0.257
2016-12-01 01:44:51.007,30.647,0.008,-0.352,0.041,0.935,0.424,1.167,0.257
2016-12-01 01:44:51.018,30.647,0.007,-0.351,0.041,0.935,0.424,1.167,0.257
2016-12-01 01:44:51.029,30.668,0.005,-0.350,0.042,0.936,0.424,1.167,0.256
2016-12-01 01:44:51.040,30.668,0.003,-0.349,0.042,0.936,0.424,1.167,0.256
2016-12-01 01:44:51.051,30.689,0.001,-0.348,0.042,0.937,0.424,1.168,0.256
2016-12-01 01:44:51.062,30.689,-0.001,-0.346,0.043,0.937,0.424,1.168,0.255
2016-12-01 01:44:51.073,30.711,-0.003,-0.345,0.044,0.938,0.424,1.168,0.255
2016-12-01 01:44:51.086,30.711,-0.004,-0.343,0.045,0.938,0.424,1.168,0.255
2016-12-01 01:44:51.096,30.732,-0.006,-0.342,0.046,0.939,0.424,1.168,0.254
2016-12-01 01:44:51.108,30.753,-0.008,-0.341,0.047,0.939,0.424,1.168,0.254
2016-12-01 01:44:51.119,30.753,-0.010,-0.340,0.048,0.939,0.424,1.169,0.253
2016-12-01 01:44:51.130,30.753,-0.012,-0.339,0.049,0.939,0.424,1.169,0.253
2016-12-01 01:44:51.141,30.775,-0.014,-0.339,0.049,0.940,0.424,1.169,0.252
2016-12-01 01:44:51.152,30.775,-0.016,-0.338,0.050,0.940,0.424,1.169,0.252
2016-12-01 01:44:51.163,30.796,-0.018,-0.338,0.051,0.940,0.424,1.169,0.251
2016-12-01 01:44:51.174,30.796,-0.020,-0.337,0.051,0.940,0.424,1.170,0.251
2016-12-01 01:44:51.185,30.817,-0.022,-0.337,0.052,0.940,0.424,1.170,0.250
2016-12-01 01:44:51.197,30.839,-0.024,-0.338,0.053,0.940,0.424,1.170,0.250
2016-12-01 01:44:51.208,30.839,-0.026,-0.338,0.054,0.939,0.423,1.170,0.249
2016-12-01 01:44:51.219,30.860,-0.028,-0.338,0.054,0.939,0.423,1.170,0.248
2016-12-01 01:44:51.230,30.860,-0.030,-0.337,0.054,0.939,0.423,1.171,0.248
2016-12-01 01:44:51.241,30.881,-0.033,-0.337,0.055,0.939,0.423,1.171,0.247
2016-12-01 01:44:51.253,30.881,-0.036,-0.336,0.056,0.940,0.423,1.171,0.247
2016-12-01 01:44:51.263,30.903,-0.038,-0.335,0.056,0.940,0.423,1.171,0.246
2016-12-01 01:44:51.275,30.903,-0.041,-0.334,0.057,0.940,0.423,1.172,0.245
2016-12-01 01:44:51.286,30.924,-0.043,-0.333,0.057,0.940,0.423,1.172,0.245
2016-12-01 01:44:51.297,30.924,-0.046,-0.331,0.057,0.941,0.423,1.172,0.245
2016-12-01 01:44:51.308,30.945,-0.048,-0.328,0.057,0.942,0.424,1.173,0.245
2016-12-01 01:44:51.320,30.945,-0.051,-0.323,0.057,0.943,0.424,1.173,0.245
2016-12-01 01:44:51.331,30.967,-0.054,-0.317,0.057,0.945,0.425,1.173,0.245
2016-12-01 01:44:51.342,30.967,-0.056,-0.311,0.057,0.947,0.425,1.174,0.245
2016-12-01 01:44:51.353,30.988,-0.058,-0.304,0.057,0.949,0.426,1.174,0.245
2016-12-01 01:44:51.364,30.988,-0.060,-0.297,0.057,0.951,0.427,1.175,0.245
2016-12-01 01:44:51.375,31.009,-0.062,-0.289,0.057,0.954,0.428,1.175,0.246
2016-12-01 01:44:51.387,31.031,-0.063,-0.280,0.056,0.956,0.429,1.175,0.246
2016-12-01 01:44:51.397,31.031,-0.065,-0.270,0.055,0.959,0.431,1.176,0.246
2016-12-01 01:44:51.408,31.052,-0.066,-0.258,0.055,0.962,0.432,1.176,0.247
2016-12-01 01:44:51.420,31.052,-0.067,-0.246,0.054,0.965,0.434,1.177,0.248
2016-12-01 01:44:51.431,31.073,-0.068,-0.234,0.053,0.968,0.435,1.177,0.249
2016-12-01 01:44:51.442,31.073,-0.069,-0.221,0.051,0.972,0.437,1.177,0.249
2016-12-01 01:44:51.454,31.095,-0.070,-0.208,0.050,0.974,0.439,1.178,0.250
2016-12-01 01:44:51.465,31.095,-0.071,-0.195,0.049,0.977,0.441,1.178,0.251
2016-12-01 01:44:51.476,31.095,-0.072,-0.181,0.048,0.980,0.443,1.178,0.252
2016-12-01 01:44:51.487,31.116,-0.071,-0.168,0.046,0.982,0.445,1.179,0.253
2016-12-01 01:44:51.498,31.137,-0.071,-0.154,0.045,0.985,0.447,1.179,0.254
2016-12-01 01:44:51.510,31.137,-0.070,-0.140,0.044,0.987,0.449,1.179,0.255
2016-12-01 01:44:51.520,31.159,-0.068,-0.127,0.043,0.989,0.451,1.179,0.256
2016-12-01 01:44:51.532,31.159,-0.067,-0.115,0.042,0.990,0.453,1.179,0.256
2016-12-01 01:44:51.543,31.180,-0.065,-0.102,0.042,0.992,0.455,1.179,0.257
2016-12-01 01:44:51.554,31.180,-0.063,-0.091,0.041,0.993,0.457,1.178,0.258
2016-12-01 01:44:51.565,31.201,-0.060,-0.081,0.041,0.994,0.459,1.178,0.258
2016-12-01 01:44:51.577,31.223,-0.058,-0.071,0.041,0.995,0.460,1.178,0.259
2016-12-01 01:44:51.587,31.223,-0.056,-0.063,0.041,0.996,0.462,1.178,0.260
2016-12-01 01:44:51.598,31.244,-0.055,-0.056,0.041,0.996,0.464,1.177,0.261
2016-12-01 01:44:51.610,31.244,-0.053,-0.050,0.042,0.996,0.465,1.177,0.261
2016-12-01 01:44:51.621,31.244,-0.051,-0.045,0.042,0.997,0.466,1.177,0.262
2016-12-01 01:44:51.632,31.265,-0.049,-0.040,0.042,0.997,0.467,1.177,0.263
2016-12-01 01:44:51.644,31.265,-0.046,-0.038,0.042,0.997,0.467,1.176,0.264
2016-12-01 01:44:51.654,31.287,-0.044,-0.036,0.042,0.998,0.468,1.176,0.265
2016-12-01 01:44:51.666,31.287,-0.042,-0.035,0.042,0.998,0.469,1.175,0.265
2016-12-01 01:44:51.677,31.308,-0.040,-0.035,0.041,0.998,0.469,1.175,0.266
2016-12-01 01:44:51.688,31.329,-0.039,-0.037,0.039,0.998,0.469,1.175,0.267
2016-12-01 01:44:51.699,31.329,-0.038,-0.039,0.038,0.998,0.470,1.175,0.268
2016-12-01 01:44:51.711,31.351,-0.037,-0.042,0.037,0.998,0.469,1.174,0.268
2016-12-01 01:44:51.722,31.351,-0.037,-0.046,0.037,0.998,0.469,1.174,0.269
2016-12-01 01:44:51.733,31.372,-0.035,-0.051,0.036,0.997,0.469,1.174,0.270
2016-12-01 01:44:51.744,31.372,-0.034,-0.056,0.035,0.997,0.469,1.174,0.271
2016-12-01 01:44:51.755,31.393,-0.032,-0.062,0.035,0.997,0.469,1.174,0.271
2016-12-01 01:44:51.766,31.415,-0.031,-0.069,0.034,0.997,0.468,1.173,0.272
2016-12-01 01:44:51.778,31.415,-0.030,-0.075,0.033,0.996,0.468,1.173,0.272
2016-12-01 01:44:51.788,31.415,-0.029,-0.082,0.033,0.996,0.467,1.173,0.273
2016-12-01 01:44:51.800,31.436,-0.028,-0.089,0.032,0.995,0.467,1.173,0.274
2016-12-01 01:44:51.811,31.436,-0.028,-0.095,0.031,0.995,0.466,1.173,0.274
2016-12-01 01:44:51.822,31.457,-0.027,-0.102,0.031,0.994,0.466,1.173,0.275
2016-12-01 01:44:51.833,31.457,-0.027,-0.109,0.031,0.993,0.465,1.173,0.275
2016-12-01 01:44:51.844,31.479,-0.027,-0.117,0.032,0.992,0.464,1.173,0.276
2016-12-01 01:44:51.856,31.479,-0.027,-0.125,0.032,0.991,0.464,1.173,0.276
2016-12-01 01:44:51.867,31.500,-0.027,-0.134,0.032,0.990,0.463,1.173,0.277
2016-12-01 01:44:51.878,31.521,-0.027,-0.143,0.031,0.989,0.462,1.173,0.277
2016-12-01 01:44:51.889,31.521,-0.027,-0.152,0.030,0.988,0.461,1.173,0.277
2016-12-01 01:44:51.900,31.543,-0.027,-0.161,0.030,0.986,0.460,1.173,0.277
2016-12-01 01:44:51.912,31.543,-0.027,-0.171,0.029,0.985,0.460,1.173,0.278
2016-12-01 01:44:51.923,31.564,-0.027,-0.182,0.029,0.983,0.458,1.173,0.278
2016-12-01 01:44:51.933,31.564,-0.027,-0.194,0.029,0.980,0.457,1.173,0.278
2016-12-01 01:44:51.945,31.564,-0.027,-0.207,0.027,0.978,0.456,1.173,0.278
2016-12-01 01:44:51.956,31.585,-0.026,-0.223,0.026,0.974,0.454,1.173,0.277
2016-12-01 01:44:51.967,31.607,-0.024,-0.237,0.024,0.971,0.453,1.173,0.277
2016-12-01 01:44:51.979,31.607,-0.023,-0.254,0.023,0.967,0.451,1.173,0.277
2016-12-01 01:44:51.989,31.628,-0.022,-0.271,0.022,0.962,0.450,1.173,0.276
2016-12-01 01:44:52.000,31.628,-0.021,-0.288,0.021,0.957,0.448,1.173,0.275
2016-12-01 01:44:52.011,31.649,-0.021,-0.305,0.021,0.952,0.446,1.173,0.274
2016-12-01 01:44:52.024,31.649,-0.020,-0.323,0.019,0.946,0.445,1.173,0.274
2016-12-01 01:44:52.034,31.671,-0.019,-0.342,0.019,0.939,0.443,1.173,0.273
2016-12-01 01:44:52.046,31.671,-0.018,-0.361,0.018,0.932,0.441,1.173,0.271
2016-12-01 01:44:52.057,31.692,-0.016,-0.380,0.018,0.925,0.439,1.172,0.270
2016-12-01 01:44:52.068,31.713,-0.014,-0.399,0.018,0.917,0.437,1.172,0.269
2016-12-01 01:44:52.079,31.713,-0.012,-0.418,0.018,0.908,0.435,1.172,0.267
2016-12-01 01:44:52.090,31.735,-0.010,-0.437,0.019,0.899,0.433,1.171,0.266
2016-12-01 01:44:52.102,31.735,-0.007,-0.455,0.020,0.890,0.432,1.171,0.264
2016-12-01 01:44:52.112,31.735,-0.005,-0.473,0.020,0.881,0.430,1.170,0.262
2016-12-01 01:44:52.123,31.756,-0.002,-0.491,0.021,0.871,0.428,1.170,0.260
2016-12-01 01:44:52.135,31.756,0.001,-0.508,0.023,0.861,0.427,1.169,0.259
2016-12-01 01:44:52.146,31.777,0.003,-0.524,0.024,0.851,0.425,1.168,0.257
2016-12-01 01:44:52.157,31.799,0.005,-0.540,0.025,0.841,0.424,1.168,0.255
2016-12-01 01:44:52.169,31.799,0.008,-0.554,0.026,0.832,0.423,1.168,0.253
2016-12-01 01:44:52.179,31.820,0.010,-0.567,0.027,0.823,0.422,1.167,0.252
2016-12-01 01:44:52.190,31.820,0.013,-0.579,0.029,0.814,0.421,1.167,0.250
2016-12-01 01:44:52.202,31.841,0.015,-0.591,0.031,0.806,0.420,1.166,0.248
2016-12-01 01:44:52.214,31.841,0.017,-0.603,0.033,0.797,0.420,1.165,0.247
2016-12-01 01:44:52.224,31.863,0.019,-0.614,0.035,0.788,0.419,1.165,0.245
2016-12-01 01:44:52.235,31.863,0.021,-0.625,0.036,0.780,0.418,1.165,0.243
2016-12-01 01:44:52.247,31.884,0.022,-0.635,0.037,0.771,0.417,1.164,0.242
2016-12-01 01:44:52.258,31.905,0.024,-0.644,0.037,0.763,0.417,1.164,0.240
2016-12-01 01:44:52.269,31.905,0.025,-0.653,0.038,0.756,0.416,1.164,0.239
2016-12-01 01:44:52.280,31.905,0.026,-0.660,0.039,0.749,0.416,1.164,0.238
2016-12-01 01:44:52.291,31.927,0.027,-0.668,0.041,0.743,0.415,1.164,0.236
2016-12-01 01:44:52.302,31.927,0.027,-0.675,0.042,0.736,0.415,1.163,0.235
2016-12-01 01:44:52.314,31.948,0.028,-0.681,0.044,0.730,0.415,1.163,0.234
2016-12-01 01:44:52.325,31.948,0.029,-0.688,0.045,0.724,0.415,1.163,0.233
2016-12-01 01:44:52.336,31.969,0.030,-0.693,0.046,0.719,0.415,1.163,0.232
2016-12-01 01:44:52.347,31.991,0.031,-0.698,0.047,0.714,0.415,1.162,0.231
2016-12-01 01:44:52.359,31.991,0.031,-0.702,0.047,0.710,0.414,1.162,0.230
2016-12-01 01:44:52.369,32.012,0.031,-0.706,0.048,0.706,0.414,1.162,0.230
2016-12-01 01:44:52.381,32.012,0.031,-0.709,0.048,0.703,0.414,1.162,0.229
2016-12-01 01:44:52.391,32.033,0.031,-0.712,0.049,0.700,0.414,1.162,0.229
2016-12-01 01:44:52.404,32.033,0.031,-0.714,0.049,0.697,0.414,1.162,0.229
2016-12-01 01:44:52.414,32.055,0.031,-0.717,0.050,0.695,0.414,1.162,0.228
2016-12-01 01:44:52.425,32.055,0.031,-0.719,0.050,0.693,0.414,1.162,0.228
2016-12-01 01:44:52.436,32.076,0.031,-0.721,0.050,0.691,0.414,1.162,0.228
2016-12-01 01:44:52.448,32.076,0.030,-0.723,0.050,0.689,0.414,1.162,0.228
2016-12-01 01:44:52.459,32.097,0.030,-0.725,0.050,0.687,0.414,1.162,0.228
2016-12-01 01:44:52.470,32.097,0.031,-0.727,0.050,0.684,0.413,1.162,0.228
2016-12-01 01:44:52.481,32.119,0.031,-0.729,0.049,0.682,0.413,1.162,0.228
2016-12-01 01:44:52.493,32.119,0.031,-0.731,0.049,0.680,0.413,1.162,0.228
2016-12-01 01:44:52.503,32.140,0.032,-0.733,0.048,0.678,0.413,1.162,0.228
2016-12-01 01:44:52.515,32.140,0.033,-0.735,0.048,0.676,0.413,1.162,0.228
2016-12-01 01:44:52.526,32.161,0.033,-0.737,0.047,0.674,0.413,1.162,0.228
2016-12-01 01:44:52.537,32.183,0.033,-0.739,0.046,0.672,0.413,1.162,0.228
2016-12-01 01:44:52.548,32.183,0.034,-0.740,0.046,0.670,0.413,1.162,0.229
2016-12-01 01:44:52.559,32.204,0.034,-0.742,0.045,0.668,0.413,1.162,0.229
2016-12-01 01:44:52.571,32.204,0.034,-0.744,0.045,0.665,0.413,1.162,0.230
2016-12-01 01:44:52.581,32.225,0.034,-0.746,0.045,0.663,0.413,1.162,0.230
2016-12-01 01:44:52.593,32.225,0.034,-0.748,0.044,0.661,0.414,1.162,0.230
2016-12-01 01:44:52.604,32.225,0.035,-0.750,0.044,0.659,0.414,1.162,0.231
2016-12-01 01:44:52.615,32.247,0.035,-0.752,0.044,0.657,0.414,1.162,0.231
2016-12-01 01:44:52.627,32.268,0.035,-0.753,0.043,0.655,0.414,1.162,0.232
2016-12-01 01:44:52.638,32.268,0.035,-0.755,0.043,0.653,0.414,1.162,0.232
2016-12-01 01:44:52.648,32.289,0.035,-0.756,0.043,0.652,0.414,1.162,0.233
2016-12-01 01:44:52.660,32.289,0.036,-0.757,0.042,0.651,0.414,1.162,0.233
2016-12-01 01:44:52.671,32.311,0.036,-0.758,0.042,0.649,0.414,1.162,0.234
2016-12-01 01:44:52.682,32.311,0.035,-0.759,0.042,0.648,0.414,1.162,0.234
2016-12-01 01:44:52.693,32.332,0.035,-0.760,0.041,0.647,0.414,1.162,0.235
2016-12-01 01:44:52.704,32.332,0.035,-0.761,0.041,0.646,0.414,1.162,0.236
2016-12-01 01:44:52.715,32.353,0.035,-0.762,0.041,0.645,0.414,1.162,0.236
2016-12-01 01:44:52.727,32.375,0.034,-0.763,0.041,0.644,0.414,1.163,0.237
2016-12-01 01:44:52.738,32.375,0.034,-0.764,0.040,0.643,0.414,1.163,0.238
2016-12-01 01:44:52.749,32.396,0.034,-0.764,0.040,0.643,0.414,1.163,0.238
2016-12-01 01:44:52.760,32.396,0.034,-0.765,0.040,0.642,0.414,1.163,0.239
2016-12-01 01:44:52.772,32.396,0.033,-0.766,0.040,0.641,0.414,1.163,0.240
2016-12-01 01:44:52.783,32.417,0.033,-0.766,0.040,0.640,0.414,1.163,0.240
2016-12-01 01:44:52.795,32.417,0.033,-0.767,0.039,0.640,0.414,1.163,0.241
2016-12-01 01:44:52.805,32.439,0.032,-0.768,0.039,0.639,0.414,1.163,0.241
2016-12-01 01:44:52.817,32.460,0.032,-0.768,0.039,0.638,0.414,1.163,0.242
2016-12-01 01:44:52.827,32.460,0.032,-0.769,0.038,0.637,0.414,1.163,0.243
2016-12-01 01:44:52.838,32.481,0.031,-0.769,0.038,0.637,0.413,1.163,0.243
2016-12-01 01:44:52.850,32.481,0.031,-0.770,0.038,0.636,0.413,1.163,0.244
2016-12-01 01:44:52.861,32.503,0.031,-0.771,0.037,0.635,0.413,1.164,0.244
2016-12-01 01:44:52.872,32.503,0.030,-0.771,0.037,0.635,0.413,1.164,0.245
2016-12-01 01:44:52.883,32.524,0.030,-0.772,0.036,0.634,0.413,1.164,0.246
2016-12-01 01:44:52.894,32.524,0.030,-0.773,0.036,0.633,0.413,1.164,0.246
2016-12-01 01:44:52.905,32.545,0.031,-0.773,0.036,0.632,0.412,1.164,0.246
2016-12-01 01:44:52.917,32.545,0.031,-0.774,0.036,0.631,0.412,1.164,0.247
2016-12-01 01:44:52.928,32.567,0.031,-0.775,0.036,0.630,0.412,1.164,0.247
2016-12-01 01:44:52.939,32.567,0.031,-0.776,0.036,0.629,0.412,1.164,0.248
2016-12-01 01:44:52.950,32.588,0.031,-0.777,0.035,0.628,0.412,1.164,0.248
2016-12-01 01:44:52.962,32.588,0.031,-0.778,0.035,0.627,0.412,1.164,0.249
2016-12-01 01:44:52.973,32.609,0.031,-0.779,0.035,0.626,0.411,1.164,0.249
2016-12-01 01:44:52.985,32.609,0.031,-0.780,0.035,0.624,0.411,1.164,0.249
2016-12-01 01:44:52.995,32.631,0.031,-0.782,0.034,0.622,0.411,1.163,0.249
2016-12-01 01:44:53.006,32.652,0.031,-0.783,0.034,0.620,0.411,1.164,0.249
2016-12-01 01:44:53.017,32.652,0.032,-0.785,0.034,0.618,0.410,1.164,0.249
2016-12-01 01:44:53.029,32.673,0.032,-0.786,0.034,0.616,0.410,1.164,0.250
2016-12-01 01:44:53.040,32.673,0.032,-0.788,0.034,0.614,0.410,1.164,0.250
2016-12-01 01:44:53.051,32.695,0.032,-0.790,0.034,0.612,0.410,1.164,0.250
2016-12-01 01:44:53.062,32.695,0.033,-0.791,0.034,0.610,0.410,1.164,0.250
2016-12-01 01:44:53.073,32.716,0.033,-0.793,0.033,0.607,0.410,1.164,0.250
2016-12-01 01:44:53.085,32.716,0.033,-0.795,0.033,0.605,0.410,1.164,0.250
2016-12-01 01:44:53.095,32.716,0.033,-0.797,0.033,0.602,0.410,1.164,0.249
2016-12-01 01:44:53.106,32.737,0.033,-0.799,0.034,0.600,0.410,1.164,0.249
2016-12-01 01:44:53.118,32.759,0.033,-0.801,0.034,0.597,0.409,1.164,0.249
2016-12-01 01:44:53.128,32.759,0.033,-0.803,0.034,0.595,0.409,1.164,0.249
2016-12-01 01:44:53.140,32.780,0.033,-0.804,0.034,0.592,0.409,1.164,0.249
2016-12-01 01:44:53.152,32.780,0.033,-0.806,0.035,0.590,0.409,1.164,0.248
2016-12-01 01:44:53.162,32.801,0.032,-0.808,0.035,0.587,0.409,1.164,0.248
2016-12-01 01:44:53.174,32.801,0.032,-0.810,0.035,0.585,0.409,1.163,0.248
2016-12-01 01:44:53.185,32.823,0.032,-0.811,0.035,0.583,0.409,1.163,0.248
2016-12-01 01:44:53.196,32.823,0.032,-0.813,0.035,0.580,0.409,1.164,0.248
2016-12-01 01:44:53.207,32.844,0.032,-0.815,0.035,0.578,0.409,1.164,0.247
2016-12-01 01:44:53.219,32.865,0.032,-0.816,0.035,0.576,0.409,1.164,0.247
2016-12-01 01:44:53.229,32.865,0.032,-0.817,0.035,0.574,0.409,1.163,0.247
2016-12-01 01:44:53.240,32.865,0.032,-0.819,0.035,0.572,0.409,1.163,0.246
2016-12-01 01:44:53.252,32.887,0.032,-0.820,0.035,0.570,0.409,1.163,0.246
2016-12-01 01:44:53.263,32.887,0.032,-0.821,0.035,0.569,0.409,1.163,0.246
2016-12-01 01:44:53.274,32.908,0.032,-0.822,0.035,0.567,0.409,1.163,0.246
2016-12-01 01:44:53.286,32.929,0.032,-0.823,0.035,0.566,0.409,1.163,0.246
2016-12-01 01:44:53.296,32.929,0.032,-0.824,0.034,0.565,0.409,1.163,0.245
2016-12-01 01:44:53.308,32.951,0.031,-0.825,0.034,0.563,0.409,1.163,0.245
2016-12-01 01:44:53.319,32.951,0.031,-0.826,0.034,0.562,0.408,1.163,0.245
2016-12-01 01:44:53.330,32.972,0.031,-0.826,0.034,0.561,0.408,1.163,0.245
2016-12-01 01:44:53.342,32.972,0.031,-0.827,0.034,0.560,0.408,1.163,0.245
2016-12-01 01:44:53.353,32.993,0.030,-0.828,0.034,0.559,0.408,1.163,0.244
2016-12-01 01:44:53.364,32.993,0.030,-0.828,0.034,0.558,0.408,1.164,0.244
2016-12-01 01:44:53.375,33.015,0.030,-0.829,0.034,0.557,0.408,1.164,0.244
2016-12-01 01:44:53.387,33.036,0.029,-0.830,0.035,0.556,0.408,1.164,0.244
2016-12-01 01:44:53.398,33.036,0.029,-0.830,0.035,0.556,0.408,1.164,0.244
2016-12-01 01:44:53.408,33.036,0.028,-0.831,0.035,0.555,0.408,1.164,0.244
2016-12-01 01:44:53.420,33.057,0.028,-0.831,0.035,0.554,0.408,1.164,0.244
2016-12-01 01:44:53.430,33.057,0.028,-0.832,0.034,0.553,0.408,1.164,0.244
2016-12-01 01:44:53.442,33.079,0.027,-0.833,0.034,0.552,0.408,1.164,0.243
2016-12-01 01:44:53.454,33.079,0.027,-0.833,0.034,0.551,0.408,1.164,0.243
2016-12-01 01:44:53.464,33.100,0.026,-0.834,0.034,0.550,0.408,1.164,0.243
2016-12-01 01:44:53.475,33.100,0.026,-0.834,0.034,0.549,0.408,1.164,0.243
2016-12-01 01:44:53.486,33.121,0.026,-0.835,0.035,0.549,0.408,1.164,0.243
2016-12-01 01:44:53.497,33.143,0.025,-0.836,0.035,0.548,0.408,1.164,0.243
2016-12-01 01:44:53.509,33.143,0.025,-0.836,0.035,0.547,0.408,1.164,0.243
2016-12-01 01:44:53.520,33.164,0.025,-0.837,0.035,0.546,0.408,1.164,0.243
2016-12-01 01:44:53.531,33.164,0.024,-0.837,0.035,0.545,0.408,1.164,0.243
2016-12-01 01:44:53.543,33.185,0.024,-0.838,0.035,0.544,0.408,1.164,0.243
2016-12-01 01:44:53.554,33.185,0.024,-0.839,0.035,0.543,0.408,1.164,0.242
2016-12-01 01:44:53.565,33.207,0.024,-0.839,0.035,0.542,0.408,1.164,0.242
2016-12-01 01:44:53.576,33.207,0.024,-0.840,0.036,0.541,0.408,1.164,0.242
2016-12-01 01:44:53.587,33.228,0.024,-0.841,0.036,0.540,0.409,1.164,0.242
2016-12-01 01:44:53.598,33.228,0.024,-0.841,0.036,0.539,0.409,1.164,0.242
2016-12-01 01:44:53.609,33.249,0.024,-0.842,0.036,0.538,0.409,1.164,0.242
2016-12-01 01:44:53.621,33.249,0.024,-0.843,0.036,0.536,0.409,1.164,0.242
2016-12-01 01:44:53.631,33.271,0.024,-0.844,0.036,0.535,0.409,1.164,0.242
2016-12-01 01:44:53.643,33.271,0.023,-0.844,0.037,0.534,0.409,1.164,0.241
2016-12-01 01:44:53.654,33.292,0.023,-0.845,0.037,0.533,0.409,1.164,0.241
2016-12-01 01:44:53.665,33.292,0.023,-0.846,0.037,0.532,0.409,1.164,0.241
2016-12-01 01:44:53.676,33.313,0.023,-0.847,0.037,0.531,0.409,1.164,0.241
2016-12-01 01:44:53.688,33.335,0.023,-0.847,0.037,0.530,0.409,1.164,0.241
2016-12-01 01:44:53.699,33.335,0.023,-0.848,0.037,0.529,0.409,1.164,0.241
2016-12-01 01:44:53.710,33.356,0.023,-0.848,0.037,0.528,0.409,1.164,0.241
2016-12-01 01:44:53.721,33.356,0.023,-0.849,0.037,0.527,0.409,1.164,0.241
2016-12-01 01:44:53.732,33.356,0.023,-0.849,0.038,0.527,0.409,1.164,0.241
2016-12-01 01:44:53.744,33.377,0.024,-0.849,0.038,0.526,0.409,1.164,0.241
2016-12-01 01:44:53.755,33.377,0.024,-0.850,0.038,0.526,0.409,1.164,0.241
2016-12-01 01:44:53.766,33.399,0.024,-0.850,0.038,0.525,0.409,1.164,0.241
2016-12-01 01:44:53.777,33.420,0.024,-0.850,0.038,0.525,0.409,1.164,0.241
2016-12-01 01:44:53.788,33.420,0.024,-0.850,0.038,0.525,0.409,1.164,0.242
2016-12-01 01:44:53.799,33.441,0.024,-0.850,0.038,0.524,0.409,1.164,0.242
2016-12-01 01:44:53.811,33.441,0.024,-0.850,0.038,0.524,0.409,1.164,0.242
2016-12-01 01:44:53.821,33.463,0.024,-0.850,0.038,0.524,0.409,1.164,0.242
2016-12-01 01:44:53.833,33.463,0.024,-0.851,0.038,0.524,0.409,1.164,0.242
2016-12-01 01:44:53.844,33.484,0.024,-0.851,0.038,0.524,0.409,1.164,0.242
2016-12-01 01:44:53.855,33.484,0.024,-0.851,0.038,0.524,0.409,1.164,0.242
2016-12-01 01:44:53.866,33.505,0.024,-0.851,0.037,0.524,0.409,1.164,0.242
2016-12-01 01:44:53.878,33.527,0.024,-0.851,0.037,0.524,0.409,1.164,0.242
2016-12-01 01:44:53.888,33.527,0.024,-0.850,0.037,0.524,0.409,1.164,0.243
2016-12-01 01:44:53.900,33.527,0.025,-0.850,0.037,0.524,0.409,1.164,0.243
2016-12-01 01:44:53.911,33.548,0.025,-0.850,0.036,0.524,0.409,1.164,0.243
2016-12-01 01:44:53.923,33.548,0.025,-0.850,0.036,0.525,0.409,1.164,0.243
2016-12-01 01:44:53.933,33.569,0.025,-0.850,0.036,0.525,0.409,1.164,0.243
2016-12-01 01:44:53.945,33.569,0.025,-0.850,0.036,0.525,0.409,1.164,0.243
2016-12-01 01:44:53.955,33.591,0.025,-0.850,0.035,0.525,0.409,1.164,0.244
2016-12-01 01:44:53.967,33.612,0.025,-0.850,0.035,0.525,0.408,1.164,0.244
2016-12-01 01:44:53.978,33.612,0.025,-0.850,0.035,0.525,0.408,1.164,0.244
2016-12-01 01:44:53.989,33.633,0.025,-0.850,0.035,0.525,0.408,1.164,0.244
2016-12-01 01:44:54.000,33.633,0.025,-0.850,0.035,0.525,0.408,1.164,0.244
2016-12-01 01:44:54.011,33.655,0.025,-0.850,0.034,0.525,0.408,1.165,0.244
2016-12-01 01:44:54.023,33.655,0.025,-0.850,0.034,0.525,0.408,1.164,0.244
2016-12-01 01:44:54.033,33.676,0.025,-0.850,0.034,0.525,0.408,1.164,0.244
2016-12-01 01:44:54.045,33.676,0.025,-0.850,0.034,0.525,0.408,1.164,0.244
2016-12-01 01:44:54.056,33.676,0.025,-0.850,0.034,0.524,0.408,1.164,0.244
2016-12-01 01:44:54.067,33.697,0.025,-0.851,0.033,0.524,0.408,1.164,0.244
2016-12-01 01:44:54.078,33.719,0.025,-0.851,0.033,0.524,0.408,1.165,0.243
2016-12-01 01:44:54.090,33.719,0.025,-0.851,0.033,0.523,0.408,1.164,0.243
2016-12-01 01:44:54.101,33.740,0.026,-0.852,0.033,0.523,0.408,1.164,0.243
2016-12-01 01:44:54.112,33.740,0.026,-0.852,0.033,0.522,0.408,1.164,0.243
2016-12-01 01:44:54.123,33.761,0.026,-0.852,0.033,0.522,0.408,1.164,0.243
2016-12-01 01:44:54.134,33.761,0.026,-0.853,0.033,0.521,0.408,1.164,0.243
2016-12-01 01:44:54.145,33.783,0.026,-0.853,0.033,0.520,0.408,1.164,0.243
2016-12-01 01:44:54.157,33.804,0.026,-0.853,0.033,0.520,0.408,1.164,0.243
2016-12-01 01:44:54.168,33.804,0.025,-0.853,0.033,0.520,0.409,1.164,0.243
2016-12-01 01:44:54.179,33.825,0.025,-0.854,0.032,0.519,0.409,1.164,0.243
2016-12-01 01:44:54.190,33.825,0.025,-0.854,0.032,0.519,0.409,1.165,0.243
2016-12-01 01:44:54.201,33.847,0.025,-0.854,0.032,0.519,0.409,1.165,0.243
2016-12-01 01:44:54.213,33.847,0.025,-0.854,0.031,0.518,0.409,1.165,0.242
2016-12-01 01:44:54.223,33.847,0.025,-0.854,0.031,0.518,0.409,1.165,0.242
2016-12-01 01:44:54.235,33.868,0.024,-0.855,0.031,0.518,0.409,1.165,0.242
2016-12-01 01:44:54.246,33.889,0.024,-0.855,0.031,0.518,0.409,1.165,0.242
2016-12-01 01:44:54.257,33.889,0.024,-0.855,0.030,0.518,0.410,1.165,0.242
2016-12-01 01:44:54.268,33.911,0.024,-0.855,0.030,0.517,0.410,1.165,0.242
2016-12-01 01:44:54.280,33.911,0.023,-0.855,0.030,0.517,0.410,1.165,0.242
2016-12-01 01:44:54.291,33.932,0.022,-0.855,0.030,0.517,0.410,1.165,0.242
2016-12-01 01:44:54.302,33.932,0.022,-0.855,0.029,0.517,0.410,1.165,0.242
2016-12-01 01:44:54.313,33.953,0.021,-0.855,0.029,0.517,0.410,1.165,0.242
2016-12-01 01:44:54.325,33.953,0.021,-0.855,0.029,0.518,0.411,1.165,0.242
2016-12-01 01:44:54.335,33.975,0.020,-0.855,0.028,0.518,0.411,1.165,0.242
2016-12-01 01:44:54.347,33.996,0.020,-0.855,0.028,0.518,0.411,1.166,0.241
2016-12-01 01:44:54.357,33.996,0.019,-0.855,0.028,0.518,0.411,1.166,0.241
2016-12-01 01:44:54.369,34.017,0.019,-0.854,0.028,0.519,0.411,1.166,0.241
2016-12-01 01:44:54.380,34.017,0.018,-0.854,0.028,0.519,0.411,1.166,0.241
2016-12-01 01:44:54.391,34.017,0.018,-0.854,0.027,0.520,0.412,1.166,0.241
2016-12-01 01:44:54.402,34.039,0.017,-0.854,0.027,0.520,0.412,1.166,0.241
2016-12-01 01:44:54.414,34.039,0.016,-0.853,0.027,0.520,0.412,1.166,0.241
2016-12-01 01:44:54.424,34.060,0.016,-0.853,0.027,0.521,0.412,1.166,0.240
2016-12-01 01:44:54.436,34.060,0.015,-0.853,0.027,0.521,0.412,1.167,0.240
2016-12-01 01:44:54.447,34.081,0.014,-0.852,0.026,0.522,0.413,1.167,0.240
2016-12-01 01:44:54.458,34.103,0.014,-0.852,0.026,0.522,0.413,1.167,0.240
2016-12-01 01:44:54.470,34.103,0.013,-0.852,0.025,0.523,0.413,1.167,0.240
2016-12-01 01:44:54.480,34.124,0.012,-0.852,0.025,0.523,0.413,1.167,0.240
2016-12-01 01:44:54.492,34.124,0.011,-0.851,0.025,0.524,0.413,1.167,0.240
2016-12-01 01:44:54.503,34.145,0.011,-0.851,0.024,0.525,0.413,1.167,0.240
2016-12-01 01:44:54.515,34.145,0.010,-0.850,0.024,0.525,0.414,1.167,0.240
2016-12-01 01:44:54.525,34.167,0.010,-0.850,0.024,0.526,0.414,1.167,0.240
2016-12-01 01:44:54.536,34.167,0.009,-0.850,0.023,0.527,0.414,1.167,0.240
2016-12-01 01:44:54.547,34.188,0.009,-0.849,0.023,0.528,0.414,1.167,0.240
2016-12-01 01:44:54.559,34.188,0.008,-0.848,0.023,0.529,0.414,1.167,0.240
2016-12-01 01:44:54.570,34.209,0.008,-0.847,0.023,0.530,0.414,1.168,0.240
2016-12-01 01:44:54.581,34.209,0.007,-0.847,0.023,0.532,0.415,1.168,0.240
2016-12-01 01:44:54.592,34.231,0.007,-0.846,0.023,0.533,0.415,1.168,0.240
2016-12-01 01:44:54.603,34.231,0.007,-0.845,0.023,0.534,0.415,1.168,0.241
2016-12-01 01:44:54.614,34.252,0.007,-0.844,0.023,0.536,0.415,1.168,0.241
2016-12-01 01:44:54.626,34.273,0.006,-0.843,0.023,0.537,0.415,1.168,0.241
2016-12-01 01:44:54.637,34.273,0.006,-0.843,0.023,0.538,0.415,1.168,0.241
2016-12-01 01:44:54.648,34.295,0.006,-0.842,0.023,0.539,0.415,1.168,0.241
2016-12-01 01:44:54.659,34.295,0.006,-0.841,0.023,0.541,0.415,1.168,0.241
2016-12-01 01:44:54.671,34.316,0.006,-0.840,0.023,0.542,0.415,1.167,0.241
2016-12-01 01:44:54.682,34.316,0.006,-0.839,0.023,0.543,0.415,1.167,0.241
2016-12-01 01:44:54.693,34.337,0.006,-0.839,0.023,0.544,0.415,1.168,0.241
2016-12-01 01:44:54.705,34.337,0.006,-0.838,0.022,0.545,0.416,1.167,0.241
2016-12-01 01:44:54.716,34.337,0.006,-0.837,0.022,0.547,0.416,1.167,0.241
2016-12-01 01:44:54.726,34.359,0.006,-0.836,0.022,0.548,0.416,1.168,0.241
2016-12-01 01:44:54.737,34.380,0.006,-0.836,0.023,0.549,0.416,1.168,0.241
2016-12-01 01:44:54.749,34.380,0.006,-0.835,0.023,0.550,0.416,1.168,0.242
2016-12-01 01:44:54.760,34.401,0.006,-0.835,0.023,0.550,0.416,1.167,0.242
2016-12-01 01:44:54.771,34.401,0.006,-0.834,0.023,0.551,0.416,1.167,0.242
2016-12-01 01:44:54.782,34.423,0.006,-0.833,0.023,0.552,0.416,1.168,0.242
2016-12-01 01:44:54.794,34.423,0.006,-0.833,0.022,0.553,0.416,1.168,0.242
2016-12-01 01:44:54.804,34.444,0.005,-0.832,0.022,0.554,0.416,1.168,0.242
2016-12-01 01:44:54.816,34.465,0.005,-0.832,0.022,0.554,0.416,1.168,0.242
2016-12-01 01:44:54.826,34.465,0.005,-0.831,0.021,0.555,0.416,1.168,0.242
2016-12-01 01:44:54.838,34.487,0.005,-0.831,0.021,0.556,0.416,1.168,0.242
2016-12-01 01:44:54.850,34.487,0.005,-0.831,0.020,0.556,0.416,1.168,0.243
2016-12-01 01:44:54.860,34.487,0.004,-0.830,0.020,0.557,0.416,1.168,0.243
2016-12-01 01:44:54.871,34.508,0.004,-0.830,0.020,0.558,0.416,1.168,0.243
2016-12-01 01:44:54.883,34.508,0.004,-0.829,0.019,0.559,0.416,1.169,0.243
2016-12-01 01:44:54.894,34.529,0.004,-0.829,0.019,0.559,0.416,1.169,0.243
2016-12-01 01:44:54.905,34.529,0.003,-0.828,0.018,0.560,0.416,1.169,0.243
2016-12-01 01:44:54.916,34.551,0.003,-0.828,0.018,0.561,0.416,1.169,0.243
2016-12-01 01:44:54.928,34.572,0.003,-0.827,0.017,0.562,0.416,1.169,0.243
2016-12-01 01:44:54.939,34.572,0.002,-0.826,0.017,0.563,0.416,1.169,0.244
2016-12-01 01:44:54.949,34.593,0.002,-0.825,0.016,0.564,0.416,1.169,0.244
2016-12-01 01:44:54.960,34.593,0.002,-0.824,0.016,0.566,0.416,1.169,0.244
2016-12-01 01:44:54.972,34.615,0.001,-0.824,0.016,0.567,0.417,1.169,0.244
2016-12-01 01:44:54.984,34.615,0.001,-0.823,0.015,0.568,0.416,1.169,0.244
2016-12-01 01:44:54.995,34.636,0.001,-0.822,0.015,0.570,0.416,1.169,0.244
2016-12-01 01:44:55.006,34.636,0.001,-0.821,0.015,0.571,0.416,1.170,0.245
2016-12-01 01:44:55.016,34.657,0.000,-0.820,0.015,0.573,0.416,1.170,0.245
2016-12-01 01:44:55.028,34.657,0.000,-0.818,0.015,0.574,0.416,1.170,0.245
2016-12-01 01:44:55.039,34.679,0.000,-0.817,0.015,0.576,0.416,1.169,0.245
2016-12-01 01:44:55.051,34.679,0.001,-0.816,0.015,0.578,0.416,1.169,0.246
2016-12-01 01:44:55.061,34.700,0.001,-0.815,0.016,0.580,0.416,1.169,0.246
2016-12-01 01:44:55.072,34.700,0.001,-0.814,0.016,0.581,0.416,1.169,0.246
2016-12-01 01:44:55.083,34.721,0.001,-0.812,0.016,0.583,0.416,1.169,0.246
2016-12-01 01:44:55.095,34.721,0.001,-0.811,0.016,0.585,0.416,1.169,0.246
2016-12-01 01:44:55.106,34.743,0.002,-0.810,0.016,0.586,0.416,1.169,0.246
2016-12-01 01:44:55.117,34.764,0.002,-0.809,0.016,0.588,0.416,1.169,0.247
2016-12-01 01:44:55.128,34.764,0.003,-0.808,0.016,0.590,0.416,1.169,0.247
2016-12-01 01:44:55.139,34.785,0.004,-0.806,0.016,0.591,0.416,1.169,0.247
2016-12-01 01:44:55.151,34.785,0.004,-0.805,0.016,0.593,0.416,1.169,0.247
2016-12-01 01:44:55.162,34.807,0.005,-0.804,0.016,0.594,0.416,1.169,0.247
2016-12-01 01:44:55.173,34.807,0.006,-0.803,0.016,0.596,0.416,1.169,0.248
2016-12-01 01:44:55.184,34.828,0.006,-0.802,0.016,0.598,0.416,1.169,0.248
2016-12-01 01:44:55.195,34.828,0.007,-0.801,0.017,0.599,0.416,1.169,0.248
2016-12-01 01:44:55.207,34.849,0.008,-0.800,0.017,0.600,0.416,1.168,0.248
2016-12-01 01:44:55.218,34.849,0.008,-0.799,0.017,0.602,0.416,1.168,0.248
2016-12-01 01:44:55.229,34.871,0.009,-0.797,0.017,0.603,0.416,1.168,0.248
2016-12-01 01:44:55.241,34.871,0.010,-0.797,0.017,0.604,0.416,1.168,0.248
2016-12-01 01:44:55.251,34.892,0.010,-0.796,0.017,0.606,0.416,1.168,0.248
2016-12-01 01:44:55.262,34.892,0.011,-0.795,0.017,0.607,0.416,1.168,0.249
2016-12-01 01:44:55.274,34.913,0.012,-0.794,0.018,0.608,0.416,1.167,0.249
2016-12-01 01:44:55.285,34.913,0.012,-0.793,0.018,0.609,0.416,1.167,0.249
2016-12-01 01:44:55.296,34.935,0.013,-0.792,0.019,0.611,0.416,1.167,0.249
2016-12-01 01:44:55.307,34.956,0.013,-0.791,0.019,0.612,0.416,1.167,0.249
2016-12-01 01:44:55.319,34.956,0.014,-0.790,0.019,0.613,0.416,1.167,0.249
2016-12-01 01:44:55.329,34.977,0.014,-0.789,0.019,0.614,0.416,1.167,0.249
2016-12-01 01:44:55.341,34.977,0.014,-0.788,0.019,0.616,0.416,1.167,0.249
2016-12-01 01:44:55.351,34.977,0.015,-0.787,0.020,0.617,0.416,1.166,0.249
2016-12-01 01:44:55.363,34.999,0.015,-0.786,0.020,0.618,0.416,1.166,0.249
2016-12-01 01:44:55.374,34.999,0.015,-0.784,0.020,0.620,0.416,1.166,0.248
2016-12-01 01:44:55.385,35.020,0.015,-0.783,0.020,0.621,0.416,1.166,0.248
2016-12-01 01:44:55.397,35.041,0.016,-0.782,0.020,0.623,0.416,1.166,0.248
2016-12-01 01:44:55.408,35.041,0.016,-0.781,0.020,0.624,0.416,1.166,0.248
2016-12-01 01:44:55.419,35.063,0.016,-0.780,0.020,0.626,0.416,1.167,0.248
2016-12-01 01:44:55.430,35.063,0.015,-0.778,0.020,0.627,0.416,1.167,0.248
2016-12-01 01:44:55.441,35.084,0.015,-0.777,0.020,0.629,0.416,1.167,0.248
2016-12-01 01:44:55.453,35.084,0.015,-0.776,0.020,0.631,0.416,1.167,0.249
2016-12-01 01:44:55.463,35.105,0.015,-0.774,0.020,0.633,0.416,1.167,0.249
2016-12-01 01:44:55.475,35.105,0.015,-0.773,0.019,0.634,0.416,1.167,0.248
2016-12-01 01:44:55.486,35.127,0.014,-0.771,0.019,0.636,0.416,1.167,0.248
2016-12-01 01:44:55.497,35.148,0.014,-0.770,0.019,0.638,0.416,1.167,0.248
2016-12-01 01:44:55.508,35.148,0.014,-0.768,0.019,0.640,0.416,1.167,0.248
2016-12-01 01:44:55.519,35.148,0.013,-0.767,0.018,0.642,0.416,1.167,0.248
2016-12-01 01:44:55.531,35.169,0.013,-0.765,0.018,0.644,0.416,1.167,0.248
2016-12-01 01:44:55.542,35.169,0.012,-0.764,0.018,0.645,0.417,1.167,0.248
2016-12-01 01:44:55.553,35.191,0.012,-0.762,0.018,0.647,0.417,1.167,0.248
2016-12-01 01:44:55.564,35.191,0.012,-0.760,0.018,0.649,0.417,1.167,0.248
2016-12-01 01:44:55.575,35.212,0.011,-0.759,0.018,0.651,0.417,1.167,0.248
2016-12-01 01:44:55.587,35.233,0.011,-0.757,0.018,0.653,0.417,1.167,0.248
2016-12-01 01:44:55.597,35.233,0.011,-0.756,0.018,0.654,0.417,1.167,0.248
2016-12-01 01:44:55.609,35.255,0.010,-0.755,0.018,0.656,0.417,1.168,0.248
2016-12-01 01:44:55.620,35.255,0.010,-0.753,0.018,0.658,0.417,1.168,0.248
2016-12-01 01:44:55.631,35.276,0.010,-0.752,0.018,0.659,0.417,1.168,0.247
2016-12-01 01:44:55.643,35.276,0.009,-0.750,0.018,0.661,0.417,1.168,0.247
2016-12-01 01:44:55.653,35.297,0.009,-0.748,0.017,0.663,0.417,1.168,0.247
2016-12-01 01:44:55.664,35.297,0.008,-0.746,0.017,0.666,0.417,1.168,0.247
2016-12-01 01:44:55.675,35.297,0.008,-0.743,0.017,0.669,0.417,1.168,0.247
2016-12-01 01:44:55.687,35.319,0.007,-0.740,0.017,0.673,0.417,1.168,0.248
2016-12-01 01:44:55.698,35.340,0.006,-0.736,0.017,0.676,0.417,1.168,0.248
2016-12-01 01:44:55.710,35.340,0.005,-0.733,0.017,0.680,0.417,1.168,0.248
2016-12-01 01:44:55.720,35.361,0.005,-0.730,0.017,0.683,0.417,1.168,0.248
2016-12-01 01:44:55.731,35.361,0.005,-0.727,0.017,0.687,0.418,1.168,0.248
2016-12-01 01:44:55.743,35.383,0.004,-0.724,0.017,0.690,0.418,1.168,0.249
2016-12-01 01:44:55.754,35.383,0.004,-0.721,0.017,0.693,0.418,1.168,0.249
2016-12-01 01:44:55.765,35.404,0.005,-0.718,0.017,0.696,0.418,1.168,0.249
2016-12-01 01:44:55.777,35.404,0.005,-0.715,0.017,0.699,0.418,1.168,0.249
2016-12-01 01:44:55.787,35.404,0.005,-0.712,0.016,0.702,0.419,1.169,0.250
2016-12-01 01:44:55.799,35.425,0.006,-0.710,0.016,0.704,0.419,1.168,0.250
2016-12-01 01:44:55.810,35.425,0.007,-0.707,0.016,0.707,0.419,1.168,0.250
2016-12-01 01:44:55.821,35.447,0.007,-0.705,0.016,0.709,0.419,1.169,0.250
2016-12-01 01:44:55.832,35.447,0.008,-0.703,0.016,0.711,0.419,1.168,0.250
2016-12-01 01:44:55.844,35.447,0.008,-0.701,0.016,0.713,0.419,1.168,0.250
2016-12-01 01:44:55.855,35.468,0.009,-0.699,0.016,0.715,0.419,1.168,0.250
2016-12-01 01:44:55.866,35.468,0.009,-0.697,0.016,0.717,0.419,1.168,0.251
2016-12-01 01:44:55.877,35.489,0.010,-0.695,0.016,0.719,0.419,1.168,0.251
2016-12-01 01:44:55.889,35.511,0.011,-0.693,0.015,0.721,0.419,1.168,0.251
2016-12-01 01:44:55.899,35.511,0.012,-0.691,0.015,0.723,0.419,1.168,0.251
2016-12-01 01:44:55.910,35.532,0.013,-0.689,0.015,0.725,0.419,1.168,0.251
2016-12-01 01:44:55.921,35.532,0.013,-0.687,0.015,0.727,0.419,1.168,0.251
2016-12-01 01:44:55.932,35.553,0.014,-0.684,0.015,0.729,0.419,1.168,0.251
2016-12-01 01:44:55.944,35.553,0.014,-0.682,0.014,0.731,0.419,1.168,0.252
2016-12-01 01:44:55.954,35.575,0.014,-0.680,0.014,0.733,0.419,1.168,0.252
2016-12-01 01:44:55.967,35.596,0.014,-0.677,0.013,0.736,0.419,1.168,0.252
2016-12-01 01:44:55.977,35.596,0.015,-0.674,0.013,0.738,0.419,1.168,0.252
2016-12-01 01:44:55.988,35.617,0.016,-0.671,0.013,0.741,0.419,1.168,0.253
2016-12-01 01:44:56.000,35.617,0.017,-0.668,0.012,0.744,0.419,1.167,0.253
2016-12-01 01:44:56.011,35.617,0.018,-0.665,0.012,0.746,0.419,1.167,0.253
2016-12-01 01:44:56.022,35.639,0.020,-0.663,0.012,0.749,0.419,1.167,0.254
2016-12-01 01:44:56.033,35.639,0.021,-0.660,0.012,0.751,0.419,1.167,0.254
2016-12-01 01:44:56.044,35.660,0.022,-0.657,0.012,0.753,0.420,1.167,0.255
2016-12-01 01:44:56.055,35.660,0.024,-0.654,0.012,0.756,0.419,1.167,0.255
2016-12-01 01:44:56.066,35.681,0.025,-0.652,0.011,0.758,0.419,1.166,0.255
2016-12-01 01:44:56.078,35.703,0.026,-0.649,0.010,0.760,0.419,1.166,0.256
2016-12-01 01:44:56.089,35.703,0.027,-0.647,0.010,0.762,0.419,1.166,0.256
2016-12-01 01:44:56.100,35.724,0.028,-0.644,0.009,0.764,0.419,1.166,0.257
2016-12-01 01:44:56.111,35.724,0.029,-0.642,0.008,0.766,0.419,1.166,0.257
2016-12-01 01:44:56.122,35.745,0.029,-0.640,0.007,0.768,0.419,1.166,0.257
2016-12-01 01:44:56.134,35.745,0.028,-0.638,0.006,0.769,0.419,1.166,0.257
2016-12-01 01:44:56.145,35.767,0.026,-0.636,0.004,0.771,0.419,1.167,0.258
2016-12-01 01:44:56.156,35.767,0.023,-0.635,0.003,0.772,0.419,1.167,0.258
2016-12-01 01:44:56.168,35.788,0.021,-0.633,0.001,0.774,0.419,1.168,0.258
2016-12-01 01:44:56.179,35.788,0.020,-0.632,0.000,0.775,0.419,1.168,0.258
2016-12-01 01:44:56.189,35.809,0.019,-0.630,-0.001,0.776,0.419,1.168,0.259
2016-12-01 01:44:56.201,35.809,0.018,-0.628,-0.002,0.778,0.419,1.169,0.259
2016-12-01 01:44:56.212,35.831,0.017,-0.626,-0.003,0.779,0.419,1.169,0.259
2016-12-01 01:44:56.223,35.831,0.017,-0.625,-0.004,0.781,0.419,1.169,0.259
2016-12-01 01:44:56.234,35.852,0.016,-0.623,-0.004,0.782,0.419,1.169,0.259
2016-12-01 01:44:56.246,35.852,0.016,-0.621,-0.005,0.783,0.419,1.169,0.259
2016-12-01 01:44:56.256,35.873,0.016,-0.620,-0.005,0.784,0.419,1.169,0.259
2016-12-01 01:44:56.268,35.895,0.016,-0.619,-0.006,0.786,0.419,1.169,0.259
2016-12-01 01:44:56.279,35.895,0.016,-0.617,-0.007,0.787,0.419,1.169,0.259
2016-12-01 01:44:56.290,35.916,0.016,-0.616,-0.008,0.788,0.419,1.169,0.259
2016-12-01 01:44:56.301,35.916,0.017,-0.614,-0.010,0.789,0.419,1.169,0.259
2016-12-01 01:44:56.312,35.937,0.018,-0.613,-0.011,0.790,0.420,1.169,0.259
2016-12-01 01:44:56.324,35.937,0.020,-0.612,-0.012,0.790,0.420,1.169,0.259
2016-12-01 01:44:56.335,35.937,0.021,-0.611,-0.014,0.791,0.420,1.169,0.259
2016-12-01 01:44:56.346,35.959,0.022,-0.610,-0.015,0.792,0.420,1.169,0.259
2016-12-01 01:44:56.357,35.980,0.023,-0.610,-0.016,0.792,0.420,1.169,0.259
2016-12-01 01:44:56.369,35.980,0.024,-0.609,-0.018,0.793,0.419,1.169,0.259
2016-12-01 01:44:56.379,36.001,0.025,-0.608,-0.019,0.793,0.419,1.169,0.259
2016-12-01 01:44:56.390,36.001,0.027,-0.608,-0.020,0.794,0.420,1.168,0.259
2016-12-01 01:44:56.402,36.023,0.028,-0.607,-0.021,0.794,0.420,1.168,0.259
2016-12-01 01:44:56.413,36.023,0.030,-0.607,-0.022,0.794,0.420,1.168,0.260
2016-12-01 01:44:56.424,36.044,0.031,-0.606,-0.023,0.794,0.419,1.168,0.259
2016-12-01 01:44:56.436,36.044,0.033,-0.606,-0.024,0.794,0.419,1.168,0.259
2016-12-01 01:44:56.446,36.065,0.035,-0.606,-0.025,0.794,0.420,1.167,0.259
2016-12-01 01:44:56.457,36.087,0.037,-0.606,-0.025,0.794,0.420,1.167,0.260
2016-12-01 01:44:56.469,36.087,0.038,-0.606,-0.025,0.794,0.420,1.167,0.260
2016-12-01 01:44:56.479,36.087,0.040,-0.605,-0.025,0.795,0.420,1.167,0.260
2016-12-01 01:44:56.491,36.108,0.040,-0.605,-0.025,0.795,0.420,1.167,0.260
2016-12-01 01:44:56.503,36.108,0.041,-0.604,-0.025,0.796,0.420,1.167,0.260
2016-12-01 01:44:56.513,36.129,0.042,-0.603,-0.025,0.796,0.420,1.167,0.260
2016-12-01 01:44:56.525,36.129,0.043,-0.602,-0.025,0.797,0.420,1.167,0.260
2016-12-01 01:44:56.536,36.151,0.043,-0.602,-0.024,0.797,0.420,1.167,0.260
2016-12-01 01:44:56.547,36.172,0.043,-0.601,-0.023,0.798,0.421,1.167,0.260
2016-12-01 01:44:56.558,36.172,0.043,-0.600,-0.022,0.799,0.421,1.167,0.260
2016-12-01 01:44:56.569,36.193,0.042,-0.599,-0.021,0.800,0.421,1.167,0.260
2016-12-01 01:44:56.580,36.193,0.042,-0.598,-0.020,0.800,0.421,1.167,0.260
2016-12-01 01:44:56.592,36.215,0.041,-0.597,-0.018,0.801,0.422,1.167,0.260
2016-12-01 01:44:56.603,36.215,0.040,-0.596,-0.016,0.802,0.422,1.167,0.260
2016-12-01 01:44:56.614,36.236,0.040,-0.595,-0.014,0.802,0.422,1.167,0.260
2016-12-01 01:44:56.625,36.236,0.039,-0.595,-0.012,0.803,0.423,1.166,0.260
2016-12-01 01:44:56.636,36.257,0.037,-0.594,-0.011,0.803,0.423,1.166,0.260
2016-12-01 01:44:56.648,36.257,0.035,-0.594,-0.009,0.804,0.423,1.167,0.260
2016-12-01 01:44:56.658,36.279,0.033,-0.594,-0.007,0.804,0.423,1.167,0.260
2016-12-01 01:44:56.670,36.279,0.030,-0.594,-0.006,0.804,0.423,1.167,0.259
2016-12-01 01:44:56.681,36.300,0.029,-0.595,-0.005,0.803,0.423,1.167,0.259
2016-12-01 01:44:56.692,36.300,0.027,-0.596,-0.005,0.802,0.423,1.167,0.258
2016-12-01 01:44:56.703,36.321,0.025,-0.598,-0.003,0.801,0.423,1.167,0.258
2016-12-01 01:44:56.715,36.321,0.022,-0.600,-0.001,0.800,0.423,1.167,0.257
2016-12-01 01:44:56.726,36.343,0.020,-0.602,0.001,0.798,0.423,1.167,0.256
2016-12-01 01:44:56.737,36.364,0.018,-0.605,0.002,0.796,0.423,1.167,0.256
2016-12-01 01:44:56.748,36.364,0.017,-0.608,0.003,0.793,0.423,1.168,0.255
2016-12-01 01:44:56.759,36.385,0.015,-0.611,0.003,0.791,0.423,1.168,0.254
2016-12-01 01:44:56.771,36.385,0.013,-0.614,0.003,0.789,0.423,1.168,0.254
2016-12-01 01:44:56.781,36.407,0.010,-0.618,0.004,0.786,0.423,1.168,0.253
2016-12-01 01:44:56.793,36.407,0.008,-0.621,0.004,0.784,0.424,1.169,0.252
2016-12-01 01:44:56.804,36.428,0.004,-0.625,0.005,0.781,0.424,1.169,0.251
2016-12-01 01:44:56.815,36.428,0.001,-0.629,0.006,0.778,0.424,1.169,0.250
2016-12-01 01:44:56.826,36.428,-0.002,-0.632,0.007,0.775,0.424,1.170,0.250
2016-12-01 01:44:56.837,36.449,-0.006,-0.636,0.008,0.772,0.424,1.170,0.249
2016-12-01 01:44:56.849,36.471,-0.009,-0.639,0.008,0.769,0.424,1.170,0.248
2016-12-01 01:44:56.860,36.471,-0.012,-0.643,0.009,0.766,0.424,1.171,0.248
2016-12-01 01:44:56.871,36.492,-0.016,-0.646,0.009,0.763,0.424,1.171,0.247
2016-12-01 01:44:56.882,36.492,-0.020,-0.650,0.010,0.760,0.424,1.171,0.246
2016-12-01 01:44:56.893,36.513,-0.025,-0.653,0.010,0.757,0.424,1.171,0.245
2016-12-01 01:44:56.905,36.513,-0.029,-0.657,0.011,0.753,0.424,1.171,0.244
2016-12-01 01:44:56.916,36.535,-0.034,-0.661,0.012,0.749,0.423,1.172,0.243
2016-12-01 01:44:56.927,36.556,-0.038,-0.665,0.012,0.746,0.423,1.172,0.242
2016-12-01 01:44:56.938,36.556,-0.042,-0.669,0.012,0.742,0.423,1.172,0.241
2016-12-01 01:44:56.949,36.577,-0.046,-0.672,0.011,0.739,0.423,1.172,0.240
2016-12-01 01:44:56.961,36.577,-0.049,-0.676,0.010,0.735,0.422,1.172,0.240
2016-12-01 01:44:56.972,36.577,-0.051,-0.680,0.009,0.732,0.422,1.172,0.239
2016-12-01 01:44:56.983,36.599,-0.052,-0.683,0.008,0.728,0.422,1.172,0.238
2016-12-01 01:44:56.994,36.599,-0.054,-0.687,0.007,0.725,0.422,1.173,0.237
2016-12-01 01:44:57.005,36.620,-0.055,-0.691,0.006,0.721,0.422,1.172,0.236
2016-12-01 01:44:57.016,36.641,-0.056,-0.694,0.004,0.718,0.422,1.172,0.236
2016-12-01 01:44:57.028,36.641,-0.057,-0.696,0.003,0.716,0.422,1.172,0.235
2016-12-01 01:44:57.038,36.663,-0.058,-0.699,0.002,0.713,0.422,1.172,0.235
2016-12-01 01:44:57.049,36.663,-0.058,-0.700,0.000,0.711,0.422,1.172,0.234
2016-12-01 01:44:57.061,36.684,-0.058,-0.702,-0.001,0.710,0.422,1.172,0.233
2016-12-01 01:44:57.072,36.684,-0.058,-0.704,-0.002,0.708,0.422,1.172,0.233
2016-12-01 01:44:57.083,36.705,-0.059,-0.706,-0.002,0.706,0.422,1.171,0.232
2016-12-01 01:44:57.095,36.705,-0.059,-0.707,-0.002,0.704,0.421,1.171,0.232
2016-12-01 01:44:57.105,36.727,-0.060,-0.709,-0.002,0.703,0.421,1.170,0.232
2016-12-01 01:44:57.117,36.748,-0.061,-0.711,-0.001,0.701,0.421,1.170,0.232
2016-12-01 01:44:57.128,36.748,-0.062,-0.712,-0.001,0.699,0.421,1.170,0.231
2016-12-01 01:44:57.139,36.748,-0.063,-0.714,-0.001,0.697,0.420,1.169,0.231
2016-12-01 01:44:57.150,36.769,-0.064,-0.716,-0.001,0.695,0.420,1.169,0.231
2016-12-01 01:44:57.162,36.769,-0.065,-0.718,-0.001,0.693,0.419,1.169,0.230
2016-12-01 01:44:57.172,36.791,-0.066,-0.721,-0.001,0.690,0.419,1.168,0.230
2016-12-01 01:44:57.184,36.791,-0.067,-0.723,-0.001,0.687,0.419,1.168,0.230
2016-12-01 01:44:57.195,36.812,-0.068,-0.726,0.000,0.685,0.418,1.168,0.230
2016-12-01 01:44:57.206,36.833,-0.069,-0.728,0.001,0.682,0.417,1.167,0.230
2016-12-01 01:44:57.217,36.833,-0.070,-0.731,0.001,0.679,0.417,1.167,0.230
2016-12-01 01:44:57.228,36.855,-0.071,-0.734,0.002,0.676,0.417,1.167,0.230
2016-12-01 01:44:57.239,36.855,-0.073,-0.736,0.002,0.672,0.416,1.167,0.231
2016-12-01 01:44:57.250,36.876,-0.076,-0.739,0.002,0.669,0.416,1.166,0.231
2016-12-01 01:44:57.262,36.876,-0.078,-0.742,0.001,0.666,0.415,1.166,0.231
2016-12-01 01:44:57.273,36.897,-0.081,-0.744,0.000,0.663,0.415,1.166,0.231
2016-12-01 01:44:57.284,36.897,-0.084,-0.747,-0.002,0.660,0.414,1.166,0.231
2016-12-01 01:44:57.295,36.897,-0.088,-0.749,-0.003,0.657,0.414,1.166,0.232
2016-12-01 01:44:57.306,36.919,-0.091,-0.751,-0.004,0.654,0.413,1.166,0.232
2016-12-01 01:44:57.318,36.940,-0.092,-0.754,-0.005,0.650,0.413,1.166,0.232
2016-12-01 01:44:57.329,36.940,-0.093,-0.757,-0.005,0.647,0.413,1.166,0.233
2016-12-01 01:44:57.340,36.961,-0.094,-0.760,-0.006,0.643,0.413,1.166,0.233
2016-12-01 01:44:57.351,36.961,-0.094,-0.763,-0.006,0.639,0.412,1.166,0.233
2016-12-01 01:44:57.362,36.983,-0.093,-0.767,-0.006,0.635,0.412,1.166,0.233
2016-12-01 01:44:57.374,36.983,-0.092,-0.770,-0.007,0.631,0.412,1.166,0.234
2016-12-01 01:44:57.385,37.004,-0.090,-0.773,-0.008,0.627,0.412,1.166,0.234
2016-12-01 01:44:57.396,37.025,-0.088,-0.777,-0.009,0.624,0.412,1.166,0.234
2016-12-01 01:44:57.407,37.025,-0.086,-0.780,-0.011,0.620,0.412,1.166,0.234
2016-12-01 01:44:57.418,37.047,-0.083,-0.784,-0.013,0.616,0.412,1.166,0.234
2016-12-01 01:44:57.429,37.047,-0.081,-0.787,-0.014,0.612,0.411,1.166,0.235
2016-12-01 01:44:57.440,37.068,-0.079,-0.790,-0.016,0.607,0.411,1.166,0.235
2016-12-01 01:44:57.451,37.068,-0.078,-0.794,-0.017,0.603,0.411,1.167,0.235
2016-12-01 01:44:57.463,37.068,-0.076,-0.797,-0.018,0.599,0.411,1.167,0.235
2016-12-01 01:44:57.474,37.089,-0.074,-0.800,-0.018,0.595,0.411,1.167,0.235
2016-12-01 01:44:57.486,37.089,-0.073,-0.804,-0.019,0.591,0.411,1.167,0.235
2016-12-01 01:44:57.496,37.111,-0.071,-0.807,-0.019,0.586,0.411,1.167,0.235
2016-12-01 01:44:57.508,37.132,-0.070,-0.810,-0.019,0.582,0.411,1.167,0.234
2016-12-01 01:44:57.519,37.132,-0.068,-0.813,-0.018,0.578,0.411,1.167,0.234
2016-12-01 01:44:57.530,37.153,-0.067,-0.816,-0.018,0.574,0.411,1.166,0.234
2016-12-01 01:44:57.541,37.153,-0.065,-0.819,-0.017,0.570,0.411,1.166,0.234
2016-12-01 01:44:57.552,37.175,-0.063,-0.822,-0.016,0.566,0.411,1.166,0.234
2016-12-01 01:44:57.564,37.175,-0.061,-0.824,-0.016,0.562,0.411,1.166,0.234
2016-12-01 01:44:57.574,37.196,-0.060,-0.827,-0.015,0.559,0.411,1.165,0.234
2016-12-01 01:44:57.586,37.217,-0.058,-0.830,-0.015,0.555,0.411,1.165,0.234
2016-12-01 01:44:57.597,37.217,-0.056,-0.832,-0.015,0.551,0.411,1.165,0.234
2016-12-01 01:44:57.608,37.239,-0.053,-0.835,-0.015,0.548,0.411,1.165,0.233
2016-12-01 01:44:57.619,37.239,-0.051,-0.837,-0.016,0.544,0.412,1.165,0.233
2016-12-01 01:44:57.630,37.239,-0.049,-0.839,-0.017,0.541,0.412,1.165,0.233
2016-12-01 01:44:57.641,37.260,-0.048,-0.842,-0.018,0.538,0.412,1.165,0.233
2016-12-01 01:44:57.653,37.260,-0.047,-0.844,-0.020,0.535,0.412,1.165,0.233
2016-12-01 01:44:57.664,37.281,-0.046,-0.845,-0.022,0.532,0.413,1.165,0.233
2016-12-01 01:44:57.676,37.281,-0.045,-0.847,-0.024,0.529,0.413,1.165,0.233
2016-12-01 01:44:57.686,37.303,-0.044,-0.849,-0.026,0.527,0.414,1.166,0.233
2016-12-01 01:44:57.697,37.324,-0.044,-0.850,-0.028,0.524,0.414,1.166,0.233
2016-12-01 01:44:57.709,37.324,-0.044,-0.852,-0.029,0.521,0.414,1.166,0.233
2016-12-01 01:44:57.720,37.345,-0.044,-0.854,-0.031,0.518,0.415,1.167,0.233
2016-12-01 01:44:57.731,37.345,-0.043,-0.855,-0.033,0.515,0.416,1.167,0.233
2016-12-01 01:44:57.742,37.367,-0.043,-0.857,-0.034,0.512,0.416,1.168,0.233
2016-12-01 01:44:57.753,37.367,-0.043,-0.859,-0.035,0.508,0.417,1.168,0.232
2016-12-01 01:44:57.764,37.388,-0.042,-0.861,-0.037,0.505,0.417,1.168,0.232
2016-12-01 01:44:57.776,37.388,-0.042,-0.864,-0.037,0.501,0.418,1.168,0.232
2016-12-01 01:44:57.786,37.409,0.041,0.866,0.038,-0.497,0.418,1.168,0.232
2016-12-01 01:44:57.798,37.409,0.040,0.868,0.039,-0.494,0.419,1.168,0.232
2016-12-01 01:44:57.809,37.431,0.039,0.869,0.039,-0.491,0.419,1.168,0.232
2016-12-01 01:44:57.820,37.431,0.038,0.871,0.039,-0.488,0.420,1.168,0.232
2016-12-01 01:44:57.831,37.452,0.037,0.873,0.038,-0.485,0.420,1.168,0.231
2016-12-01 01:44:57.843,37.452,0.036,0.874,0.038,-0.483,0.420,1.168,0.231
2016-12-01 01:44:57.854,37.473,0.035,0.876,0.037,-0.480,0.421,1.168,0.231
2016-12-01 01:44:57.866,37.473,0.034,0.877,0.036,-0.478,0.421,1.168,0.231
2016-12-01 01:44:57.876,37.495,0.033,0.878,0.035,-0.476,0.421,1.168,0.231
2016-12-01 01:44:57.887,37.516,0.031,0.880,0.035,-0.473,0.422,1.167,0.231
2016-12-01 01:44:57.899,37.516,0.030,0.881,0.034,-0.471,0.422,1.167,0.231
2016-12-01 01:44:57.910,37.537,0.029,0.883,0.033,-0.468,0.422,1.167,0.231
2016-12-01 01:44:57.921,37.537,0.027,0.884,0.032,-0.466,0.422,1.166,0.230
2016-12-01 01:44:57.932,37.559,0.026,0.885,0.031,-0.464,0.422,1.166,0.230
2016-12-01 01:44:57.944,37.559,0.024,0.886,0.030,-0.462,0.422,1.166,0.230
2016-12-01 01:44:57.954,37.559,0.023,0.887,0.029,-0.461,0.422,1.166,0.230
2016-12-01 01:44:57.965,37.580,0.021,0.888,0.028,-0.459,0.423,1.166,0.230
2016-12-01 01:44:57.977,37.601,0.020,0.888,0.028,-0.458,0.423,1.166,0.230
2016-12-01 01:44:57.987,37.601,0.019,0.889,0.027,-0.457,0.423,1.165,0.230
2016-12-01 01:44:57.999,37.623,0.018,0.889,0.026,-0.456,0.422,1.165,0.230
2016-12-01 01:44:58.011,37.623,0.017,0.890,0.026,-0.455,0.422,1.165,0.230
2016-12-01 01:44:58.021,37.644,0.016,0.890,0.026,-0.455,0.422,1.165,0.231
2016-12-01 01:44:58.033,37.644,0.016,0.891,0.026,-0.454,0.422,1.165,0.231
2016-12-01 01:44:58.044,37.665,0.015,0.891,0.026,-0.453,0.422,1.165,0.231
2016-12-01 01:44:58.055,37.665,0.015,0.891,0.026,-0.453,0.422,1.165,0.231
2016-12-01 01:44:58.066,37.687,0.014,0.891,0.026,-0.453,0.422,1.165,0.231
2016-12-01 01:44:58.078,37.708,0.013,0.891,0.027,-0.452,0.422,1.165,0.231
2016-12-01 01:44:58.089,37.708,0.012,0.891,0.027,-0.452,0.422,1.165,0.232
2016-12-01 01:44:58.100,37.708,0.012,0.891,0.027,-0.452,0.422,1.166,0.232
2016-12-01 01:44:58.111,37.729,0.012,0.891,0.028,-0.453,0.422,1.166,0.233
2016-12-01 01:44:58.122,37.729,0.012,0.891,0.029,-0.453,0.422,1.166,0.233
2016-12-01 01:44:58.134,37.751,0.012,0.891,0.030,-0.453,0.422,1.166,0.233
2016-12-01 01:44:58.145,37.751,0.013,0.891,0.031,-0.453,0.421,1.166,0.234
2016-12-01 01:44:58.156,37.772,0.013,0.891,0.032,-0.453,0.421,1.166,0.234
2016-12-01 01:44:58.167,37.793,0.012,0.891,0.034,-0.453,0.421,1.167,0.235
2016-12-01 01:44:58.178,37.793,0.012,0.891,0.035,-0.453,0.421,1.167,0.235
2016-12-01 01:44:58.188,37.815,0.012,0.890,0.036,-0.453,0.421,1.167,0.236
2016-12-01 01:44:58.200,37.815,0.012,0.890,0.037,-0.454,0.420,1.167,0.236
2016-12-01 01:44:58.211,37.836,0.012,0.890,0.038,-0.454,0.420,1.167,0.236
2016-12-01 01:44:58.222,37.836,0.012,0.890,0.040,-0.455,0.420,1.168,0.237
2016-12-01 01:44:58.234,37.857,0.012,0.889,0.041,-0.455,0.419,1.168,0.238
2016-12-01 01:44:58.246,37.857,0.012,0.889,0.042,-0.456,0.419,1.168,0.238
2016-12-01 01:44:58.256,37.879,0.011,0.889,0.043,-0.456,0.419,1.168,0.238
2016-12-01 01:44:58.268,37.879,0.011,0.888,0.044,-0.457,0.418,1.168,0.239
2016-12-01 01:44:58.278,37.900,0.010,0.888,0.044,-0.458,0.418,1.168,0.240
2016-12-01 01:44:58.289,37.900,0.010,0.887,0.045,-0.459,0.418,1.168,0.240
2016-12-01 01:44:58.300,37.921,0.009,0.887,0.046,-0.460,0.417,1.168,0.241
2016-12-01 01:44:58.312,37.921,0.009,0.886,0.046,-0.461,0.417,1.168,0.241
2016-12-01 01:44:58.323,37.943,0.008,0.886,0.047,-0.462,0.416,1.169,0.242
2016-12-01 01:44:58.334,37.943,0.008,0.885,0.048,-0.463,0.416,1.169,0.243
2016-12-01 01:44:58.345,37.964,0.008,0.885,0.048,-0.464,0.416,1.169,0.243
2016-12-01 01:44:58.356,37.985,0.008,0.884,0.049,-0.465,0.415,1.169,0.244
2016-12-01 01:44:58.368,37.985,0.007,0.884,0.049,-0.466,0.415,1.169,0.244
2016-12-01 01:44:58.378,38.007,0.007,0.883,0.050,-0.467,0.414,1.169,0.245
2016-12-01 01:44:58.390,38.007,0.006,0.882,0.050,-0.468,0.414,1.169,0.245
2016-12-01 01:44:58.401,38.028,0.006,0.882,0.051,-0.469,0.414,1.169,0.246
2016-12-01 01:44:58.412,38.028,0.005,0.881,0.052,-0.470,0.413,1.169,0.246
2016-12-01 01:44:58.423,38.049,0.004,0.880,0.052,-0.471,0.413,1.169,0.247
2016-12-01 01:44:58.435,38.049,0.003,0.880,0.053,-0.472,0.412,1.169,0.248
2016-12-01 01:44:58.446,38.049,0.003,0.879,0.053,-0.474,0.412,1.169,0.248
2016-12-01 01:44:58.457,38.071,0.002,0.879,0.054,-0.475,0.412,1.169,0.249
2016-12-01 01:44:58.468,38.092,0.001,0.878,0.054,-0.476,0.412,1.169,0.249
2016-12-01 01:44:58.480,38.092,0.000,0.877,0.054,-0.477,0.411,1.169,0.250
2016-12-01 01:44:58.490,38.113,0.000,0.877,0.054,-0.478,0.411,1.169,0.251
2016-12-01 01:44:58.502,38.113,-0.001,0.876,0.054,-0.479,0.411,1.169,0.251
2016-12-01 01:44:58.513,38.135,-0.002,0.876,0.054,-0.480,0.411,1.169,0.251
2016-12-01 01:44:58.524,38.135,-0.002,0.875,0.054,-0.480,0.410,1.169,0.252
2016-12-01 01:44:58.535,38.156,-0.003,0.875,0.054,-0.481,0.410,1.168,0.252
2016-12-01 01:44:58.547,38.177,-0.004,0.875,0.054,-0.482,0.410,1.169,0.253
2016-12-01 01:44:58.558,38.177,-0.004,0.874,0.054,-0.482,0.410,1.168,0.253
2016-12-01 01:44:58.568,38.199,-0.005,0.874,0.054,-0.483,0.409,1.168,0.254
2016-12-01 01:44:58.579,38.199,-0.006,0.874,0.055,-0.483,0.409,1.169,0.254
2016-12-01 01:44:58.591,38.199,-0.007,0.873,0.055,-0.484,0.409,1.168,0.254
2016-12-01 01:44:58.602,38.220,-0.008,0.873,0.055,-0.484,0.409,1.168,0.254
2016-12-01 01:44:58.614,38.220,-0.009,0.873,0.056,-0.485,0.408,1.168,0.255
2016-12-01 01:44:58.625,38.241,-0.010,0.872,0.056,-0.485,0.408,1.168,0.255
2016-12-01 01:44:58.636,38.263,-0.011,0.872,0.057,-0.486,0.408,1.168,0.255
2016-12-01 01:44:58.647,38.263,-0.012,0.872,0.058,-0.487,0.407,1.168,0.256
2016-12-01 01:44:58.658,38.284,-0.014,0.871,0.058,-0.487,0.407,1.169,0.256
2016-12-01 01:44:58.670,38.284,-0.015,0.871,0.059,-0.488,0.407,1.169,0.256
2016-12-01 01:44:58.680,38.305,-0.016,0.870,0.059,-0.489,0.407,1.169,0.257
2016-12-01 01:44:58.692,38.305,-0.017,0.870,0.059,-0.489,0.407,1.169,0.257
2016-12-01 01:44:58.703,38.327,-0.018,0.869,0.059,-0.490,0.407,1.168,0.257
2016-12-01 01:44:58.714,38.327,-0.019,0.869,0.060,-0.491,0.406,1.168,0.257
2016-12-01 01:44:58.725,38.348,-0.019,0.868,0.060,-0.492,0.406,1.168,0.258
2016-12-01 01:44:58.737,38.369,-0.020,0.867,0.060,-0.494,0.406,1.168,0.258
2016-12-01 01:44:58.747,38.369,-0.020,0.867,0.061,-0.495,0.406,1.168,0.258
2016-12-01 01:44:58.758,38.369,-0.020,0.866,0.061,-0.496,0.406,1.168,0.259
2016-12-01 01:44:58.769,38.391,-0.020,0.865,0.061,-0.497,0.406,1.168,0.259
2016-12-01 01:44:58.782,38.391,-0.021,0.864,0.061,-0.499,0.406,1.168,0.259
2016-12-01 01:44:58.792,38.412,0.021,-0.863,-0.061,0.500,0.406,1.168,0.259
2016-12-01 01:44:58.804,38.412,0.021,-0.863,-0.060,0.502,0.406,1.168,0.259
2016-12-01 01:44:58.815,38.433,0.021,-0.862,-0.060,0.503,0.405,1.168,0.260
2016-12-01 01:44:58.826,38.433,0.021,-0.861,-0.060,0.505,0.405,1.168,0.260
2016-12-01 01:44:58.837,38.455,0.021,-0.860,-0.059,0.506,0.405,1.168,0.260
2016-12-01 01:44:58.848,38.476,0.021,-0.859,-0.059,0.508,0.405,1.168,0.260
2016-12-01 01:44:58.860,38.476,0.021,-0.858,-0.058,0.510,0.405,1.168,0.260
2016-12-01 01:44:58.870,38.497,0.021,-0.857,-0.058,0.511,0.405,1.168,0.260
2016-12-01 01:44:58.881,38.497,0.021,-0.856,-0.057,0.513,0.405,1.168,0.260
2016-12-01 01:44:58.892,38.519,0.021,-0.855,-0.057,0.514,0.405,1.168,0.260
2016-12-01 01:44:58.904,38.519,0.020,-0.855,-0.056,0.516,0.405,1.168,0.261
2016-12-01 01:44:58.915,38.519,0.020,-0.854,-0.056,0.517,0.405,1.168,0.260
2016-12-01 01:44:58.926,38.540,0.020,-0.853,-0.056,0.519,0.405,1.168,0.261
2016-12-01 01:44:58.938,38.561,0.019,-0.852,-0.056,0.520,0.406,1.168,0.261
2016-12-01 01:44:58.948,38.561,0.019,-0.851,-0.055,0.521,0.406,1.167,0.261
2016-12-01 01:44:58.959,38.583,0.019,-0.851,-0.055,0.522,0.406,1.167,0.261
2016-12-01 01:44:58.972,38.583,0.019,-0.850,-0.055,0.524,0.406,1.167,0.261
2016-12-01 01:44:58.982,38.604,0.018,-0.849,-0.054,0.525,0.406,1.167,0.261
2016-12-01 01:44:58.993,38.604,0.018,-0.848,-0.054,0.526,0.406,1.167,0.261
2016-12-01 01:44:59.004,38.625,0.018,-0.848,-0.054,0.528,0.406,1.167,0.261
2016-12-01 01:44:59.016,38.625,0.018,-0.847,-0.053,0.529,0.406,1.167,0.261
2016-12-01 01:44:59.027,38.647,0.017,-0.846,-0.053,0.531,0.406,1.167,0.261
2016-12-01 01:44:59.038,38.668,0.017,-0.845,-0.053,0.532,0.406,1.167,0.261
2016-12-01 01:44:59.049,38.668,0.017,-0.844,-0.052,0.534,0.407,1.168,0.261
2016-12-01 01:44:59.060,38.689,0.017,-0.843,-0.052,0.536,0.407,1.167,0.261
2016-12-01 01:44:59.071,38.689,0.016,-0.841,-0.052,0.538,0.407,1.167,0.260
2016-12-01 01:44:59.082,38.689,0.016,-0.840,-0.051,0.540,0.407,1.167,0.260
2016-12-01 01:44:59.094,38.711,0.015,-0.839,-0.051,0.541,0.407,1.168,0.261
2016-12-01 01:44:59.105,38.711,0.015,-0.838,-0.051,0.543,0.407,1.168,0.260
2016-12-01 01:44:59.116,38.732,0.014,-0.837,-0.051,0.545,0.407,1.168,0.260
2016-12-01 01:44:59.127,38.753,0.014,-0.836,-0.050,0.547,0.408,1.168,0.260
2016-12-01 01:44:59.138,38.753,0.013,-0.834,-0.050,0.549,0.408,1.168,0.260
2016-12-01 01:44:59.149,38.775,0.013,-0.833,-0.050,0.550,0.408,1.168,0.260
2016-12-01 01:44:59.161,38.775,0.012,-0.832,-0.050,0.552,0.408,1.168,0.260
2016-12-01 01:44:59.172,38.796,0.012,-0.831,-0.050,0.553,0.409,1.168,0.260
2016-12-01 01:44:59.183,38.796,0.011,-0.830,-0.050,0.555,0.409,1.168,0.260
2016-12-01 01:44:59.194,38.817,0.011,-0.829,-0.050,0.556,0.409,1.168,0.260
2016-12-01 01:44:59.206,38.817,0.010,-0.829,-0.050,0.558,0.409,1.168,0.259
2016-12-01 01:44:59.216,38.839,0.010,-0.828,-0.049,0.559,0.409,1.168,0.259
2016-12-01 01:44:59.228,38.860,0.010,-0.827,-0.049,0.560,0.409,1.168,0.259
2016-12-01 01:44:59.240,38.860,0.010,-0.826,-0.049,0.561,0.410,1.168,0.259
2016-12-01 01:44:59.250,38.860,0.010,-0.825,-0.048,0.562,0.410,1.168,0.259
2016-12-01 01:44:59.261,38.881,0.010,-0.825,-0.048,0.563,0.410,1.168,0.259
2016-12-01 01:44:59.273,38.881,0.009,-0.824,-0.048,0.564,0.410,1.168,0.258
2016-12-01 01:44:59.283,38.903,0.009,-0.823,-0.048,0.566,0.410,1.168,0.258
2016-12-01 01:44:59.295,38.903,0.009,-0.822,-0.048,0.567,0.411,1.168,0.258
2016-12-01 01:44:59.306,38.924,0.008,-0.821,-0.048,0.568,0.411,1.168,0.258
2016-12-01 01:44:59.317,38.945,0.008,-0.820,-0.048,0.570,0.411,1.168,0.258
2016-12-01 01:44:59.329,38.945,0.007,-0.819,-0.048,0.571,0.411,1.168,0.258
2016-12-01 01:44:59.339,38.967,0.007,-0.818,-0.048,0.573,0.412,1.168,0.258
2016-12-01 01:44:59.351,38.967,0.006,-0.817,-0.048,0.574,0.412,1.168,0.258
2016-12-01 01:44:59.362,38.988,0.005,-0.816,-0.048,0.576,0.412,1.168,0.258
2016-12-01 01:44:59.373,38.988,0.005,-0.815,-0.048,0.578,0.413,1.167,0.258
2016-12-01 01:44:59.384,39.009,0.005,-0.813,-0.048,0.580,0.413,1.167,0.258
2016-12-01 01:44:59.396,39.009,0.004,-0.812,-0.047,0.582,0.413,1.168,0.258
2016-12-01 01:44:59.406,39.031,0.004,-0.811,-0.047,0.584,0.413,1.167,0.258
2016-12-01 01:44:59.418,39.031,0.004,-0.809,-0.047,0.586,0.414,1.167,0.258
2016-12-01 01:44:59.429,39.052,0.003,-0.808,-0.047,0.588,0.414,1.167,0.258
2016-12-01 01:44:59.441,39.052,0.003,-0.806,-0.046,0.590,0.414,1.168,0.258
2016-12-01 01:44:59.451,39.073,0.003,-0.805,-0.046,0.592,0.414,1.168,0.258
2016-12-01 01:44:59.463,39.073,0.002,-0.803,-0.046,0.594,0.414,1.168,0.258
2016-12-01 01:44:59.473,39.095,0.002,-0.801,-0.047,0.596,0.415,1.168,0.258
2016-12-01 01:44:59.485,39.095,0.002,-0.800,-0.047,0.599,0.415,1.168,0.258
2016-12-01 01:44:59.496,39.116,0.001,-0.798,-0.047,0.601,0.415,1.168,0.258
2016-12-01 01:44:59.507,39.137,0.001,-0.796,-0.046,0.603,0.415,1.168,0.258
2016-12-01 01:44:59.518,39.137,0.000,-0.795,-0.046,0.605,0.415,1.168,0.258
2016-12-01 01:44:59.529,39.159,0.000,-0.793,-0.046,0.608,0.416,1.168,0.258
2016-12-01 01:44:59.541,39.159,0.000,-0.791,-0.047,0.610,0.416,1.168,0.259
2016-12-01 01:44:59.552,39.180,0.000,-0.789,-0.047,0.612,0.416,1.168,0.259
2016-12-01 01:44:59.563,39.180,-0.001,-0.787,-0.047,0.615,0.416,1.168,0.259
2016-12-01 01:44:59.574,39.180,-0.001,-0.786,-0.047,0.617,0.416,1.168,0.259
2016-12-01 01:44:59.585,39.201,-0.001,-0.784,-0.047,0.619,0.416,1.168,0.259
2016-12-01 01:44:59.596,39.223,-0.001,-0.782,-0.047,0.621,0.417,1.168,0.260
2016-12-01 01:44:59.608,39.223,-0.001,-0.780,-0.048,0.624,0.417,1.168,0.260
2016-12-01 01:44:59.618,39.244,-0.001,-0.778,-0.048,0.626,0.417,1.168,0.260
2016-12-01 01:44:59.630,39.244,-0.001,-0.777,-0.048,0.628,0.417,1.169,0.260
2016-12-01 01:44:59.641,39.265,-0.001,-0.775,-0.048,0.631,0.417,1.169,0.260
2016-12-01 01:44:59.652,39.265,-0.001,-0.773,-0.048,0.633,0.417,1.169,0.261
2016-12-01 01:44:59.663,39.287,-0.001,-0.771,-0.048,0.635,0.417,1.168,0.261
2016-12-01 01:44:59.675,39.287,-0.001,-0.769,-0.048,0.637,0.418,1.168,0.261
2016-12-01 01:44:59.685,39.308,-0.001,-0.767,-0.048,0.639,0.418,1.168,0.261
2016-12-01 01:44:59.697,39.329,-0.001,-0.766,-0.048,0.641,0.418,1.168,0.261
2016-12-01 01:44:59.708,39.329,-0.001,-0.764,-0.048,0.643,0.418,1.168,0.261
2016-12-01 01:44:59.719,39.329,-0.001,-0.762,-0.048,0.646,0.418,1.168,0.261
2016-12-01 01:44:59.730,39.351,-0.001,-0.761,-0.048,0.648,0.418,1.168,0.261
2016-12-01 01:44:59.742,39.351,-0.001,-0.759,-0.047,0.650,0.418,1.168,0.261
2016-12-01 01:44:59.753,39.372,-0.001,-0.757,-0.047,0.652,0.418,1.168,0.262
2016-12-01 01:44:59.764,39.372,-0.001,-0.756,-0.046,0.653,0.418,1.168,0.262
2016-12-01 01:44:59.775,39.393,-0.001,-0.754,-0.045,0.655,0.418,1.168,0.262
2016-12-01 01:44:59.787,39.415,-0.001,-0.753,-0.044,0.657,0.418,1.167,0.262
2016-12-01 01:44:59.798,39.415,-0.001,-0.751,-0.044,0.659,0.418,1.167,0.262
2016-12-01 01:44:59.808,39.436,-0.001,-0.750,-0.043,0.660,0.418,1.167,0.262
2016-12-01 01:44:59.820,39.436,-0.001,-0.748,-0.042,0.662,0.419,1.167,0.262
2016-12-01 01:44:59.831,39.457,-0.001,-0.747,-0.041,0.664,0.419,1.167,0.262
2016-12-01 01:44:59.842,39.457,0.000,-0.745,-0.041,0.665,0.419,1.167,0.263
2016-12-01 01:44:59.853,39.479,0.000,-0.744,-0.040,0.667,0.419,1.167,0.263
2016-12-01 01:44:59.865,39.479,0.001,-0.743,-0.040,0.668,0.419,1.167,0.263
2016-12-01 01:44:59.876,39.500,0.001,-0.741,-0.039,0.670,0.419,1.166,0.263
2016-12-01 01:44:59.887,39.500,0.002,-0.740,-0.040,0.671,0.419,1.166,0.263
2016-12-01 01:44:59.898,39.521,0.002,-0.739,-0.040,0.672,0.420,1.166,0.263
2016-12-01 01:44:59.910,39.521,0.002,-0.738,-0.040,0.674,0.420,1.166,0.263
2016-12-01 01:44:59.920,39.543,0.002,-0.737,-0.041,0.675,0.420,1.166,0.264
2016-12-01 01:44:59.932,39.543,0.002,-0.736,-0.042,0.676,0.420,1.167,0.264
2016-12-01 01:44:59.943,39.564,0.002,-0.735,-0.043,0.677,0.420,1.167,0.264
2016-12-01 01:44:59.954,39.564,0.002,-0.733,-0.043,0.678,0.420,1.167,0.264
2016-12-01 01:44:59.965,39.585,0.003,-0.732,-0.044,0.680,0.420,1.167,0.264
2016-12-01 01:44:59.977,39.607,0.003,-0.731,-0.045,0.681,0.421,1.167,0.264
2016-12-01 01:44:59.988,39.607,0.003,-0.730,-0.046,0.682,0.421,1.167,0.265
2016-12-01 01:44:59.998,39.628,0.003,-0.728,-0.047,0.684,0.421,1.167,0.265
2016-12-01 01:45:00.010,39.628,0.003,-0.727,-0.047,0.685,0.421,1.167,0.265
2016-12-01 01:45:00.021,39.649,0.003,-0.726,-0.048,0.686,0.421,1.167,0.265
2016-12-01 01:45:00.032,39.649,0.003,-0.724,-0.049,0.688,0.422,1.167,0.266
2016-12-01 01:45:00.043,39.671,0.002,-0.723,-0.049,0.690,0.422,1.167,0.266
2016-12-01 01:45:00.054,39.671,0.002,-0.721,-0.050,0.691,0.422,1.168,0.266
2016-12-01 01:45:00.065,39.671,0.001,-0.719,-0.050,0.693,0.422,1.168,0.267
2016-12-01 01:45:00.076,39.692,0.001,-0.718,-0.050,0.695,0.423,1.168,0.267
2016-12-01 01:45:00.088,39.713,0.000,-0.716,-0.050,0.696,0.423,1.168,0.267
2016-12-01 01:45:00.100,39.713,0.000,-0.714,-0.050,0.698,0.423,1.168,0.268
2016-12-01 01:45:00.111,39.735,-0.001,-0.712,-0.050,0.700,0.423,1.168,0.268
2016-12-01 01:45:00.121,39.735,-0.001,-0.710,-0.050,0.702,0.424,1.168,0.268
2016-12-01 01:45:00.132,39.756,-0.001,-0.709,-0.051,0.704,0.424,1.168,0.269
2016-12-01 01:45:00.144,39.756,-0.001,-0.707,-0.051,0.706,0.424,1.168,0.269
2016-12-01 01:45:00.155,39.777,-0.001,-0.705,-0.051,0.708,0.424,1.168,0.269
2016-12-01 01:45:00.166,39.799,-0.001,-0.703,-0.051,0.710,0.425,1.168,0.269
2016-12-01 01:45:00.177,39.799,-0.001,-0.701,-0.052,0.711,0.425,1.168,0.270
2016-12-01 01:45:00.188,39.820,-0.001,-0.699,-0.053,0.713,0.425,1.168,0.270
2016-12-01 01:45:00.200,39.820,0.000,-0.698,-0.053,0.715,0.425,1.168,0.270
2016-12-01 01:45:00.211,39.820,0.000,-0.696,-0.054,0.716,0.426,1.168,0.270
2016-12-01 01:45:00.222,39.841,0.001,-0.694,-0.055,0.718,0.426,1.168,0.271
2016-12-01 01:45:00.233,39.841,0.002,-0.692,-0.055,0.719,0.426,1.167,0.271
2016-12-01 01:45:00.244,39.863,0.002,-0.691,-0.056,0.721,0.426,1.167,0.271
2016-12-01 01:45:00.255,39.863,0.003,-0.689,-0.056,0.722,0.426,1.167,0.271
2016-12-01 01:45:00.266,39.884,0.004,-0.688,-0.057,0.724,0.426,1.167,0.271
2016-12-01 01:45:00.278,39.905,0.005,-0.686,-0.057,0.725,0.426,1.167,0.271
2016-12-01 01:45:00.289,39.905,0.006,-0.685,-0.058,0.727,0.426,1.167,0.272
2016-12-01 01:45:00.300,39.927,0.007,-0.683,-0.058,0.728,0.426,1.167,0.272
2016-12-01 01:45:00.312,39.927,0.008,-0.682,-0.057,0.729,0.426,1.167,0.272
2016-12-01 01:45:00.322,39.948,0.008,-0.680,-0.057,0.731,0.427,1.167,0.272
2016-12-01 01:45:00.334,39.948,0.009,-0.679,-0.056,0.732,0.427,1.166,0.272
2016-12-01 01:45:00.345,39.969,0.009,-0.678,-0.054,0.733,0.427,1.166,0.272
2016-12-01 01:45:00.356,39.969,0.009,-0.677,-0.052,0.734,0.427,1.166,0.272
2016-12-01 01:45:00.367,39.991,0.008,-0.676,-0.050,0.735,0.427,1.166,0.272
2016-12-01 01:45:00.379,39.991,0.008,-0.674,-0.048,0.737,0.427,1.166,0.272
2016-12-01 01:45:00.389,40.012,0.008,-0.673,-0.045,0.738,0.427,1.166,0.272
2016-12-01 01:45:00.401,40.012,0.008,-0.672,-0.043,0.739,0.427,1.165,0.272
2016-12-01 01:45:00.411,40.033,0.007,-0.671,-0.040,0.740,0.427,1.165,0.271
2016-12-01 01:45:00.423,40.033,0.007,-0.670,-0.038,0.741,0.427,1.165,0.271
2016-12-01 01:45:00.434,40.055,0.007,-0.669,-0.036,0.742,0.427,1.165,0.271
2016-12-01 01:45:00.445,40.055,0.007,-0.668,-0.034,0.743,0.427,1.165,0.271
2016-12-01 01:45:00.456,40.076,0.006,-0.668,-0.031,0.744,0.427,1.165,0.270
2016-12-01 01:45:00.468,40.097,0.006,-0.667,-0.029,0.744,0.427,1.165,0.270
2016-12-01 01:45:00.479,40.097,0.006,-0.667,-0.027,0.744,0.427,1.165,0.269
2016-12-01 01:45:00.490,40.119,0.006,-0.667,-0.026,0.744,0.427,1.165,0.269
2016-12-01 01:45:00.502,40.119,0.006,-0.667,-0.025,0.745,0.426,1.164,0.269
2016-12-01 01:45:00.512,40.140,0.006,-0.667,-0.024,0.745,0.426,1.164,0.268
2016-12-01 01:45:00.524,40.140,0.006,-0.667,-0.024,0.745,0.426,1.164,0.267
2016-12-01 01:45:00.535,40.140,0.007,-0.667,-0.024,0.745,0.426,1.164,0.267
2016-12-01 01:45:00.546,40.161,0.008,-0.667,-0.024,0.745,0.426,1.164,0.266
2016-12-01 01:45:00.558,40.183,0.009,-0.667,-0.025,0.745,0.425,1.164,0.266
2016-12-01 01:45:00.568,40.183,0.009,-0.667,-0.025,0.745,0.425,1.164,0.265
2016-12-01 01:45:00.579,40.204,0.009,-0.667,-0.026,0.745,0.425,1.165,0.265
2016-12-01 01:45:00.590,40.204,0.009,-0.667,-0.026,0.745,0.425,1.165,0.264
2016-12-01 01:45:00.601,40.225,0.008,-0.667,-0.026,0.744,0.425,1.165,0.264
2016-12-01 01:45:00.614,40.225,0.008,-0.667,-0.026,0.744,0.425,1.165,0.263
2016-12-01 01:45:00.624,40.247,0.007,-0.667,-0.026,0.744,0.425,1.165,0.262
2016-12-01 01:45:00.635,40.247,0.005,-0.667,-0.026,0.745,0.425,1.166,0.262
2016-12-01 01:45:00.646,40.268,0.003,-0.667,-0.026,0.745,0.425,1.166,0.261
2016-12-01 01:45:00.657,40.289,0.001,-0.667,-0.026,0.745,0.425,1.166,0.260
2016-12-01 01:45:00.669,40.289,-0.001,-0.667,-0.025,0.745,0.425,1.166,0.259
2016-12-01 01:45:00.680,40.311,-0.004,-0.666,-0.024,0.745,0.425,1.167,0.259
2016-12-01 01:45:00.691,40.311,-0.007,-0.666,-0.023,0.746,0.425,1.167,0.258
2016-12-01 01:45:00.702,40.311,-0.010,-0.665,-0.022,0.746,0.425,1.167,0.257
2016-12-01 01:45:00.713,40.332,-0.014,-0.665,-0.020,0.746,0.425,1.167,0.256
2016-12-01 01:45:00.724,40.332,-0.018,-0.665,-0.018,0.746,0.424,1.168,0.255
2016-12-01 01:45:00.736,40.353,-0.022,-0.665,-0.017,0.747,0.424,1.168,0.254
2016-12-01 01:45:00.747,40.375,-0.025,-0.664,-0.015,0.747,0.424,1.168,0.253
2016-12-01 01:45:00.758,40.375,-0.029,-0.664,-0.013,0.747,0.424,1.168,0.252
2016-12-01 01:45:00.769,40.396,-0.033,-0.663,-0.012,0.747,0.424,1.168,0.251
2016-12-01 01:45:00.780,40.396,-0.036,-0.663,-0.010,0.748,0.424,1.169,0.250
2016-12-01 01:45:00.791,40.417,-0.039,-0.662,-0.008,0.748,0.424,1.169,0.249
2016-12-01 01:45:00.803,40.417,-0.041,-0.661,-0.007,0.749,0.424,1.169,0.248
2016-12-01 01:45:00.814,40.439,-0.043,-0.660,-0.005,0.750,0.424,1.169,0.247
2016-12-01 01:45:00.825,40.439,-0.043,-0.659,-0.003,0.751,0.424,1.169,0.247
2016-12-01 01:45:00.836,40.460,-0.044,-0.658,-0.002,0.752,0.424,1.169,0.246
2016-12-01 01:45:00.847,40.481,-0.045,-0.656,0.001,0.753,0.424,1.169,0.245
2016-12-01 01:45:00.859,40.481,-0.045,-0.655,0.003,0.755,0.424,1.169,0.244
2016-12-01 01:45:00.870,40.481,-0.045,-0.653,0.005,0.756,0.424,1.169,0.243
2016-12-01 01:45:00.881,40.503,-0.045,-0.652,0.007,0.757,0.423,1.169,0.243
2016-12-01 01:45:00.892,40.503,-0.045,-0.651,0.009,0.758,0.423,1.169,0.242
2016-12-01 01:45:00.903,40.524,-0.045,-0.650,0.011,0.759,0.423,1.169,0.241
2016-12-01 01:45:00.915,40.524,-0.045,-0.649,0.012,0.759,0.423,1.168,0.240
2016-12-01 01:45:00.925,40.545,-0.045,-0.649,0.013,0.760,0.423,1.168,0.239
2016-12-01 01:45:00.937,40.567,-0.044,-0.648,0.014,0.760,0.422,1.168,0.238
2016-12-01 01:45:00.948,40.567,-0.044,-0.648,0.014,0.760,0.422,1.168,0.238
2016-12-01 01:45:00.959,40.588,-0.044,-0.648,0.015,0.760,0.422,1.168,0.237
2016-12-01 01:45:00.970,40.588,-0.044,-0.649,0.015,0.760,0.422,1.168,0.236
2016-12-01 01:45:00.981,40.609,-0.043,-0.649,0.014,0.759,0.422,1.168,0.235
2016-12-01 01:45:00.993,40.609,-0.043,-0.649,0.014,0.759,0.421,1.168,0.234
2016-12-01 01:45:01.003,40.631,-0.043,-0.650,0.013,0.759,0.421,1.168,0.234
2016-12-01 01:45:01.015,40.631,-0.044,-0.650,0.012,0.758,0.421,1.168,0.233
2016-12-01 01:45:01.026,40.652,-0.044,-0.651,0.011,0.758,0.420,1.168,0.232
2016-12-01 01:45:01.037,40.652,-0.044,-0.652,0.011,0.757,0.420,1.168,0.232
2016-12-01 01:45:01.048,40.673,-0.044,-0.653,0.010,0.756,0.420,1.168,0.231
2016-12-01 01:45:01.060,40.673,-0.044,-0.654,0.009,0.755,0.420,1.168,0.230
2016-12-01 01:45:01.071,40.695,-0.045,-0.655,0.009,0.754,0.419,1.168,0.230
2016-12-01 01:45:01.082,40.695,-0.046,-0.656,0.009,0.753,0.419,1.168,0.229
2016-12-01 01:45:01.093,40.716,-0.047,-0.658,0.009,0.752,0.419,1.168,0.228
2016-12-01 01:45:01.105,40.716,-0.049,-0.659,0.009,0.750,0.419,1.168,0.228
2016-12-01 01:45:01.115,40.737,-0.050,-0.661,0.008,0.749,0.419,1.168,0.227
2016-12-01 01:45:01.127,40.759,-0.051,-0.662,0.007,0.748,0.418,1.168,0.227
2016-12-01 01:45:01.138,40.759,-0.052,-0.663,0.007,0.747,0.418,1.168,0.226
2016-12-01 01:45:01.149,40.780,-0.053,-0.664,0.006,0.746,0.418,1.168,0.225
2016-12-01 01:45:01.161,40.780,-0.054,-0.665,0.005,0.745,0.418,1.169,0.225
2016-12-01 01:45:01.171,40.801,-0.055,-0.666,0.005,0.744,0.418,1.169,0.224
2016-12-01 01:45:01.182,40.801,-0.056,-0.667,0.005,0.743,0.418,1.169,0.224
2016-12-01 01:45:01.194,40.801,-0.056,-0.668,0.005,0.742,0.418,1.169,0.223
2016-12-01 01:45:01.205,40.823,-0.057,-0.669,0.005,0.741,0.418,1.169,0.223
2016-12-01 01:45:01.216,40.844,-0.057,-0.670,0.005,0.741,0.418,1.169,0.222
2016-12-01 01:45:01.228,40.844,-0.057,-0.670,0.006,0.740,0.417,1.169,0.222
2016-12-01 01:45:01.238,40.865,-0.057,-0.671,0.006,0.739,0.417,1.169,0.222
2016-12-01 01:45:01.250,40.865,-0.057,-0.672,0.006,0.739,0.417,1.169,0.221
2016-12-01 01:45:01.261,40.887,-0.056,-0.672,0.006,0.738,0.417,1.169,0.221
2016-12-01 01:45:01.272,40.887,-0.056,-0.673,0.006,0.738,0.417,1.169,0.221
2016-12-01 01:45:01.283,40.908,-0.056,-0.674,0.007,0.737,0.417,1.169,0.221
2016-12-01 01:45:01.295,40.908,-0.055,-0.674,0.007,0.736,0.416,1.168,0.220
2016-12-01 01:45:01.305,40.929,-0.055,-0.675,0.008,0.736,0.416,1.168,0.220
2016-12-01 01:45:01.316,40.951,-0.054,-0.676,0.009,0.735,0.416,1.168,0.220
2016-12-01 01:45:01.328,40.951,-0.053,-0.677,0.009,0.734,0.416,1.168,0.220
2016-12-01 01:45:01.339,40.951,-0.052,-0.677,0.010,0.734,0.416,1.168,0.220
2016-12-01 01:45:01.350,40.972,-0.052,-0.678,0.010,0.733,0.416,1.168,0.220
2016-12-01 01:45:01.361,40.972,-0.051,-0.679,0.010,0.733,0.416,1.168,0.220
2016-12-01 01:45:01.372,40.993,-0.050,-0.679,0.011,0.732,0.415,1.167,0.220
2016-12-01 01:45:01.384,40.993,-0.049,-0.680,0.011,0.732,0.415,1.167,0.220
2016-12-01 01:45:01.394,41.015,-0.048,-0.681,0.011,0.731,0.415,1.167,0.220
2016-12-01 01:45:01.406,41.036,-0.047,-0.681,0.011,0.730,0.415,1.167,0.221
2016-12-01 01:45:01.417,41.036,-0.046,-0.682,0.011,0.730,0.415,1.167,0.221
2016-12-01 01:45:01.428,41.057,-0.045,-0.683,0.010,0.729,0.415,1.167,0.221
2016-12-01 01:45:01.440,41.057,-0.044,-0.683,0.010,0.729,0.415,1.167,0.221
2016-12-01 01:45:01.451,41.079,-0.043,-0.684,0.010,0.728,0.415,1.167,0.221
2016-12-01 01:45:01.462,41.079,-0.042,-0.685,0.010,0.728,0.415,1.167,0.222
2016-12-01 01:45:01.473,41.100,-0.041,-0.685,0.009,0.727,0.415,1.167,0.222
2016-12-01 01:45:01.484,41.100,-0.039,-0.686,0.009,0.727,0.415,1.167,0.222
2016-12-01 01:45:01.495,41.121,-0.038,-0.686,0.009,0.726,0.415,1.167,0.223
2016-12-01 01:45:01.507,41.121,-0.037,-0.687,0.009,0.726,0.415,1.166,0.223
2016-12-01 01:45:01.517,41.143,-0.036,-0.688,0.009,0.725,0.415,1.166,0.223
2016-12-01 01:45:01.529,41.143,-0.035,-0.688,0.009,0.725,0.415,1.166,0.224
2016-12-01 01:45:01.540,41.164,-0.035,-0.689,0.008,0.724,0.416,1.166,0.224
2016-12-01 01:45:01.551,41.164,-0.034,-0.690,0.008,0.723,0.416,1.166,0.224
2016-12-01 01:45:01.562,41.185,-0.034,-0.691,0.008,0.722,0.416,1.166,0.225
2016-12-01 01:45:01.573,41.185,-0.033,-0.691,0.008,0.722,0.416,1.166,0.225
2016-12-01 01:45:01.584,41.207,-0.033,-0.693,0.008,0.721,0.416,1.166,0.225
2016-12-01 01:45:01.595,41.207,-0.032,-0.694,0.008,0.720,0.416,1.166,0.226
2016-12-01 01:45:01.607,41.228,-0.032,-0.695,0.008,0.719,0.416,1.166,0.226
2016-12-01 01:45:01.619,41.249,-0.031,-0.696,0.008,0.717,0.416,1.166,0.227
2016-12-01 01:45:01.630,41.249,-0.031,-0.697,0.008,0.716,0.416,1.166,0.227
2016-12-01 01:45:01.641,41.271,-0.030,-0.698,0.008,0.715,0.417,1.166,0.227
2016-12-01 01:45:01.652,41.271,-0.029,-0.700,0.009,0.714,0.417,1.166,0.227
2016-12-01 01:45:01.663,41.292,-0.028,-0.702,0.009,0.712,0.417,1.166,0.228
2016-12-01 01:45:01.674,41.292,-0.027,-0.703,0.009,0.710,0.417,1.166,0.228
2016-12-01 01:45:01.685,41.292,-0.026,-0.705,0.009,0.709,0.417,1.166,0.228
2016-12-01 01:45:01.696,41.313,-0.025,-0.707,0.009,0.707,0.417,1.165,0.228
2016-12-01 01:45:01.708,41.335,-0.024,-0.708,0.009,0.705,0.417,1.165,0.228
2016-12-01 01:45:01.718,41.335,-0.023,-0.710,0.009,0.703,0.417,1.165,0.229
2016-12-01 01:45:01.730,41.356,-0.023,-0.712,0.008,0.702,0.417,1.165,0.229
2016-12-01 01:45:01.741,41.356,-0.022,-0.714,0.008,0.700,0.417,1.165,0.229
2016-12-01 01:45:01.752,41.377,-0.021,-0.716,0.007,0.698,0.417,1.165,0.229
2016-12-01 01:45:01.763,41.377,-0.020,-0.717,0.007,0.697,0.417,1.164,0.230
2016-12-01 01:45:01.774,41.399,-0.019,-0.719,0.007,0.695,0.417,1.164,0.230
2016-12-01 01:45:01.785,41.399,-0.018,-0.720,0.007,0.693,0.417,1.164,0.230
2016-12-01 01:45:01.797,41.420,-0.017,-0.722,0.007,0.692,0.417,1.164,0.231
2016-12-01 01:45:01.809,41.441,-0.016,-0.723,0.006,0.690,0.417,1.164,0.231
2016-12-01 01:45:01.819,41.441,-0.015,-0.725,0.006,0.689,0.417,1.164,0.231
2016-12-01 01:45:01.831,41.441,-0.014,-0.726,0.006,0.687,0.417,1.164,0.231
2016-12-01 01:45:01.842,41.463,-0.013,-0.727,0.006,0.686,0.418,1.164,0.232
2016-12-01 01:45:01.853,41.463,-0.013,-0.729,0.005,0.685,0.418,1.164,0.232
2016-12-01 01:45:01.864,41.484,-0.012,-0.730,0.005,0.683,0.418,1.164,0.233
2016-12-01 01:45:01.875,41.484,-0.012,-0.731,0.005,0.682,0.418,1.164,0.233
2016-12-01 01:45:01.886,41.505,-0.011,-0.732,0.004,0.681,0.418,1.164,0.233
2016-12-01 01:45:01.897,41.527,-0.011,-0.733,0.003,0.680,0.418,1.164,0.234
2016-12-01 01:45:01.909,41.527,-0.011,-0.734,0.003,0.679,0.418,1.164,0.234
2016-12-01 01:45:01.919,41.548,-0.011,-0.735,0.003,0.678,0.418,1.164,0.234
2016-12-01 01:45:01.931,41.548,-0.011,-0.736,0.002,0.677,0.419,1.165,0.235
2016-12-01 01:45:01.942,41.569,-0.011,-0.737,0.002,0.675,0.419,1.165,0.235
2016-12-01 01:45:01.953,41.569,-0.011,-0.738,0.001,0.674,0.419,1.165,0.236
2016-12-01 01:45:01.964,41.591,-0.010,-0.739,0.001,0.674,0.419,1.165,0.236
2016-12-01 01:45:01.976,41.612,-0.010,-0.740,0.000,0.673,0.419,1.165,0.237
2016-12-01 01:45:01.987,41.612,-0.010,-0.741,0.000,0.672,0.419,1.165,0.237
2016-12-01 01:45:01.998,41.612,-0.010,-0.742,0.000,0.671,0.419,1.165,0.238
2016-12-01 01:45:02.009,41.633,-0.009,-0.743,-0.001,0.670,0.419,1.165,0.238
2016-12-01 01:45:02.021,41.633,-0.009,-0.743,-0.001,0.669,0.419,1.165,0.238
2016-12-01 01:45:02.031,41.655,-0.008,-0.744,-0.001,0.668,0.419,1.165,0.239
2016-12-01 01:45:02.043,41.655,-0.007,-0.745,-0.002,0.667,0.419,1.165,0.239
2016-12-01 01:45:02.054,41.676,-0.006,-0.746,-0.002,0.666,0.419,1.165,0.240
2016-12-01 01:45:02.065,41.676,-0.006,-0.746,-0.002,0.666,0.419,1.165,0.240
2016-12-01 01:45:02.076,41.697,-0.005,-0.747,-0.002,0.665,0.419,1.165,0.241
2016-12-01 01:45:02.087,41.719,-0.004,-0.748,-0.003,0.664,0.419,1.165,0.241
2016-12-01 01:45:02.099,41.719,-0.003,-0.749,-0.003,0.663,0.419,1.165,0.241
2016-12-01 01:45:02.109,41.740,-0.002,-0.749,-0.003,0.662,0.419,1.165,0.242
2016-12-01 01:45:02.120,41.740,-0.002,-0.750,-0.003,0.661,0.418,1.165,0.242
2016-12-01 01:45:02.132,41.761,-0.001,-0.751,-0.003,0.660,0.418,1.165,0.243
2016-12-01 01:45:02.144,41.761,-0.001,-0.752,-0.003,0.660,0.418,1.164,0.243
2016-12-01 01:45:02.154,41.783,0.000,-0.752,-0.003,0.659,0.418,1.164,0.244
2016-12-01 01:45:02.166,41.783,0.000,-0.753,-0.004,0.658,0.418,1.164,0.244
2016-12-01 01:45:02.177,41.804,0.001,-0.754,-0.004,0.657,0.418,1.164,0.244
2016-12-01 01:45:02.188,41.804,0.001,-0.755,-0.004,0.656,0.418,1.164,0.245
2016-12-01 01:45:02.199,41.825,0.002,-0.756,-0.004,0.655,0.418,1.164,0.245
2016-12-01 01:45:02.211,41.825,0.002,-0.756,-0.004,0.654,0.418,1.164,0.245
2016-12-01 01:45:02.221,41.847,0.003,-0.757,-0.004,0.653,0.418,1.164,0.246
2016-12-01 01:45:02.233,41.847,0.003,-0.758,-0.004,0.652,0.418,1.164,0.246
2016-12-01 01:45:02.244,41.868,0.004,-0.759,-0.004,0.652,0.417,1.164,0.246
2016-12-01 01:45:02.255,41.868,0.004,-0.759,-0.004,0.651,0.417,1.164,0.247
2016-12-01 01:45:02.266,41.889,0.004,-0.760,-0.005,0.650,0.417,1.164,0.247
2016-12-01 01:45:02.278,41.911,0.005,-0.761,-0.004,0.649,0.417,1.164,0.247
2016-12-01 01:45:02.288,41.911,0.005,-0.761,-0.005,0.649,0.417,1.164,0.248
2016-12-01 01:45:02.299,41.932,0.006,-0.762,-0.004,0.648,0.417,1.164,0.248
2016-12-01 01:45:02.310,41.932,0.006,-0.762,-0.004,0.647,0.417,1.164,0.248
2016-12-01 01:45:02.321,41.932,0.006,-0.763,-0.004,0.647,0.416,1.164,0.249
2016-12-01 01:45:02.333,41.953,0.006,-0.763,-0.004,0.646,0.416,1.164,0.249
2016-12-01 01:45:02.345,41.953,0.005,-0.764,-0.004,0.646,0.416,1.164,0.249
2016-12-01 01:45:02.355,41.975,0.005,-0.764,-0.004,0.645,0.416,1.164,0.249
2016-12-01 01:45:02.367,41.996,0.005,-0.765,-0.004,0.644,0.416,1.164,0.250
2016-12-01 01:45:02.378,41.996,0.005,-0.765,-0.004,0.644,0.416,1.164,0.250
2016-12-01 01:45:02.389,42.017,0.005,-0.766,-0.004,0.643,0.416,1.165,0.250
2016-12-01 01:45:02.401,42.017,0.005,-0.767,-0.004,0.642,0.415,1.165,0.250
2016-12-01 01:45:02.412,42.039,0.005,-0.767,-0.005,0.641,0.415,1.164,0.251
2016-12-01 01:45:02.423,42.039,0.005,-0.768,-0.005,0.641,0.415,1.165,0.251
2016-12-01 01:45:02.434,42.060,0.005,-0.768,-0.005,0.640,0.415,1.165,0.251
2016-12-01 01:45:02.445,42.060,0.005,-0.769,-0.005,0.639,0.415,1.165,0.251
2016-12-01 01:45:02.456,42.081,0.005,-0.769,-0.006,0.639,0.415,1.165,0.251
2016-12-01 01:45:02.467,42.103,0.005,-0.770,-0.006,0.638,0.415,1.165,0.252
2016-12-01 01:45:02.478,42.103,0.005,-0.771,-0.006,0.637,0.415,1.165,0.252
2016-12-01 01:45:02.489,42.103,0.005,-0.771,-0.006,0.637,0.414,1.165,0.252
2016-12-01 01:45:02.500,42.124,0.006,-0.772,-0.006,0.636,0.414,1.165,0.252
2016-12-01 01:45:02.512,42.124,0.006,-0.772,-0.006,0.635,0.414,1.165,0.252
2016-12-01 01:45:02.523,42.145,0.006,-0.773,-0.006,0.635,0.414,1.165,0.252
2016-12-01 01:45:02.534,42.145,0.007,-0.773,-0.006,0.634,0.414,1.165,0.253
2016-12-01 01:45:02.545,42.167,0.007,-0.774,-0.005,0.634,0.414,1.165,0.253
2016-12-01 01:45:02.556,42.188,0.008,-0.774,-0.005,0.633,0.414,1.165,0.253
2016-12-01 01:45:02.568,42.188,0.008,-0.774,-0.005,0.633,0.413,1.164,0.253
2016-12-01 01:45:02.579,42.209,0.009,-0.775,-0.005,0.632,0.413,1.164,0.253
2016-12-01 01:45:02.590,42.209,0.009,-0.775,-0.005,0.632,0.413,1.164,0.254
2016-12-01 01:45:02.601,42.231,0.010,-0.775,-0.004,0.631,0.413,1.164,0.254
2016-12-01 01:45:02.612,42.231,0.010,-0.776,-0.004,0.631,0.413,1.164,0.254
2016-12-01 01:45:02.623,42.252,0.011,-0.776,-0.004,0.631,0.413,1.164,0.254
2016-12-01 01:45:02.635,42.252,0.012,-0.776,-0.004,0.630,0.413,1.164,0.254
2016-12-01 01:45:02.646,42.252,0.013,-0.776,-0.004,0.630,0.413,1.163,0.255
2016-12-01 01:45:02.657,42.273,0.014,-0.777,-0.003,0.630,0.412,1.163,0.255
2016-12-01 01:45:02.668,42.295,0.014,-0.777,-0.003,0.630,0.412,1.163,0.255
2016-12-01 01:45:02.680,42.295,0.015,-0.777,-0.003,0.630,0.412,1.163,0.255
2016-12-01 01:45:02.690,42.316,0.016,-0.777,-0.003,0.630,0.412,1.163,0.255
2016-12-01 01:45:02.702,42.316,0.017,-0.777,-0.003,0.630,0.412,1.163,0.255
2016-12-01 01:45:02.713,42.337,0.017,-0.777,-0.003,0.630,0.412,1.163,0.255
2016-12-01 01:45:02.723,42.337,0.018,-0.776,-0.003,0.630,0.412,1.163,0.256
2016-12-01 01:45:02.735,42.359,0.019,-0.776,-0.003,0.630,0.412,1.163,0.256
2016-12-01 01:45:02.747,42.380,0.019,-0.776,-0.002,0.630,0.411,1.163,0.256
2016-12-01 01:45:02.758,42.380,0.020,-0.776,-0.002,0.630,0.411,1.163,0.256
2016-12-01 01:45:02.769,42.401,0.020,-0.776,-0.002,0.631,0.411,1.162,0.256
2016-12-01 01:45:02.780,42.401,0.020,-0.776,-0.002,0.631,0.411,1.162,0.256
2016-12-01 01:45:02.791,42.423,0.021,-0.775,-0.002,0.631,0.411,1.162,0.256
2016-12-01 01:45:02.803,42.423,0.021,-0.775,-0.002,0.632,0.411,1.162,0.256
2016-12-01 01:45:02.813,42.423,0.021,-0.775,-0.002,0.632,0.411,1.162,0.257
2016-12-01 01:45:02.824,42.444,0.021,-0.775,-0.002,0.632,0.411,1.162,0.257
2016-12-01 01:45:02.836,42.465,0.021,-0.775,-0.002,0.632,0.411,1.162,0.257
2016-12-01 01:45:02.847,42.465,0.021,-0.775,-0.002,0.632,0.411,1.162,0.257
2016-12-01 01:45:02.858,42.487,0.021,-0.774,-0.002,0.632,0.411,1.162,0.257
2016-12-01 01:45:02.870,42.487,0.021,-0.774,-0.002,0.632,0.411,1.162,0.257
2016-12-01 01:45:02.880,42.508,0.021,-0.774,-0.002,0.633,0.411,1.162,0.257
2016-12-01 01:45:02.892,42.508,0.021,-0.774,-0.002,0.633,0.411,1.163,0.257
2016-12-01 01:45:02.902,42.529,0.021,-0.774,-0.002,0.633,0.411,1.163,0.257
2016-12-01 01:45:02.914,42.529,0.021,-0.774,-0.002,0.633,0.410,1.163,0.257
2016-12-01 01:45:02.925,42.551,0.022,-0.774,-0.002,0.633,0.410,1.162,0.257
2016-12-01 01:45:02.937,42.572,0.022,-0.774,-0.002,0.633,0.410,1.162,0.257
2016-12-01 01:45:02.947,42.572,0.022,-0.774,-0.002,0.632,0.410,1.162,0.257
2016-12-01 01:45:02.958,42.593,0.022,-0.774,-0.001,0.632,0.410,1.162,0.257
2016-12-01 01:45:02.970,42.593,0.022,-0.775,-0.001,0.632,0.410,1.162,0.257
2016-12-01 01:45:02.981,42.593,0.022,-0.775,-0.001,0.632,0.410,1.162,0.257
2016-12-01 01:45:02.992,42.615,0.022,-0.775,-0.001,0.632,0.410,1.162,0.257
2016-12-01 01:45:03.004,42.615,0.022,-0.775,0.000,0.631,0.410,1.162,0.257
2016-12-01 01:45:03.014,42.636,0.022,-0.775,0.000,0.631,0.410,1.162,0.257
2016-12-01 01:45:03.025,42.636,0.023,-0.776,0.000,0.631,0.410,1.162,0.257
2016-12-01 01:45:03.037,42.657,0.023,-0.776,0.001,0.631,0.409,1.162,0.257
2016-12-01 01:45:03.048,42.679,0.023,-0.776,0.001,0.630,0.409,1.162,0.256
2016-12-01 01:45:03.059,42.679,0.024,-0.776,0.001,0.630,0.409,1.162,0.256
2016-12-01 01:45:03.070,42.700,0.024,-0.777,0.002,0.630,0.409,1.162,0.256
2016-12-01 01:45:03.081,42.700,0.024,-0.777,0.002,0.629,0.409,1.162,0.256
2016-12-01 01:45:03.092,42.721,0.024,-0.777,0.003,0.629,0.409,1.162,0.256
2016-12-01 01:45:03.104,42.721,0.024,-0.777,0.003,0.629,0.409,1.162,0.256
2016-12-01 01:45:03.115,42.743,0.024,-0.778,0.004,0.628,0.409,1.161,0.256
2016-12-01 01:45:03.126,42.743,0.025,-0.778,0.004,0.628,0.409,1.161,0.256
2016-12-01 01:45:03.137,42.764,0.025,-0.778,0.004,0.628,0.409,1.161,0.256
2016-12-01 01:45:03.149,42.764,0.025,-0.778,0.004,0.627,0.409,1.161,0.256
2016-12-01 01:45:03.160,42.785,0.024,-0.779,0.005,0.627,0.408,1.161,0.256
2016-12-01 01:45:03.171,42.785,0.024,-0.779,0.005,0.627,0.408,1.161,0.256
2016-12-01 01:45:03.182,42.807,0.024,-0.779,0.005,0.626,0.408,1.161,0.256
2016-12-01 01:45:03.193,42.807,0.024,-0.779,0.005,0.626,0.408,1.161,0.256
2016-12-01 01:45:03.204,42.828,0.024,-0.779,0.005,0.626,0.408,1.161,0.256
2016-12-01 01:45:03.216,42.828,0.024,-0.780,0.005,0.626,0.408,1.161,0.256
2016-12-01 01:45:03.226,42.849,0.024,-0.780,0.005,0.626,0.409,1.161,0.256
2016-12-01 01:45:03.238,42.871,0.024,-0.780,0.005,0.625,0.409,1.161,0.255
2016-12-01 01:45:03.249,42.871,0.024,-0.780,0.005,0.625,0.409,1.161,0.255
2016-12-01 01:45:03.260,42.892,0.023,-0.780,0.005,0.625,0.409,1.161,0.255
2016-12-01 01:45:03.272,42.892,0.023,-0.780,0.005,0.625,0.408,1.162,0.255
2016-12-01 01:45:03.282,42.913,0.023,-0.780,0.005,0.625,0.408,1.162,0.255
2016-12-01 01:45:03.294,42.913,0.023,-0.780,0.005,0.625,0.408,1.162,0.255
2016-12-01 01:45:03.305,42.913,0.023,-0.780,0.006,0.625,0.408,1.162,0.255
2016-12-01 01:45:03.316,42.935,0.023,-0.780,0.006,0.625,0.408,1.162,0.255
2016-12-01 01:45:03.327,42.956,0.023,-0.780,0.006,0.625,0.408,1.162,0.255
2016-12-01 01:45:03.339,42.956,0.023,-0.780,0.006,0.625,0.408,1.162,0.255
2016-12-01 01:45:03.349,42.977,0.023,-0.780,0.007,0.625,0.408,1.162,0.255
2016-12-01 01:45:03.362,42.977,0.023,-0.780,0.007,0.625,0.408,1.161,0.255
2016-12-01 01:45:03.372,42.999,0.023,-0.780,0.007,0.625,0.408,1.161,0.255
2016-12-01 01:45:03.383,42.999,0.024,-0.780,0.008,0.625,0.408,1.161,0.255
2016-12-01 01:45:03.394,43.020,0.024,-0.780,0.008,0.625,0.408,1.161,0.254
2016-12-01 01:45:03.406,43.041,0.024,-0.781,0.008,0.624,0.408,1.161,0.254
2016-12-01 01:45:03.416,43.041,0.024,-0.781,0.009,0.624,0.408,1.161,0.254
2016-12-01 01:45:03.428,43.063,0.024,-0.781,0.009,0.624,0.408,1.161,0.254
2016-12-01 01:45:03.439,43.063,0.024,-0.781,0.010,0.624,0.408,1.161,0.254
2016-12-01 01:45:03.450,43.063,0.024,-0.781,0.010,0.624,0.408,1.161,0.254
2016-12-01 01:45:03.461,43.084,0.024,-0.781,0.011,0.624,0.408,1.161,0.254
2016-12-01 01:45:03.472,43.084,0.024,-0.781,0.011,0.624,0.408,1.161,0.254
2016-12-01 01:45:03.483,43.105,0.024,-0.781,0.011,0.624,0.408,1.161,0.253
2016-12-01 01:45:03.495,43.105,0.024,-0.781,0.012,0.623,0.408,1.160,0.253
2016-12-01 01:45:03.506,43.127,0.024,-0.782,0.012,0.623,0.408,1.160,0.253
2016-12-01 01:45:03.517,43.148,0.024,-0.782,0.012,0.623,0.408,1.160,0.253
2016-12-01 01:45:03.529,43.148,0.024,-0.782,0.013,0.623,0.408,1.160,0.253
2016-12-01 01:45:03.539,43.169,0.024,-0.782,0.013,0.623,0.408,1.160,0.253
2016-12-01 01:45:03.550,43.169,0.025,-0.782,0.013,0.623,0.408,1.160,0.253
2016-12-01 01:45:03.562,43.191,0.025,-0.782,0.013,0.623,0.408,1.160,0.253
2016-12-01 01:45:03.574,43.191,0.025,-0.782,0.014,0.623,0.408,1.160,0.253
2016-12-01 01:45:03.584,43.212,0.025,-0.782,0.014,0.623,0.408,1.160,0.253
2016-12-01 01:45:03.595,43.212,0.025,-0.781,0.015,0.623,0.408,1.160,0.253
2016-12-01 01:45:03.606,43.233,0.025,-0.781,0.015,0.623,0.408,1.160,0.253
2016-12-01 01:45:03.617,43.233,0.025,-0.781,0.015,0.623,0.408,1.160,0.253
2016-12-01 01:45:03.629,43.255,0.024,-0.781,0.015,0.624,0.408,1.160,0.253
2016-12-01 01:45:03.640,43.255,0.024,-0.781,0.016,0.624,0.408,1.160,0.253
2016-12-01 01:45:03.651,43.276,0.024,-0.781,0.016,0.624,0.408,1.160,0.253
2016-12-01 01:45:03.662,43.276,0.024,-0.781,0.016,0.624,0.408,1.160,0.253
2016-12-01 01:45:03.674,43.297,0.024,-0.781,0.016,0.624,0.408,1.160,0.253
2016-12-01 01:45:03.685,43.297,0.024,-0.781,0.016,0.624,0.408,1.160,0.253
2016-12-01 01:45:03.696,43.319,0.025,-0.781,0.016,0.624,0.407,1.160,0.253
2016-12-01 01:45:03.707,43.340,0.025,-0.781,0.016,0.624,0.407,1.160,0.253
2016-12-01 01:45:03.718,43.340,0.025,-0.781,0.016,0.624,0.407,1.160,0.253
2016-12-01 01:45:03.729,43.361,0.025,-0.781,0.016,0.624,0.407,1.160,0.253
2016-12-01 01:45:03.741,43.361,0.025,-0.781,0.017,0.624,0.407,1.160,0.253
2016-12-01 01:45:03.751,43.383,0.025,-0.780,0.016,0.625,0.407,1.160,0.253
2016-12-01 01:45:03.763,43.383,0.025,-0.780,0.016,0.625,0.407,1.160,0.253
2016-12-01 01:45:03.774,43.404,0.025,-0.780,0.016,0.625,0.407,1.160,0.253
2016-12-01 01:45:03.785,43.404,0.025,-0.780,0.016,0.625,0.407,1.160,0.253
2016-12-01 01:45:03.796,43.404,0.025,-0.780,0.016,0.626,0.407,1.160,0.253
2016-12-01 01:45:03.807,43.425,0.025,-0.779,0.016,0.626,0.407,1.160,0.253
2016-12-01 01:45:03.819,43.447,0.025,-0.779,0.016,0.626,0.407,1.160,0.253
2016-12-01 01:45:03.830,43.447,0.025,-0.779,0.016,0.626,0.407,1.160,0.253
2016-12-01 01:45:03.841,43.468,0.025,-0.779,0.016,0.627,0.407,1.160,0.253
2016-12-01 01:45:03.852,43.468,0.025,-0.778,0.015,0.627,0.407,1.160,0.253
2016-12-01 01:45:03.864,43.489,0.025,-0.778,0.015,0.627,0.407,1.160,0.253
2016-12-01 01:45:03.875,43.489,0.025,-0.778,0.015,0.628,0.407,1.160,0.253
2016-12-01 01:45:03.886,43.511,0.025,-0.778,0.015,0.628,0.407,1.160,0.253
2016-12-01 01:45:03.897,43.532,0.025,-0.777,0.015,0.628,0.407,1.160,0.254
2016-12-01 01:45:03.908,43.532,0.025,-0.777,0.015,0.629,0.407,1.160,0.254
2016-12-01 01:45:03.919,43.553,0.025,-0.777,0.015,0.629,0.407,1.160,0.254
2016-12-01 01:45:03.931,43.553,0.025,-0.777,0.015,0.629,0.407,1.160,0.254
2016-12-01 01:45:03.941,43.553,0.025,-0.776,0.015,0.630,0.407,1.160,0.254
2016-12-01 01:45:03.953,43.575,0.025,-0.776,0.014,0.630,0.407,1.160,0.254
2016-12-01 01:45:03.964,43.575,0.025,-0.776,0.014,0.630,0.407,1.160,0.254
2016-12-01 01:45:03.975,43.596,0.025,-0.775,0.014,0.631,0.407,1.160,0.255
2016-12-01 01:45:03.987,43.617,0.025,-0.775,0.014,0.631,0.407,1.160,0.255
2016-12-01 01:45:03.998,43.617,0.025,-0.775,0.014,0.632,0.407,1.160,0.255
2016-12-01 01:45:04.008,43.639,0.025,-0.775,0.014,0.632,0.408,1.160,0.255
2016-12-01 01:45:04.019,43.639,0.025,-0.774,0.013,0.632,0.408,1.160,0.255
2016-12-01 01:45:04.031,43.660,0.025,-0.774,0.013,0.633,0.408,1.160,0.255
2016-12-01 01:45:04.043,43.660,0.025,-0.773,0.013,0.633,0.408,1.161,0.255
2016-12-01 01:45:04.054,43.681,0.024,-0.773,0.013,0.634,0.408,1.161,0.256
2016-12-01 01:45:04.065,43.681,0.024,-0.773,0.013,0.634,0.408,1.161,0.256
2016-12-01 01:45:04.076,43.703,0.024,-0.772,0.013,0.635,0.408,1.161,0.256
2016-12-01 01:45:04.087,43.724,0.024,-0.772,0.013,0.635,0.408,1.161,0.256
2016-12-01 01:45:04.098,43.724,0.024,-0.771,0.012,0.636,0.408,1.161,0.256
2016-12-01 01:45:04.109,43.724,0.024,-0.771,0.012,0.636,0.408,1.161,0.256
2016-12-01 01:45:04.120,43.745,0.023,-0.771,0.012,0.637,0.408,1.161,0.256
2016-12-01 01:45:04.132,43.745,0.023,-0.770,0.012,0.637,0.408,1.161,0.257
2016-12-01 01:45:04.143,43.767,0.023,-0.770,0.011,0.638,0.408,1.161,0.257
2016-12-01 01:45:04.154,43.767,0.023,-0.769,0.011,0.638,0.408,1.161,0.257
2016-12-01 01:45:04.165,43.788,0.023,-0.769,0.011,0.639,0.408,1.161,0.257
2016-12-01 01:45:04.176,43.809,0.023,-0.768,0.010,0.639,0.408,1.161,0.257
2016-12-01 01:45:04.187,43.809,0.023,-0.768,0.010,0.640,0.408,1.161,0.257
2016-12-01 01:45:04.198,43.831,0.022,-0.768,0.010,0.641,0.408,1.161,0.257
2016-12-01 01:45:04.210,43.831,0.022,-0.767,0.009,0.641,0.408,1.161,0.257
2016-12-01 01:45:04.220,43.852,0.022,-0.767,0.009,0.642,0.408,1.161,0.258
2016-12-01 01:45:04.232,43.852,0.022,-0.766,0.009,0.642,0.408,1.161,0.257
2016-12-01 01:45:04.243,43.873,0.022,-0.766,0.008,0.643,0.408,1.161,0.258
2016-12-01 01:45:04.254,43.873,0.022,-0.765,0.008,0.643,0.408,1.161,0.258
2016-12-01 01:45:04.265,43.873,0.022,-0.765,0.007,0.644,0.408,1.162,0.258
2016-12-01 01:45:04.277,43.895,0.021,-0.765,0.006,0.644,0.408,1.162,0.258
2016-12-01 01:45:04.288,43.916,0.021,-0.764,0.006,0.645,0.409,1.162,0.258
2016-12-01 01:45:04.299,43.916,0.021,-0.764,0.005,0.645,0.409,1.162,0.258
2016-12-01 01:45:04.310,43.937,0.021,-0.763,0.005,0.646,0.409,1.162,0.258
2016-12-01 01:45:04.321,43.937,0.020,-0.763,0.004,0.646,0.409,1.162,0.258
2016-12-01 01:45:04.332,43.959,0.020,-0.762,0.004,0.647,0.409,1.162,0.258
2016-12-01 01:45:04.345,43.959,0.020,-0.762,0.004,0.648,0.409,1.162,0.258
2016-12-01 01:45:04.354,43.980,0.020,-0.761,0.003,0.648,0.409,1.162,0.258
2016-12-01 01:45:04.366,44.001,0.020,-0.761,0.003,0.649,0.409,1.162,0.259
2016-12-01 01:45:04.377,44.001,0.020,-0.760,0.003,0.649,0.409,1.162,0.259
2016-12-01 01:45:04.388,44.023,0.020,-0.760,0.003,0.650,0.409,1.162,0.259
2016-12-01 01:45:04.399,44.023,0.020,-0.759,0.002,0.651,0.409,1.162,0.259
2016-12-01 01:45:04.410,44.044,0.020,-0.758,0.002,0.652,0.409,1.162,0.259
2016-12-01 01:45:04.422,44.044,0.020,-0.758,0.002,0.652,0.409,1.162,0.259
2016-12-01 01:45:04.433,44.044,0.021,-0.757,0.002,0.653,0.409,1.163,0.259
2016-12-01 01:45:04.444,44.065,0.021,-0.756,0.002,0.654,0.409,1.163,0.259
2016-12-01 01:45:04.456,44.065,0.021,-0.756,0.002,0.655,0.409,1.163,0.259
2016-12-01 01:45:04.466,44.087,0.021,-0.755,0.002,0.656,0.409,1.163,0.259
2016-12-01 01:45:04.478,44.108,0.021,-0.754,0.002,0.657,0.409,1.163,0.259
2016-12-01 01:45:04.489,44.108,0.021,-0.753,0.002,0.658,0.409,1.162,0.260
2016-12-01 01:45:04.500,44.129,0.021,-0.752,0.002,0.659,0.409,1.162,0.260
2016-12-01 01:45:04.511,44.129,0.022,-0.751,0.002,0.660,0.409,1.162,0.260
2016-12-01 01:45:04.522,44.151,0.022,-0.750,0.002,0.661,0.410,1.162,0.260
2016-12-01 01:45:04.534,44.151,0.022,-0.749,0.002,0.662,0.410,1.162,0.260
2016-12-01 01:45:04.544,44.172,0.023,-0.748,0.002,0.663,0.409,1.162,0.260
2016-12-01 01:45:04.555,44.172,0.023,-0.747,0.002,0.664,0.409,1.162,0.260
2016-12-01 01:45:04.567,44.193,0.023,-0.746,0.002,0.665,0.409,1.162,0.261
2016-12-01 01:45:04.578,44.215,0.024,-0.745,0.002,0.666,0.409,1.162,0.261
2016-12-01 01:45:04.589,44.215,0.024,-0.744,0.002,0.668,0.409,1.162,0.261
2016-12-01 01:45:04.600,44.215,0.024,-0.743,0.002,0.669,0.409,1.162,0.261
2016-12-01 01:45:04.612,44.236,0.025,-0.742,0.003,0.670,0.409,1.162,0.261
2016-12-01 01:45:04.623,44.236,0.025,-0.741,0.003,0.671,0.409,1.161,0.261
2016-12-01 01:45:04.634,44.257,0.026,-0.740,0.003,0.672,0.409,1.161,0.261
2016-12-01 01:45:04.646,44.257,0.026,-0.739,0.003,0.674,0.410,1.161,0.261
2016-12-01 01:45:04.656,44.279,0.026,-0.737,0.004,0.675,0.410,1.161,0.261
2016-12-01 01:45:04.668,44.300,0.026,-0.736,0.004,0.676,0.410,1.161,0.261
2016-12-01 01:45:04.679,44.300,0.026,-0.735,0.004,0.678,0.410,1.161,0.261
2016-12-01 01:45:04.690,44.321,0.027,-0.734,0.004,0.679,0.410,1.161,0.261
2016-12-01 01:45:04.701,44.321,0.027,-0.733,0.004,0.680,0.410,1.161,0.261
2016-12-01 01:45:04.712,44.343,0.027,-0.731,0.004,0.681,0.410,1.161,0.261
2016-12-01 01:45:04.723,44.343,0.026,-0.730,0.004,0.683,0.410,1.161,0.262
2016-12-01 01:45:04.734,44.364,0.026,-0.729,0.004,0.684,0.410,1.161,0.262
2016-12-01 01:45:04.746,44.364,0.026,-0.728,0.004,0.685,0.410,1.161,0.262
2016-12-01 01:45:04.757,44.385,0.026,-0.727,0.003,0.686,0.410,1.161,0.262
2016-12-01 01:45:04.768,44.385,0.025,-0.726,0.003,0.687,0.411,1.161,0.262
2016-12-01 01:45:04.779,44.407,0.025,-0.725,0.003,0.688,0.411,1.161,0.262
2016-12-01 01:45:04.790,44.407,0.025,-0.724,0.003,0.689,0.411,1.162,0.262
2016-12-01 01:45:04.802,44.428,0.025,-0.723,0.003,0.691,0.411,1.162,0.262
2016-12-01 01:45:04.814,44.428,0.025,-0.722,0.003,0.692,0.411,1.162,0.262
2016-12-01 01:45:04.824,44.449,0.025,-0.721,0.003,0.693,0.411,1.162,0.261
2016-12-01 01:45:04.836,44.449,0.025,-0.720,0.003,0.694,0.410,1.162,0.262
2016-12-01 01:45:04.846,44.471,0.025,-0.719,0.003,0.695,0.410,1.162,0.261
2016-12-01 01:45:04.857,44.492,0.025,-0.718,0.003,0.696,0.410,1.162,0.261
2016-12-01 01:45:04.869,44.492,0.025,-0.717,0.004,0.697,0.410,1.162,0.261
2016-12-01 01:45:04.880,44.513,0.025,-0.716,0.004,0.698,0.410,1.162,0.261
2016-12-01 01:45:04.891,44.513,0.025,-0.715,0.004,0.699,0.410,1.162,0.261
2016-12-01 01:45:04.902,44.535,0.025,-0.714,0.004,0.700,0.410,1.162,0.261
2016-12-01 01:45:04.913,44.535,0.024,-0.713,0.004,0.701,0.410,1.161,0.261
2016-12-01 01:45:04.924,44.535,0.024,-0.712,0.004,0.701,0.410,1.162,0.261
2016-12-01 01:45:04.935,44.556,0.024,-0.712,0.004,0.702,0.411,1.162,0.261
2016-12-01 01:45:04.947,44.577,0.024,-0.711,0.004,0.703,0.410,1.162,0.261
2016-12-01 01:45:04.957,44.577,0.024,-0.710,0.005,0.704,0.411,1.162,0.261
2016-12-01 01:45:04.969,44.599,0.024,-0.709,0.005,0.704,0.411,1.162,0.261
2016-12-01 01:45:04.980,44.599,0.024,-0.709,0.005,0.705,0.410,1.162,0.261
2016-12-01 01:45:04.991,44.620,0.024,-0.708,0.005,0.706,0.410,1.162,0.260
2016-12-01 01:45:05.003,44.620,0.024,-0.708,0.005,0.706,0.410,1.161,0.260
2016-12-01 01:45:05.014,44.641,0.024,-0.707,0.006,0.707,0.410,1.161,0.260
2016-12-01 01:45:05.025,44.641,0.024,-0.707,0.006,0.707,0.411,1.161,0.260
2016-12-01 01:45:05.036,44.663,0.024,-0.707,0.006,0.707,0.411,1.161,0.260
2016-12-01 01:45:05.048,44.684,0.024,-0.706,0.006,0.708,0.411,1.161,0.260
2016-12-01 01:45:05.059,44.684,0.024,-0.706,0.006,0.708,0.411,1.161,0.260
2016-12-01 01:45:05.069,44.684,0.024,-0.706,0.006,0.708,0.411,1.161,0.260
2016-12-01 01:45:05.081,44.705,0.024,-0.706,0.007,0.708,0.411,1.161,0.260
2016-12-01 01:45:05.092,44.705,0.024,-0.706,0.007,0.708,0.411,1.161,0.259
2016-12-01 01:45:05.103,44.727,0.023,-0.706,0.007,0.708,0.411,1.161,0.259
2016-12-01 01:45:05.115,44.727,0.023,-0.706,0.007,0.708,0.411,1.161,0.259
2016-12-01 01:45:05.125,44.748,0.023,-0.706,0.007,0.708,0.411,1.161,0.259
2016-12-01 01:45:05.137,44.769,0.023,-0.706,0.008,0.708,0.411,1.161,0.259
2016-12-01 01:45:05.147,44.769,0.023,-0.706,0.008,0.708,0.411,1.161,0.259
2016-12-01 01:45:05.159,44.791,0.023,-0.707,0.008,0.707,0.411,1.161,0.258
2016-12-01 01:45:05.170,44.791,0.023,-0.707,0.008,0.707,0.411,1.161,0.258
2016-12-01 01:45:05.181,44.812,0.022,-0.707,0.008,0.706,0.411,1.161,0.258
2016-12-01 01:45:05.193,44.812,0.022,-0.708,0.008,0.706,0.411,1.161,0.258
2016-12-01 01:45:05.204,44.833,0.022,-0.708,0.008,0.705,0.411,1.161,0.258
2016-12-01 01:45:05.215,44.833,0.022,-0.709,0.009,0.705,0.411,1.161,0.257
2016-12-01 01:45:05.226,44.855,0.022,-0.710,0.009,0.704,0.411,1.161,0.257
2016-12-01 01:45:05.238,44.855,0.022,-0.710,0.009,0.703,0.411,1.161,0.257
2016-12-01 01:45:05.248,44.876,0.022,-0.711,0.009,0.703,0.411,1.161,0.257
2016-12-01 01:45:05.260,44.876,0.022,-0.712,0.009,0.702,0.411,1.162,0.257
2016-12-01 01:45:05.271,44.897,0.022,-0.713,0.009,0.701,0.411,1.162,0.257
2016-12-01 01:45:05.282,44.897,0.022,-0.713,0.009,0.700,0.411,1.162,0.256
2016-12-01 01:45:05.293,44.919,0.021,-0.714,0.010,0.699,0.411,1.162,0.256
2016-12-01 01:45:05.305,44.919,0.021,-0.715,0.010,0.699,0.411,1.162,0.256
2016-12-01 01:45:05.315,44.940,0.021,-0.716,0.010,0.698,0.411,1.162,0.256
2016-12-01 01:45:05.326,44.961,0.021,-0.717,0.010,0.697,0.411,1.162,0.256
2016-12-01 01:45:05.338,44.961,0.021,-0.718,0.010,0.696,0.411,1.162,0.256
2016-12-01 01:45:05.349,44.983,0.021,-0.719,0.010,0.695,0.411,1.162,0.256
2016-12-01 01:45:05.361,44.983,0.021,-0.720,0.010,0.694,0.411,1.162,0.256
2016-12-01 01:45:05.371,45.004,0.021,-0.720,0.010,0.693,0.411,1.162,0.255
2016-12-01 01:45:05.383,45.004,0.021,-0.721,0.010,0.692,0.411,1.162,0.255
2016-12-01 01:45:05.394,45.025,0.021,-0.722,0.010,0.691,0.411,1.162,0.255
2016-12-01 01:45:05.405,45.025,0.020,-0.723,0.010,0.690,0.411,1.162,0.255
2016-12-01 01:45:05.416,45.025,0.020,-0.724,0.010,0.689,0.411,1.162,0.255
2016-12-01 01:45:05.427,45.047,0.020,-0.725,0.011,0.688,0.411,1.161,0.255
2016-12-01 01:45:05.438,45.068,0.020,-0.726,0.011,0.687,0.411,1.162,0.255
2016-12-01 01:45:05.449,45.068,0.020,-0.727,0.011,0.686,0.411,1.162,0.255
2016-12-01 01:45:05.461,45.089,0.020,-0.728,0.011,0.685,0.411,1.162,0.255
2016-12-01 01:45:05.472,45.089,0.020,-0.729,0.011,0.684,0.411,1.162,0.255
2016-12-01 01:45:05.483,45.111,0.020,-0.730,0.011,0.683,0.411,1.161,0.255
2016-12-01 01:45:05.494,45.111,0.020,-0.731,0.011,0.682,0.411,1.161,0.255
2016-12-01 01:45:05.505,45.132,0.020,-0.732,0.011,0.681,0.411,1.161,0.255
2016-12-01 01:45:05.517,45.153,0.020,-0.733,0.011,0.680,0.411,1.161,0.255
2016-12-01 01:45:05.528,45.153,0.020,-0.734,0.011,0.679,0.411,1.161,0.255
2016-12-01 01:45:05.538,45.175,0.020,-0.735,0.011,0.678,0.411,1.161,0.255
2016-12-01 01:45:05.550,45.175,0.020,-0.736,0.011,0.677,0.411,1.161,0.255
2016-12-01 01:45:05.561,45.175,0.021,-0.737,0.011,0.676,0.411,1.161,0.255
2016-12-01 01:45:05.572,45.196,0.021,-0.738,0.012,0.675,0.411,1.161,0.255
2016-12-01 01:45:05.584,45.196,0.021,-0.739,0.012,0.674,0.411,1.161,0.255
2016-12-01 01:45:05.595,45.217,0.021,-0.740,0.012,0.672,0.411,1.161,0.255
2016-12-01 01:45:05.606,45.217,0.021,-0.741,0.012,0.671,0.411,1.161,0.255
2016-12-01 01:45:05.617,45.239,0.021,-0.742,0.012,0.670,0.411,1.161,0.255
2016-12-01 01:45:05.628,45.260,0.022,-0.743,0.012,0.669,0.411,1.161,0.255
2016-12-01 01:45:05.640,45.260,0.022,-0.743,0.011,0.668,0.411,1.161,0.255
2016-12-01 01:45:05.650,45.281,0.022,-0.744,0.011,0.667,0.411,1.161,0.256
2016-12-01 01:45:05.662,45.281,0.022,-0.745,0.011,0.666,0.411,1.161,0.256
2016-12-01 01:45:05.673,45.303,0.022,-0.746,0.011,0.665,0.411,1.161,0.256
2016-12-01 01:45:05.684,45.303,0.022,-0.747,0.011,0.665,0.411,1.161,0.256
2016-12-01 01:45:05.695,45.324,0.022,-0.748,0.011,0.664,0.411,1.161,0.256
2016-12-01 01:45:05.706,45.345,0.023,-0.748,0.011,0.663,0.411,1.161,0.257
2016-12-01 01:45:05.717,45.345,0.023,-0.749,0.010,0.662,0.410,1.161,0.257
2016-12-01 01:45:05.728,45.345,0.023,-0.749,0.010,0.662,0.410,1.161,0.257
2016-12-01 01:45:05.740,45.367,0.024,-0.750,0.010,0.661,0.410,1.161,0.257
2016-12-01 01:45:05.751,45.367,0.024,-0.750,0.009,0.661,0.410,1.160,0.257
2016-12-01 01:45:05.762,45.388,0.025,-0.751,0.009,0.660,0.410,1.160,0.258
2016-12-01 01:45:05.774,45.388,0.025,-0.751,0.009,0.660,0.410,1.160,0.258
2016-12-01 01:45:05.784,45.409,0.026,-0.751,0.009,0.659,0.410,1.160,0.258
2016-12-01 01:45:05.795,45.409,0.027,-0.752,0.009,0.659,0.410,1.160,0.258
2016-12-01 01:45:05.807,45.431,0.027,-0.752,0.009,0.659,0.410,1.160,0.259
2016-12-01 01:45:05.818,45.452,0.028,-0.752,0.008,0.658,0.410,1.161,0.259
2016-12-01 01:45:05.830,45.452,0.028,-0.752,0.008,0.658,0.410,1.161,0.259
2016-12-01 01:45:05.840,45.473,0.028,-0.753,0.008,0.658,0.409,1.161,0.259
2016-12-01 01:45:05.851,45.473,0.029,-0.753,0.007,0.657,0.409,1.161,0.260
2016-12-01 01:45:05.863,45.495,0.029,-0.753,0.007,0.657,0.409,1.161,0.260
2016-12-01 01:45:05.874,45.495,0.029,-0.753,0.007,0.657,0.409,1.161,0.260
2016-12-01 01:45:05.885,45.495,0.029,-0.754,0.006,0.657,0.409,1.161,0.260
2016-12-01 01:45:05.896,45.516,0.029,-0.754,0.006,0.657,0.409,1.161,0.260
2016-12-01 01:45:05.908,45.537,0.029,-0.754,0.006,0.656,0.409,1.161,0.261
2016-12-01 01:45:05.918,45.537,0.030,-0.754,0.005,0.656,0.409,1.161,0.261
2016-12-01 01:45:05.930,45.559,0.030,-0.754,0.005,0.656,0.409,1.161,0.261
2016-12-01 01:45:05.941,45.559,0.030,-0.754,0.005,0.656,0.409,1.161,0.261
2016-12-01 01:45:05.952,45.580,0.031,-0.754,0.005,0.656,0.409,1.161,0.262
2016-12-01 01:45:05.964,45.580,0.031,-0.755,0.005,0.655,0.408,1.161,0.262
2016-12-01 01:45:05.974,45.601,0.031,-0.755,0.004,0.655,0.408,1.161,0.262
2016-12-01 01:45:05.985,45.601,0.031,-0.755,0.004,0.655,0.408,1.161,0.262
2016-12-01 01:45:05.997,45.623,0.032,-0.755,0.004,0.655,0.408,1.160,0.262
2016-12-01 01:45:06.008,45.644,0.032,-0.755,0.004,0.655,0.408,1.160,0.262
2016-12-01 01:45:06.019,45.644,0.032,-0.755,0.004,0.655,0.408,1.160,0.262
2016-12-01 01:45:06.030,45.665,0.033,-0.755,0.004,0.655,0.408,1.160,0.263
2016-12-01 01:45:06.042,45.665,0.033,-0.755,0.004,0.655,0.408,1.160,0.263
2016-12-01 01:45:06.053,45.665,0.034,-0.755,0.004,0.655,0.408,1.160,0.263
2016-12-01 01:45:06.063,45.687,0.034,-0.755,0.004,0.655,0.408,1.160,0.263
2016-12-01 01:45:06.075,45.687,0.034,-0.755,0.004,0.655,0.408,1.160,0.263
2016-12-01 01:45:06.086,45.708,0.034,-0.755,0.004,0.655,0.408,1.160,0.263
2016-12-01 01:45:06.097,45.729,0.035,-0.754,0.004,0.656,0.407,1.160,0.264
2016-12-01 01:45:06.109,45.729,0.035,-0.754,0.004,0.656,0.407,1.160,0.264
2016-12-01 01:45:06.120,45.751,0.036,-0.754,0.004,0.656,0.407,1.160,0.264
2016-12-01 01:45:06.131,45.751,0.036,-0.754,0.004,0.656,0.407,1.160,0.264
2016-12-01 01:45:06.142,45.772,0.036,-0.753,0.004,0.657,0.407,1.160,0.264
2016-12-01 01:45:06.153,45.772,0.037,-0.753,0.004,0.657,0.407,1.160,0.264
2016-12-01 01:45:06.164,45.793,0.037,-0.752,0.005,0.658,0.407,1.160,0.265
2016-12-01 01:45:06.176,45.793,0.037,-0.752,0.005,0.658,0.407,1.160,0.265
2016-12-01 01:45:06.187,45.815,0.037,-0.752,0.005,0.659,0.407,1.160,0.265
2016-12-01 01:45:06.198,45.836,0.037,-0.751,0.005,0.659,0.407,1.160,0.265
2016-12-01 01:45:06.209,45.836,0.037,-0.751,0.004,0.659,0.407,1.159,0.265
2016-12-01 01:45:06.220,45.836,0.037,-0.750,0.004,0.660,0.407,1.159,0.265
2016-12-01 01:45:06.231,45.857,0.037,-0.750,0.004,0.660,0.407,1.160,0.265
2016-12-01 01:45:06.243,45.857,0.037,-0.750,0.004,0.661,0.407,1.160,0.265
2016-12-01 01:45:06.253,45.879,0.037,-0.749,0.004,0.661,0.407,1.159,0.265
2016-12-01 01:45:06.265,45.879,0.037,-0.749,0.004,0.662,0.407,1.160,0.265
2016-12-01 01:45:06.276,45.900,0.037,-0.749,0.004,0.662,0.407,1.160,0.265
2016-12-01 01:45:06.287,45.921,0.037,-0.748,0.004,0.662,0.407,1.160,0.265
2016-12-01 01:45:06.299,45.921,0.037,-0.748,0.004,0.663,0.407,1.160,0.265
2016-12-01 01:45:06.310,45.943,0.037,-0.748,0.004,0.663,0.407,1.160,0.265
2016-12-01 01:45:06.321,45.943,0.037,-0.747,0.004,0.663,0.407,1.160,0.265
2016-12-01 01:45:06.332,45.964,0.037,-0.747,0.004,0.664,0.407,1.160,0.265
2016-12-01 01:45:06.344,45.964,0.036,-0.747,0.004,0.664,0.407,1.160,0.265
2016-12-01 01:45:06.354,45.985,0.036,-0.747,0.004,0.664,0.407,1.160,0.265
2016-12-01 01:45:06.366,45.985,0.036,-0.746,0.004,0.665,0.407,1.160,0.265
2016-12-01 01:45:06.377,46.007,0.036,-0.746,0.004,0.665,0.407,1.160,0.265
2016-12-01 01:45:06.387,46.007,0.035,-0.746,0.004,0.665,0.407,1.160,0.265
2016-12-01 01:45:06.399,46.028,0.035,-0.746,0.004,0.665,0.407,1.160,0.265
2016-12-01 01:45:06.411,46.028,0.035,-0.745,0.004,0.666,0.407,1.160,0.265
2016-12-01 01:45:06.421,46.049,0.034,-0.745,0.004,0.666,0.408,1.160,0.265
2016-12-01 01:45:06.432,46.049,0.034,-0.745,0.004,0.666,0.408,1.160,0.264
2016-12-01 01:45:06.444,46.071,0.034,-0.744,0.004,0.667,0.408,1.160,0.264
2016-12-01 01:45:06.454,46.071,0.034,-0.744,0.004,0.667,0.408,1.160,0.264
2016-12-01 01:45:06.466,46.092,0.033,-0.744,0.004,0.668,0.408,1.160,0.264
2016-12-01 01:45:06.477,46.113,0.033,-0.743,0.004,0.668,0.408,1.160,0.264
2016-12-01 01:45:06.489,46.113,0.033,-0.743,0.005,0.668,0.408,1.160,0.264
2016-12-01 01:45:06.499,46.135,0.033,-0.743,0.005,0.669,0.408,1.160,0.263
2016-12-01 01:45:06.511,46.135,0.033,-0.743,0.005,0.669,0.408,1.160,0.263
2016-12-01 01:45:06.522,46.156,0.032,-0.742,0.005,0.669,0.408,1.160,0.263
2016-12-01 01:45:06.534,46.156,0.032,-0.742,0.006,0.670,0.408,1.160,0.263
2016-12-01 01:45:06.544,46.156,0.032,-0.742,0.006,0.670,0.408,1.160,0.263
2016-12-01 01:45:06.555,46.177,0.031,-0.741,0.006,0.671,0.408,1.161,0.263
2016-12-01 01:45:06.566,46.199,0.031,-0.741,0.006,0.671,0.408,1.161,0.263
2016-12-01 01:45:06.578,46.199,0.031,-0.740,0.006,0.671,0.408,1.161,0.262
2016-12-01 01:45:06.589,46.220,0.031,-0.740,0.006,0.672,0.408,1.161,0.262
2016-12-01 01:45:06.600,46.220,0.030,-0.740,0.006,0.672,0.408,1.161,0.262
2016-12-01 01:45:06.611,46.241,0.030,-0.739,0.007,0.673,0.409,1.161,0.262
2016-12-01 01:45:06.622,46.241,0.030,-0.739,0.007,0.673,0.409,1.161,0.262
2016-12-01 01:45:06.633,46.263,0.029,-0.738,0.007,0.674,0.409,1.161,0.262
2016-12-01 01:45:06.645,46.263,0.029,-0.738,0.007,0.674,0.409,1.161,0.261
2016-12-01 01:45:06.655,46.284,0.028,-0.737,0.007,0.675,0.409,1.161,0.261
2016-12-01 01:45:06.667,46.305,0.028,-0.737,0.007,0.675,0.409,1.161,0.261
2016-12-01 01:45:06.678,46.305,0.028,-0.736,0.007,0.676,0.409,1.161,0.261
2016-12-01 01:45:06.689,46.305,0.028,-0.736,0.007,0.676,0.409,1.161,0.261
2016-12-01 01:45:06.700,46.327,0.027,-0.735,0.007,0.677,0.409,1.161,0.261
2016-12-01 01:45:06.712,46.327,0.027,-0.735,0.007,0.677,0.409,1.161,0.261
2016-12-01 01:45:06.723,46.348,0.027,-0.735,0.008,0.678,0.409,1.161,0.261
2016-12-01 01:45:06.734,46.348,0.026,-0.734,0.008,0.679,0.409,1.161,0.260
2016-12-01 01:45:06.745,46.369,0.026,-0.734,0.008,0.679,0.409,1.161,0.260
2016-12-01 01:45:06.756,46.391,0.026,-0.733,0.008,0.680,0.410,1.161,0.260
2016-12-01 01:45:06.768,46.391,0.026,-0.732,0.008,0.680,0.410,1.161,0.260
2016-12-01 01:45:06.778,46.412,0.026,-0.732,0.008,0.681,0.410,1.161,0.260
2016-12-01 01:45:06.790,46.412,0.026,-0.731,0.008,0.681,0.410,1.161,0.260
2016-12-01 01:45:06.801,46.433,0.026,-0.731,0.009,0.682,0.410,1.161,0.260
2016-12-01 01:45:06.812,46.433,0.026,-0.730,0.009,0.682,0.410,1.161,0.260
2016-12-01 01:45:06.823,46.455,0.026,-0.730,0.009,0.683,0.410,1.161,0.260
2016-12-01 01:45:06.835,46.455,0.026,-0.729,0.009,0.684,0.410,1.161,0.260
2016-12-01 01:45:06.845,46.476,0.025,-0.729,0.009,0.684,0.410,1.161,0.260
2016-12-01 01:45:06.856,46.476,0.025,-0.728,0.009,0.685,0.410,1.161,0.260
2016-12-01 01:45:06.868,46.497,0.025,-0.728,0.010,0.685,0.410,1.161,0.260
2016-12-01 01:45:06.880,46.497,0.025,-0.727,0.010,0.686,0.410,1.161,0.260
2016-12-01 01:45:06.890,46.519,0.025,-0.727,0.010,0.686,0.410,1.161,0.260
2016-12-01 01:45:06.902,46.519,0.025,-0.726,0.010,0.687,0.410,1.161,0.259
2016-12-01 01:45:06.913,46.540,0.025,-0.726,0.010,0.687,0.410,1.161,0.259
2016-12-01 01:45:06.924,46.540,0.025,-0.725,0.010,0.688,0.410,1.161,0.259
2016-12-01 01:45:06.935,46.561,0.025,-0.725,0.010,0.689,0.410,1.161,0.259
2016-12-01 01:45:06.947,46.583,0.025,-0.724,0.010,0.689,0.410,1.161,0.259
2016-12-01 01:45:06.958,46.583,0.025,-0.724,0.010,0.689,0.410,1.160,0.259
2016-12-01 01:45:06.968,46.604,0.024,-0.724,0.011,0.690,0.410,1.160,0.259
2016-12-01 01:45:06.980,46.604,0.024,-0.723,0.011,0.690,0.410,1.160,0.259
2016-12-01 01:45:06.991,46.625,0.024,-0.723,0.011,0.691,0.411,1.161,0.259
2016-12-01 01:45:07.003,46.625,0.024,-0.723,0.011,0.691,0.411,1.161,0.259
2016-12-01 01:45:07.013,46.647,0.024,-0.722,0.011,0.691,0.411,1.161,0.259
2016-12-01 01:45:07.024,46.647,0.024,-0.722,0.011,0.691,0.411,1.161,0.259
2016-12-01 01:45:07.036,46.647,0.024,-0.722,0.011,0.692,0.411,1.161,0.259
2016-12-01 01:45:07.046,46.668,0.023,-0.722,0.011,0.692,0.411,1.161,0.258
2016-12-01 01:45:07.059,46.689,0.023,-0.721,0.011,0.692,0.410,1.161,0.258
2016-12-01 01:45:07.070,46.689,0.023,-0.721,0.011,0.692,0.410,1.161,0.258
2016-12-01 01:45:07.080,46.711,0.023,-0.721,0.011,0.692,0.410,1.161,0.258
2016-12-01 01:45:07.091,46.711,0.023,-0.721,0.011,0.693,0.410,1.161,0.258
2016-12-01 01:45:07.103,46.732,0.023,-0.721,0.011,0.693,0.410,1.161,0.258
2016-12-01 01:45:07.114,46.732,0.023,-0.721,0.011,0.693,0.410,1.161,0.258
2016-12-01 01:45:07.125,46.753,0.023,-0.721,0.011,0.693,0.411,1.161,0.258
2016-12-01 01:45:07.136,46.775,0.023,-0.721,0.011,0.693,0.410,1.161,0.258
2016-12-01 01:45:07.147,46.775,0.023,-0.720,0.011,0.693,0.410,1.161,0.258
2016-12-01 01:45:07.158,46.796,0.023,-0.720,0.011,0.693,0.411,1.161,0.258
2016-12-01 01:45:07.170,46.796,0.023,-0.720,0.011,0.693,0.411,1.161,0.258
2016-12-01 01:45:07.181,46.796,0.023,-0.720,0.011,0.693,0.411,1.161,0.258
2016-12-01 01:45:07.192,46.817,0.023,-0.720,0.011,0.693,0.411,1.161,0.258
2016-12-01 01:45:07.204,46.817,0.023,-0.721,0.012,0.693,0.411,1.161,0.258
2016-12-01 01:45:07.214,46.839,0.023,-0.721,0.012,0.693,0.411,1.161,0.258
2016-12-01 01:45:07.225,46.839,0.023,-0.721,0.012,0.693,0.411,1.161,0.258
2016-12-01 01:45:07.236,46.860,0.023,-0.721,0.012,0.692,0.410,1.161,0.257
2016-12-01 01:45:07.249,46.881,0.023,-0.721,0.012,0.692,0.411,1.161,0.258
2016-12-01 01:45:07.260,46.881,0.023,-0.721,0.012,0.692,0.411,1.161,0.258
2016-12-01 01:45:07.271,46.903,0.023,-0.722,0.012,0.692,0.410,1.161,0.258
2016-12-01 01:45:07.282,46.903,0.023,-0.722,0.012,0.691,0.410,1.161,0.258
2016-12-01 01:45:07.293,46.924,0.023,-0.722,0.012,0.691,0.410,1.161,0.258
2016-12-01 01:45:07.304,46.924,0.023,-0.723,0.012,0.691,0.410,1.161,0.257
2016-12-01 01:45:07.315,46.945,0.023,-0.723,0.013,0.690,0.410,1.161,0.257
2016-12-01 01:45:07.326,46.967,0.023,-0.723,0.013,0.690,0.410,1.161,0.257
2016-12-01 01:45:07.338,46.967,0.023,-0.723,0.013,0.690,0.410,1.161,0.257
2016-12-01 01:45:07.349,46.967,0.024,-0.723,0.013,0.690,0.410,1.161,0.258
2016-12-01 01:45:07.360,46.988,0.024,-0.723,0.013,0.690,0.410,1.160,0.258
2016-12-01 01:45:07.371,46.988,0.024,-0.724,0.013,0.690,0.410,1.160,0.258
2016-12-01 01:45:07.382,47.009,0.024,-0.724,0.013,0.690,0.410,1.160,0.258
2016-12-01 01:45:07.393,47.009,0.024,-0.724,0.013,0.690,0.411,1.160,0.258
2016-12-01 01:45:07.404,47.031,0.024,-0.724,0.013,0.689,0.410,1.160,0.258
2016-12-01 01:45:07.415,47.031,0.024,-0.724,0.013,0.689,0.410,1.160,0.258
2016-12-01 01:45:07.426,47.052,0.024,-0.724,0.013,0.689,0.410,1.160,0.258
2016-12-01 01:45:07.438,47.073,0.025,-0.724,0.013,0.689,0.410,1.160,0.258
2016-12-01 01:45:07.449,47.073,0.025,-0.724,0.013,0.689,0.410,1.160,0.258
2016-12-01 01:45:07.460,47.095,0.025,-0.724,0.013,0.689,0.410,1.160,0.258
2016-12-01 01:45:07.471,47.095,0.025,-0.725,0.013,0.689,0.410,1.160,0.258
2016-12-01 01:45:07.482,47.116,0.025,-0.725,0.013,0.688,0.410,1.160,0.258
2016-12-01 01:45:07.494,47.116,0.025,-0.725,0.014,0.688,0.410,1.160,0.258
2016-12-01 01:45:07.504,47.116,0.025,-0.725,0.014,0.688,0.410,1.160,0.258
2016-12-01 01:45:07.516,47.137,0.025,-0.725,0.014,0.688,0.410,1.160,0.258
2016-12-01 01:45:07.527,47.159,0.025,-0.725,0.014,0.688,0.410,1.160,0.258
2016-12-01 01:45:07.538,47.159,0.025,-0.725,0.014,0.688,0.410,1.160,0.258
2016-12-01 01:45:07.549,47.180,0.025,-0.726,0.014,0.687,0.410,1.160,0.258
2016-12-01 01:45:07.560,47.180,0.025,-0.726,0.013,0.687,0.410,1.160,0.258
2016-12-01 01:45:07.571,47.201,0.025,-0.726,0.013,0.687,0.410,1.160,0.258
2016-12-01 01:45:07.583,47.201,0.025,-0.726,0.013,0.687,0.410,1.160,0.258
2016-12-01 01:45:07.594,47.223,0.025,-0.726,0.013,0.687,0.410,1.160,0.258
2016-12-01 01:45:07.605,47.223,0.026,-0.726,0.013,0.687,0.410,1.160,0.258
2016-12-01 01:45:07.616,47.244,0.026,-0.726,0.013,0.687,0.410,1.160,0.258
2016-12-01 01:45:07.628,47.265,0.026,-0.726,0.013,0.687,0.410,1.160,0.258
2016-12-01 01:45:07.639,47.265,0.026,-0.726,0.013,0.687,0.410,1.160,0.259
2016-12-01 01:45:07.650,47.287,0.026,-0.726,0.013,0.687,0.410,1.160,0.259
2016-12-01 01:45:07.662,47.287,0.025,-0.727,0.013,0.686,0.410,1.161,0.259
2016-12-01 01:45:07.672,47.287,0.025,-0.727,0.013,0.686,0.410,1.161,0.259
2016-12-01 01:45:07.683,47.308,0.026,-0.727,0.012,0.686,0.410,1.161,0.259
2016-12-01 01:45:07.695,47.308,0.026,-0.727,0.012,0.686,0.410,1.161,0.259
2016-12-01 01:45:07.706,47.329,0.026,-0.727,0.012,0.686,0.411,1.161,0.259
2016-12-01 01:45:07.717,47.351,0.026,-0.727,0.012,0.686,0.411,1.161,0.259
2016-12-01 01:45:07.728,47.351,0.026,-0.727,0.012,0.686,0.411,1.161,0.259
2016-12-01 01:45:07.739,47.372,0.026,-0.727,0.012,0.686,0.411,1.161,0.259
2016-12-01 01:45:07.750,47.372,0.026,-0.727,0.012,0.686,0.411,1.161,0.259
2016-12-01 01:45:07.762,47.393,0.026,-0.727,0.012,0.686,0.411,1.161,0.259
2016-12-01 01:45:07.773,47.393,0.026,-0.727,0.012,0.686,0.411,1.160,0.259
2016-12-01 01:45:07.783,47.415,0.026,-0.727,0.012,0.686,0.411,1.160,0.259
2016-12-01 01:45:07.795,47.415,0.026,-0.727,0.012,0.686,0.411,1.160,0.259
2016-12-01 01:45:07.806,47.436,0.026,-0.727,0.012,0.686,0.411,1.160,0.259
2016-12-01 01:45:07.817,47.457,0.026,-0.727,0.012,0.686,0.411,1.160,0.259
2016-12-01 01:45:07.829,47.457,0.026,-0.727,0.012,0.686,0.411,1.160,0.259
2016-12-01 01:45:07.840,47.457,0.026,-0.728,0.012,0.685,0.411,1.160,0.259
2016-12-01 01:45:07.851,47.479,0.026,-0.728,0.012,0.685,0.411,1.160,0.259
2016-12-01 01:45:07.862,47.479,0.026,-0.728,0.012,0.685,0.411,1.160,0.259
2016-12-01 01:45:07.873,47.500,0.027,-0.728,0.012,0.685,0.410,1.160,0.259
2016-12-01 01:45:07.885,47.500,0.027,-0.728,0.012,0.685,0.410,1.160,0.259
2016-12-01 01:45:07.895,47.521,0.027,-0.728,0.012,0.685,0.410,1.160,0.259
2016-12-01 01:45:07.907,47.543,0.027,-0.728,0.013,0.685,0.410,1.160,0.259
2016-12-01 01:45:07.918,47.543,0.027,-0.728,0.013,0.685,0.410,1.160,0.259
2016-12-01 01:45:07.929,47.564,0.027,-0.728,0.013,0.685,0.410,1.160,0.259
2016-12-01 01:45:07.942,47.564,0.027,-0.728,0.013,0.685,0.410,1.160,0.259
2016-12-01 01:45:07.951,47.585,0.027,-0.728,0.013,0.685,0.410,1.160,0.259
2016-12-01 01:45:07.963,47.585,0.027,-0.728,0.013,0.685,0.411,1.160,0.259
2016-12-01 01:45:07.973,47.607,0.027,-0.728,0.013,0.685,0.411,1.160,0.259
2016-12-01 01:45:07.985,47.607,0.027,-0.728,0.013,0.685,0.411,1.160,0.259
2016-12-01 01:45:07.996,47.628,0.027,-0.728,0.013,0.685,0.411,1.160,0.259
2016-12-01 01:45:08.008,47.628,0.027,-0.728,0.013,0.685,0.411,1.160,0.259
2016-12-01 01:45:08.018,47.649,0.027,-0.728,0.013,0.685,0.411,1.160,0.259
2016-12-01 01:45:08.031,47.649,0.027,-0.728,0.013,0.685,0.411,1.160,0.259
2016-12-01 01:45:08.041,47.671,0.027,-0.728,0.013,0.685,0.411,1.160,0.259
2016-12-01 01:45:08.052,47.671,0.027,-0.728,0.013,0.685,0.411,1.160,0.259
2016-12-01 01:45:08.063,47.692,0.027,-0.728,0.013,0.685,0.411,1.160,0.260
2016-12-01 01:45:08.075,47.692,0.027,-0.728,0.013,0.685,0.411,1.160,0.259
2016-12-01 01:45:08.085,47.713,0.027,-0.728,0.013,0.685,0.410,1.160,0.260
2016-12-01 01:45:08.096,47.735,0.027,-0.728,0.013,0.685,0.410,1.160,0.259
2016-12-01 01:45:08.108,47.735,0.027,-0.728,0.013,0.685,0.410,1.160,0.260
2016-12-01 01:45:08.119,47.756,0.027,-0.728,0.013,0.685,0.410,1.160,0.259
2016-12-01 01:45:08.130,47.756,0.027,-0.728,0.013,0.685,0.410,1.160,0.259
2016-12-01 01:45:08.141,47.777,0.027,-0.728,0.013,0.685,0.410,1.160,0.259
2016-12-01 01:45:08.152,47.777,0.028,-0.728,0.014,0.685,0.410,1.160,0.259
2016-12-01 01:45:08.163,47.777,0.028,-0.728,0.014,0.684,0.410,1.160,0.259
2016-12-01 01:45:08.174,47.799,0.028,-0.728,0.014,0.684,0.410,1.160,0.259
2016-12-01 01:45:08.187,47.820,0.028,-0.728,0.014,0.684,0.410,1.160,0.259
2016-12-01 01:45:08.197,47.820,0.029,-0.728,0.014,0.684,0.411,1.160,0.259
2016-12-01 01:45:08.208,47.841,0.028,-0.729,0.014,0.684,0.411,1.160,0.259
2016-12-01 01:45:08.219,47.841,0.028,-0.729,0.014,0.684,0.411,1.160,0.259
2016-12-01 01:45:08.231,47.863,0.028,-0.729,0.014,0.684,0.411,1.160,0.260
2016-12-01 01:45:08.242,47.863,0.028,-0.729,0.014,0.684,0.411,1.160,0.260
2016-12-01 01:45:08.253,47.884,0.028,-0.729,0.014,0.684,0.411,1.160,0.259
2016-12-01 01:45:08.266,47.905,0.028,-0.729,0.014,0.684,0.411,1.160,0.259
2016-12-01 01:45:08.275,47.905,0.028,-0.729,0.014,0.684,0.411,1.160,0.259
2016-12-01 01:45:08.287,47.927,0.028,-0.729,0.014,0.683,0.411,1.160,0.259
2016-12-01 01:45:08.298,47.927,0.028,-0.729,0.014,0.683,0.411,1.160,0.259
2016-12-01 01:45:08.309,47.927,0.028,-0.730,0.014,0.683,0.411,1.160,0.259
2016-12-01 01:45:08.320,47.948,0.028,-0.730,0.014,0.683,0.411,1.160,0.259
2016-12-01 01:45:08.331,47.948,0.028,-0.730,0.014,0.683,0.411,1.160,0.259
2016-12-01 01:45:08.342,47.969,0.027,-0.730,0.014,0.683,0.411,1.160,0.259
2016-12-01 01:45:08.354,47.969,0.027,-0.730,0.014,0.683,0.411,1.160,0.259
2016-12-01 01:45:08.365,47.991,0.027,-0.730,0.014,0.683,0.411,1.160,0.259
2016-12-01 01:45:08.377,48.012,0.027,-0.730,0.014,0.683,0.411,1.160,0.259
2016-12-01 01:45:08.387,48.012,0.026,-0.730,0.014,0.683,0.411,1.160,0.259
2016-12-01 01:45:08.398,48.033,0.026,-0.730,0.014,0.683,0.411,1.160,0.259
2016-12-01 01:45:08.410,48.033,0.026,-0.730,0.014,0.683,0.411,1.160,0.259
2016-12-01 01:45:08.421,48.055,0.026,-0.730,0.013,0.682,0.411,1.160,0.259
2016-12-01 01:45:08.432,48.055,0.025,-0.730,0.013,0.682,0.411,1.160,0.259
2016-12-01 01:45:08.443,48.076,0.025,-0.730,0.013,0.682,0.411,1.160,0.259
2016-12-01 01:45:08.455,48.076,0.024,-0.730,0.013,0.683,0.411,1.160,0.259
2016-12-01 01:45:08.465,48.097,0.024,-0.730,0.012,0.683,0.411,1.160,0.259
2016-12-01 01:45:08.477,48.097,0.023,-0.730,0.012,0.683,0.411,1.161,0.259
2016-12-01 01:45:08.487,48.119,0.022,-0.730,0.012,0.683,0.411,1.161,0.259
2016-12-01 01:45:08.500,48.119,0.022,-0.729,0.011,0.684,0.411,1.161,0.259
2016-12-01 01:45:08.510,48.140,0.021,-0.729,0.011,0.684,0.411,1.161,0.259
2016-12-01 01:45:08.521,48.140,0.020,-0.729,0.010,0.685,0.411,1.161,0.259
2016-12-01 01:45:08.532,48.161,0.019,-0.728,0.010,0.685,0.411,1.162,0.259
2016-12-01 01:45:08.543,48.161,0.018,-0.728,0.009,0.686,0.411,1.162,0.259
2016-12-01 01:45:08.554,48.183,0.017,-0.727,0.009,0.686,0.411,1.162,0.259
2016-12-01 01:45:08.567,48.204,0.016,-0.726,0.009,0.687,0.411,1.162,0.259
2016-12-01 01:45:08.577,48.204,0.015,-0.726,0.009,0.688,0.411,1.162,0.260
2016-12-01 01:45:08.589,48.225,0.015,-0.725,0.008,0.689,0.411,1.163,0.260
2016-12-01 01:45:08.600,48.225,0.014,-0.724,0.008,0.690,0.411,1.163,0.260
2016-12-01 01:45:08.611,48.247,0.013,-0.723,0.007,0.690,0.411,1.163,0.260
2016-12-01 01:45:08.622,48.247,0.013,-0.723,0.007,0.691,0.411,1.163,0.260
2016-12-01 01:45:08.633,48.268,0.013,-0.722,0.007,0.692,0.411,1.163,0.260
2016-12-01 01:45:08.645,48.268,0.012,-0.721,0.006,0.693,0.411,1.163,0.260
2016-12-01 01:45:08.655,48.268,0.012,-0.720,0.006,0.693,0.411,1.163,0.260
2016-12-01 01:45:08.666,48.289,0.012,-0.720,0.006,0.694,0.411,1.163,0.260
2016-12-01 01:45:08.678,48.311,0.012,-0.719,0.006,0.695,0.411,1.163,0.261
2016-12-01 01:45:08.689,48.311,0.011,-0.718,0.005,0.696,0.411,1.163,0.260
2016-12-01 01:45:08.700,48.332,0.011,-0.717,0.005,0.697,0.411,1.163,0.261
2016-12-01 01:45:08.711,48.332,0.011,-0.717,0.005,0.697,0.411,1.163,0.261
2016-12-01 01:45:08.723,48.353,0.011,-0.716,0.004,0.698,0.411,1.163,0.261
2016-12-01 01:45:08.733,48.353,0.011,-0.715,0.004,0.699,0.411,1.163,0.261
2016-12-01 01:45:08.744,48.375,0.011,-0.715,0.004,0.699,0.411,1.163,0.261
2016-12-01 01:45:08.756,48.396,0.011,-0.714,0.004,0.700,0.411,1.163,0.261
2016-12-01 01:45:08.768,48.396,0.011,-0.713,0.004,0.701,0.411,1.163,0.261
2016-12-01 01:45:08.779,48.417,0.011,-0.713,0.004,0.701,0.412,1.163,0.261
2016-12-01 01:45:08.790,48.417,0.011,-0.712,0.004,0.702,0.412,1.163,0.261
2016-12-01 01:45:08.801,48.417,0.011,-0.711,0.003,0.703,0.412,1.163,0.261
2016-12-01 01:45:08.812,48.439,0.012,-0.711,0.003,0.703,0.412,1.163,0.261
2016-12-01 01:45:08.823,48.439,0.012,-0.710,0.003,0.704,0.411,1.163,0.261
2016-12-01 01:45:08.834,48.460,0.012,-0.710,0.003,0.704,0.412,1.163,0.261
2016-12-01 01:45:08.846,48.481,0.012,-0.709,0.003,0.705,0.412,1.164,0.261
2016-12-01 01:45:08.856,48.481,0.012,-0.708,0.003,0.706,0.412,1.163,0.261
2016-12-01 01:45:08.868,48.503,0.012,-0.708,0.002,0.707,0.412,1.163,0.261
2016-12-01 01:45:08.879,48.503,0.012,-0.707,0.002,0.707,0.412,1.163,0.261
2016-12-01 01:45:08.890,48.524,0.011,-0.706,0.002,0.708,0.412,1.163,0.262
2016-12-01 01:45:08.901,48.524,0.011,-0.705,0.002,0.709,0.412,1.163,0.262
2016-12-01 01:45:08.912,48.545,0.011,-0.704,0.001,0.710,0.412,1.163,0.262
2016-12-01 01:45:08.923,48.545,0.011,-0.703,0.001,0.711,0.412,1.164,0.262
2016-12-01 01:45:08.935,48.567,0.011,-0.702,0.001,0.712,0.412,1.164,0.262
2016-12-01 01:45:08.946,48.588,0.011,-0.701,0.001,0.713,0.412,1.164,0.262
2016-12-01 01:45:08.957,48.588,0.010,-0.700,0.001,0.714,0.413,1.164,0.262
2016-12-01 01:45:08.969,48.588,0.010,-0.699,0.000,0.715,0.413,1.164,0.262
2016-12-01 01:45:08.979,48.609,0.010,-0.698,0.000,0.716,0.413,1.164,0.262
2016-12-01 01:45:08.990,48.609,0.010,-0.697,0.000,0.717,0.413,1.164,0.262
2016-12-01 01:45:09.001,48.631,0.010,-0.696,0.000,0.718,0.413,1.164,0.262
2016-12-01 01:45:09.013,48.631,0.010,-0.694,0.000,0.719,0.413,1.164,0.263
2016-12-01 01:45:09.024,48.652,0.010,-0.693,0.000,0.721,0.413,1.164,0.263
2016-12-01 01:45:09.035,48.652,0.010,-0.692,-0.001,0.722,0.413,1.164,0.263
2016-12-01 01:45:09.046,48.673,0.010,-0.691,-0.001,0.723,0.413,1.164,0.263
2016-12-01 01:45:09.057,48.695,0.010,-0.690,-0.001,0.724,0.414,1.164,0.263
2016-12-01 01:45:09.069,48.695,0.010,-0.688,-0.001,0.725,0.414,1.164,0.263
2016-12-01 01:45:09.079,48.716,0.010,-0.687,-0.002,0.726,0.414,1.164,0.263
2016-12-01 01:45:09.091,48.716,0.009,-0.686,-0.002,0.728,0.414,1.164,0.263
2016-12-01 01:45:09.102,48.737,0.009,-0.685,-0.002,0.729,0.414,1.164,0.263
2016-12-01 01:45:09.113,48.737,0.009,-0.683,-0.002,0.730,0.414,1.164,0.263
2016-12-01 01:45:09.125,48.737,0.008,-0.682,-0.003,0.731,0.414,1.164,0.263
2016-12-01 01:45:09.136,48.759,0.008,-0.681,-0.003,0.732,0.414,1.164,0.263
2016-12-01 01:45:09.147,48.780,0.008,-0.679,-0.003,0.734,0.414,1.164,0.263
2016-12-01 01:45:09.158,48.780,0.008,-0.678,-0.004,0.735,0.415,1.164,0.263
2016-12-01 01:45:09.169,48.801,0.008,-0.677,-0.004,0.736,0.415,1.165,0.263
2016-12-01 01:45:09.181,48.801,0.008,-0.675,-0.004,0.738,0.415,1.165,0.263
2016-12-01 01:45:09.191,48.823,0.007,-0.674,-0.005,0.739,0.415,1.165,0.264
2016-12-01 01:45:09.203,48.823,0.007,-0.672,-0.005,0.740,0.416,1.165,0.264
2016-12-01 01:45:09.214,48.844,0.007,-0.671,-0.006,0.741,0.416,1.165,0.264
2016-12-01 01:45:09.225,48.844,0.006,-0.669,-0.006,0.743,0.416,1.165,0.264
2016-12-01 01:45:09.237,48.865,0.006,-0.668,-0.006,0.744,0.416,1.165,0.264
2016-12-01 01:45:09.248,48.887,0.006,-0.667,-0.007,0.745,0.416,1.165,0.264
2016-12-01 01:45:09.259,48.887,0.005,-0.665,-0.007,0.747,0.417,1.165,0.263
2016-12-01 01:45:09.269,48.908,0.005,-0.664,-0.007,0.748,0.417,1.165,0.263
2016-12-01 01:45:09.280,48.908,0.004,-0.662,-0.008,0.750,0.417,1.165,0.263
2016-12-01 01:45:09.291,48.908,0.004,-0.660,-0.008,0.751,0.417,1.165,0.263
2016-12-01 01:45:09.303,48.929,0.003,-0.659,-0.008,0.752,0.417,1.166,0.263
2016-12-01 01:45:09.315,48.929,0.003,-0.657,-0.009,0.754,0.417,1.166,0.263
2016-12-01 01:45:09.325,48.951,0.002,-0.656,-0.009,0.755,0.418,1.166,0.263
2016-12-01 01:45:09.337,48.972,0.001,-0.654,-0.009,0.756,0.418,1.166,0.263
2016-12-01 01:45:09.348,48.972,0.001,-0.653,-0.010,0.757,0.418,1.166,0.263
2016-12-01 01:45:09.360,48.993,0.000,-0.651,-0.010,0.759,0.418,1.166,0.263
2016-12-01 01:45:09.370,48.993,0.000,-0.650,-0.010,0.760,0.418,1.166,0.263
2016-12-01 01:45:09.381,49.015,0.000,-0.648,-0.010,0.761,0.418,1.166,0.263
2016-12-01 01:45:09.393,49.015,-0.001,-0.647,-0.011,0.762,0.418,1.166,0.263
2016-12-01 01:45:09.403,49.036,-0.001,-0.646,-0.011,0.764,0.419,1.166,0.263
2016-12-01 01:45:09.415,49.036,-0.001,-0.644,-0.011,0.765,0.419,1.166,0.263
2016-12-01 01:45:09.426,49.057,-0.001,-0.643,-0.011,0.766,0.419,1.167,0.263
2016-12-01 01:45:09.437,49.079,-0.002,-0.642,-0.011,0.767,0.419,1.167,0.263
2016-12-01 01:45:09.448,49.079,-0.002,-0.641,-0.011,0.768,0.419,1.167,0.262
2016-12-01 01:45:09.460,49.079,-0.003,-0.639,-0.012,0.769,0.419,1.167,0.262
2016-12-01 01:45:09.470,49.100,-0.003,-0.638,-0.012,0.770,0.419,1.167,0.262
2016-12-01 01:45:09.482,49.100,-0.003,-0.637,-0.012,0.770,0.419,1.167,0.262
2016-12-01 01:45:09.493,49.121,-0.003,-0.636,-0.012,0.771,0.419,1.167,0.262
2016-12-01 01:45:09.505,49.121,-0.004,-0.635,-0.013,0.772,0.420,1.167,0.262
2016-12-01 01:45:09.516,49.143,-0.004,-0.635,-0.013,0.773,0.420,1.167,0.262
2016-12-01 01:45:09.527,49.164,-0.004,-0.634,-0.013,0.773,0.420,1.167,0.262
2016-12-01 01:45:09.538,49.164,-0.004,-0.633,-0.013,0.774,0.420,1.167,0.262
2016-12-01 01:45:09.549,49.185,-0.005,-0.632,-0.013,0.775,0.420,1.167,0.261
2016-12-01 01:45:09.561,49.185,-0.005,-0.632,-0.013,0.775,0.420,1.167,0.261
2016-12-01 01:45:09.571,49.207,-0.005,-0.631,-0.013,0.776,0.420,1.167,0.261
2016-12-01 01:45:09.582,49.207,-0.005,-0.631,-0.013,0.776,0.420,1.167,0.261
2016-12-01 01:45:09.594,49.228,-0.006,-0.630,-0.013,0.776,0.420,1.167,0.261
2016-12-01 01:45:09.605,49.228,-0.006,-0.630,-0.013,0.776,0.421,1.167,0.261
2016-12-01 01:45:09.615,49.228,-0.006,-0.630,-0.013,0.777,0.421,1.167,0.261
2016-12-01 01:45:09.627,49.249,-0.007,-0.630,-0.013,0.777,0.421,1.167,0.260
2016-12-01 01:45:09.638,49.271,-0.007,-0.630,-0.013,0.777,0.421,1.168,0.260
2016-12-01 01:45:09.649,49.271,-0.007,-0.629,-0.014,0.777,0.421,1.168,0.260
2016-12-01 01:45:09.660,49.292,-0.008,-0.629,-0.014,0.777,0.421,1.168,0.260
2016-12-01 01:45:09.671,49.292,-0.008,-0.629,-0.014,0.777,0.421,1.168,0.260
2016-12-01 01:45:09.683,49.313,-0.008,-0.630,-0.014,0.777,0.421,1.168,0.260
2016-12-01 01:45:09.694,49.313,-0.008,-0.630,-0.014,0.776,0.421,1.168,0.260
2016-12-01 01:45:09.705,49.335,-0.008,-0.630,-0.014,0.776,0.421,1.168,0.259
2016-12-01 01:45:09.717,49.356,-0.009,-0.631,-0.013,0.776,0.421,1.168,0.259
2016-12-01 01:45:09.728,49.356,-0.009,-0.631,-0.013,0.776,0.421,1.168,0.259
2016-12-01 01:45:09.739,49.377,-0.009,-0.631,-0.013,0.775,0.421,1.168,0.259
2016-12-01 01:45:09.750,49.377,-0.009,-0.632,-0.013,0.775,0.421,1.168,0.259
2016-12-01 01:45:09.761,49.399,-0.009,-0.632,-0.013,0.775,0.421,1.168,0.259
2016-12-01 01:45:09.772,49.399,-0.009,-0.633,-0.013,0.774,0.421,1.168,0.259
2016-12-01 01:45:09.783,49.399,-0.009,-0.633,-0.013,0.774,0.421,1.168,0.259
2016-12-01 01:45:09.795,49.420,-0.010,-0.634,-0.013,0.773,0.421,1.168,0.259
2016-12-01 01:45:09.806,49.441,-0.010,-0.634,-0.013,0.773,0.421,1.168,0.259
2016-12-01 01:45:09.817,49.441,-0.010,-0.634,-0.013,0.773,0.421,1.168,0.259
2016-12-01 01:45:09.828,49.463,-0.010,-0.635,-0.013,0.772,0.421,1.168,0.259
2016-12-01 01:45:09.839,49.463,-0.010,-0.635,-0.013,0.772,0.421,1.168,0.259
2016-12-01 01:45:09.850,49.484,-0.010,-0.636,-0.013,0.772,0.421,1.168,0.259
2016-12-01 01:45:09.862,49.484,-0.010,-0.636,-0.012,0.772,0.421,1.168,0.259
2016-12-01 01:45:09.872,49.505,-0.010,-0.636,-0.012,0.771,0.421,1.168,0.259
2016-12-01 01:45:09.884,49.505,-0.010,-0.637,-0.012,0.771,0.421,1.167,0.259
2016-12-01 01:45:09.895,49.527,-0.010,-0.637,-0.012,0.771,0.421,1.168,0.259
2016-12-01 01:45:09.906,49.548,-0.010,-0.637,-0.012,0.771,0.421,1.168,0.259
2016-12-01 01:45:09.917,49.548,-0.010,-0.637,-0.012,0.771,0.421,1.168,0.259
2016-12-01 01:45:09.929,49.548,-0.010,-0.637,-0.012,0.771,0.422,1.168,0.259
2016-12-01 01:45:09.940,49.569,-0.010,-0.637,-0.012,0.770,0.422,1.167,0.260
2016-12-01 01:45:09.951,49.569,-0.010,-0.637,-0.012,0.770,0.422,1.167,0.260
2016-12-01 01:45:09.962,49.591,-0.010,-0.637,-0.012,0.770,0.422,1.167,0.260
2016-12-01 01:45:09.974,49.591,-0.010,-0.637,-0.012,0.770,0.422,1.167,0.260
2016-12-01 01:45:09.984,49.612,-0.010,-0.637,-0.012,0.770,0.422,1.167,0.260
2016-12-01 01:45:09.995,49.612,-0.010,-0.637,-0.012,0.770,0.422,1.167,0.261
2016-12-01 01:45:10.007,49.633,-0.010,-0.637,-0.012,0.770,0.422,1.167,0.261
2016-12-01 01:45:10.018,49.655,-0.010,-0.637,-0.012,0.770,0.422,1.167,0.261
2016-12-01 01:45:10.029,49.655,-0.010,-0.637,-0.012,0.771,0.422,1.167,0.261
2016-12-01 01:45:10.040,49.676,-0.010,-0.637,-0.012,0.771,0.422,1.167,0.261
2016-12-01 01:45:10.051,49.676,-0.010,-0.637,-0.013,0.771,0.422,1.167,0.262
2016-12-01 01:45:10.063,49.697,-0.009,-0.637,-0.013,0.771,0.422,1.167,0.262
2016-12-01 01:45:10.074,49.697,-0.009,-0.637,-0.013,0.771,0.422,1.167,0.262
2016-12-01 01:45:10.085,49.719,-0.009,-0.637,-0.013,0.771,0.422,1.167,0.262
2016-12-01 01:45:10.096,49.719,-0.008,-0.636,-0.013,0.771,0.422,1.167,0.263
2016-12-01 01:45:10.107,49.740,-0.008,-0.636,-0.014,0.771,0.422,1.167,0.263
2016-12-01 01:45:10.118,49.740,-0.008,-0.636,-0.014,0.771,0.422,1.167,0.264
2016-12-01 01:45:10.129,49.761,-0.007,-0.636,-0.014,0.772,0.422,1.167,0.264
2016-12-01 01:45:10.141,49.761,-0.007,-0.636,-0.014,0.772,0.422,1.167,0.265
2016-12-01 01:45:10.152,49.783,-0.007,-0.635,-0.015,0.772,0.422,1.167,0.265
2016-12-01 01:45:10.163,49.783,-0.006,-0.635,-0.015,0.772,0.422,1.167,0.265
2016-12-01 01:45:10.174,49.804,-0.006,-0.635,-0.015,0.773,0.422,1.167,0.266
2016-12-01 01:45:10.185,49.804,-0.005,-0.634,-0.016,0.773,0.422,1.167,0.266
2016-12-01 01:45:10.196,49.825,-0.005,-0.634,-0.017,0.773,0.422,1.167,0.266
2016-12-01 01:45:10.208,49.847,-0.004,-0.634,-0.017,0.773,0.422,1.167,0.267
2016-12-01 01:45:10.219,49.847,-0.004,-0.633,-0.017,0.774,0.422,1.167,0.267
2016-12-01 01:45:10.230,49.868,-0.004,-0.633,-0.018,0.774,0.422,1.167,0.267
2016-12-01 01:45:10.241,49.868,-0.003,-0.632,-0.019,0.775,0.422,1.167,0.268
2016-12-01 01:45:10.253,49.889,-0.003,-0.631,-0.019,0.775,0.423,1.167,0.268
2016-12-01 01:45:10.264,49.889,-0.003,-0.631,-0.019,0.776,0.423,1.167,0.269
2016-12-01 01:45:10.275,49.889,-0.002,-0.630,-0.020,0.776,0.423,1.167,0.269
2016-12-01 01:45:10.286,49.911,-0.002,-0.629,-0.020,0.777,0.423,1.167,0.269
2016-12-01 01:45:10.297,49.932,-0.002,-0.628,-0.021,0.778,0.423,1.167,0.270
2016-12-01 01:45:10.309,49.932,-0.002,-0.627,-0.022,0.779,0.423,1.167,0.270
2016-12-01 01:45:10.319,49.953,-0.001,-0.625,-0.022,0.780,0.423,1.167,0.271
2016-12-01 01:45:10.331,49.953,-0.001,-0.624,-0.023,0.781,0.423,1.167,0.271
2016-12-01 01:45:10.342,49.975,-0.001,-0.622,-0.023,0.783,0.423,1.167,0.272
2016-12-01 01:45:10.353,49.975,0.000,-0.620,-0.023,0.784,0.423,1.167,0.272
2016-12-01 01:45:10.364,49.996,0.000,-0.618,-0.023,0.786,0.423,1.167,0.273
2016-12-01 01:45:10.375,49.996,0.000,-0.616,-0.024,0.787,0.423,1.167,0.273
2016-12-01 01:45:10.386,50.017,0.001,-0.614,-0.024,0.789,0.423,1.167,0.274
2016-12-01 01:45:10.398,50.039,0.001,-0.612,-0.024,0.790,0.423,1.167,0.274
2016-12-01 01:45:10.408,50.039,0.001,-0.610,-0.023,0.792,0.423,1.167,0.275
2016-12-01 01:45:10.420,50.039,0.001,-0.608,-0.023,0.794,0.423,1.167,0.275
2016-12-01 01:45:10.431,50.060,0.002,-0.605,-0.023,0.796,0.423,1.167,0.276
2016-12-01 01:45:10.443,50.060,0.002,-0.603,-0.023,0.798,0.423,1.167,0.276
2016-12-01 01:45:10.454,50.081,0.002,-0.600,-0.024,0.799,0.423,1.167,0.277
2016-12-01 01:45:10.465,50.081,0.003,-0.598,-0.024,0.801,0.424,1.167,0.277
2016-12-01 01:45:10.476,50.103,0.003,-0.595,-0.024,0.803,0.424,1.167,0.278
2016-12-01 01:45:10.487,50.124,0.003,-0.593,-0.023,0.805,0.424,1.167,0.278
2016-12-01 01:45:10.498,50.124,0.004,-0.590,-0.024,0.807,0.424,1.166,0.279
2016-12-01 01:45:10.509,50.145,0.004,-0.587,-0.024,0.809,0.424,1.166,0.279
2016-12-01 01:45:10.520,50.145,0.004,-0.584,-0.023,0.811,0.424,1.166,0.280
2016-12-01 01:45:10.532,50.167,0.004,-0.581,-0.023,0.813,0.425,1.166,0.280
2016-12-01 01:45:10.543,50.167,0.005,-0.578,-0.023,0.815,0.425,1.166,0.281
2016-12-01 01:45:10.554,50.188,0.005,-0.576,-0.023,0.817,0.425,1.166,0.281
2016-12-01 01:45:10.565,50.188,0.005,-0.572,-0.024,0.820,0.425,1.166,0.281
2016-12-01 01:45:10.577,50.209,0.005,-0.569,-0.024,0.822,0.425,1.166,0.282
2016-12-01 01:45:10.588,50.209,0.006,-0.566,-0.024,0.824,0.425,1.166,0.282
2016-12-01 01:45:10.598,50.231,0.006,-0.563,-0.024,0.826,0.426,1.166,0.283
2016-12-01 01:45:10.610,50.231,0.006,-0.560,-0.024,0.828,0.426,1.166,0.283
2016-12-01 01:45:10.621,50.252,0.006,-0.557,-0.024,0.830,0.426,1.166,0.283
2016-12-01 01:45:10.633,50.252,0.007,-0.554,-0.023,0.832,0.426,1.166,0.283
2016-12-01 01:45:10.644,50.273,0.007,-0.551,-0.023,0.834,0.426,1.166,0.283
2016-12-01 01:45:10.655,50.273,0.007,-0.548,-0.023,0.836,0.427,1.165,0.283
2016-12-01 01:45:10.666,50.295,0.007,-0.545,-0.023,0.838,0.427,1.165,0.284
2016-12-01 01:45:10.677,50.316,0.007,-0.543,-0.023,0.840,0.427,1.165,0.284
2016-12-01 01:45:10.688,50.316,0.008,-0.540,-0.023,0.841,0.428,1.165,0.284
2016-12-01 01:45:10.699,50.337,0.008,-0.538,-0.023,0.843,0.428,1.165,0.284
2016-12-01 01:45:10.711,50.337,0.008,-0.535,-0.022,0.844,0.428,1.165,0.284
2016-12-01 01:45:10.721,50.359,0.009,-0.533,-0.022,0.846,0.428,1.165,0.284
2016-12-01 01:45:10.733,50.359,0.009,-0.531,-0.022,0.847,0.428,1.165,0.284
2016-12-01 01:45:10.744,50.359,0.010,-0.529,-0.022,0.848,0.428,1.165,0.284
2016-12-01 01:45:10.755,50.380,0.010,-0.527,-0.022,0.849,0.428,1.165,0.284
2016-12-01 01:45:10.766,50.401,0.010,-0.525,-0.022,0.851,0.428,1.164,0.284
2016-12-01 01:45:10.778,50.401,0.010,-0.524,-0.022,0.852,0.428,1.164,0.284
2016-12-01 01:45:10.788,50.423,0.010,-0.522,-0.022,0.853,0.428,1.164,0.283
2016-12-01 01:45:10.800,50.423,0.010,-0.521,-0.022,0.853,0.429,1.164,0.283
2016-12-01 01:45:10.810,50.444,0.010,-0.519,-0.022,0.854,0.429,1.164,0.283
2016-12-01 01:45:10.822,50.444,0.010,-0.518,-0.022,0.855,0.429,1.164,0.283
2016-12-01 01:45:10.833,50.465,0.010,-0.516,-0.021,0.856,0.429,1.164,0.283
2016-12-01 01:45:10.845,50.465,0.010,-0.515,-0.021,0.857,0.429,1.164,0.283
2016-12-01 01:45:10.856,50.487,0.011,-0.513,-0.021,0.858,0.429,1.164,0.283
2016-12-01 01:45:10.868,50.508,0.011,-0.512,-0.021,0.859,0.429,1.164,0.282
2016-12-01 01:45:10.878,50.508,0.010,-0.511,-0.021,0.859,0.429,1.164,0.282
2016-12-01 01:45:10.889,50.529,0.010,-0.510,-0.020,0.860,0.429,1.164,0.282
2016-12-01 01:45:10.900,50.529,0.009,-0.509,-0.020,0.861,0.429,1.164,0.282
2016-12-01 01:45:10.911,50.529,0.009,-0.508,-0.019,0.861,0.429,1.165,0.281
2016-12-01 01:45:10.922,50.551,0.008,-0.507,-0.019,0.862,0.429,1.165,0.281
2016-12-01 01:45:10.934,50.551,0.007,-0.506,-0.019,0.862,0.429,1.165,0.281
2016-12-01 01:45:10.945,50.572,0.007,-0.506,-0.018,0.862,0.429,1.165,0.281
2016-12-01 01:45:10.956,50.593,0.006,-0.505,-0.018,0.863,0.429,1.165,0.280
2016-12-01 01:45:10.967,50.593,0.005,-0.505,-0.018,0.863,0.429,1.165,0.280
2016-12-01 01:45:10.978,50.615,0.005,-0.505,-0.018,0.863,0.429,1.165,0.279
2016-12-01 01:45:10.989,50.615,0.004,-0.504,-0.018,0.863,0.428,1.165,0.279
2016-12-01 01:45:11.001,50.636,0.003,-0.504,-0.018,0.863,0.428,1.165,0.279
2016-12-01 01:45:11.013,50.636,0.002,-0.504,-0.017,0.863,0.428,1.166,0.278
2016-12-01 01:45:11.023,50.657,0.001,-0.505,-0.017,0.863,0.428,1.166,0.278
2016-12-01 01:45:11.035,50.657,0.000,-0.505,-0.017,0.863,0.428,1.166,0.277
2016-12-01 01:45:11.045,50.679,-0.001,-0.506,-0.017,0.863,0.428,1.166,0.277
2016-12-01 01:45:11.057,50.700,-0.002,-0.506,-0.017,0.862,0.428,1.166,0.276
2016-12-01 01:45:11.068,50.700,-0.004,-0.507,-0.017,0.862,0.427,1.166,0.276
2016-12-01 01:45:11.079,50.700,-0.005,-0.508,-0.017,0.861,0.427,1.166,0.275
2016-12-01 01:45:11.090,50.721,-0.006,-0.509,-0.017,0.861,0.427,1.167,0.275
2016-12-01 01:45:11.102,50.721,-0.008,-0.510,-0.017,0.860,0.427,1.167,0.275
2016-12-01 01:45:11.112,50.743,-0.009,-0.511,-0.018,0.859,0.427,1.167,0.274
2016-12-01 01:45:11.123,50.743,-0.011,-0.513,-0.018,0.858,0.426,1.167,0.273
2016-12-01 01:45:11.135,50.764,-0.013,-0.514,-0.019,0.857,0.426,1.167,0.273
2016-12-01 01:45:11.146,50.785,-0.014,-0.516,-0.019,0.856,0.426,1.168,0.272
2016-12-01 01:45:11.157,50.785,-0.016,-0.518,-0.019,0.855,0.426,1.168,0.271
2016-12-01 01:45:11.168,50.807,-0.018,-0.521,-0.019,0.853,0.425,1.168,0.271
2016-12-01 01:45:11.179,50.807,-0.020,-0.523,-0.020,0.852,0.425,1.168,0.270
2016-12-01 01:45:11.190,50.828,-0.021,-0.525,-0.020,0.850,0.425,1.168,0.269
2016-12-01 01:45:11.202,50.828,-0.023,-0.528,-0.021,0.849,0.424,1.168,0.269
2016-12-01 01:45:11.213,50.849,-0.024,-0.531,-0.021,0.847,0.424,1.169,0.268
2016-12-01 01:45:11.225,50.849,-0.025,-0.534,-0.021,0.845,0.424,1.169,0.267
2016-12-01 01:45:11.235,50.849,-0.026,-0.538,-0.021,0.842,0.424,1.169,0.266
2016-12-01 01:45:11.247,50.871,-0.027,-0.541,-0.021,0.840,0.424,1.169,0.265
2016-12-01 01:45:11.258,50.892,-0.028,-0.545,-0.021,0.837,0.423,1.169,0.265
2016-12-01 01:45:11.269,50.892,-0.028,-0.549,-0.021,0.835,0.423,1.169,0.264
2016-12-01 01:45:11.280,50.913,-0.028,-0.553,-0.021,0.832,0.423,1.169,0.263
2016-12-01 01:45:11.291,50.913,-0.028,-0.557,-0.021,0.830,0.423,1.170,0.262
2016-12-01 01:45:11.302,50.935,-0.028,-0.561,-0.021,0.827,0.423,1.170,0.261
2016-12-01 01:45:11.314,50.935,-0.028,-0.565,-0.020,0.824,0.423,1.170,0.261
2016-12-01 01:45:11.325,50.956,-0.028,-0.569,-0.020,0.822,0.423,1.170,0.260
2016-12-01 01:45:11.336,50.977,-0.028,-0.573,-0.020,0.819,0.423,1.170,0.259
2016-12-01 01:45:11.347,50.977,-0.028,-0.577,-0.019,0.816,0.423,1.170,0.258
2016-12-01 01:45:11.358,50.999,-0.028,-0.581,-0.019,0.813,0.423,1.170,0.257
2016-12-01 01:45:11.370,50.999,-0.028,-0.585,-0.018,0.811,0.423,1.170,0.257
2016-12-01 01:45:11.381,51.020,-0.028,-0.588,-0.017,0.808,0.422,1.169,0.256
2016-12-01 01:45:11.393,51.020,-0.029,-0.592,-0.017,0.805,0.422,1.169,0.256
2016-12-01 01:45:11.404,51.020,-0.029,-0.596,-0.016,0.802,0.423,1.169,0.255
2016-12-01 01:45:11.414,51.041,-0.029,-0.599,-0.016,0.800,0.422,1.169,0.254
2016-12-01 01:45:11.425,51.041,-0.029,-0.603,-0.016,0.797,0.423,1.169,0.254
2016-12-01 01:45:11.436,51.063,-0.030,-0.606,-0.016,0.795,0.422,1.169,0.254
2016-12-01 01:45:11.448,51.084,-0.030,-0.610,-0.016,0.792,0.422,1.169,0.253
2016-12-01 01:45:11.459,51.084,-0.030,-0.613,-0.016,0.789,0.422,1.169,0.253
2016-12-01 01:45:11.470,51.105,-0.030,-0.616,-0.015,0.787,0.422,1.169,0.252
2016-12-01 01:45:11.481,51.105,-0.030,-0.620,-0.015,0.784,0.422,1.169,0.252
2016-12-01 01:45:11.492,51.127,-0.030,-0.623,-0.015,0.781,0.422,1.169,0.252
2016-12-01 01:45:11.503,51.127,-0.030,-0.626,-0.015,0.779,0.422,1.169,0.251
2016-12-01 01:45:11.514,51.148,-0.030,-0.630,-0.015,0.776,0.422,1.169,0.251
2016-12-01 01:45:11.525,51.148,-0.030,-0.633,-0.016,0.774,0.422,1.169,0.251
2016-12-01 01:45:11.537,51.169,-0.030,-0.636,-0.016,0.771,0.422,1.168,0.251
2016-12-01 01:45:11.548,51.191,-0.030,-0.639,-0.016,0.768,0.421,1.169,0.250
2016-12-01 01:45:11.559,51.191,-0.030,-0.642,-0.016,0.766,0.421,1.169,0.250
2016-12-01 01:45:11.570,51.191,-0.030,-0.645,-0.016,0.763,0.421,1.169,0.250
2016-12-01 01:45:11.582,51.212,-0.030,-0.649,-0.017,0.760,0.421,1.169,0.250
2016-12-01 01:45:11.593,51.212,-0.029,-0.652,-0.018,0.758,0.421,1.169,0.250
2016-12-01 01:45:11.604,51.233,-0.029,-0.655,-0.019,0.755,0.420,1.169,0.249
2016-12-01 01:45:11.615,51.233,-0.029,-0.658,-0.020,0.752,0.420,1.169,0.249
2016-12-01 01:45:11.626,51.255,-0.028,-0.661,-0.021,0.750,0.420,1.169,0.249
2016-12-01 01:45:11.638,51.276,-0.028,-0.664,-0.022,0.747,0.420,1.169,0.249
2016-12-01 01:45:11.648,51.276,-0.027,-0.667,-0.022,0.744,0.420,1.169,0.249
2016-12-01 01:45:11.660,51.297,-0.027,-0.670,-0.023,0.742,0.420,1.169,0.250
2016-12-01 01:45:11.671,51.297,-0.026,-0.673,-0.024,0.739,0.419,1.169,0.250
2016-12-01 01:45:11.682,51.319,-0.026,-0.676,-0.024,0.736,0.419,1.169,0.250
2016-12-01 01:45:11.694,51.319,-0.026,-0.679,-0.024,0.733,0.419,1.169,0.250
2016-12-01 01:45:11.704,51.340,-0.025,-0.682,-0.024,0.730,0.418,1.168,0.250
2016-12-01 01:45:11.715,51.340,-0.025,-0.685,-0.025,0.728,0.418,1.168,0.251
2016-12-01 01:45:11.726,51.361,-0.025,-0.688,-0.025,0.725,0.418,1.168,0.251
2016-12-01 01:45:11.738,51.361,-0.024,-0.691,-0.025,0.722,0.417,1.168,0.251
2016-12-01 01:45:11.749,51.383,-0.024,-0.694,-0.025,0.719,0.417,1.168,0.251
2016-12-01 01:45:11.760,51.383,-0.023,-0.697,-0.025,0.716,0.417,1.167,0.252
2016-12-01 01:45:11.771,51.404,-0.023,-0.700,-0.026,0.713,0.416,1.167,0.252
2016-12-01 01:45:11.784,51.404,-0.022,-0.703,-0.026,0.710,0.416,1.167,0.252
2016-12-01 01:45:11.794,51.425,-0.022,-0.706,-0.027,0.707,0.415,1.167,0.252
2016-12-01 01:45:11.805,51.425,-0.021,-0.709,-0.028,0.704,0.415,1.167,0.253
2016-12-01 01:45:11.816,51.447,-0.021,-0.712,-0.029,0.701,0.415,1.167,0.253
2016-12-01 01:45:11.828,51.468,-0.021,-0.715,-0.030,0.698,0.414,1.166,0.253
2016-12-01 01:45:11.839,51.468,-0.021,-0.718,-0.031,0.695,0.414,1.166,0.253
2016-12-01 01:45:11.850,51.489,-0.021,-0.721,-0.033,0.692,0.413,1.166,0.254
2016-12-01 01:45:11.861,51.489,-0.021,-0.724,-0.034,0.689,0.413,1.166,0.254
2016-12-01 01:45:11.872,51.511,-0.021,-0.726,-0.036,0.686,0.412,1.165,0.254
2016-12-01 01:45:11.883,51.511,-0.021,-0.729,-0.037,0.684,0.412,1.165,0.255
2016-12-01 01:45:11.894,51.511,-0.022,-0.731,-0.039,0.681,0.411,1.165,0.255
2016-12-01 01:45:11.905,51.532,-0.023,-0.733,-0.041,0.678,0.411,1.165,0.255
2016-12-01 01:45:11.917,51.553,-0.024,-0.735,-0.044,0.676,0.410,1.165,0.256
2016-12-01 01:45:11.928,51.553,-0.026,-0.737,-0.045,0.674,0.410,1.165,0.256
2016-12-01 01:45:11.939,51.575,-0.027,-0.739,-0.047,0.671,0.409,1.164,0.256
2016-12-01 01:45:11.950,51.575,-0.028,-0.741,-0.049,0.669,0.408,1.164,0.257
2016-12-01 01:45:11.962,51.596,-0.030,-0.743,-0.051,0.667,0.408,1.164,0.257
2016-12-01 01:45:11.973,51.596,-0.031,-0.744,-0.054,0.665,0.407,1.164,0.257
2016-12-01 01:45:11.984,51.617,-0.033,-0.746,-0.056,0.663,0.407,1.164,0.258
2016-12-01 01:45:11.995,51.617,-0.035,-0.748,-0.058,0.661,0.406,1.164,0.258
2016-12-01 01:45:12.006,51.639,-0.036,-0.749,-0.059,0.659,0.406,1.164,0.258
2016-12-01 01:45:12.017,51.660,-0.038,-0.751,-0.061,0.657,0.405,1.164,0.259
2016-12-01 01:45:12.029,51.660,-0.040,-0.752,-0.063,0.655,0.404,1.164,0.259
2016-12-01 01:45:12.039,51.660,-0.042,-0.754,-0.065,0.653,0.404,1.164,0.259
2016-12-01 01:45:12.051,51.681,-0.044,-0.755,-0.067,0.651,0.403,1.163,0.260
2016-12-01 01:45:12.062,51.681,-0.046,-0.757,-0.068,0.649,0.403,1.163,0.259
2016-12-01 01:45:12.073,51.703,-0.048,-0.758,-0.069,0.646,0.402,1.163,0.259
2016-12-01 01:45:12.084,51.703,-0.051,-0.760,-0.070,0.644,0.401,1.162,0.260
2016-12-01 01:45:12.095,51.724,-0.053,-0.762,-0.070,0.642,0.401,1.162,0.259
2016-12-01 01:45:12.107,51.745,-0.055,-0.763,-0.071,0.640,0.400,1.162,0.259
2016-12-01 01:45:12.117,51.745,-0.057,-0.765,-0.071,0.638,0.399,1.161,0.259
2016-12-01 01:45:12.129,51.767,-0.059,-0.766,-0.071,0.636,0.399,1.161,0.259
2016-12-01 01:45:12.141,51.767,-0.060,-0.768,-0.072,0.634,0.398,1.160,0.259
2016-12-01 01:45:12.151,51.788,-0.062,-0.770,-0.072,0.632,0.398,1.160,0.258
2016-12-01 01:45:12.163,51.788,-0.064,-0.771,-0.071,0.629,0.397,1.159,0.258
2016-12-01 01:45:12.174,51.809,-0.066,-0.773,-0.071,0.627,0.397,1.159,0.258
2016-12-01 01:45:12.185,51.809,-0.068,-0.775,-0.070,0.625,0.396,1.159,0.257
2016-12-01 01:45:12.196,51.831,-0.071,-0.776,-0.069,0.622,0.395,1.158,0.257
2016-12-01 01:45:12.207,51.831,-0.073,-0.778,-0.069,0.620,0.395,1.158,0.256
2016-12-01 01:45:12.218,51.852,-0.076,-0.781,-0.068,0.617,0.394,1.158,0.255
2016-12-01 01:45:12.230,51.852,-0.079,-0.783,-0.068,0.614,0.393,1.158,0.254
2016-12-01 01:45:12.240,51.873,-0.082,-0.785,-0.068,0.610,0.392,1.158,0.254
2016-12-01 01:45:12.252,51.873,-0.085,-0.787,-0.068,0.607,0.391,1.157,0.253
2016-12-01 01:45:12.263,51.895,-0.089,-0.789,-0.067,0.604,0.390,1.157,0.252
2016-12-01 01:45:12.274,51.895,-0.093,-0.792,-0.066,0.600,0.389,1.157,0.251
2016-12-01 01:45:12.285,51.916,-0.097,-0.794,-0.064,0.597,0.388,1.157,0.251
2016-12-01 01:45:12.296,51.937,-0.100,-0.796,-0.063,0.593,0.387,1.157,0.250
2016-12-01 01:45:12.308,51.937,-0.103,-0.798,-0.061,0.590,0.386,1.157,0.249
2016-12-01 01:45:12.319,51.959,-0.106,-0.800,-0.060,0.587,0.385,1.157,0.249
2016-12-01 01:45:12.330,51.959,-0.109,-0.802,-0.058,0.584,0.385,1.157,0.248
2016-12-01 01:45:12.341,51.980,-0.112,-0.804,-0.056,0.581,0.384,1.157,0.247
2016-12-01 01:45:12.352,51.980,-0.114,-0.806,-0.054,0.578,0.383,1.157,0.246
2016-12-01 01:45:12.363,52.001,-0.117,-0.809,-0.052,0.574,0.382,1.157,0.245
2016-12-01 01:45:12.375,52.001,-0.119,-0.811,-0.050,0.571,0.382,1.156,0.245
2016-12-01 01:45:12.386,52.001,-0.121,-0.813,-0.049,0.568,0.381,1.156,0.244
2016-12-01 01:45:12.397,52.023,-0.122,-0.815,-0.048,0.565,0.380,1.156,0.243
2016-12-01 01:45:12.409,52.044,-0.124,-0.817,-0.049,0.562,0.379,1.155,0.242
2016-12-01 01:45:12.419,52.044,-0.125,-0.819,-0.050,0.558,0.378,1.155,0.241
2016-12-01 01:45:12.430,52.065,-0.126,-0.821,-0.051,0.555,0.378,1.155,0.241
2016-12-01 01:45:12.442,52.065,-0.127,-0.823,-0.053,0.551,0.377,1.154,0.240
2016-12-01 01:45:12.453,52.087,-0.127,-0.825,-0.054,0.548,0.377,1.153,0.240
2016-12-01 01:45:12.464,52.087,-0.127,-0.828,-0.054,0.544,0.377,1.152,0.239
2016-12-01 01:45:12.475,52.108,-0.126,-0.830,-0.054,0.541,0.376,1.151,0.239
2016-12-01 01:45:12.486,52.129,-0.125,-0.832,-0.053,0.538,0.376,1.150,0.238
2016-12-01 01:45:12.498,52.129,-0.123,-0.834,-0.052,0.536,0.376,1.149,0.238
2016-12-01 01:45:12.509,52.151,-0.120,-0.836,-0.050,0.533,0.376,1.148,0.238
2016-12-01 01:45:12.520,52.151,-0.117,-0.838,-0.048,0.531,0.376,1.147,0.238
2016-12-01 01:45:12.531,52.151,-0.114,-0.840,-0.046,0.529,0.377,1.146,0.238
2016-12-01 01:45:12.542,52.172,-0.111,-0.841,-0.044,0.527,0.377,1.145,0.238
2016-12-01 01:45:12.554,52.172,-0.107,-0.843,-0.042,0.525,0.377,1.144,0.238
2016-12-01 01:45:12.565,52.193,-0.104,-0.844,-0.040,0.524,0.378,1.143,0.238
2016-12-01 01:45:12.576,52.215,-0.100,-0.846,-0.039,0.523,0.378,1.142,0.238
2016-12-01 01:45:12.587,52.215,-0.096,-0.847,-0.038,0.522,0.379,1.141,0.238
2016-12-01 01:45:12.598,52.236,-0.092,-0.848,-0.037,0.521,0.379,1.141,0.239
2016-12-01 01:45:12.610,52.236,-0.088,-0.849,-0.036,0.520,0.380,1.140,0.239
2016-12-01 01:45:12.620,52.257,-0.085,-0.850,-0.035,0.519,0.381,1.140,0.240
2016-12-01 01:45:12.632,52.257,-0.081,-0.850,-0.034,0.519,0.381,1.139,0.240
2016-12-01 01:45:12.643,52.279,-0.078,-0.851,-0.033,0.519,0.383,1.139,0.241
2016-12-01 01:45:12.654,52.279,-0.075,-0.851,-0.033,0.518,0.383,1.139,0.242
2016-12-01 01:45:12.665,52.300,-0.072,-0.852,-0.032,0.518,0.385,1.139,0.242
2016-12-01 01:45:12.676,52.321,-0.070,-0.852,-0.032,0.518,0.385,1.139,0.243
2016-12-01 01:45:12.687,52.321,-0.067,-0.852,-0.032,0.519,0.386,1.139,0.244
2016-12-01 01:45:12.699,52.321,-0.064,-0.852,-0.033,0.519,0.388,1.140,0.245
2016-12-01 01:45:12.710,52.343,-0.062,-0.852,-0.033,0.519,0.389,1.140,0.246
2016-12-01 01:45:12.721,52.343,-0.060,-0.852,-0.034,0.519,0.390,1.141,0.246
2016-12-01 01:45:12.732,52.364,-0.059,-0.852,-0.035,0.520,0.392,1.141,0.247
2016-12-01 01:45:12.744,52.364,-0.058,-0.852,-0.035,0.520,0.393,1.142,0.248
2016-12-01 01:45:12.755,52.385,-0.058,-0.852,-0.036,0.520,0.394,1.143,0.249
2016-12-01 01:45:12.766,52.385,-0.057,-0.851,-0.036,0.520,0.395,1.144,0.250
2016-12-01 01:45:12.777,52.407,-0.056,-0.851,-0.037,0.521,0.396,1.145,0.251
2016-12-01 01:45:12.788,52.428,-0.056,-0.851,-0.038,0.521,0.397,1.145,0.251
2016-12-01 01:45:12.799,52.428,-0.055,-0.851,-0.038,0.521,0.398,1.146,0.252
2016-12-01 01:45:12.810,52.449,-0.054,-0.850,-0.039,0.522,0.399,1.147,0.253
2016-12-01 01:45:12.821,52.449,-0.054,-0.850,-0.040,0.522,0.400,1.148,0.254
2016-12-01 01:45:12.832,52.471,-0.054,-0.850,-0.042,0.523,0.401,1.149,0.254
2016-12-01 01:45:12.844,52.471,-0.053,-0.850,-0.044,0.523,0.402,1.150,0.255
2016-12-01 01:45:12.855,52.471,-0.053,-0.849,-0.046,0.523,0.403,1.151,0.255
2016-12-01 01:45:12.866,52.492,-0.053,-0.849,-0.048,0.524,0.404,1.152,0.256
2016-12-01 01:45:12.877,52.513,-0.053,-0.849,-0.050,0.524,0.405,1.153,0.256
2016-12-01 01:45:12.889,52.513,-0.053,-0.848,-0.052,0.524,0.406,1.154,0.257
2016-12-01 01:45:12.900,52.535,-0.053,-0.848,-0.053,0.525,0.407,1.155,0.257
2016-12-01 01:45:12.911,52.535,-0.053,-0.848,-0.055,0.525,0.407,1.156,0.258
2016-12-01 01:45:12.922,52.556,-0.054,-0.847,-0.056,0.525,0.408,1.157,0.258
2016-12-01 01:45:12.934,52.556,-0.054,-0.847,-0.057,0.526,0.408,1.157,0.258
2016-12-01 01:45:12.944,52.577,-0.055,-0.847,-0.057,0.526,0.409,1.158,0.259
2016-12-01 01:45:12.955,52.577,-0.056,-0.846,-0.057,0.527,0.410,1.158,0.259
2016-12-01 01:45:12.966,52.599,-0.056,-0.846,-0.057,0.527,0.410,1.159,0.259
2016-12-01 01:45:12.978,52.620,-0.057,-0.846,-0.057,0.527,0.411,1.159,0.259
2016-12-01 01:45:12.989,52.620,-0.057,-0.846,-0.057,0.528,0.411,1.159,0.259
2016-12-01 01:45:13.000,52.641,-0.057,-0.845,-0.058,0.528,0.411,1.159,0.259
2016-12-01 01:45:13.011,52.641,-0.058,-0.845,-0.058,0.528,0.412,1.160,0.259
2016-12-01 01:45:13.022,52.641,-0.057,-0.845,-0.058,0.529,0.412,1.160,0.259
2016-12-01 01:45:13.033,52.663,-0.057,-0.845,-0.058,0.529,0.412,1.160,0.259
2016-12-01 01:45:13.045,52.663,-0.056,-0.845,-0.057,0.529,0.412,1.160,0.259
2016-12-01 01:45:13.056,52.684,-0.056,-0.845,-0.056,0.530,0.412,1.161,0.259
2016-12-01 01:45:13.067,52.705,-0.055,-0.844,-0.055,0.530,0.412,1.161,0.259
2016-12-01 01:45:13.079,52.705,-0.054,-0.844,-0.055,0.530,0.412,1.161,0.258
2016-12-01 01:45:13.090,52.727,-0.053,-0.844,-0.054,0.530,0.412,1.161,0.258
2016-12-01 01:45:13.101,52.727,-0.052,-0.844,-0.054,0.531,0.412,1.161,0.258
2016-12-01 01:45:13.112,52.748,-0.051,-0.844,-0.054,0.531,0.412,1.161,0.258
2016-12-01 01:45:13.123,52.748,-0.050,-0.844,-0.054,0.531,0.412,1.161,0.258
2016-12-01 01:45:13.134,52.769,-0.049,-0.844,-0.053,0.531,0.412,1.161,0.257
2016-12-01 01:45:13.146,52.769,-0.048,-0.844,-0.053,0.531,0.412,1.161,0.257
2016-12-01 01:45:13.156,52.791,-0.047,-0.844,-0.053,0.531,0.412,1.161,0.257
2016-12-01 01:45:13.168,52.812,-0.046,-0.844,-0.053,0.532,0.411,1.161,0.257
2016-12-01 01:45:13.179,52.812,-0.045,-0.844,-0.052,0.532,0.411,1.161,0.256
2016-12-01 01:45:13.190,52.812,-0.044,-0.844,-0.052,0.532,0.411,1.161,0.256
2016-12-01 01:45:13.201,52.833,-0.043,-0.844,-0.053,0.533,0.410,1.160,0.256
2016-12-01 01:45:13.213,52.833,-0.042,-0.843,-0.053,0.533,0.410,1.161,0.255
2016-12-01 01:45:13.223,52.855,-0.042,-0.843,-0.053,0.534,0.410,1.160,0.255
2016-12-01 01:45:13.235,52.855,-0.041,-0.843,-0.053,0.534,0.410,1.160,0.255
2016-12-01 01:45:13.246,52.876,-0.041,-0.842,-0.053,0.535,0.409,1.160,0.255
2016-12-01 01:45:13.257,52.897,-0.040,-0.842,-0.053,0.535,0.409,1.160,0.255
2016-12-01 01:45:13.268,52.897,-0.040,-0.842,-0.053,0.536,0.409,1.160,0.254
2016-12-01 01:45:13.279,52.919,-0.039,-0.841,-0.053,0.536,0.409,1.161,0.254
2016-12-01 01:45:13.291,52.919,-0.038,-0.841,-0.053,0.537,0.408,1.161,0.254
2016-12-01 01:45:13.302,52.940,-0.038,-0.841,-0.053,0.538,0.408,1.161,0.254
2016-12-01 01:45:13.313,52.940,-0.037,-0.840,-0.053,0.538,0.408,1.161,0.254
2016-12-01 01:45:13.324,52.961,-0.038,-0.840,-0.053,0.539,0.408,1.161,0.253
2016-12-01 01:45:13.336,52.961,-0.038,-0.839,-0.053,0.540,0.407,1.161,0.253
2016-12-01 01:45:13.346,52.983,-0.038,-0.839,-0.053,0.541,0.407,1.161,0.253
2016-12-01 01:45:13.357,52.983,-0.038,-0.838,-0.054,0.541,0.407,1.162,0.253
2016-12-01 01:45:13.369,53.004,-0.038,-0.838,-0.054,0.542,0.407,1.162,0.253
2016-12-01 01:45:13.380,53.004,-0.039,-0.837,-0.055,0.543,0.407,1.162,0.253
2016-12-01 01:45:13.391,53.025,-0.039,-0.837,-0.056,0.543,0.406,1.163,0.253
2016-12-01 01:45:13.402,53.025,-0.039,-0.836,-0.057,0.544,0.406,1.163,0.253
2016-12-01 01:45:13.413,53.047,-0.040,-0.836,-0.058,0.545,0.406,1.163,0.253
2016-12-01 01:45:13.424,53.047,-0.041,-0.835,-0.058,0.546,0.405,1.163,0.253
2016-12-01 01:45:13.435,53.068,-0.041,-0.834,-0.059,0.546,0.405,1.164,0.253
2016-12-01 01:45:13.447,53.089,-0.042,-0.834,-0.060,0.547,0.405,1.164,0.254
2016-12-01 01:45:13.459,53.089,-0.043,-0.834,-0.060,0.547,0.404,1.164,0.254
2016-12-01 01:45:13.470,53.111,-0.043,-0.833,-0.061,0.548,0.404,1.164,0.254
2016-12-01 01:45:13.481,53.111,-0.043,-0.833,-0.062,0.548,0.404,1.164,0.254
2016-12-01 01:45:13.492,53.132,-0.043,-0.832,-0.063,0.549,0.404,1.164,0.254
2016-12-01 01:45:13.503,53.132,-0.042,-0.832,-0.064,0.550,0.403,1.164,0.255
2016-12-01 01:45:13.514,53.132,-0.042,-0.831,-0.064,0.550,0.403,1.164,0.255
2016-12-01 01:45:13.525,53.153,-0.042,-0.831,-0.064,0.551,0.403,1.164,0.255
2016-12-01 01:45:13.537,53.175,-0.041,-0.831,-0.064,0.552,0.402,1.164,0.255
2016-12-01 01:45:13.547,53.175,-0.040,-0.830,-0.064,0.552,0.402,1.164,0.255
2016-12-01 01:45:13.559,53.196,-0.039,-0.830,-0.064,0.553,0.401,1.164,0.255
2016-12-01 01:45:13.570,53.196,-0.038,-0.829,-0.064,0.554,0.401,1.164,0.256
2016-12-01 01:45:13.581,53.217,-0.037,-0.829,-0.064,0.554,0.401,1.164,0.256
2016-12-01 01:45:13.592,53.217,-0.036,-0.828,-0.064,0.555,0.401,1.164,0.256
2016-12-01 01:45:13.603,53.239,-0.035,-0.828,-0.064,0.556,0.400,1.164,0.256
2016-12-01 01:45:13.615,53.239,-0.034,-0.827,-0.064,0.557,0.400,1.164,0.256
2016-12-01 01:45:13.626,53.260,-0.033,-0.827,-0.064,0.558,0.400,1.164,0.257
2016-12-01 01:45:13.637,53.281,-0.032,-0.826,-0.063,0.559,0.399,1.164,0.257
2016-12-01 01:45:13.648,53.281,-0.031,-0.826,-0.063,0.559,0.399,1.164,0.257
2016-12-01 01:45:13.659,53.281,-0.030,-0.825,-0.062,0.560,0.399,1.164,0.257
2016-12-01 01:45:13.670,53.303,-0.029,-0.825,-0.062,0.561,0.398,1.164,0.257
2016-12-01 01:45:13.682,53.303,-0.027,-0.824,-0.061,0.562,0.398,1.164,0.258
2016-12-01 01:45:13.693,53.324,-0.026,-0.824,-0.061,0.563,0.398,1.164,0.258
2016-12-01 01:45:13.705,53.324,-0.025,-0.823,-0.060,0.564,0.398,1.164,0.258
2016-12-01 01:45:13.715,53.345,-0.024,-0.823,-0.059,0.565,0.397,1.164,0.259
2016-12-01 01:45:13.727,53.367,-0.023,-0.822,-0.058,0.565,0.397,1.163,0.259
2016-12-01 01:45:13.738,53.367,-0.022,-0.822,-0.057,0.566,0.397,1.163,0.259
2016-12-01 01:45:13.749,53.388,-0.021,-0.822,-0.056,0.567,0.397,1.163,0.259
2016-12-01 01:45:13.760,53.388,-0.020,-0.821,-0.056,0.567,0.396,1.163,0.259
2016-12-01 01:45:13.771,53.409,-0.019,-0.821,-0.055,0.568,0.396,1.163,0.260
2016-12-01 01:45:13.782,53.409,-0.018,-0.821,-0.054,0.568,0.396,1.163,0.260
2016-12-01 01:45:13.793,53.431,-0.017,-0.821,-0.054,0.569,0.396,1.162,0.260
2016-12-01 01:45:13.805,53.431,-0.016,-0.821,-0.053,0.569,0.395,1.162,0.260
2016-12-01 01:45:13.815,53.452,-0.015,-0.820,-0.052,0.569,0.395,1.162,0.260
2016-12-01 01:45:13.827,53.452,-0.014,-0.820,-0.052,0.570,0.395,1.162,0.261
2016-12-01 01:45:13.838,53.473,-0.013,-0.820,-0.051,0.570,0.395,1.162,0.261
2016-12-01 01:45:13.850,53.473,-0.012,-0.820,-0.050,0.570,0.394,1.161,0.261
2016-12-01 01:45:13.861,53.495,-0.012,-0.820,-0.050,0.571,0.394,1.161,0.261
2016-12-01 01:45:13.872,53.495,-0.011,-0.820,-0.049,0.571,0.394,1.161,0.261
2016-12-01 01:45:13.883,53.516,-0.010,-0.819,-0.049,0.571,0.393,1.161,0.261
2016-12-01 01:45:13.894,53.516,-0.009,-0.819,-0.048,0.571,0.393,1.160,0.261
2016-12-01 01:45:13.905,53.537,-0.008,-0.819,-0.048,0.572,0.393,1.160,0.261
2016-12-01 01:45:13.917,53.559,-0.008,-0.819,-0.047,0.572,0.393,1.160,0.262
2016-12-01 01:45:13.928,53.559,-0.007,-0.819,-0.047,0.572,0.393,1.160,0.262
2016-12-01 01:45:13.939,53.580,-0.007,-0.819,-0.047,0.572,0.392,1.160,0.262
2016-12-01 01:45:13.950,53.580,-0.006,-0.819,-0.047,0.572,0.392,1.160,0.262
2016-12-01 01:45:13.961,53.601,-0.006,-0.819,-0.046,0.573,0.392,1.160,0.262
2016-12-01 01:45:13.972,53.601,-0.006,-0.818,-0.046,0.573,0.392,1.160,0.262
2016-12-01 01:45:13.983,53.623,-0.005,-0.818,-0.046,0.573,0.392,1.161,0.262
2016-12-01 01:45:13.995,53.623,-0.005,-0.818,-0.047,0.573,0.391,1.160,0.262
2016-12-01 01:45:14.005,53.623,-0.005,-0.818,-0.047,0.574,0.391,1.161,0.262
2016-12-01 01:45:14.017,53.644,-0.005,-0.818,-0.047,0.574,0.391,1.161,0.262
2016-12-01 01:45:14.028,53.665,-0.006,-0.817,-0.047,0.574,0.391,1.161,0.263
2016-12-01 01:45:14.039,53.665,-0.006,-0.817,-0.047,0.575,0.391,1.161,0.263
2016-12-01 01:45:14.050,53.687,-0.006,-0.817,-0.048,0.575,0.391,1.161,0.263
2016-12-01 01:45:14.061,53.687,-0.007,-0.816,-0.048,0.575,0.391,1.161,0.263
2016-12-01 01:45:14.073,53.708,-0.007,-0.816,-0.049,0.576,0.391,1.161,0.263
2016-12-01 01:45:14.084,53.708,-0.007,-0.816,-0.049,0.576,0.391,1.161,0.263
2016-12-01 01:45:14.095,53.729,-0.007,-0.816,-0.049,0.577,0.391,1.161,0.263
2016-12-01 01:45:14.106,53.751,-0.008,-0.815,-0.050,0.577,0.391,1.161,0.264
2016-12-01 01:45:14.117,53.751,-0.009,-0.815,-0.050,0.577,0.391,1.161,0.264
2016-12-01 01:45:14.128,53.772,-0.009,-0.815,-0.050,0.578,0.391,1.161,0.263
2016-12-01 01:45:14.140,53.772,-0.009,-0.814,-0.051,0.578,0.391,1.161,0.263
2016-12-01 01:45:14.150,53.772,-0.009,-0.814,-0.051,0.579,0.391,1.161,0.263
2016-12-01 01:45:14.162,53.793,-0.009,-0.813,-0.051,0.579,0.391,1.161,0.263
2016-12-01 01:45:14.173,53.793,-0.009,-0.813,-0.051,0.580,0.391,1.161,0.263
2016-12-01 01:45:14.184,53.815,-0.010,-0.812,-0.051,0.581,0.391,1.161,0.263
2016-12-01 01:45:14.195,53.815,-0.010,-0.812,-0.051,0.581,0.391,1.161,0.263
2016-12-01 01:45:14.207,53.836,-0.010,-0.811,-0.051,0.582,0.391,1.161,0.263
2016-12-01 01:45:14.218,53.857,-0.011,-0.811,-0.050,0.583,0.391,1.161,0.263
2016-12-01 01:45:14.229,53.857,-0.011,-0.810,-0.050,0.584,0.391,1.161,0.263
2016-12-01 01:45:14.240,53.879,-0.011,-0.810,-0.050,0.585,0.391,1.161,0.263
2016-12-01 01:45:14.251,53.879,-0.012,-0.809,-0.050,0.585,0.391,1.161,0.263
2016-12-01 01:45:14.262,53.900,-0.012,-0.809,-0.050,0.586,0.392,1.161,0.263
2016-12-01 01:45:14.274,53.900,-0.012,-0.808,-0.050,0.587,0.392,1.161,0.263
2016-12-01 01:45:14.285,53.921,-0.013,-0.807,-0.050,0.588,0.392,1.161,0.263
2016-12-01 01:45:14.296,53.943,-0.013,-0.807,-0.050,0.589,0.392,1.161,0.263
2016-12-01 01:45:14.307,53.943,-0.014,-0.806,-0.049,0.589,0.392,1.161,0.263
2016-12-01 01:45:14.318,53.943,-0.014,-0.806,-0.049,0.590,0.393,1.161,0.263
2016-12-01 01:45:14.329,53.964,-0.014,-0.805,-0.049,0.591,0.393,1.161,0.263
2016-12-01 01:45:14.341,53.964,-0.015,-0.804,-0.049,0.592,0.393,1.161,0.263
2016-12-01 01:45:14.351,53.985,-0.015,-0.804,-0.049,0.593,0.393,1.161,0.263
2016-12-01 01:45:14.363,53.985,-0.016,-0.803,-0.048,0.594,0.393,1.161,0.263
2016-12-01 01:45:14.374,54.007,-0.016,-0.803,-0.048,0.594,0.394,1.161,0.263
2016-12-01 01:45:14.385,54.007,-0.017,-0.802,-0.048,0.595,0.394,1.161,0.263
2016-12-01 01:45:14.397,54.028,-0.017,-0.801,-0.048,0.596,0.394,1.161,0.263
2016-12-01 01:45:14.408,54.049,-0.018,-0.801,-0.048,0.597,0.394,1.162,0.263
2016-12-01 01:45:14.419,54.049,-0.018,-0.800,-0.048,0.598,0.395,1.162,0.263
2016-12-01 01:45:14.430,54.071,-0.018,-0.799,-0.047,0.599,0.395,1.162,0.263
2016-12-01 01:45:14.442,54.071,-0.019,-0.799,-0.047,0.599,0.395,1.162,0.263
2016-12-01 01:45:14.453,54.092,-0.019,-0.798,-0.047,0.600,0.395,1.162,0.263
2016-12-01 01:45:14.464,54.092,-0.020,-0.797,-0.047,0.601,0.395,1.162,0.263
2016-12-01 01:45:14.475,54.092,-0.020,-0.797,-0.046,0.602,0.396,1.162,0.263
2016-12-01 01:45:14.486,54.113,-0.021,-0.796,-0.046,0.603,0.396,1.162,0.262
2016-12-01 01:45:14.497,54.135,-0.021,-0.796,-0.045,0.604,0.396,1.162,0.262
2016-12-01 01:45:14.508,54.135,-0.022,-0.795,-0.045,0.604,0.396,1.161,0.262
2016-12-01 01:45:14.519,54.156,-0.022,-0.795,-0.044,0.605,0.397,1.161,0.262
2016-12-01 01:45:14.531,54.156,-0.022,-0.794,-0.044,0.606,0.397,1.161,0.262
2016-12-01 01:45:14.600,54.241,-0.022,-0.793,-0.043,0.607,0.397,1.162,0.262
2016-12-01 01:45:14.601,54.241,-0.022,-0.793,-0.043,0.607,0.397,1.162,0.262
2016-12-01 01:45:14.609,54.241,-0.023,-0.791,-0.042,0.610,0.398,1.162,0.262
2016-12-01 01:45:14.620,54.263,-0.023,-0.790,-0.041,0.611,0.399,1.162,0.262
2016-12-01 01:45:14.635,54.263,-0.023,-0.789,-0.041,0.612,0.399,1.162,0.262
2016-12-01 01:45:14.656,54.284,-0.023,-0.789,-0.040,0.613,0.400,1.161,0.262
2016-12-01 01:45:14.679,54.305,-0.023,-0.788,-0.040,0.614,0.400,1.161,0.262
2016-12-01 01:45:14.703,54.327,-0.023,-0.787,-0.040,0.615,0.400,1.161,0.262
2016-12-01 01:45:14.721,54.348,-0.024,-0.787,-0.040,0.615,0.400,1.161,0.262
2016-12-01 01:45:14.732,54.369,-0.024,-0.787,-0.039,0.616,0.401,1.161,0.262
2016-12-01 01:45:14.743,54.369,-0.024,-0.786,-0.039,0.616,0.401,1.161,0.261
2016-12-01 01:45:14.753,54.391,-0.024,-0.786,-0.039,0.617,0.401,1.161,0.261
2016-12-01 01:45:14.766,54.391,-0.024,-0.785,-0.039,0.618,0.401,1.161,0.261
2016-12-01 01:45:14.777,54.412,-0.025,-0.784,-0.039,0.618,0.401,1.161,0.261
2016-12-01 01:45:14.788,54.433,-0.025,-0.784,-0.038,0.619,0.401,1.161,0.261
2016-12-01 01:45:14.799,54.433,-0.025,-0.783,-0.038,0.620,0.401,1.161,0.261
2016-12-01 01:45:14.810,54.433,-0.026,-0.782,-0.038,0.621,0.401,1.161,0.261
2016-12-01 01:45:14.821,54.455,-0.026,-0.781,-0.038,0.622,0.401,1.161,0.261
2016-12-01 01:45:14.832,54.455,-0.026,-0.781,-0.037,0.623,0.401,1.161,0.261
2016-12-01 01:45:14.844,54.476,-0.026,-0.780,-0.037,0.625,0.401,1.161,0.261
2016-12-01 01:45:14.854,54.476,-0.026,-0.779,-0.036,0.626,0.401,1.161,0.261
2016-12-01 01:45:14.865,54.497,-0.027,-0.778,-0.036,0.627,0.401,1.161,0.261
2016-12-01 01:45:14.877,54.519,-0.027,-0.777,-0.036,0.628,0.401,1.161,0.261
2016-12-01 01:45:14.888,54.519,-0.027,-0.776,-0.036,0.629,0.401,1.161,0.261
2016-12-01 01:45:14.899,54.540,-0.027,-0.775,-0.035,0.631,0.401,1.161,0.261
2016-12-01 01:45:14.911,54.540,-0.027,-0.774,-0.035,0.632,0.402,1.161,0.261
2016-12-01 01:45:14.921,54.561,-0.028,-0.773,-0.035,0.633,0.402,1.161,0.261
2016-12-01 01:45:14.933,54.561,-0.028,-0.772,-0.035,0.634,0.402,1.161,0.261
2016-12-01 01:45:14.944,54.583,-0.028,-0.771,-0.035,0.635,0.402,1.161,0.261
2016-12-01 01:45:14.955,54.583,-0.028,-0.770,-0.035,0.636,0.402,1.162,0.261
2016-12-01 01:45:14.966,54.604,-0.029,-0.769,-0.035,0.637,0.402,1.162,0.261
2016-12-01 01:45:14.978,54.604,-0.029,-0.768,-0.035,0.638,0.402,1.162,0.261
2016-12-01 01:45:14.988,54.625,-0.029,-0.768,-0.035,0.639,0.402,1.161,0.261
2016-12-01 01:45:15.000,54.625,-0.029,-0.767,-0.036,0.640,0.402,1.161,0.261
2016-12-01 01:45:15.011,54.647,-0.030,-0.766,-0.036,0.641,0.402,1.161,0.261
2016-12-01 01:45:15.022,54.647,-0.030,-0.765,-0.035,0.642,0.402,1.161,0.261
2016-12-01 01:45:15.033,54.668,-0.030,-0.764,-0.035,0.643,0.403,1.161,0.261
2016-12-01 01:45:15.045,54.668,-0.030,-0.764,-0.035,0.644,0.403,1.161,0.261
2016-12-01 01:45:15.055,54.689,-0.030,-0.763,-0.034,0.645,0.403,1.161,0.261
2016-12-01 01:45:15.067,54.711,-0.030,-0.762,-0.034,0.646,0.403,1.161,0.261
2016-12-01 01:45:15.078,54.711,-0.030,-0.762,-0.034,0.646,0.403,1.161,0.261
2016-12-01 01:45:15.089,54.732,-0.030,-0.761,-0.033,0.647,0.403,1.161,0.261
2016-12-01 01:45:15.100,54.732,-0.029,-0.760,-0.033,0.648,0.403,1.161,0.261
2016-12-01 01:45:15.111,54.753,-0.029,-0.760,-0.032,0.649,0.403,1.161,0.261
2016-12-01 01:45:15.122,54.753,-0.029,-0.759,-0.031,0.649,0.403,1.161,0.261
2016-12-01 01:45:15.133,54.753,-0.028,-0.759,-0.031,0.650,0.403,1.161,0.261
2016-12-01 01:45:15.145,54.775,-0.028,-0.758,-0.030,0.650,0.403,1.161,0.261
2016-12-01 01:45:15.156,54.796,-0.028,-0.758,-0.030,0.651,0.403,1.160,0.261
2016-12-01 01:45:15.167,54.796,-0.028,-0.758,-0.029,0.651,0.403,1.160,0.261
2016-12-01 01:45:15.178,54.817,-0.027,-0.757,-0.029,0.652,0.403,1.161,0.261
2016-12-01 01:45:15.189,54.817,-0.027,-0.757,-0.028,0.652,0.403,1.160,0.261
2016-12-01 01:45:15.201,54.839,-0.027,-0.757,-0.027,0.652,0.403,1.160,0.261
2016-12-01 01:45:15.212,54.839,-0.027,-0.757,-0.027,0.653,0.403,1.160,0.261
2016-12-01 01:45:15.223,54.860,-0.027,-0.756,-0.027,0.653,0.404,1.160,0.261
2016-12-01 01:45:15.235,54.860,-0.027,-0.756,-0.027,0.653,0.404,1.160,0.261
2016-12-01 01:45:15.245,54.881,-0.027,-0.756,-0.027,0.654,0.404,1.160,0.261
2016-12-01 01:45:15.256,54.903,-0.027,-0.755,-0.027,0.654,0.404,1.160,0.261
2016-12-01 01:45:15.268,54.903,-0.027,-0.755,-0.027,0.654,0.404,1.160,0.261
2016-12-01 01:45:15.279,54.903,-0.027,-0.755,-0.027,0.655,0.404,1.160,0.261
2016-12-01 01:45:15.290,54.924,-0.027,-0.755,-0.027,0.655,0.404,1.160,0.261
2016-12-01 01:45:15.301,54.924,-0.027,-0.754,-0.027,0.656,0.404,1.160,0.261
2016-12-01 01:45:15.312,54.945,-0.028,-0.754,-0.027,0.656,0.404,1.160,0.261
2016-12-01 01:45:15.323,54.945,-0.027,-0.753,-0.027,0.656,0.404,1.160,0.261
2016-12-01 01:45:15.335,54.967,-0.027,-0.753,-0.027,0.657,0.404,1.160,0.261
2016-12-01 01:45:15.347,54.988,-0.028,-0.752,-0.027,0.658,0.404,1.161,0.261
2016-12-01 01:45:15.357,54.988,-0.028,-0.752,-0.027,0.658,0.404,1.161,0.261
2016-12-01 01:45:15.368,55.009,-0.028,-0.751,-0.027,0.659,0.404,1.161,0.261
2016-12-01 01:45:15.380,55.009,-0.029,-0.751,-0.028,0.659,0.405,1.161,0.261
2016-12-01 01:45:15.390,55.031,-0.030,-0.750,-0.028,0.660,0.405,1.161,0.261
2016-12-01 01:45:15.402,55.031,-0.031,-0.750,-0.028,0.660,0.405,1.161,0.261
2016-12-01 01:45:15.413,55.052,-0.031,-0.749,-0.028,0.661,0.405,1.161,0.261
2016-12-01 01:45:15.424,55.052,-0.032,-0.749,-0.029,0.661,0.405,1.162,0.261
2016-12-01 01:45:15.435,55.073,-0.032,-0.748,-0.029,0.662,0.405,1.162,0.261
2016-12-01 01:45:15.446,55.073,-0.033,-0.748,-0.030,0.662,0.405,1.162,0.261
2016-12-01 01:45:15.457,55.095,-0.033,-0.748,-0.030,0.663,0.405,1.162,0.261
2016-12-01 01:45:15.469,55.095,-0.033,-0.747,-0.030,0.663,0.405,1.162,0.261
2016-12-01 01:45:15.480,55.116,-0.033,-0.747,-0.031,0.663,0.405,1.162,0.261
2016-12-01 01:45:15.491,55.116,-0.034,-0.747,-0.031,0.663,0.405,1.162,0.261
2016-12-01 01:45:15.502,55.137,-0.034,-0.747,-0.031,0.664,0.406,1.162,0.261
2016-12-01 01:45:15.514,55.137,-0.034,-0.747,-0.032,0.664,0.406,1.162,0.261
2016-12-01 01:45:15.525,55.159,-0.034,-0.747,-0.032,0.664,0.406,1.162,0.261
2016-12-01 01:45:15.536,55.180,-0.034,-0.746,-0.032,0.664,0.406,1.162,0.261
2016-12-01 01:45:15.547,55.180,-0.034,-0.746,-0.032,0.664,0.406,1.162,0.261
2016-12-01 01:45:15.558,55.201,-0.034,-0.746,-0.032,0.664,0.406,1.162,0.261
2016-12-01 01:45:15.570,55.201,-0.034,-0.746,-0.032,0.664,0.406,1.162,0.261
2016-12-01 01:45:15.580,55.223,-0.034,-0.746,-0.032,0.664,0.406,1.162,0.260
2016-12-01 01:45:15.592,55.223,-0.033,-0.746,-0.032,0.664,0.406,1.162,0.260
2016-12-01 01:45:15.603,55.244,-0.033,-0.746,-0.032,0.664,0.406,1.162,0.260
2016-12-01 01:45:15.614,55.244,-0.033,-0.746,-0.031,0.664,0.406,1.162,0.261
2016-12-01 01:45:15.625,55.244,-0.033,-0.746,-0.031,0.664,0.406,1.162,0.260
2016-12-01 01:45:15.636,55.265,-0.032,-0.746,-0.031,0.664,0.406,1.162,0.261
2016-12-01 01:45:15.648,55.287,-0.032,-0.746,-0.031,0.664,0.406,1.162,0.261
2016-12-01 01:45:15.658,55.287,-0.032,-0.746,-0.031,0.664,0.406,1.162,0.261
2016-12-01 01:45:15.669,55.308,-0.032,-0.747,-0.031,0.664,0.406,1.162,0.261
2016-12-01 01:45:15.681,55.308,-0.032,-0.747,-0.031,0.664,0.406,1.162,0.261
2016-12-01 01:45:15.692,55.329,-0.032,-0.747,-0.031,0.664,0.406,1.162,0.261
2016-12-01 01:45:15.704,55.329,-0.032,-0.747,-0.031,0.664,0.406,1.162,0.261
2016-12-01 01:45:15.714,55.351,-0.032,-0.747,-0.031,0.664,0.406,1.162,0.261
2016-12-01 01:45:15.726,55.351,-0.032,-0.747,-0.031,0.664,0.406,1.162,0.261
2016-12-01 01:45:15.737,55.372,-0.032,-0.746,-0.031,0.664,0.406,1.162,0.261
2016-12-01 01:45:15.748,55.393,-0.032,-0.746,-0.031,0.664,0.406,1.162,0.261
2016-12-01 01:45:15.759,55.393,-0.032,-0.746,-0.031,0.664,0.406,1.162,0.261
2016-12-01 01:45:15.770,55.393,-0.032,-0.746,-0.030,0.664,0.406,1.162,0.261
2016-12-01 01:45:15.781,55.415,-0.031,-0.746,-0.030,0.665,0.406,1.162,0.261
2016-12-01 01:45:15.792,55.415,-0.031,-0.746,-0.030,0.665,0.406,1.162,0.261
2016-12-01 01:45:15.804,55.436,-0.031,-0.746,-0.030,0.665,0.406,1.162,0.261
2016-12-01 01:45:15.815,55.436,-0.030,-0.745,-0.030,0.665,0.406,1.162,0.261
2016-12-01 01:45:15.826,55.457,-0.030,-0.745,-0.030,0.666,0.406,1.162,0.262
2016-12-01 01:45:15.837,55.479,-0.030,-0.745,-0.030,0.666,0.406,1.162,0.262
2016-12-01 01:45:15.848,55.479,-0.029,-0.745,-0.030,0.666,0.406,1.162,0.262
2016-12-01 01:45:15.860,55.500,-0.029,-0.744,-0.030,0.667,0.406,1.162,0.262
2016-12-01 01:45:15.871,55.500,-0.029,-0.744,-0.030,0.667,0.406,1.162,0.262
2016-12-01 01:45:15.882,55.521,-0.029,-0.744,-0.030,0.667,0.406,1.162,0.262
2016-12-01 01:45:15.893,55.521,-0.029,-0.743,-0.030,0.667,0.406,1.162,0.262
2016-12-01 01:45:15.905,55.543,-0.029,-0.743,-0.030,0.668,0.407,1.162,0.262
2016-12-01 01:45:15.916,55.564,-0.029,-0.743,-0.030,0.668,0.407,1.162,0.262
2016-12-01 01:45:15.927,55.564,-0.029,-0.743,-0.030,0.668,0.406,1.161,0.262
2016-12-01 01:45:15.938,55.564,-0.029,-0.743,-0.030,0.668,0.406,1.161,0.262
2016-12-01 01:45:15.949,55.585,-0.030,-0.743,-0.030,0.668,0.406,1.161,0.262
2016-12-01 01:45:15.961,55.585,-0.030,-0.742,-0.031,0.669,0.406,1.161,0.262
2016-12-01 01:45:15.971,55.607,-0.030,-0.742,-0.031,0.669,0.406,1.161,0.262
2016-12-01 01:45:15.983,55.607,-0.030,-0.742,-0.031,0.669,0.406,1.161,0.262
2016-12-01 01:45:15.994,55.628,-0.030,-0.742,-0.031,0.669,0.406,1.161,0.262
2016-12-01 01:45:16.005,55.628,-0.029,-0.742,-0.031,0.669,0.406,1.161,0.262
2016-12-01 01:45:16.016,55.649,-0.029,-0.742,-0.031,0.669,0.406,1.161,0.262
2016-12-01 01:45:16.027,55.671,-0.029,-0.742,-0.031,0.669,0.406,1.161,0.262
2016-12-01 01:45:16.039,55.671,-0.029,-0.742,-0.030,0.669,0.406,1.161,0.262
2016-12-01 01:45:16.050,55.692,-0.028,-0.742,-0.030,0.669,0.406,1.161,0.262
2016-12-01 01:45:16.061,55.692,-0.028,-0.742,-0.030,0.669,0.406,1.161,0.262
2016-12-01 01:45:16.072,55.713,-0.028,-0.743,-0.030,0.669,0.406,1.161,0.262
2016-12-01 01:45:16.083,55.713,-0.028,-0.743,-0.030,0.668,0.406,1.161,0.262
2016-12-01 01:45:16.094,55.713,-0.028,-0.743,-0.030,0.668,0.406,1.161,0.262
2016-12-01 01:45:16.106,55.735,-0.028,-0.743,-0.029,0.668,0.406,1.161,0.262
2016-12-01 01:45:16.117,55.756,-0.028,-0.743,-0.029,0.668,0.406,1.161,0.262
2016-12-01 01:45:16.128,55.756,-0.028,-0.743,-0.029,0.668,0.406,1.161,0.262
2016-12-01 01:45:16.139,55.777,-0.028,-0.743,-0.029,0.668,0.406,1.161,0.263
2016-12-01 01:45:16.150,55.777,-0.028,-0.743,-0.029,0.668,0.406,1.161,0.262
2016-12-01 01:45:16.161,55.799,-0.028,-0.743,-0.029,0.668,0.406,1.161,0.262
2016-12-01 01:45:16.173,55.799,-0.028,-0.743,-0.029,0.668,0.406,1.161,0.262
2016-12-01 01:45:16.183,55.820,-0.028,-0.743,-0.029,0.668,0.406,1.161,0.262
2016-12-01 01:45:16.195,55.820,-0.028,-0.743,-0.029,0.667,0.406,1.161,0.262
2016-12-01 01:45:16.206,55.841,-0.028,-0.744,-0.029,0.667,0.406,1.161,0.262
2016-12-01 01:45:16.217,55.863,-0.028,-0.744,-0.029,0.667,0.406,1.161,0.262
2016-12-01 01:45:16.228,55.863,-0.028,-0.744,-0.029,0.667,0.406,1.161,0.262
2016-12-01 01:45:16.239,55.884,-0.028,-0.744,-0.029,0.667,0.406,1.161,0.262
2016-12-01 01:45:16.250,55.884,-0.028,-0.744,-0.029,0.667,0.406,1.161,0.262
2016-12-01 01:45:16.261,55.884,-0.029,-0.744,-0.028,0.666,0.406,1.161,0.262
2016-12-01 01:45:16.273,55.905,-0.028,-0.745,-0.028,0.666,0.406,1.161,0.262
2016-12-01 01:45:16.285,55.905,-0.028,-0.745,-0.027,0.666,0.406,1.161,0.262
2016-12-01 01:45:16.295,55.927,-0.028,-0.745,-0.027,0.666,0.406,1.161,0.262
2016-12-01 01:45:16.307,55.948,-0.027,-0.745,-0.027,0.666,0.406,1.161,0.262
2016-12-01 01:45:16.318,55.948,-0.027,-0.745,-0.026,0.665,0.406,1.161,0.262
2016-12-01 01:45:16.329,55.969,-0.027,-0.746,-0.026,0.665,0.406,1.161,0.262
2016-12-01 01:45:16.340,55.969,-0.026,-0.746,-0.025,0.665,0.406,1.161,0.262
2016-12-01 01:45:16.351,55.991,-0.026,-0.746,-0.025,0.665,0.406,1.161,0.262
2016-12-01 01:45:16.363,55.991,-0.026,-0.747,-0.024,0.664,0.406,1.161,0.262
2016-12-01 01:45:16.373,56.012,-0.025,-0.747,-0.024,0.664,0.406,1.161,0.261
2016-12-01 01:45:16.384,56.012,-0.025,-0.747,-0.024,0.663,0.406,1.161,0.261
2016-12-01 01:45:16.396,56.033,-0.025,-0.748,-0.024,0.663,0.406,1.161,0.261
2016-12-01 01:45:16.407,56.055,-0.025,-0.748,-0.023,0.662,0.406,1.161,0.261
2016-12-01 01:45:16.418,56.055,-0.025,-0.749,-0.023,0.662,0.406,1.161,0.261
2016-12-01 01:45:16.429,56.055,-0.024,-0.749,-0.023,0.661,0.406,1.160,0.261
2016-12-01 01:45:16.440,56.076,-0.024,-0.750,-0.022,0.661,0.406,1.160,0.261
2016-12-01 01:45:16.452,56.076,-0.024,-0.751,-0.022,0.660,0.406,1.160,0.260
2016-12-01 01:45:16.463,56.097,-0.024,-0.751,-0.022,0.659,0.406,1.160,0.260
2016-12-01 01:45:16.475,56.097,-0.024,-0.752,-0.021,0.658,0.406,1.160,0.260
2016-12-01 01:45:16.485,56.119,-0.024,-0.753,-0.021,0.658,0.406,1.160,0.260
2016-12-01 01:45:16.496,56.140,-0.023,-0.754,-0.020,0.657,0.406,1.160,0.260
2016-12-01 01:45:16.508,56.140,-0.023,-0.754,-0.020,0.656,0.406,1.160,0.260
2016-12-01 01:45:16.519,56.161,-0.023,-0.755,-0.019,0.655,0.406,1.160,0.260
2016-12-01 01:45:16.530,56.161,-0.022,-0.756,-0.018,0.654,0.406,1.160,0.259
2016-12-01 01:45:16.541,56.183,-0.022,-0.757,-0.017,0.653,0.406,1.160,0.259
2016-12-01 01:45:16.552,56.183,-0.021,-0.758,-0.017,0.652,0.406,1.160,0.259
2016-12-01 01:45:16.563,56.204,-0.021,-0.759,-0.016,0.651,0.406,1.159,0.259
2016-12-01 01:45:16.575,56.204,-0.020,-0.760,-0.015,0.650,0.406,1.159,0.258
2016-12-01 01:45:16.586,56.225,-0.020,-0.761,-0.014,0.649,0.405,1.159,0.258
2016-12-01 01:45:16.597,56.225,-0.019,-0.762,-0.013,0.648,0.406,1.159,0.258
2016-12-01 01:45:16.608,56.247,-0.019,-0.763,-0.012,0.646,0.406,1.159,0.258
2016-12-01 01:45:16.619,56.247,-0.018,-0.764,-0.011,0.645,0.405,1.159,0.258
2016-12-01 01:45:16.630,56.268,-0.018,-0.765,-0.011,0.644,0.405,1.158,0.257
2016-12-01 01:45:16.642,56.268,-0.017,-0.766,-0.010,0.642,0.405,1.158,0.257
2016-12-01 01:45:16.653,56.289,-0.017,-0.767,-0.008,0.641,0.405,1.158,0.256
2016-12-01 01:45:16.664,56.289,-0.016,-0.768,-0.007,0.640,0.405,1.158,0.256
2016-12-01 01:45:16.675,56.311,-0.015,-0.769,-0.007,0.639,0.405,1.158,0.256
2016-12-01 01:45:16.687,56.332,-0.015,-0.770,-0.006,0.637,0.405,1.158,0.256
2016-12-01 01:45:16.698,56.332,-0.014,-0.771,-0.005,0.636,0.404,1.158,0.256
2016-12-01 01:45:16.708,56.353,-0.014,-0.772,-0.005,0.635,0.404,1.158,0.255
2016-12-01 01:45:16.720,56.353,-0.013,-0.773,-0.004,0.634,0.404,1.157,0.255
2016-12-01 01:45:16.731,56.375,-0.012,-0.774,-0.003,0.634,0.404,1.157,0.255
2016-12-01 01:45:16.742,56.375,-0.012,-0.774,-0.003,0.633,0.404,1.157,0.255
2016-12-01 01:45:16.753,56.375,-0.011,-0.775,-0.002,0.632,0.404,1.157,0.255
2016-12-01 01:45:16.764,56.396,-0.010,-0.775,-0.001,0.631,0.404,1.157,0.254
2016-12-01 01:45:16.776,56.417,-0.010,-0.776,-0.001,0.631,0.404,1.157,0.254
2016-12-01 01:45:16.787,56.417,-0.009,-0.776,0.000,0.630,0.403,1.157,0.254
2016-12-01 01:45:16.798,56.439,-0.009,-0.777,0.001,0.630,0.403,1.157,0.254
2016-12-01 01:45:16.809,56.439,-0.009,-0.777,0.001,0.629,0.403,1.157,0.254
2016-12-01 01:45:16.820,56.460,-0.008,-0.777,0.002,0.629,0.403,1.156,0.254
2016-12-01 01:45:16.831,56.460,-0.008,-0.778,0.003,0.628,0.403,1.156,0.253
2016-12-01 01:45:16.843,56.481,-0.007,-0.778,0.003,0.628,0.402,1.156,0.253
2016-12-01 01:45:16.854,56.481,-0.007,-0.779,0.004,0.627,0.402,1.156,0.253
2016-12-01 01:45:16.865,56.503,-0.007,-0.779,0.004,0.627,0.402,1.156,0.253
2016-12-01 01:45:16.876,56.524,-0.007,-0.780,0.005,0.626,0.402,1.156,0.253
2016-12-01 01:45:16.888,56.524,-0.006,-0.780,0.005,0.626,0.401,1.156,0.253
2016-12-01 01:45:16.898,56.524,-0.006,-0.781,0.005,0.625,0.401,1.156,0.253
2016-12-01 01:45:16.910,56.545,-0.005,-0.781,0.006,0.624,0.401,1.156,0.253
2016-12-01 01:45:16.921,56.545,-0.005,-0.782,0.006,0.624,0.400,1.156,0.252
2016-12-01 01:45:16.932,56.567,-0.005,-0.782,0.006,0.623,0.400,1.156,0.252
2016-12-01 01:45:16.943,56.567,-0.004,-0.783,0.007,0.622,0.400,1.156,0.252
2016-12-01 01:45:16.954,56.588,-0.004,-0.783,0.007,0.622,0.400,1.156,0.252
2016-12-01 01:45:16.965,56.588,-0.004,-0.784,0.007,0.621,0.399,1.156,0.252
2016-12-01 01:45:16.976,56.609,-0.003,-0.785,0.007,0.620,0.399,1.156,0.252
2016-12-01 01:45:16.988,56.631,-0.003,-0.785,0.007,0.619,0.399,1.156,0.252
2016-12-01 01:45:16.999,56.631,-0.002,-0.786,0.007,0.618,0.399,1.156,0.252
2016-12-01 01:45:17.010,56.652,-0.002,-0.787,0.008,0.617,0.399,1.156,0.252
2016-12-01 01:45:17.021,56.652,-0.002,-0.788,0.008,0.616,0.398,1.156,0.252
2016-12-01 01:45:17.033,56.673,-0.002,-0.789,0.008,0.615,0.398,1.156,0.252
2016-12-01 01:45:17.044,56.673,-0.001,-0.790,0.008,0.614,0.398,1.156,0.252
2016-12-01 01:45:17.055,56.695,-0.001,-0.790,0.008,0.613,0.398,1.155,0.251
2016-12-01 01:45:17.066,56.695,0.000,-0.791,0.008,0.611,0.397,1.156,0.251
2016-12-01 01:45:17.077,56.716,0.000,-0.792,0.008,0.610,0.397,1.155,0.251
2016-12-01 01:45:17.088,56.716,0.001,-0.793,0.008,0.609,0.397,1.156,0.251
2016-12-01 01:45:17.099,56.737,0.001,-0.794,0.008,0.608,0.397,1.156,0.251
2016-12-01 01:45:17.112,56.737,0.002,-0.795,0.008,0.607,0.397,1.156,0.252
2016-12-01 01:45:17.122,56.759,0.002,-0.796,0.008,0.606,0.396,1.155,0.252
2016-12-01 01:45:17.134,56.759,0.002,-0.797,0.008,0.604,0.396,1.155,0.251
2016-12-01 01:45:17.144,56.780,0.003,-0.797,0.008,0.603,0.396,1.155,0.252
2016-12-01 01:45:17.155,56.780,0.003,-0.798,0.008,0.602,0.396,1.155,0.252
2016-12-01 01:45:17.166,56.801,0.003,-0.799,0.007,0.601,0.396,1.155,0.252
2016-12-01 01:45:17.178,56.823,0.003,-0.800,0.007,0.600,0.396,1.155,0.252
2016-12-01 01:45:17.189,56.823,0.004,-0.801,0.007,0.599,0.395,1.155,0.252
2016-12-01 01:45:17.200,56.844,0.004,-0.802,0.007,0.597,0.395,1.155,0.252
2016-12-01 01:45:17.212,56.844,0.004,-0.803,0.006,0.596,0.395,1.155,0.252
2016-12-01 01:45:17.223,56.865,0.004,-0.804,0.006,0.595,0.395,1.155,0.252
2016-12-01 01:45:17.234,56.865,0.005,-0.805,0.006,0.594,0.395,1.155,0.252
2016-12-01 01:45:17.245,56.865,0.005,-0.805,0.005,0.593,0.394,1.155,0.252
2016-12-01 01:45:17.256,56.887,0.005,-0.806,0.005,0.592,0.394,1.156,0.252
2016-12-01 01:45:17.267,56.908,0.005,-0.807,0.005,0.590,0.394,1.156,0.252
2016-12-01 01:45:17.278,56.908,0.005,-0.808,0.005,0.589,0.394,1.155,0.253
2016-12-01 01:45:17.290,56.929,0.006,-0.809,0.005,0.588,0.394,1.156,0.253
2016-12-01 01:45:17.301,56.929,0.006,-0.809,0.004,0.587,0.393,1.156,0.253
2016-12-01 01:45:17.312,56.951,0.006,-0.810,0.004,0.586,0.393,1.156,0.253
2016-12-01 01:45:17.323,56.951,0.007,-0.811,0.004,0.585,0.393,1.156,0.253
2016-12-01 01:45:17.334,56.972,0.007,-0.811,0.004,0.584,0.392,1.156,0.253
2016-12-01 01:45:17.346,56.993,0.007,-0.812,0.004,0.583,0.392,1.156,0.254
2016-12-01 01:45:17.356,56.993,0.008,-0.813,0.004,0.582,0.392,1.155,0.254
2016-12-01 01:45:17.367,57.015,0.008,-0.814,0.004,0.581,0.392,1.155,0.254
2016-12-01 01:45:17.378,57.015,0.009,-0.814,0.003,0.581,0.391,1.155,0.254
2016-12-01 01:45:17.390,57.015,0.009,-0.815,0.003,0.580,0.391,1.155,0.254
2016-12-01 01:45:17.401,57.036,0.009,-0.816,0.003,0.578,0.391,1.155,0.254
2016-12-01 01:45:17.413,57.036,0.010,-0.816,0.003,0.578,0.390,1.155,0.254
2016-12-01 01:45:17.424,57.057,0.010,-0.817,0.002,0.576,0.390,1.155,0.254
2016-12-01 01:45:17.435,57.057,0.011,-0.818,0.002,0.576,0.390,1.155,0.255
2016-12-01 01:45:17.446,57.079,0.011,-0.818,0.002,0.575,0.389,1.155,0.255
2016-12-01 01:45:17.457,57.100,0.012,-0.819,0.002,0.574,0.389,1.155,0.255
2016-12-01 01:45:17.468,57.100,0.013,-0.820,0.001,0.573,0.388,1.155,0.255
2016-12-01 01:45:17.479,57.121,0.013,-0.820,0.001,0.572,0.388,1.155,0.255
2016-12-01 01:45:17.490,57.121,0.014,-0.821,0.001,0.571,0.388,1.155,0.255
2016-12-01 01:45:17.501,57.143,0.015,-0.821,0.001,0.571,0.387,1.155,0.255
2016-12-01 01:45:17.513,57.143,0.015,-0.821,0.001,0.570,0.387,1.155,0.255
2016-12-01 01:45:17.524,57.164,0.015,-0.822,0.001,0.570,0.387,1.155,0.255
2016-12-01 01:45:17.535,57.164,0.016,-0.822,0.001,0.569,0.387,1.155,0.255
2016-12-01 01:45:17.546,57.185,0.016,-0.823,0.001,0.568,0.386,1.155,0.255
2016-12-01 01:45:17.557,57.185,0.016,-0.823,0.001,0.568,0.386,1.155,0.256
2016-12-01 01:45:17.568,57.207,0.017,-0.823,0.001,0.568,0.386,1.155,0.256
2016-12-01 01:45:17.580,57.207,0.017,-0.823,0.001,0.567,0.386,1.155,0.256
2016-12-01 01:45:17.591,57.228,0.017,-0.824,0.001,0.567,0.386,1.155,0.256
2016-12-01 01:45:17.602,57.228,0.017,-0.824,0.001,0.566,0.385,1.155,0.256
2016-12-01 01:45:17.614,57.249,0.017,-0.824,0.001,0.566,0.385,1.155,0.256
2016-12-01 01:45:17.625,57.249,0.017,-0.824,0.001,0.566,0.385,1.155,0.256
2016-12-01 01:45:17.636,57.271,0.017,-0.825,0.001,0.565,0.385,1.155,0.256
2016-12-01 01:45:17.647,57.292,0.017,-0.825,0.001,0.565,0.385,1.155,0.256
2016-12-01 01:45:17.658,57.292,0.017,-0.825,0.001,0.565,0.384,1.155,0.256
2016-12-01 01:45:17.669,57.313,0.017,-0.825,0.001,0.565,0.384,1.155,0.256
2016-12-01 01:45:17.680,57.313,0.017,-0.825,0.001,0.564,0.384,1.155,0.256
2016-12-01 01:45:17.691,57.335,0.017,-0.825,0.001,0.564,0.384,1.155,0.256
2016-12-01 01:45:17.703,57.335,0.017,-0.826,0.001,0.564,0.383,1.155,0.256
2016-12-01 01:45:17.714,57.335,0.017,-0.826,0.001,0.564,0.383,1.155,0.256
2016-12-01 01:45:17.725,57.356,0.017,-0.826,0.002,0.563,0.383,1.155,0.256
2016-12-01 01:45:17.736,57.377,0.017,-0.826,0.002,0.563,0.383,1.155,0.256
2016-12-01 01:45:17.747,57.377,0.017,-0.826,0.002,0.563,0.383,1.155,0.257
2016-12-01 01:45:17.758,57.399,0.017,-0.827,0.002,0.563,0.383,1.155,0.257
2016-12-01 01:45:17.770,57.399,0.018,-0.827,0.002,0.562,0.383,1.155,0.257
2016-12-01 01:45:17.781,57.420,0.018,-0.827,0.002,0.562,0.383,1.154,0.257
2016-12-01 01:45:17.792,57.420,0.018,-0.827,0.002,0.562,0.383,1.154,0.257
2016-12-01 01:45:17.803,57.441,0.019,-0.827,0.002,0.562,0.383,1.154,0.257
2016-12-01 01:45:17.815,57.441,0.019,-0.827,0.003,0.562,0.383,1.154,0.256
2016-12-01 01:45:17.826,57.463,0.019,-0.827,0.003,0.561,0.383,1.154,0.256
2016-12-01 01:45:17.837,57.484,0.020,-0.827,0.003,0.561,0.383,1.154,0.256
2016-12-01 01:45:17.848,57.484,0.020,-0.827,0.003,0.561,0.382,1.154,0.257
2016-12-01 01:45:17.859,57.505,0.020,-0.827,0.003,0.561,0.382,1.154,0.256
2016-12-01 01:45:17.871,57.505,0.021,-0.827,0.004,0.561,0.382,1.154,0.256
2016-12-01 01:45:17.881,57.505,0.021,-0.827,0.004,0.561,0.382,1.154,0.256
2016-12-01 01:45:17.893,57.527,0.021,-0.827,0.004,0.561,0.382,1.154,0.256
2016-12-01 01:45:17.904,57.527,0.021,-0.827,0.004,0.561,0.382,1.154,0.256
2016-12-01 01:45:17.915,57.548,0.021,-0.827,0.004,0.562,0.382,1.154,0.256
2016-12-01 01:45:17.926,57.569,0.021,-0.827,0.004,0.562,0.382,1.154,0.257
2016-12-01 01:45:17.938,57.569,0.021,-0.827,0.004,0.562,0.383,1.154,0.257
2016-12-01 01:45:17.948,57.591,0.021,-0.827,0.004,0.562,0.383,1.154,0.257
2016-12-01 01:45:17.959,57.591,0.021,-0.826,0.004,0.563,0.382,1.153,0.257
2016-12-01 01:45:17.971,57.612,0.021,-0.826,0.004,0.563,0.383,1.153,0.257
2016-12-01 01:45:17.983,57.612,0.021,-0.826,0.005,0.563,0.383,1.153,0.257
2016-12-01 01:45:17.994,57.633,0.021,-0.826,0.005,0.564,0.383,1.153,0.257
2016-12-01 01:45:18.005,57.633,0.021,-0.826,0.005,0.564,0.383,1.154,0.257
2016-12-01 01:45:18.015,57.655,0.021,-0.825,0.005,0.564,0.383,1.154,0.257
2016-12-01 01:45:18.027,57.676,0.021,-0.825,0.005,0.565,0.383,1.154,0.257
2016-12-01 01:45:18.038,57.676,0.021,-0.825,0.005,0.565,0.383,1.154,0.257
2016-12-01 01:45:18.049,57.676,0.021,-0.825,0.005,0.565,0.383,1.154,0.257
2016-12-01 01:45:18.060,57.697,0.021,-0.825,0.005,0.565,0.383,1.154,0.257
2016-12-01 01:45:18.072,57.697,0.021,-0.824,0.005,0.566,0.383,1.154,0.257
2016-12-01 01:45:18.082,57.719,0.021,-0.824,0.005,0.566,0.383,1.154,0.257
2016-12-01 01:45:18.094,57.719,0.021,-0.824,0.005,0.566,0.383,1.154,0.257
2016-12-01 01:45:18.105,57.740,0.021,-0.824,0.005,0.566,0.383,1.154,0.257
2016-12-01 01:45:18.116,57.761,0.021,-0.824,0.005,0.566,0.384,1.154,0.257
2016-12-01 01:45:18.127,57.761,0.021,-0.824,0.005,0.567,0.384,1.154,0.257
2016-12-01 01:45:18.138,57.783,0.021,-0.824,0.005,0.567,0.384,1.154,0.257
2016-12-01 01:45:18.150,57.783,0.021,-0.823,0.005,0.567,0.384,1.154,0.257
2016-12-01 01:45:18.161,57.804,0.020,-0.823,0.005,0.567,0.384,1.154,0.257
2016-12-01 01:45:18.172,57.804,0.020,-0.823,0.005,0.568,0.384,1.154,0.257
2016-12-01 01:45:18.183,57.825,0.020,-0.823,0.005,0.568,0.384,1.154,0.257
2016-12-01 01:45:18.195,57.825,0.021,-0.822,0.005,0.569,0.384,1.154,0.257
2016-12-01 01:45:18.205,57.825,0.020,-0.822,0.005,0.569,0.384,1.154,0.257
2016-12-01 01:45:18.217,57.847,0.021,-0.822,0.005,0.569,0.384,1.154,0.257
2016-12-01 01:45:18.228,57.868,0.020,-0.821,0.005,0.570,0.384,1.154,0.257
2016-12-01 01:45:18.239,57.868,0.020,-0.821,0.005,0.570,0.384,1.154,0.257
2016-12-01 01:45:18.250,57.889,0.021,-0.821,0.005,0.571,0.384,1.154,0.257
2016-12-01 01:45:18.261,57.889,0.020,-0.821,0.005,0.571,0.384,1.154,0.257
2016-12-01 01:45:18.272,57.911,0.020,-0.820,0.005,0.572,0.384,1.154,0.257
2016-12-01 01:45:18.284,57.911,0.020,-0.820,0.006,0.572,0.384,1.154,0.257
2016-12-01 01:45:18.294,57.932,0.020,-0.820,0.006,0.572,0.385,1.154,0.257
2016-12-01 01:45:18.306,57.953,0.020,-0.820,0.006,0.573,0.385,1.154,0.257
2016-12-01 01:45:18.317,57.953,0.020,-0.819,0.006,0.573,0.385,1.154,0.257
2016-12-01 01:45:18.328,57.975,0.020,-0.819,0.006,0.573,0.385,1.154,0.257
2016-12-01 01:45:18.340,57.975,0.020,-0.819,0.006,0.574,0.385,1.154,0.257
2016-12-01 01:45:18.351,57.996,0.020,-0.819,0.006,0.574,0.385,1.154,0.257
2016-12-01 01:45:18.362,57.996,0.020,-0.818,0.006,0.574,0.385,1.154,0.257
2016-12-01 01:45:18.373,57.996,0.020,-0.818,0.006,0.575,0.385,1.154,0.257
2016-12-01 01:45:18.384,58.017,0.020,-0.818,0.007,0.575,0.385,1.154,0.257
2016-12-01 01:45:18.396,58.039,0.020,-0.818,0.007,0.575,0.385,1.154,0.257
2016-12-01 01:45:18.407,58.039,0.020,-0.817,0.007,0.576,0.385,1.154,0.257
2016-12-01 01:45:18.418,58.060,0.019,-0.817,0.007,0.576,0.385,1.154,0.257
2016-12-01 01:45:18.430,58.060,0.019,-0.817,0.007,0.577,0.385,1.154,0.257
2016-12-01 01:45:18.440,58.081,0.019,-0.816,0.007,0.577,0.385,1.154,0.257
2016-12-01 01:45:18.451,58.081,0.019,-0.816,0.007,0.578,0.385,1.154,0.257
2016-12-01 01:45:18.462,58.103,0.019,-0.816,0.007,0.578,0.385,1.154,0.257
2016-12-01 01:45:18.474,58.103,0.019,-0.816,0.008,0.578,0.385,1.154,0.257
2016-12-01 01:45:18.485,58.124,0.019,-0.815,0.008,0.579,0.385,1.154,0.257
2016-12-01 01:45:18.496,58.145,0.019,-0.815,0.008,0.579,0.385,1.153,0.257
2016-12-01 01:45:18.507,58.145,0.019,-0.815,0.008,0.579,0.385,1.153,0.257
2016-12-01 01:45:18.518,58.145,0.019,-0.814,0.008,0.580,0.385,1.153,0.257
2016-12-01 01:45:18.531,58.167,0.019,-0.814,0.008,0.580,0.386,1.154,0.257
2016-12-01 01:45:18.541,58.167,0.019,-0.814,0.008,0.581,0.386,1.154,0.257
2016-12-01 01:45:18.552,58.188,0.019,-0.813,0.008,0.581,0.386,1.154,0.257
2016-12-01 01:45:18.563,58.188,0.019,-0.813,0.009,0.582,0.386,1.154,0.257
2016-12-01 01:45:18.574,58.209,0.019,-0.813,0.009,0.582,0.386,1.154,0.257
2016-12-01 01:45:18.586,58.231,0.018,-0.812,0.009,0.583,0.386,1.154,0.257
2016-12-01 01:45:18.597,58.231,0.018,-0.812,0.009,0.583,0.386,1.154,0.257
2016-12-01 01:45:18.607,58.252,0.018,-0.812,0.009,0.584,0.386,1.154,0.257
2016-12-01 01:45:18.619,58.252,0.018,-0.811,0.009,0.584,0.386,1.154,0.257
2016-12-01 01:45:18.630,58.273,0.018,-0.811,0.009,0.585,0.386,1.154,0.257
2016-12-01 01:45:18.641,58.273,0.018,-0.810,0.009,0.586,0.386,1.154,0.257
2016-12-01 01:45:18.652,58.295,0.018,-0.810,0.009,0.586,0.386,1.154,0.257
2016-12-01 01:45:18.664,58.295,0.018,-0.810,0.009,0.587,0.386,1.153,0.257
2016-12-01 01:45:18.674,58.316,0.018,-0.809,0.009,0.587,0.387,1.153,0.257
2016-12-01 01:45:18.685,58.316,0.018,-0.809,0.010,0.588,0.387,1.153,0.257
2016-12-01 01:45:18.696,58.337,0.018,-0.809,0.010,0.588,0.387,1.153,0.257
2016-12-01 01:45:18.708,58.337,0.018,-0.808,0.010,0.589,0.387,1.153,0.257
2016-12-01 01:45:18.719,58.359,0.018,-0.808,0.010,0.589,0.387,1.153,0.257
2016-12-01 01:45:18.731,58.359,0.018,-0.807,0.010,0.590,0.387,1.153,0.257
2016-12-01 01:45:18.742,58.380,0.018,-0.807,0.010,0.590,0.387,1.153,0.257
2016-12-01 01:45:18.753,58.380,0.017,-0.807,0.010,0.590,0.387,1.154,0.257
2016-12-01 01:45:18.764,58.401,0.017,-0.807,0.010,0.591,0.387,1.154,0.257
2016-12-01 01:45:18.775,58.401,0.017,-0.806,0.010,0.591,0.388,1.153,0.257
2016-12-01 01:45:18.786,58.423,0.017,-0.806,0.010,0.591,0.388,1.153,0.257
2016-12-01 01:45:18.797,58.444,0.017,-0.806,0.010,0.592,0.388,1.153,0.257
2016-12-01 01:45:18.809,58.444,0.016,-0.806,0.010,0.592,0.388,1.153,0.257
2016-12-01 01:45:18.820,58.465,0.016,-0.806,0.010,0.592,0.388,1.154,0.257
2016-12-01 01:45:18.831,58.465,0.016,-0.806,0.010,0.592,0.388,1.154,0.257
2016-12-01 01:45:18.842,58.487,0.016,-0.805,0.010,0.592,0.388,1.153,0.257
2016-12-01 01:45:18.853,58.487,0.015,-0.805,0.010,0.593,0.388,1.153,0.257
2016-12-01 01:45:18.864,58.487,0.015,-0.805,0.010,0.593,0.389,1.154,0.257
2016-12-01 01:45:18.875,58.508,0.015,-0.805,0.010,0.593,0.389,1.154,0.258
2016-12-01 01:45:18.887,58.529,0.015,-0.805,0.010,0.593,0.389,1.154,0.258
2016-12-01 01:45:18.898,58.529,0.015,-0.805,0.010,0.593,0.389,1.154,0.258
2016-12-01 01:45:18.909,58.551,0.015,-0.805,0.010,0.593,0.389,1.154,0.258
2016-12-01 01:45:18.920,58.551,0.015,-0.805,0.010,0.593,0.389,1.154,0.258
2016-12-01 01:45:18.931,58.572,0.015,-0.805,0.010,0.593,0.389,1.153,0.257
2016-12-01 01:45:18.943,58.572,0.015,-0.805,0.011,0.593,0.389,1.153,0.257
2016-12-01 01:45:18.954,58.593,0.015,-0.805,0.012,0.593,0.390,1.153,0.257
2016-12-01 01:45:18.965,58.593,0.015,-0.805,0.012,0.593,0.390,1.153,0.257
2016-12-01 01:45:18.976,58.615,0.014,-0.805,0.013,0.593,0.390,1.153,0.257
2016-12-01 01:45:18.987,58.636,0.015,-0.805,0.013,0.593,0.390,1.153,0.257
2016-12-01 01:45:18.999,58.636,0.015,-0.805,0.013,0.593,0.390,1.153,0.257
2016-12-01 01:45:19.010,58.636,0.015,-0.805,0.013,0.593,0.390,1.153,0.257
2016-12-01 01:45:19.020,58.657,0.015,-0.805,0.013,0.593,0.390,1.153,0.257
2016-12-01 01:45:19.032,58.657,0.015,-0.805,0.013,0.593,0.390,1.153,0.257
2016-12-01 01:45:19.043,58.679,0.014,-0.805,0.013,0.593,0.390,1.153,0.257
2016-12-01 01:45:19.054,58.679,0.014,-0.806,0.013,0.592,0.390,1.153,0.257
2016-12-01 01:45:19.065,58.700,0.014,-0.806,0.012,0.592,0.390,1.153,0.257
2016-12-01 01:45:19.077,58.721,0.014,-0.806,0.012,0.592,0.390,1.153,0.257
2016-12-01 01:45:19.088,58.721,0.014,-0.806,0.011,0.592,0.390,1.153,0.257
2016-12-01 01:45:19.099,58.743,0.014,-0.806,0.011,0.591,0.390,1.154,0.257
2016-12-01 01:45:19.111,58.743,0.014,-0.807,0.010,0.591,0.390,1.154,0.257
2016-12-01 01:45:19.121,58.764,0.013,-0.807,0.010,0.590,0.390,1.154,0.257
2016-12-01 01:45:19.133,58.764,0.013,-0.808,0.009,0.589,0.390,1.154,0.257
2016-12-01 01:45:19.144,58.785,0.013,-0.808,0.008,0.588,0.390,1.154,0.257
2016-12-01 01:45:19.155,58.785,0.012,-0.809,0.007,0.587,0.390,1.154,0.256
2016-12-01 01:45:19.166,58.807,0.012,-0.810,0.006,0.586,0.390,1.154,0.256
2016-12-01 01:45:19.178,58.807,0.012,-0.811,0.005,0.585,0.390,1.155,0.256
2016-12-01 01:45:19.188,58.828,0.012,-0.811,0.004,0.584,0.390,1.155,0.256
2016-12-01 01:45:19.200,58.828,0.012,-0.812,0.003,0.583,0.390,1.155,0.256
2016-12-01 01:45:19.211,58.849,0.012,-0.813,0.002,0.582,0.391,1.155,0.256
2016-12-01 01:45:19.222,58.849,0.011,-0.814,0.002,0.580,0.391,1.155,0.256
2016-12-01 01:45:19.233,58.871,0.011,-0.815,0.002,0.579,0.391,1.155,0.256
2016-12-01 01:45:19.244,58.871,0.011,-0.816,0.001,0.578,0.391,1.155,0.256
2016-12-01 01:45:19.255,58.892,0.012,-0.817,0.001,0.577,0.391,1.155,0.255
2016-12-01 01:45:19.266,58.913,0.013,-0.817,0.000,0.576,0.391,1.155,0.255
2016-12-01 01:45:19.278,58.913,0.013,-0.818,0.000,0.575,0.391,1.155,0.255
2016-12-01 01:45:19.289,58.935,0.013,-0.819,-0.001,0.574,0.391,1.155,0.255
2016-12-01 01:45:19.300,58.935,0.013,-0.819,-0.001,0.573,0.392,1.156,0.255
2016-12-01 01:45:19.311,58.956,0.013,-0.820,-0.002,0.572,0.392,1.156,0.254
2016-12-01 01:45:19.323,58.956,0.012,-0.821,-0.003,0.571,0.392,1.156,0.254
2016-12-01 01:45:19.334,58.956,0.012,-0.822,-0.003,0.570,0.392,1.156,0.254
2016-12-01 01:45:19.345,58.977,0.012,-0.823,-0.004,0.568,0.392,1.156,0.254
2016-12-01 01:45:19.356,58.999,0.011,-0.823,-0.004,0.567,0.392,1.156,0.254
2016-12-01 01:45:19.367,58.999,0.011,-0.824,-0.004,0.566,0.392,1.156,0.254
2016-12-01 01:45:19.379,59.020,0.010,-0.825,-0.004,0.565,0.392,1.156,0.253
2016-12-01 01:45:19.390,59.020,0.010,-0.826,-0.005,0.564,0.392,1.156,0.253
2016-12-01 01:45:19.401,59.041,0.010,-0.827,-0.004,0.563,0.392,1.156,0.253
2016-12-01 01:45:19.412,59.041,0.009,-0.827,-0.004,0.562,0.392,1.156,0.253
2016-12-01 01:45:19.423,59.063,0.009,-0.828,-0.004,0.560,0.392,1.156,0.253
2016-12-01 01:45:19.434,59.063,0.009,-0.829,-0.004,0.559,0.392,1.156,0.253
2016-12-01 01:45:19.445,59.084,0.009,-0.830,-0.004,0.558,0.392,1.156,0.252
2016-12-01 01:45:19.456,59.105,0.010,-0.830,-0.004,0.557,0.392,1.155,0.252
2016-12-01 01:45:19.468,59.105,0.010,-0.831,-0.003,0.556,0.392,1.155,0.252
2016-12-01 01:45:19.479,59.127,0.010,-0.832,-0.003,0.555,0.392,1.155,0.252
2016-12-01 01:45:19.490,59.127,0.011,-0.833,-0.003,0.553,0.392,1.155,0.252
2016-12-01 01:45:19.501,59.127,0.011,-0.834,-0.003,0.552,0.392,1.155,0.252
2016-12-01 01:45:19.512,59.148,0.011,-0.834,-0.003,0.551,0.392,1.155,0.252
2016-12-01 01:45:19.523,59.148,0.012,-0.835,-0.003,0.550,0.392,1.156,0.251
2016-12-01 01:45:19.535,59.169,0.012,-0.836,-0.003,0.549,0.392,1.156,0.251
2016-12-01 01:45:19.546,59.191,0.012,-0.837,-0.004,0.547,0.392,1.156,0.251
2016-12-01 01:45:19.557,59.191,0.012,-0.838,-0.004,0.546,0.392,1.156,0.251
2016-12-01 01:45:19.568,59.212,0.012,-0.838,-0.004,0.545,0.392,1.156,0.251
2016-12-01 01:45:19.580,59.212,0.012,-0.839,-0.004,0.544,0.392,1.156,0.251
2016-12-01 01:45:19.590,59.233,0.011,-0.840,-0.004,0.543,0.392,1.156,0.251
2016-12-01 01:45:19.602,59.233,0.011,-0.841,-0.004,0.541,0.392,1.156,0.251
2016-12-01 01:45:19.613,59.255,0.011,-0.842,-0.004,0.540,0.392,1.156,0.251
2016-12-01 01:45:19.624,59.255,0.011,-0.842,-0.004,0.539,0.392,1.156,0.251
2016-12-01 01:45:19.635,59.276,0.011,-0.843,-0.004,0.537,0.392,1.156,0.251
2016-12-01 01:45:19.646,59.297,0.011,-0.844,-0.004,0.536,0.392,1.156,0.251
2016-12-01 01:45:19.658,59.297,0.011,-0.845,-0.004,0.535,0.392,1.156,0.251
2016-12-01 01:45:19.669,59.297,0.011,-0.846,-0.004,0.533,0.392,1.156,0.251
2016-12-01 01:45:19.680,59.319,0.011,-0.847,-0.003,0.532,0.392,1.156,0.251
2016-12-01 01:45:19.691,59.319,0.011,-0.847,-0.003,0.531,0.392,1.156,0.250
2016-12-01 01:45:19.702,59.340,0.012,-0.848,-0.003,0.530,0.391,1.156,0.250
2016-12-01 01:45:19.714,59.340,0.012,-0.849,-0.003,0.529,0.391,1.155,0.250
2016-12-01 01:45:19.724,59.361,0.012,-0.850,-0.003,0.527,0.391,1.155,0.250
2016-12-01 01:45:19.736,59.383,0.012,-0.850,-0.002,0.526,0.391,1.155,0.250
2016-12-01 01:45:19.747,59.383,0.012,-0.851,-0.002,0.525,0.391,1.155,0.250
2016-12-01 01:45:19.758,59.404,0.012,-0.851,-0.002,0.524,0.391,1.155,0.250
2016-12-01 01:45:19.770,59.404,0.013,-0.852,-0.001,0.523,0.391,1.155,0.250
2016-12-01 01:45:19.780,59.425,0.013,-0.853,-0.001,0.523,0.391,1.155,0.250
2016-12-01 01:45:19.792,59.425,0.013,-0.853,-0.001,0.522,0.390,1.155,0.250
2016-12-01 01:45:19.803,59.447,0.013,-0.853,-0.001,0.521,0.390,1.155,0.250
2016-12-01 01:45:19.814,59.447,0.013,-0.854,-0.001,0.520,0.390,1.155,0.250
2016-12-01 01:45:19.825,59.447,0.014,-0.854,-0.001,0.520,0.390,1.155,0.250
2016-12-01 01:45:19.836,59.468,0.014,-0.855,0.000,0.519,0.390,1.155,0.250
2016-12-01 01:45:19.848,59.489,0.015,-0.855,0.000,0.519,0.390,1.155,0.250
2016-12-01 01:45:19.859,59.489,0.015,-0.855,0.000,0.518,0.390,1.155,0.250
2016-12-01 01:45:19.870,59.511,0.015,-0.855,0.000,0.518,0.389,1.155,0.250
2016-12-01 01:45:19.881,59.511,0.016,-0.856,0.000,0.517,0.389,1.155,0.250
2016-12-01 01:45:19.892,59.532,0.016,-0.856,0.000,0.517,0.389,1.155,0.250
2016-12-01 01:45:19.903,59.532,0.016,-0.856,0.000,0.517,0.389,1.155,0.250
2016-12-01 01:45:19.914,59.553,0.016,-0.856,0.000,0.517,0.389,1.155,0.250
2016-12-01 01:45:19.926,59.553,0.016,-0.856,0.000,0.517,0.388,1.155,0.250
2016-12-01 01:45:19.937,59.575,0.016,-0.856,0.000,0.517,0.388,1.155,0.250
2016-12-01 01:45:19.948,59.596,0.017,-0.856,0.000,0.517,0.388,1.155,0.250
2016-12-01 01:45:19.960,59.596,0.017,-0.856,0.000,0.517,0.388,1.155,0.250
2016-12-01 01:45:19.970,59.617,0.017,-0.855,0.000,0.518,0.388,1.155,0.251
2016-12-01 01:45:19.981,59.617,0.017,-0.855,0.000,0.518,0.388,1.155,0.251
2016-12-01 01:45:19.992,59.617,0.018,-0.855,-0.001,0.518,0.387,1.155,0.251
2016-12-01 01:45:20.003,59.639,0.018,-0.855,-0.001,0.518,0.387,1.155,0.251
2016-12-01 01:45:20.015,59.639,0.018,-0.855,-0.001,0.519,0.387,1.155,0.251
2016-12-01 01:45:20.026,59.660,0.018,-0.855,-0.001,0.519,0.387,1.155,0.251
2016-12-01 01:45:20.038,59.681,0.018,-0.854,-0.001,0.520,0.387,1.155,0.251
2016-12-01 01:45:20.048,59.681,0.018,-0.854,-0.001,0.520,0.387,1.155,0.251
2016-12-01 01:45:20.060,59.703,0.018,-0.854,-0.001,0.520,0.387,1.155,0.251
2016-12-01 01:45:20.071,59.703,0.018,-0.853,-0.002,0.521,0.387,1.155,0.251
2016-12-01 01:45:20.082,59.724,0.018,-0.853,-0.002,0.521,0.386,1.155,0.251
2016-12-01 01:45:20.093,59.724,0.018,-0.853,-0.002,0.522,0.386,1.155,0.252
2016-12-01 01:45:20.104,59.745,0.018,-0.853,-0.002,0.522,0.386,1.155,0.252
2016-12-01 01:45:20.116,59.745,0.019,-0.852,-0.003,0.523,0.386,1.155,0.252
2016-12-01 01:45:20.127,59.767,0.019,-0.852,-0.003,0.524,0.386,1.155,0.252
2016-12-01 01:45:20.138,59.767,0.019,-0.851,-0.003,0.524,0.386,1.155,0.252
2016-12-01 01:45:20.149,59.788,0.019,-0.851,-0.003,0.525,0.386,1.155,0.252
2016-12-01 01:45:20.160,59.788,0.019,-0.851,-0.003,0.525,0.386,1.155,0.253
2016-12-01 01:45:20.171,59.809,0.019,-0.850,-0.003,0.526,0.386,1.156,0.253
2016-12-01 01:45:20.183,59.809,0.019,-0.850,-0.003,0.527,0.386,1.156,0.253
2016-12-01 01:45:20.193,59.831,0.019,-0.849,-0.003,0.528,0.386,1.156,0.253
2016-12-01 01:45:20.205,59.831,0.019,-0.849,-0.004,0.528,0.386,1.156,0.253
2016-12-01 01:45:20.216,59.852,0.019,-0.848,-0.004,0.529,0.386,1.156,0.253
2016-12-01 01:45:20.227,59.873,0.019,-0.848,-0.004,0.530,0.386,1.156,0.254
2016-12-01 01:45:20.239,59.873,0.019,-0.847,-0.004,0.530,0.386,1.156,0.254
2016-12-01 01:45:20.250,59.895,0.019,-0.847,-0.004,0.531,0.386,1.156,0.254
2016-12-01 01:45:20.261,59.895,0.019,-0.846,-0.004,0.532,0.386,1.156,0.254
2016-12-01 01:45:20.272,59.916,0.019,-0.846,-0.004,0.533,0.386,1.156,0.254
2016-12-01 01:45:20.283,59.916,0.019,-0.845,-0.004,0.534,0.386,1.156,0.254
2016-12-01 01:45:20.294,59.937,0.020,-0.845,-0.005,0.535,0.387,1.156,0.255
2016-12-01 01:45:20.306,59.937,0.020,-0.844,-0.005,0.536,0.387,1.156,0.255
2016-12-01 01:45:20.316,59.959,0.020,-0.844,-0.005,0.537,0.387,1.156,0.255
2016-12-01 01:45:20.327,59.959,0.020,-0.843,-0.005,0.538,0.387,1.156,0.255
2016-12-01 01:45:20.339,59.980,0.020,-0.842,-0.006,0.539,0.387,1.156,0.256
2016-12-01 01:45:20.350,59.980,0.020,-0.841,-0.006,0.540,0.387,1.156,0.256
2016-12-01 01:45:20.361,60.001,0.020,-0.841,-0.006,0.541,0.387,1.156,0.256
2016-12-01 01:45:20.373,60.001,0.020,-0.840,-0.006,0.542,0.388,1.156,0.256
2016-12-01 01:45:20.383,60.023,0.020,-0.839,-0.007,0.544,0.388,1.156,0.256
2016-12-01 01:45:20.394,60.023,0.020,-0.838,-0.007,0.545,0.388,1.156,0.257
2016-12-01 01:45:20.406,60.044,0.020,-0.837,-0.007,0.546,0.388,1.156,0.257
2016-12-01 01:45:20.418,60.065,0.020,-0.837,-0.007,0.547,0.388,1.156,0.257
2016-12-01 01:45:20.429,60.065,0.020,-0.836,-0.007,0.549,0.388,1.156,0.257
2016-12-01 01:45:20.439,60.087,0.020,-0.835,-0.007,0.550,0.388,1.156,0.257
2016-12-01 01:45:20.450,60.087,0.020,-0.834,-0.007,0.551,0.388,1.156,0.257
2016-12-01 01:45:20.462,60.108,0.020,-0.833,-0.007,0.552,0.388,1.156,0.258
2016-12-01 01:45:20.473,60.108,0.020,-0.833,-0.007,0.553,0.388,1.156,0.258
2016-12-01 01:45:20.484,60.108,0.020,-0.832,-0.007,0.555,0.388,1.156,0.258
2016-12-01 01:45:20.495,60.129,0.020,-0.831,-0.007,0.556,0.388,1.156,0.258
2016-12-01 01:45:20.507,60.151,0.019,-0.830,-0.007,0.557,0.389,1.156,0.258
2016-12-01 01:45:20.517,60.151,0.019,-0.830,-0.007,0.558,0.389,1.156,0.258
2016-12-01 01:45:20.529,60.172,0.019,-0.829,-0.007,0.559,0.389,1.156,0.258
2016-12-01 01:45:20.540,60.172,0.019,-0.828,-0.008,0.560,0.389,1.156,0.259
2016-12-01 01:45:20.551,60.193,0.019,-0.827,-0.008,0.561,0.389,1.156,0.259
2016-12-01 01:45:20.562,60.193,0.019,-0.827,-0.008,0.563,0.389,1.156,0.259
2016-12-01 01:45:20.573,60.215,0.019,-0.826,-0.008,0.564,0.390,1.156,0.259
2016-12-01 01:45:20.585,60.215,0.018,-0.825,-0.008,0.565,0.390,1.156,0.259
2016-12-01 01:45:20.596,60.236,0.018,-0.824,-0.008,0.566,0.390,1.156,0.259
2016-12-01 01:45:20.607,60.257,0.018,-0.823,-0.008,0.567,0.390,1.156,0.259
2016-12-01 01:45:20.618,60.257,0.018,-0.823,-0.008,0.568,0.390,1.156,0.259
2016-12-01 01:45:20.629,60.257,0.017,-0.822,-0.007,0.569,0.390,1.156,0.259
2016-12-01 01:45:20.641,60.279,0.017,-0.821,-0.007,0.570,0.390,1.156,0.259
2016-12-01 01:45:20.652,60.279,0.017,-0.821,-0.007,0.571,0.391,1.156,0.259
2016-12-01 01:45:20.663,60.300,0.017,-0.820,-0.007,0.572,0.391,1.156,0.259
2016-12-01 01:45:20.674,60.300,0.017,-0.819,-0.007,0.574,0.391,1.156,0.259
2016-12-01 01:45:20.685,60.321,0.017,-0.818,-0.007,0.575,0.391,1.156,0.259
2016-12-01 01:45:20.696,60.343,0.016,-0.817,-0.007,0.576,0.391,1.156,0.259
2016-12-01 01:45:20.708,60.343,0.016,-0.817,-0.006,0.577,0.391,1.156,0.259
2016-12-01 01:45:20.718,60.364,0.016,-0.816,-0.006,0.578,0.391,1.156,0.259
2016-12-01 01:45:20.730,60.364,0.016,-0.815,-0.006,0.579,0.392,1.156,0.259
2016-12-01 01:45:20.741,60.385,0.016,-0.815,-0.006,0.580,0.392,1.156,0.259
2016-12-01 01:45:20.752,60.385,0.016,-0.814,-0.005,0.581,0.392,1.156,0.259
2016-12-01 01:45:20.763,60.407,0.016,-0.813,-0.005,0.582,0.392,1.156,0.259
2016-12-01 01:45:20.774,60.407,0.016,-0.812,-0.005,0.583,0.392,1.156,0.259
2016-12-01 01:45:20.786,60.428,0.015,-0.812,-0.004,0.584,0.393,1.156,0.259
2016-12-01 01:45:20.798,60.428,0.015,-0.811,-0.004,0.585,0.393,1.156,0.259
2016-12-01 01:45:20.808,60.449,0.015,-0.810,-0.004,0.586,0.393,1.156,0.259
2016-12-01 01:45:20.819,60.449,0.015,-0.810,-0.004,0.587,0.393,1.156,0.259
2016-12-01 01:45:20.830,60.471,0.014,-0.809,-0.004,0.587,0.393,1.156,0.259
2016-12-01 01:45:20.842,60.471,0.014,-0.809,-0.004,0.588,0.394,1.156,0.259
2016-12-01 01:45:20.853,60.471,0.014,-0.808,-0.004,0.589,0.394,1.156,0.259
2016-12-01 01:45:20.864,60.471,0.013,-0.807,-0.004,0.590,0.394,1.156,0.259
2016-12-01 01:45:20.875,60.492,0.013,-0.807,-0.004,0.591,0.394,1.156,0.259
2016-12-01 01:45:20.886,60.513,0.012,-0.806,-0.004,0.592,0.394,1.156,0.259
2016-12-01 01:45:20.898,60.513,0.012,-0.806,-0.003,0.592,0.395,1.156,0.259
2016-12-01 01:45:20.908,60.535,0.011,-0.805,-0.003,0.593,0.395,1.156,0.259
2016-12-01 01:45:20.920,60.535,0.011,-0.805,-0.003,0.593,0.395,1.156,0.259
2016-12-01 01:45:20.931,60.556,0.010,-0.804,-0.003,0.594,0.395,1.156,0.258
2016-12-01 01:45:20.942,60.556,0.010,-0.804,-0.003,0.595,0.396,1.156,0.258
2016-12-01 01:45:20.953,60.577,0.010,-0.803,-0.003,0.595,0.396,1.156,0.258
2016-12-01 01:45:20.965,60.577,0.009,-0.803,-0.003,0.596,0.396,1.156,0.258
2016-12-01 01:45:20.979,60.599,0.009,-0.803,-0.002,0.596,0.396,1.156,0.258
2016-12-01 01:45:20.987,60.599,0.009,-0.802,-0.002,0.597,0.396,1.156,0.258
2016-12-01 01:45:20.998,60.620,0.008,-0.802,-0.002,0.597,0.397,1.156,0.258
2016-12-01 01:45:21.009,60.620,0.008,-0.802,-0.002,0.598,0.397,1.156,0.258
2016-12-01 01:45:21.020,60.641,0.007,-0.801,-0.002,0.598,0.397,1.156,0.258
2016-12-01 01:45:21.032,60.641,0.007,-0.801,-0.002,0.599,0.397,1.156,0.258
2016-12-01 01:45:21.043,60.663,0.007,-0.801,-0.002,0.599,0.397,1.157,0.257
2016-12-01 01:45:21.054,60.663,0.006,-0.800,-0.002,0.599,0.398,1.157,0.257
2016-12-01 01:45:21.065,60.684,0.006,-0.800,-0.002,0.600,0.398,1.157,0.257
2016-12-01 01:45:21.076,60.705,0.006,-0.800,-0.002,0.600,0.398,1.157,0.257
2016-12-01 01:45:21.087,60.705,0.005,-0.799,-0.002,0.601,0.398,1.157,0.257
2016-12-01 01:45:21.098,60.727,0.005,-0.799,-0.002,0.601,0.398,1.157,0.257
2016-12-01 01:45:21.110,60.727,0.005,-0.799,-0.002,0.602,0.398,1.157,0.257
2016-12-01 01:45:21.120,60.727,0.004,-0.798,-0.002,0.602,0.398,1.157,0.257
2016-12-01 01:45:21.132,60.748,0.004,-0.798,-0.002,0.603,0.398,1.157,0.256
2016-12-01 01:45:21.143,60.748,0.004,-0.797,-0.002,0.603,0.398,1.157,0.256
2016-12-01 01:45:21.154,60.769,0.004,-0.797,-0.002,0.604,0.398,1.157,0.256
2016-12-01 01:45:21.166,60.769,0.003,-0.797,-0.002,0.604,0.398,1.157,0.256
2016-12-01 01:45:21.177,60.791,0.003,-0.796,-0.001,0.605,0.398,1.157,0.256
2016-12-01 01:45:21.188,60.812,0.003,-0.796,-0.001,0.605,0.398,1.157,0.256
2016-12-01 01:45:21.200,60.812,0.003,-0.796,-0.001,0.606,0.398,1.157,0.256
2016-12-01 01:45:21.210,60.833,0.003,-0.795,-0.001,0.606,0.399,1.157,0.255
2016-12-01 01:45:21.222,60.833,0.003,-0.795,0.000,0.607,0.399,1.157,0.255
2016-12-01 01:45:21.232,60.855,0.003,-0.795,0.000,0.607,0.399,1.157,0.255
2016-12-01 01:45:21.244,60.855,0.003,-0.794,0.000,0.608,0.399,1.157,0.255
2016-12-01 01:45:21.255,60.876,0.003,-0.794,0.001,0.608,0.399,1.157,0.255
2016-12-01 01:45:21.266,60.897,0.003,-0.794,0.001,0.608,0.399,1.157,0.255
2016-12-01 01:45:21.277,60.897,0.003,-0.793,0.001,0.609,0.399,1.157,0.255
2016-12-01 01:45:21.288,60.897,0.003,-0.793,0.001,0.609,0.399,1.157,0.255
2016-12-01 01:45:21.299,60.919,0.003,-0.793,0.001,0.609,0.399,1.156,0.255
2016-12-01 01:45:21.310,60.919,0.003,-0.793,0.001,0.610,0.399,1.156,0.255
2016-12-01 01:45:21.321,60.940,0.003,-0.792,0.002,0.610,0.399,1.156,0.255
2016-12-01 01:45:21.334,60.940,0.003,-0.792,0.002,0.610,0.399,1.156,0.255
2016-12-01 01:45:21.344,60.961,0.003,-0.792,0.002,0.611,0.398,1.156,0.255
2016-12-01 01:45:21.356,60.961,0.003,-0.791,0.002,0.611,0.398,1.156,0.255
2016-12-01 01:45:21.367,60.983,0.002,-0.791,0.002,0.611,0.398,1.156,0.255
2016-12-01 01:45:21.378,61.004,0.003,-0.791,0.002,0.612,0.398,1.156,0.255
2016-12-01 01:45:21.389,61.004,0.003,-0.791,0.002,0.612,0.398,1.156,0.255
2016-12-01 01:45:21.400,61.025,0.003,-0.791,0.002,0.612,0.398,1.156,0.255
2016-12-01 01:45:21.411,61.025,0.003,-0.790,0.002,0.613,0.398,1.156,0.255
2016-12-01 01:45:21.422,61.047,0.004,-0.790,0.003,0.613,0.398,1.156,0.255
2016-12-01 01:45:21.434,61.047,0.004,-0.790,0.003,0.614,0.398,1.156,0.255
2016-12-01 01:45:21.445,61.047,0.004,-0.789,0.003,0.614,0.398,1.156,0.255
2016-12-01 01:45:21.456,61.068,0.004,-0.789,0.003,0.614,0.398,1.156,0.256
2016-12-01 01:45:21.467,61.089,0.004,-0.789,0.003,0.615,0.398,1.156,0.256
2016-12-01 01:45:21.478,61.089,0.005,-0.789,0.003,0.615,0.398,1.156,0.256
2016-12-01 01:45:21.489,61.111,0.005,-0.788,0.003,0.615,0.398,1.156,0.256
2016-12-01 01:45:21.501,61.111,0.005,-0.788,0.003,0.616,0.398,1.156,0.256
2016-12-01 01:45:21.511,61.132,0.005,-0.788,0.003,0.616,0.398,1.156,0.256
2016-12-01 01:45:21.523,61.132,0.005,-0.787,0.002,0.616,0.398,1.156,0.256
2016-12-01 01:45:21.534,61.153,0.004,-0.787,0.002,0.617,0.398,1.156,0.256
2016-12-01 01:45:21.545,61.153,0.004,-0.786,0.001,0.618,0.398,1.156,0.257
2016-12-01 01:45:21.556,61.175,0.003,-0.785,0.000,0.620,0.398,1.156,0.257
2016-12-01 01:45:21.568,61.196,0.003,-0.783,0.000,0.622,0.398,1.156,0.257
2016-12-01 01:45:21.579,61.196,0.002,-0.782,0.000,0.623,0.398,1.157,0.257
2016-12-01 01:45:21.590,61.217,0.002,-0.781,0.000,0.625,0.398,1.157,0.258
2016-12-01 01:45:21.601,61.217,0.002,-0.779,0.000,0.627,0.398,1.157,0.258
2016-12-01 01:45:21.612,61.217,0.002,-0.778,-0.001,0.628,0.398,1.157,0.258
2016-12-01 01:45:21.623,61.239,0.001,-0.777,-0.001,0.629,0.398,1.157,0.259
2016-12-01 01:45:21.635,61.239,0.001,-0.776,0.000,0.631,0.398,1.157,0.259
2016-12-01 01:45:21.646,61.260,0.001,-0.775,0.000,0.632,0.398,1.157,0.259
2016-12-01 01:45:21.657,61.281,0.001,-0.774,-0.001,0.633,0.398,1.157,0.260
2016-12-01 01:45:21.668,61.281,0.001,-0.774,-0.001,0.634,0.398,1.157,0.260
2016-12-01 01:45:21.679,61.303,0.002,-0.773,-0.001,0.635,0.398,1.157,0.260
2016-12-01 01:45:21.690,61.303,0.002,-0.772,-0.001,0.635,0.398,1.157,0.260
2016-12-01 01:45:21.702,61.324,0.002,-0.772,0.000,0.636,0.398,1.157,0.260
2016-12-01 01:45:21.712,61.324,0.003,-0.771,0.000,0.636,0.398,1.157,0.261
2016-12-01 01:45:21.724,61.345,0.003,-0.771,0.000,0.637,0.398,1.157,0.261
2016-12-01 01:45:21.736,61.345,0.004,-0.771,0.000,0.637,0.398,1.157,0.261
2016-12-01 01:45:21.746,61.367,0.004,-0.771,0.000,0.637,0.398,1.157,0.261
2016-12-01 01:45:21.758,61.388,0.004,-0.771,0.000,0.637,0.398,1.156,0.261
2016-12-01 01:45:21.769,61.388,0.005,-0.770,0.000,0.638,0.398,1.156,0.262
2016-12-01 01:45:21.780,61.388,0.006,-0.770,0.000,0.638,0.398,1.156,0.262
2016-12-01 01:45:21.791,61.409,0.006,-0.770,-0.001,0.638,0.398,1.156,0.262
2016-12-01 01:45:21.802,61.409,0.006,-0.770,-0.001,0.638,0.398,1.156,0.262
2016-12-01 01:45:21.813,61.431,0.007,-0.770,0.000,0.638,0.398,1.156,0.262
2016-12-01 01:45:21.825,61.431,0.007,-0.770,0.000,0.638,0.398,1.156,0.262
2016-12-01 01:45:21.836,61.452,0.008,-0.770,0.000,0.638,0.398,1.156,0.262
2016-12-01 01:45:21.847,61.473,0.008,-0.770,0.000,0.638,0.398,1.156,0.263
2016-12-01 01:45:21.858,61.473,0.008,-0.770,0.000,0.638,0.398,1.156,0.263
2016-12-01 01:45:21.869,61.495,0.008,-0.770,-0.001,0.639,0.397,1.156,0.263
2016-12-01 01:45:21.880,61.495,0.008,-0.769,0.000,0.639,0.397,1.156,0.263
2016-12-01 01:45:21.891,61.516,0.008,-0.769,-0.001,0.639,0.397,1.156,0.263
2016-12-01 01:45:21.903,61.516,0.008,-0.769,-0.001,0.639,0.397,1.156,0.263
2016-12-01 01:45:21.914,61.537,0.008,-0.769,-0.001,0.639,0.397,1.156,0.263
2016-12-01 01:45:21.926,61.537,0.008,-0.769,-0.001,0.639,0.397,1.156,0.263
2016-12-01 01:45:21.936,61.559,0.008,-0.769,-0.001,0.639,0.397,1.157,0.263
2016-12-01 01:45:21.947,61.559,0.008,-0.769,-0.001,0.639,0.397,1.157,0.263
2016-12-01 01:45:21.958,61.580,0.008,-0.769,-0.001,0.640,0.397,1.156,0.263
2016-12-01 01:45:21.970,61.580,0.008,-0.769,-0.001,0.640,0.397,1.157,0.263
2016-12-01 01:45:21.981,61.601,0.008,-0.769,-0.001,0.640,0.397,1.157,0.263
2016-12-01 01:45:21.992,61.601,0.008,-0.769,-0.001,0.640,0.397,1.157,0.264
2016-12-01 01:45:22.003,61.623,0.008,-0.769,-0.001,0.640,0.397,1.157,0.263
2016-12-01 01:45:22.014,61.623,0.008,-0.768,-0.001,0.640,0.397,1.157,0.264
2016-12-01 01:45:22.026,61.644,0.008,-0.768,-0.001,0.640,0.397,1.157,0.264
2016-12-01 01:45:22.037,61.665,0.008,-0.768,-0.001,0.640,0.397,1.157,0.264
2016-12-01 01:45:22.048,61.665,0.008,-0.768,-0.002,0.640,0.397,1.157,0.264
2016-12-01 01:45:22.059,61.687,0.008,-0.768,-0.002,0.641,0.397,1.157,0.264
2016-12-01 01:45:22.070,61.687,0.008,-0.768,-0.001,0.641,0.398,1.157,0.264
2016-12-01 01:45:22.081,61.708,0.008,-0.767,-0.001,0.641,0.398,1.157,0.264
2016-12-01 01:45:22.093,61.708,0.008,-0.767,-0.001,0.642,0.398,1.157,0.264
2016-12-01 01:45:22.104,61.708,0.008,-0.767,-0.001,0.642,0.398,1.157,0.264
2016-12-01 01:45:22.115,61.729,0.009,-0.766,-0.001,0.642,0.398,1.156,0.264
2016-12-01 01:45:22.127,61.751,0.009,-0.766,-0.001,0.643,0.398,1.156,0.264
2016-12-01 01:45:22.138,61.751,0.009,-0.766,0.000,0.643,0.398,1.156,0.264
2016-12-01 01:45:22.148,61.772,0.010,-0.765,0.000,0.644,0.398,1.156,0.264
2016-12-01 01:45:22.160,61.772,0.010,-0.765,0.000,0.644,0.398,1.156,0.264
2016-12-01 01:45:22.171,61.793,0.010,-0.765,0.001,0.644,0.398,1.156,0.264
2016-12-01 01:45:22.182,61.793,0.010,-0.765,0.001,0.644,0.398,1.156,0.264
2016-12-01 01:45:22.193,61.815,0.011,-0.764,0.002,0.645,0.398,1.156,0.264
2016-12-01 01:45:22.205,61.815,0.011,-0.764,0.002,0.645,0.398,1.155,0.264
2016-12-01 01:45:22.215,61.836,0.011,-0.764,0.002,0.645,0.398,1.155,0.263
2016-12-01 01:45:22.227,61.857,0.012,-0.764,0.003,0.645,0.398,1.155,0.263
2016-12-01 01:45:22.237,61.857,0.012,-0.764,0.003,0.646,0.397,1.155,0.263
2016-12-01 01:45:22.249,61.857,0.012,-0.764,0.004,0.646,0.398,1.155,0.263
2016-12-01 01:45:22.260,61.879,0.012,-0.763,0.004,0.646,0.397,1.155,0.263
2016-12-01 01:45:22.272,61.879,0.012,-0.763,0.004,0.646,0.397,1.155,0.263
2016-12-01 01:45:22.282,61.900,0.013,-0.763,0.004,0.646,0.397,1.155,0.263
2016-12-01 01:45:22.294,61.900,0.013,-0.763,0.004,0.646,0.397,1.155,0.263
2016-12-01 01:45:22.305,61.921,0.013,-0.763,0.004,0.646,0.397,1.155,0.263
2016-12-01 01:45:22.316,61.921,0.013,-0.763,0.004,0.646,0.397,1.155,0.263
2016-12-01 01:45:22.327,61.943,0.012,-0.763,0.004,0.646,0.398,1.155,0.263
2016-12-01 01:45:22.338,61.964,0.012,-0.763,0.004,0.646,0.398,1.155,0.263
2016-12-01 01:45:22.350,61.964,0.012,-0.763,0.004,0.646,0.398,1.155,0.263
2016-12-01 01:45:22.361,61.985,0.012,-0.763,0.004,0.646,0.398,1.155,0.263
2016-12-01 01:45:22.372,61.985,0.011,-0.763,0.004,0.646,0.398,1.155,0.263
2016-12-01 01:45:22.383,62.007,0.011,-0.763,0.004,0.646,0.398,1.156,0.263
2016-12-01 01:45:22.394,62.007,0.011,-0.763,0.003,0.646,0.398,1.156,0.263
2016-12-01 01:45:22.405,62.028,0.010,-0.763,0.003,0.646,0.398,1.156,0.263
2016-12-01 01:45:22.416,62.028,0.010,-0.763,0.003,0.646,0.398,1.156,0.263
2016-12-01 01:45:22.427,62.049,0.009,-0.763,0.003,0.646,0.398,1.156,0.263
2016-12-01 01:45:22.439,62.049,0.009,-0.763,0.003,0.646,0.398,1.156,0.263
2016-12-01 01:45:22.450,62.071,0.009,-0.763,0.002,0.646,0.398,1.156,0.263
2016-12-01 01:45:22.461,62.071,0.008,-0.763,0.002,0.646,0.398,1.156,0.263
2016-12-01 01:45:22.484,62.092,0.008,-0.764,0.002,0.646,0.398,1.156,0.263
2016-12-01 01:45:22.495,62.113,0.008,-0.764,0.001,0.646,0.398,1.157,0.263
2016-12-01 01:45:22.509,62.135,0.007,-0.764,0.001,0.645,0.398,1.157,0.263
2016-12-01 01:45:22.532,62.156,0.007,-0.764,0.000,0.645,0.398,1.157,0.263
2016-12-01 01:45:22.554,62.177,0.007,-0.764,0.000,0.645,0.398,1.157,0.263
2016-12-01 01:45:22.578,62.199,0.007,-0.764,0.000,0.645,0.398,1.157,0.263
2016-12-01 01:45:22.595,62.199,0.007,-0.764,0.000,0.645,0.397,1.157,0.263
2016-12-01 01:45:22.606,62.220,0.007,-0.764,0.000,0.645,0.398,1.157,0.263
2016-12-01 01:45:22.617,62.241,0.007,-0.764,0.000,0.645,0.398,1.157,0.263
2016-12-01 01:45:22.629,62.241,0.007,-0.764,0.000,0.645,0.398,1.157,0.263
2016-12-01 01:45:22.640,62.263,0.006,-0.764,0.000,0.645,0.398,1.157,0.263
2016-12-01 01:45:22.651,62.263,0.006,-0.764,0.000,0.645,0.398,1.157,0.263
2016-12-01 01:45:22.662,62.284,0.006,-0.764,0.000,0.645,0.398,1.157,0.263
2016-12-01 01:45:22.674,62.284,0.006,-0.765,0.000,0.645,0.398,1.157,0.263
2016-12-01 01:45:22.685,62.305,0.006,-0.765,0.000,0.644,0.398,1.157,0.263
2016-12-01 01:45:22.696,62.327,0.006,-0.765,-0.001,0.644,0.398,1.157,0.263
2016-12-01 01:45:22.707,62.327,0.006,-0.765,-0.001,0.643,0.398,1.157,0.263
2016-12-01 01:45:22.718,62.348,0.006,-0.766,-0.001,0.643,0.398,1.157,0.263
2016-12-01 01:45:22.730,62.348,0.005,-0.766,-0.002,0.642,0.398,1.157,0.263
2016-12-01 01:45:22.740,62.348,0.005,-0.767,-0.002,0.642,0.398,1.158,0.263
2016-12-01 01:45:22.752,62.369,0.005,-0.767,-0.003,0.641,0.398,1.158,0.263
2016-12-01 01:45:22.763,62.369,0.005,-0.767,-0.004,0.641,0.398,1.158,0.263
2016-12-01 01:45:22.774,62.391,0.005,-0.768,-0.005,0.641,0.398,1.158,0.263
2016-12-01 01:45:22.785,62.391,0.005,-0.768,-0.005,0.640,0.398,1.158,0.263
2016-12-01 01:45:22.796,62.412,0.005,-0.768,-0.006,0.640,0.398,1.158,0.263
2016-12-01 01:45:22.808,62.433,0.004,-0.769,-0.006,0.639,0.398,1.158,0.263
2016-12-01 01:45:22.819,62.433,0.004,-0.769,-0.006,0.639,0.398,1.158,0.263
2016-12-01 01:45:22.829,62.455,0.004,-0.770,-0.006,0.638,0.398,1.158,0.263
2016-12-01 01:45:22.840,62.455,0.004,-0.770,-0.007,0.638,0.398,1.158,0.263
2016-12-01 01:45:22.852,62.476,0.004,-0.771,-0.007,0.637,0.398,1.158,0.263
2016-12-01 01:45:22.864,62.476,0.004,-0.771,-0.007,0.636,0.398,1.158,0.263
2016-12-01 01:45:22.874,62.497,0.004,-0.772,-0.008,0.635,0.398,1.158,0.263
2016-12-01 01:45:22.886,62.497,0.003,-0.773,-0.008,0.635,0.398,1.158,0.263
2016-12-01 01:45:22.897,62.519,0.003,-0.774,-0.008,0.634,0.398,1.158,0.263
2016-12-01 01:45:22.908,62.519,0.003,-0.774,-0.009,0.633,0.398,1.159,0.263
2016-12-01 01:45:22.919,62.540,0.003,-0.775,-0.009,0.632,0.398,1.159,0.263
2016-12-01 01:45:22.931,62.540,0.002,-0.776,-0.010,0.631,0.398,1.159,0.263
2016-12-01 01:45:22.941,62.561,0.002,-0.777,-0.010,0.629,0.398,1.159,0.263
2016-12-01 01:45:22.953,62.561,0.001,-0.778,-0.011,0.628,0.398,1.159,0.263
2016-12-01 01:45:22.964,62.583,0.001,-0.779,-0.011,0.627,0.399,1.159,0.262
2016-12-01 01:45:22.975,62.583,0.000,-0.780,-0.012,0.626,0.399,1.159,0.262
2016-12-01 01:45:22.986,62.604,0.000,-0.781,-0.013,0.624,0.399,1.159,0.262
2016-12-01 01:45:22.997,62.625,0.000,-0.782,-0.013,0.623,0.399,1.159,0.262
2016-12-01 01:45:23.008,62.625,0.000,-0.783,-0.014,0.622,0.399,1.160,0.262
2016-12-01 01:45:23.019,62.647,-0.001,-0.784,-0.014,0.621,0.399,1.160,0.262
2016-12-01 01:45:23.031,62.647,-0.001,-0.785,-0.014,0.619,0.399,1.160,0.262
2016-12-01 01:45:23.042,62.668,-0.001,-0.786,-0.015,0.618,0.399,1.160,0.262
2016-12-01 01:45:23.054,62.668,-0.001,-0.787,-0.015,0.617,0.399,1.160,0.262
2016-12-01 01:45:23.064,62.668,-0.001,-0.788,-0.015,0.616,0.399,1.160,0.262
2016-12-01 01:45:23.075,62.689,-0.001,-0.789,-0.015,0.615,0.399,1.160,0.261
2016-12-01 01:45:23.087,62.711,-0.002,-0.790,-0.015,0.613,0.399,1.160,0.261
2016-12-01 01:45:23.098,62.711,-0.002,-0.790,-0.015,0.612,0.398,1.160,0.261
2016-12-01 01:45:23.109,62.732,-0.002,-0.791,-0.015,0.611,0.398,1.160,0.261
2016-12-01 01:45:23.121,62.732,-0.002,-0.792,-0.016,0.610,0.398,1.160,0.261
2016-12-01 01:45:23.131,62.753,-0.002,-0.793,-0.016,0.609,0.398,1.160,0.261
2016-12-01 01:45:23.142,62.753,-0.002,-0.794,-0.016,0.608,0.398,1.160,0.261
2016-12-01 01:45:23.154,62.775,-0.002,-0.794,-0.016,0.607,0.398,1.160,0.261
2016-12-01 01:45:23.165,62.775,-0.002,-0.795,-0.016,0.606,0.398,1.160,0.261
2016-12-01 01:45:23.176,62.796,-0.002,-0.796,-0.016,0.605,0.398,1.160,0.261
2016-12-01 01:45:23.187,62.817,-0.002,-0.796,-0.016,0.604,0.398,1.160,0.261
2016-12-01 01:45:23.198,62.817,-0.002,-0.797,-0.016,0.604,0.398,1.160,0.261
2016-12-01 01:45:23.209,62.839,-0.001,-0.798,-0.016,0.603,0.398,1.160,0.261
2016-12-01 01:45:23.221,62.839,-0.001,-0.798,-0.016,0.602,0.398,1.160,0.261
2016-12-01 01:45:23.232,62.839,-0.001,-0.799,-0.016,0.601,0.398,1.160,0.261
2016-12-01 01:45:23.244,62.860,-0.001,-0.799,-0.017,0.600,0.398,1.160,0.261
2016-12-01 01:45:23.254,62.860,-0.001,-0.800,-0.017,0.600,0.398,1.160,0.261
2016-12-01 01:45:23.265,62.881,-0.001,-0.800,-0.017,0.599,0.398,1.160,0.261
2016-12-01 01:45:23.277,62.903,-0.001,-0.801,-0.017,0.599,0.398,1.160,0.261
2016-12-01 01:45:23.288,62.903,-0.001,-0.801,-0.017,0.598,0.398,1.160,0.261
2016-12-01 01:45:23.299,62.924,0.000,-0.801,-0.017,0.598,0.398,1.160,0.261
2016-12-01 01:45:23.310,62.924,0.000,-0.802,-0.018,0.597,0.398,1.160,0.261
2016-12-01 01:45:23.321,62.945,0.000,-0.802,-0.018,0.597,0.398,1.160,0.261
2016-12-01 01:45:23.333,62.945,0.000,-0.802,-0.018,0.596,0.398,1.160,0.261
2016-12-01 01:45:23.344,62.967,0.000,-0.803,-0.018,0.596,0.398,1.160,0.261
2016-12-01 01:45:23.355,62.967,0.000,-0.803,-0.018,0.596,0.398,1.160,0.261
2016-12-01 01:45:23.366,62.988,0.000,-0.803,-0.018,0.596,0.398,1.160,0.261
2016-12-01 01:45:23.377,63.009,0.000,-0.803,-0.018,0.595,0.398,1.160,0.261
2016-12-01 01:45:23.388,63.009,0.000,-0.804,-0.018,0.595,0.398,1.160,0.261
2016-12-01 01:45:23.399,63.009,0.000,-0.804,-0.018,0.595,0.398,1.160,0.261
2016-12-01 01:45:23.410,63.031,0.000,-0.804,-0.018,0.594,0.398,1.160,0.261
2016-12-01 01:45:23.422,63.031,0.000,-0.804,-0.019,0.594,0.398,1.160,0.261
2016-12-01 01:45:23.434,63.052,0.000,-0.804,-0.019,0.594,0.398,1.160,0.261
2016-12-01 01:45:23.445,63.052,0.000,-0.804,-0.019,0.594,0.397,1.160,0.261
2016-12-01 01:45:23.456,63.073,0.000,-0.805,-0.019,0.593,0.397,1.160,0.261
2016-12-01 01:45:23.467,63.095,0.000,-0.805,-0.019,0.593,0.397,1.160,0.261
2016-12-01 01:45:23.478,63.095,0.000,-0.805,-0.019,0.593,0.397,1.160,0.261
2016-12-01 01:45:23.490,63.116,0.000,-0.805,-0.019,0.593,0.397,1.160,0.261
2016-12-01 01:45:23.500,63.116,0.000,-0.805,-0.019,0.593,0.397,1.160,0.261
2016-12-01 01:45:23.511,63.137,0.001,-0.805,-0.019,0.593,0.397,1.160,0.261
2016-12-01 01:45:23.523,63.137,0.000,-0.805,-0.019,0.593,0.397,1.160,0.261
2016-12-01 01:45:23.533,63.159,0.000,-0.805,-0.020,0.593,0.397,1.160,0.262
2016-12-01 01:45:23.544,63.159,0.000,-0.805,-0.020,0.593,0.397,1.160,0.262
2016-12-01 01:45:23.556,63.180,0.000,-0.805,-0.020,0.594,0.397,1.160,0.262
2016-12-01 01:45:23.567,63.180,0.000,-0.804,-0.020,0.594,0.397,1.160,0.262
2016-12-01 01:45:23.578,63.201,0.000,-0.804,-0.020,0.594,0.397,1.160,0.262
2016-12-01 01:45:23.589,63.201,0.000,-0.804,-0.020,0.595,0.397,1.160,0.262
2016-12-01 01:45:23.600,63.223,0.000,-0.804,-0.020,0.595,0.397,1.160,0.262
2016-12-01 01:45:23.612,63.223,0.000,-0.803,-0.020,0.595,0.397,1.160,0.262
2016-12-01 01:45:23.623,63.244,0.000,-0.803,-0.020,0.596,0.397,1.160,0.263
2016-12-01 01:45:23.635,63.244,0.000,-0.803,-0.020,0.596,0.397,1.160,0.263
2016-12-01 01:45:23.645,63.265,0.000,-0.802,-0.021,0.597,0.397,1.160,0.263
2016-12-01 01:45:23.657,63.287,0.000,-0.802,-0.021,0.597,0.397,1.160,0.263
2016-12-01 01:45:23.667,63.287,0.000,-0.802,-0.021,0.598,0.397,1.160,0.263
2016-12-01 01:45:23.679,63.308,0.001,-0.801,-0.021,0.598,0.397,1.160,0.263
2016-12-01 01:45:23.690,63.308,0.001,-0.801,-0.021,0.598,0.397,1.160,0.263
2016-12-01 01:45:23.701,63.329,0.001,-0.800,-0.021,0.599,0.397,1.160,0.263
2016-12-01 01:45:23.712,63.329,0.001,-0.800,-0.021,0.600,0.397,1.160,0.263
2016-12-01 01:45:23.723,63.329,0.001,-0.800,-0.021,0.600,0.397,1.160,0.263
2016-12-01 01:45:23.735,63.351,0.001,-0.799,-0.021,0.601,0.397,1.160,0.263
2016-12-01 01:45:23.746,63.372,0.001,-0.799,-0.021,0.601,0.397,1.160,0.263
2016-12-01 01:45:23.757,63.372,0.001,-0.798,-0.021,0.602,0.397,1.160,0.263
2016-12-01 01:45:23.768,63.393,0.001,-0.798,-0.020,0.602,0.398,1.160,0.263
2016-12-01 01:45:23.779,63.393,0.001,-0.797,-0.020,0.603,0.398,1.160,0.264
2016-12-01 01:45:23.790,63.415,0.001,-0.797,-0.020,0.604,0.398,1.160,0.264
2016-12-01 01:45:23.802,63.415,0.001,-0.796,-0.020,0.604,0.398,1.160,0.264
2016-12-01 01:45:23.813,63.436,0.001,-0.796,-0.020,0.605,0.398,1.160,0.264
2016-12-01 01:45:23.825,63.436,0.001,-0.795,-0.020,0.606,0.397,1.160,0.264
2016-12-01 01:45:23.835,63.457,0.001,-0.795,-0.020,0.607,0.398,1.160,0.264
2016-12-01 01:45:23.846,63.479,0.002,-0.794,-0.020,0.608,0.398,1.160,0.264
2016-12-01 01:45:23.858,63.479,0.002,-0.793,-0.020,0.609,0.398,1.160,0.264
2016-12-01 01:45:23.868,63.479,0.002,-0.793,-0.019,0.609,0.398,1.160,0.264
2016-12-01 01:45:23.880,63.500,0.002,-0.792,-0.019,0.611,0.398,1.160,0.264
2016-12-01 01:45:23.891,63.500,0.002,-0.791,-0.019,0.611,0.398,1.160,0.264
2016-12-01 01:45:23.902,63.521,0.002,-0.790,-0.019,0.612,0.398,1.160,0.264
2016-12-01 01:45:23.913,63.521,0.002,-0.789,-0.019,0.614,0.398,1.160,0.264
2016-12-01 01:45:23.924,63.543,0.002,-0.789,-0.019,0.615,0.398,1.160,0.265
2016-12-01 01:45:23.936,63.564,0.002,-0.788,-0.019,0.616,0.398,1.160,0.265
2016-12-01 01:45:23.947,63.564,0.002,-0.787,-0.018,0.617,0.399,1.160,0.265
2016-12-01 01:45:23.958,63.585,0.002,-0.786,-0.018,0.618,0.399,1.160,0.265
2016-12-01 01:45:23.971,63.585,0.002,-0.785,-0.018,0.619,0.399,1.160,0.265
2016-12-01 01:45:23.980,63.607,0.002,-0.785,-0.018,0.620,0.399,1.160,0.265
2016-12-01 01:45:23.993,63.607,0.002,-0.784,-0.018,0.621,0.399,1.160,0.265
2016-12-01 01:45:24.003,63.628,0.002,-0.783,-0.018,0.622,0.399,1.160,0.265
2016-12-01 01:45:24.014,63.628,0.002,-0.782,-0.018,0.623,0.399,1.160,0.266
2016-12-01 01:45:24.025,63.649,0.002,-0.781,-0.018,0.624,0.399,1.160,0.266
2016-12-01 01:45:24.036,63.649,0.002,-0.780,-0.018,0.625,0.399,1.160,0.266
2016-12-01 01:45:24.047,63.671,0.002,-0.779,-0.018,0.626,0.399,1.160,0.266
2016-12-01 01:45:24.059,63.671,0.002,-0.779,-0.018,0.627,0.400,1.160,0.266
2016-12-01 01:45:24.070,63.692,0.002,-0.778,-0.017,0.628,0.400,1.160,0.266
2016-12-01 01:45:24.081,63.692,0.002,-0.777,-0.017,0.629,0.400,1.160,0.266
2016-12-01 01:45:24.092,63.713,0.002,-0.776,-0.017,0.630,0.400,1.160,0.266
2016-12-01 01:45:24.104,63.713,0.002,-0.775,-0.017,0.632,0.400,1.160,0.266
2016-12-01 01:45:24.114,63.735,0.002,-0.774,-0.017,0.633,0.400,1.160,0.266
2016-12-01 01:45:24.126,63.756,0.002,-0.774,-0.017,0.634,0.400,1.160,0.266
2016-12-01 01:45:24.138,63.756,0.002,-0.773,-0.016,0.635,0.400,1.160,0.266
2016-12-01 01:45:24.148,63.777,0.002,-0.772,-0.016,0.636,0.400,1.160,0.266
2016-12-01 01:45:24.159,63.777,0.002,-0.771,-0.016,0.637,0.400,1.160,0.266
2016-12-01 01:45:24.170,63.799,0.002,-0.770,-0.016,0.638,0.400,1.159,0.266
2016-12-01 01:45:24.182,63.799,0.002,-0.769,-0.016,0.639,0.400,1.159,0.266
2016-12-01 01:45:24.193,63.820,0.001,-0.769,-0.015,0.640,0.400,1.159,0.266
2016-12-01 01:45:24.204,63.820,0.002,-0.768,-0.015,0.641,0.400,1.159,0.266
2016-12-01 01:45:24.215,63.820,0.001,-0.767,-0.015,0.641,0.400,1.159,0.266
2016-12-01 01:45:24.226,63.841,0.001,-0.766,-0.015,0.643,0.400,1.159,0.266
2016-12-01 01:45:24.237,63.863,0.001,-0.765,-0.015,0.643,0.401,1.159,0.266
2016-12-01 01:45:24.248,63.863,0.001,-0.765,-0.015,0.644,0.401,1.159,0.266
2016-12-01 01:45:24.260,63.884,0.001,-0.764,-0.015,0.645,0.401,1.159,0.266
2016-12-01 01:45:24.271,63.884,0.001,-0.763,-0.014,0.646,0.401,1.159,0.266
2016-12-01 01:45:24.282,63.905,0.001,-0.762,-0.014,0.647,0.401,1.159,0.266
2016-12-01 01:45:24.293,63.905,0.001,-0.762,-0.014,0.648,0.401,1.159,0.266
2016-12-01 01:45:24.304,63.927,0.001,-0.761,-0.014,0.649,0.401,1.159,0.266
2016-12-01 01:45:24.315,63.927,0.000,-0.760,-0.014,0.649,0.402,1.159,0.266
2016-12-01 01:45:24.326,63.948,0.000,-0.760,-0.013,0.650,0.402,1.159,0.266
2016-12-01 01:45:24.338,63.969,0.000,-0.759,-0.013,0.651,0.402,1.159,0.266
2016-12-01 01:45:24.349,63.969,0.000,-0.758,-0.013,0.652,0.402,1.159,0.266
2016-12-01 01:45:24.360,63.969,0.000,-0.758,-0.013,0.653,0.402,1.159,0.265
2016-12-01 01:45:24.371,63.991,0.000,-0.757,-0.013,0.653,0.402,1.159,0.265
2016-12-01 01:45:24.383,63.991,0.000,-0.756,-0.012,0.654,0.402,1.159,0.265
2016-12-01 01:45:24.394,64.012,0.000,-0.756,-0.012,0.655,0.402,1.159,0.265
2016-12-01 01:45:24.405,64.012,0.000,-0.755,-0.012,0.656,0.402,1.159,0.265
2016-12-01 01:45:24.416,64.033,-0.001,-0.754,-0.011,0.656,0.402,1.159,0.265
2016-12-01 01:45:24.428,64.055,-0.001,-0.754,-0.011,0.657,0.402,1.159,0.265
2016-12-01 01:45:24.438,64.055,-0.001,-0.753,-0.011,0.658,0.402,1.159,0.265
2016-12-01 01:45:24.449,64.076,-0.001,-0.753,-0.011,0.658,0.402,1.159,0.265
2016-12-01 01:45:24.461,64.076,-0.001,-0.752,-0.011,0.659,0.402,1.159,0.265
2016-12-01 01:45:24.472,64.097,-0.001,-0.752,-0.011,0.659,0.402,1.159,0.265
2016-12-01 01:45:24.483,64.097,-0.002,-0.751,-0.011,0.660,0.402,1.159,0.265
2016-12-01 01:45:24.494,64.119,-0.002,-0.751,-0.011,0.660,0.402,1.159,0.265
2016-12-01 01:45:24.506,64.140,-0.002,-0.751,-0.011,0.661,0.402,1.159,0.264
2016-12-01 01:45:24.517,64.140,-0.002,-0.750,-0.010,0.661,0.402,1.159,0.264
2016-12-01 01:45:24.528,64.140,-0.002,-0.750,-0.010,0.662,0.403,1.159,0.264
2016-12-01 01:45:24.538,64.161,-0.002,-0.749,-0.010,0.662,0.403,1.159,0.264
2016-12-01 01:45:24.550,64.161,-0.003,-0.749,-0.010,0.663,0.403,1.159,0.264
2016-12-01 01:45:24.561,64.183,-0.003,-0.749,-0.009,0.663,0.403,1.159,0.264
2016-12-01 01:45:24.573,64.183,-0.003,-0.748,-0.009,0.663,0.403,1.159,0.264
2016-12-01 01:45:24.584,64.204,-0.003,-0.748,-0.009,0.664,0.403,1.159,0.263
2016-12-01 01:45:24.596,64.204,-0.004,-0.748,-0.008,0.664,0.403,1.159,0.263
2016-12-01 01:45:24.606,64.225,-0.004,-0.748,-0.008,0.664,0.403,1.159,0.263
2016-12-01 01:45:24.617,64.247,-0.004,-0.747,-0.008,0.664,0.403,1.159,0.263
2016-12-01 01:45:24.628,64.247,-0.004,-0.747,-0.008,0.665,0.403,1.159,0.263
2016-12-01 01:45:24.639,64.268,-0.005,-0.747,-0.008,0.665,0.403,1.159,0.263
2016-12-01 01:45:24.651,64.268,-0.005,-0.747,-0.008,0.665,0.403,1.159,0.263
2016-12-01 01:45:24.662,64.289,-0.005,-0.747,-0.007,0.665,0.404,1.159,0.263
2016-12-01 01:45:24.673,64.289,-0.006,-0.747,-0.007,0.665,0.404,1.159,0.262
2016-12-01 01:45:24.684,64.289,-0.006,-0.747,-0.007,0.665,0.404,1.159,0.262
2016-12-01 01:45:24.695,64.311,-0.006,-0.747,-0.006,0.665,0.404,1.159,0.262
2016-12-01 01:45:24.706,64.332,-0.007,-0.747,-0.006,0.665,0.404,1.159,0.262
2016-12-01 01:45:24.718,64.332,-0.007,-0.747,-0.006,0.665,0.404,1.159,0.262
2016-12-01 01:45:24.728,64.353,-0.007,-0.747,-0.006,0.665,0.404,1.159,0.262
2016-12-01 01:45:24.740,64.353,-0.007,-0.747,-0.005,0.665,0.404,1.159,0.262
2016-12-01 01:45:24.751,64.375,-0.007,-0.747,-0.005,0.664,0.404,1.159,0.261
2016-12-01 01:45:24.763,64.375,-0.007,-0.748,-0.005,0.664,0.404,1.159,0.261
2016-12-01 01:45:24.773,64.396,-0.007,-0.748,-0.005,0.664,0.404,1.159,0.261
2016-12-01 01:45:24.784,64.396,-0.007,-0.748,-0.004,0.664,0.403,1.159,0.261
2016-12-01 01:45:24.796,64.417,-0.007,-0.748,-0.004,0.663,0.403,1.159,0.261
2016-12-01 01:45:24.807,64.439,-0.007,-0.748,-0.004,0.663,0.403,1.159,0.261
2016-12-01 01:45:24.818,64.439,-0.007,-0.749,-0.004,0.663,0.403,1.159,0.260
2016-12-01 01:45:24.829,64.460,-0.007,-0.749,-0.004,0.663,0.403,1.159,0.260
2016-12-01 01:45:24.840,64.460,-0.007,-0.749,-0.004,0.662,0.403,1.159,0.260
2016-12-01 01:45:24.852,64.460,-0.007,-0.749,-0.003,0.662,0.403,1.159,0.260
2016-12-01 01:45:24.862,64.481,-0.007,-0.749,-0.003,0.662,0.403,1.159,0.260
2016-12-01 01:45:24.874,64.481,-0.007,-0.750,-0.003,0.662,0.403,1.158,0.260
2016-12-01 01:45:24.885,64.503,-0.007,-0.750,-0.003,0.661,0.403,1.158,0.260
2016-12-01 01:45:24.896,64.524,-0.007,-0.750,-0.003,0.661,0.403,1.158,0.260
2016-12-01 01:45:24.907,64.524,-0.007,-0.750,-0.003,0.661,0.403,1.158,0.260
2016-12-01 01:45:24.919,64.545,-0.007,-0.751,-0.003,0.661,0.403,1.158,0.260
2016-12-01 01:45:24.930,64.545,-0.007,-0.751,-0.003,0.660,0.403,1.158,0.260
2016-12-01 01:45:24.941,64.567,-0.007,-0.751,-0.003,0.660,0.403,1.158,0.260
2016-12-01 01:45:24.953,64.567,-0.007,-0.751,-0.003,0.660,0.403,1.158,0.260
2016-12-01 01:45:24.963,64.588,-0.007,-0.751,-0.003,0.660,0.403,1.158,0.260
2016-12-01 01:45:24.974,64.588,-0.006,-0.751,-0.003,0.660,0.403,1.158,0.260
2016-12-01 01:45:24.986,64.609,-0.006,-0.751,-0.003,0.660,0.403,1.158,0.260
2016-12-01 01:45:24.997,64.631,-0.006,-0.751,-0.003,0.660,0.403,1.158,0.260
2016-12-01 01:45:25.008,64.631,-0.006,-0.751,-0.003,0.660,0.403,1.158,0.260
2016-12-01 01:45:25.019,64.631,-0.006,-0.751,-0.003,0.660,0.403,1.158,0.260
2016-12-01 01:45:25.030,64.652,-0.005,-0.751,-0.003,0.660,0.403,1.158,0.260
2016-12-01 01:45:25.042,64.652,-0.005,-0.751,-0.003,0.660,0.402,1.158,0.260
2016-12-01 01:45:25.052,64.673,-0.005,-0.751,-0.003,0.660,0.402,1.158,0.260
2016-12-01 01:45:25.064,64.673,-0.005,-0.751,-0.003,0.660,0.402,1.158,0.260
2016-12-01 01:45:25.075,64.695,-0.005,-0.751,-0.003,0.660,0.402,1.158,0.260
2016-12-01 01:45:25.086,64.716,-0.005,-0.751,-0.003,0.660,0.402,1.158,0.260
2016-12-01 01:45:25.098,64.716,-0.004,-0.751,-0.004,0.660,0.402,1.158,0.261
2016-12-01 01:45:25.108,64.737,-0.004,-0.751,-0.004,0.660,0.402,1.158,0.261
2016-12-01 01:45:25.120,64.737,-0.004,-0.751,-0.004,0.660,0.402,1.158,0.261
2016-12-01 01:45:25.131,64.759,-0.003,-0.751,-0.004,0.660,0.402,1.158,0.261
2016-12-01 01:45:25.142,64.759,-0.003,-0.751,-0.004,0.660,0.402,1.158,0.261
2016-12-01 01:45:25.153,64.780,-0.003,-0.751,-0.004,0.660,0.402,1.158,0.262
2016-12-01 01:45:25.165,64.780,-0.003,-0.751,-0.005,0.660,0.402,1.158,0.262
2016-12-01 01:45:25.175,64.780,-0.003,-0.751,-0.005,0.660,0.402,1.158,0.262
2016-12-01 01:45:25.187,64.801,-0.002,-0.751,-0.005,0.660,0.402,1.158,0.262
2016-12-01 01:45:25.198,64.823,-0.002,-0.751,-0.005,0.660,0.402,1.158,0.262
2016-12-01 01:45:25.209,64.823,-0.002,-0.751,-0.005,0.660,0.402,1.158,0.262
2016-12-01 01:45:25.220,64.844,-0.001,-0.751,-0.005,0.660,0.402,1.158,0.263
2016-12-01 01:45:25.232,64.844,-0.001,-0.751,-0.006,0.660,0.402,1.158,0.263
2016-12-01 01:45:25.242,64.865,-0.001,-0.751,-0.006,0.660,0.402,1.158,0.263
2016-12-01 01:45:25.254,64.865,-0.001,-0.751,-0.006,0.660,0.402,1.158,0.263
2016-12-01 01:45:25.264,64.887,0.000,-0.751,-0.006,0.660,0.402,1.157,0.263
2016-12-01 01:45:25.276,64.908,0.000,-0.752,-0.006,0.660,0.402,1.157,0.263
2016-12-01 01:45:25.287,64.908,0.000,-0.752,-0.006,0.659,0.402,1.158,0.264
2016-12-01 01:45:25.298,64.929,0.000,-0.752,-0.006,0.659,0.402,1.158,0.264
2016-12-01 01:45:25.310,64.929,0.000,-0.752,-0.007,0.659,0.402,1.158,0.264
2016-12-01 01:45:25.321,64.951,0.001,-0.752,-0.007,0.659,0.402,1.158,0.264
2016-12-01 01:45:25.332,64.951,0.001,-0.753,-0.007,0.658,0.402,1.158,0.264
2016-12-01 01:45:25.343,64.951,0.001,-0.753,-0.007,0.658,0.402,1.158,0.264
2016-12-01 01:45:25.354,64.972,0.002,-0.753,-0.008,0.658,0.402,1.158,0.264
2016-12-01 01:45:25.366,64.972,0.002,-0.754,-0.008,0.657,0.402,1.158,0.265
2016-12-01 01:45:25.376,64.993,0.002,-0.754,-0.009,0.657,0.402,1.158,0.265
2016-12-01 01:45:25.387,65.015,0.002,-0.755,-0.009,0.656,0.402,1.158,0.265
2016-12-01 01:45:25.399,65.015,0.003,-0.755,-0.009,0.655,0.402,1.158,0.265
2016-12-01 01:45:25.410,65.036,0.003,-0.756,-0.010,0.655,0.402,1.158,0.265
2016-12-01 01:45:25.421,65.036,0.003,-0.756,-0.010,0.654,0.402,1.158,0.265
2016-12-01 01:45:25.432,65.057,0.003,-0.757,-0.011,0.653,0.402,1.158,0.265
2016-12-01 01:45:25.443,65.057,0.003,-0.758,-0.011,0.653,0.402,1.158,0.265
2016-12-01 01:45:25.454,65.079,0.003,-0.758,-0.012,0.652,0.402,1.158,0.265
2016-12-01 01:45:25.466,65.100,0.003,-0.759,-0.012,0.651,0.402,1.158,0.265
2016-12-01 01:45:25.477,65.100,0.003,-0.760,-0.013,0.650,0.402,1.159,0.265
2016-12-01 01:45:25.488,65.100,0.003,-0.761,-0.015,0.649,0.402,1.159,0.265
2016-12-01 01:45:25.499,65.121,0.003,-0.761,-0.016,0.648,0.402,1.159,0.265
2016-12-01 01:45:25.511,65.121,0.004,-0.762,-0.019,0.647,0.402,1.159,0.265
2016-12-01 01:45:25.522,65.143,0.005,-0.763,-0.021,0.646,0.402,1.160,0.265
2016-12-01 01:45:25.534,65.143,0.006,-0.764,-0.023,0.644,0.402,1.160,0.265
2016-12-01 01:45:25.544,65.164,0.007,-0.765,-0.025,0.643,0.402,1.160,0.265
2016-12-01 01:45:25.555,65.164,0.007,-0.767,-0.027,0.642,0.402,1.160,0.265
2016-12-01 01:45:25.567,65.185,0.008,-0.768,-0.029,0.640,0.402,1.160,0.265
2016-12-01 01:45:25.578,65.207,0.009,-0.769,-0.030,0.639,0.402,1.160,0.265
2016-12-01 01:45:25.589,65.207,0.010,-0.770,-0.031,0.637,0.402,1.161,0.265
2016-12-01 01:45:25.600,65.228,0.011,-0.771,-0.033,0.636,0.402,1.161,0.265
2016-12-01 01:45:25.611,65.228,0.012,-0.772,-0.033,0.635,0.402,1.161,0.265
2016-12-01 01:45:25.622,65.249,0.013,-0.773,-0.034,0.634,0.402,1.161,0.265
2016-12-01 01:45:25.634,65.249,0.013,-0.774,-0.035,0.632,0.402,1.161,0.266
2016-12-01 01:45:25.644,65.271,0.014,-0.775,-0.035,0.631,0.402,1.161,0.266
2016-12-01 01:45:25.656,65.271,0.015,-0.776,-0.036,0.630,0.402,1.161,0.266
2016-12-01 01:45:25.667,65.292,0.015,-0.777,-0.036,0.628,0.402,1.161,0.266
2016-12-01 01:45:25.678,65.292,0.015,-0.778,-0.036,0.627,0.402,1.161,0.266
2016-12-01 01:45:25.690,65.313,0.015,-0.779,-0.036,0.626,0.402,1.161,0.266
2016-12-01 01:45:25.701,65.313,0.016,-0.780,-0.036,0.625,0.402,1.160,0.266
2016-12-01 01:45:25.712,65.335,0.016,-0.781,-0.036,0.623,0.402,1.160,0.266
2016-12-01 01:45:25.723,65.335,0.016,-0.782,-0.035,0.622,0.402,1.160,0.266
2016-12-01 01:45:25.734,65.356,0.017,-0.783,-0.035,0.621,0.402,1.160,0.266
2016-12-01 01:45:25.745,65.356,0.017,-0.784,-0.035,0.619,0.401,1.160,0.266
2016-12-01 01:45:25.756,65.377,0.017,-0.785,-0.035,0.618,0.401,1.160,0.266
2016-12-01 01:45:25.768,65.399,0.018,-0.786,-0.035,0.616,0.401,1.160,0.266
2016-12-01 01:45:25.778,65.399,0.018,-0.788,-0.035,0.615,0.401,1.160,0.266
2016-12-01 01:45:25.790,65.420,0.019,-0.789,-0.035,0.613,0.400,1.160,0.266
2016-12-01 01:45:25.801,65.420,0.019,-0.791,-0.035,0.611,0.400,1.160,0.266
2016-12-01 01:45:25.812,65.441,0.019,-0.792,-0.035,0.609,0.400,1.160,0.266
2016-12-01 01:45:25.823,65.441,0.020,-0.794,-0.035,0.607,0.400,1.160,0.266
2016-12-01 01:45:25.834,65.441,0.020,-0.795,-0.034,0.605,0.400,1.160,0.266
2016-12-01 01:45:25.845,65.463,0.020,-0.797,-0.034,0.603,0.399,1.160,0.266
2016-12-01 01:45:25.856,65.484,0.019,-0.799,-0.034,0.600,0.399,1.160,0.265
2016-12-01 01:45:25.869,65.484,0.019,-0.800,-0.034,0.598,0.399,1.160,0.265
2016-12-01 01:45:25.879,65.505,0.019,-0.802,-0.034,0.596,0.398,1.159,0.265
2016-12-01 01:45:25.891,65.505,0.019,-0.804,-0.033,0.593,0.398,1.159,0.265
2016-12-01 01:45:25.902,65.527,0.019,-0.806,-0.033,0.591,0.398,1.159,0.265
2016-12-01 01:45:25.913,65.527,0.019,-0.808,-0.033,0.589,0.398,1.159,0.264
2016-12-01 01:45:25.924,65.548,0.018,-0.809,-0.033,0.586,0.397,1.159,0.264
2016-12-01 01:45:25.935,65.548,0.018,-0.811,-0.032,0.584,0.397,1.159,0.264
2016-12-01 01:45:25.946,65.569,0.018,-0.813,-0.032,0.581,0.397,1.159,0.263
2016-12-01 01:45:25.958,65.591,0.017,-0.815,-0.032,0.579,0.397,1.159,0.263
2016-12-01 01:45:25.970,65.591,0.017,-0.816,-0.032,0.576,0.396,1.159,0.263
2016-12-01 01:45:25.980,65.591,0.017,-0.818,-0.032,0.574,0.396,1.159,0.263
2016-12-01 01:45:25.991,65.612,0.016,-0.820,-0.032,0.571,0.396,1.159,0.262
2016-12-01 01:45:26.002,65.612,0.016,-0.821,-0.032,0.569,0.396,1.160,0.262
2016-12-01 01:45:26.013,65.633,0.016,-0.823,-0.032,0.567,0.396,1.160,0.261
2016-12-01 01:45:26.025,65.633,0.016,-0.824,-0.033,0.565,0.396,1.160,0.260
2016-12-01 01:45:26.035,65.655,0.016,-0.825,-0.034,0.563,0.396,1.160,0.260
2016-12-01 01:45:26.046,65.676,0.015,-0.827,-0.035,0.562,0.396,1.160,0.260
2016-12-01 01:45:26.059,65.676,0.014,-0.828,-0.035,0.560,0.396,1.161,0.259
2016-12-01 01:45:26.069,65.697,0.013,-0.829,-0.036,0.559,0.395,1.161,0.259
2016-12-01 01:45:26.080,65.697,0.011,-0.830,-0.036,0.557,0.395,1.161,0.258
2016-12-01 01:45:26.091,65.719,0.010,-0.831,-0.036,0.556,0.395,1.161,0.258
2016-12-01 01:45:26.103,65.719,0.008,-0.832,-0.036,0.554,0.395,1.161,0.257
2016-12-01 01:45:26.114,65.740,0.006,-0.833,-0.035,0.552,0.395,1.162,0.257
2016-12-01 01:45:26.126,65.740,0.004,-0.834,-0.035,0.551,0.395,1.162,0.256
2016-12-01 01:45:26.136,65.761,0.002,-0.835,-0.034,0.549,0.395,1.162,0.256
2016-12-01 01:45:26.147,65.761,-0.001,-0.836,-0.033,0.548,0.395,1.162,0.255
2016-12-01 01:45:26.158,65.783,-0.003,-0.837,-0.032,0.546,0.395,1.162,0.254
2016-12-01 01:45:26.170,65.783,-0.005,-0.838,-0.030,0.544,0.396,1.162,0.254
2016-12-01 01:45:26.181,65.804,-0.008,-0.840,-0.028,0.542,0.396,1.162,0.253
2016-12-01 01:45:26.192,65.804,-0.011,-0.841,-0.026,0.540,0.396,1.162,0.252
2016-12-01 01:45:26.203,65.825,-0.013,-0.843,-0.024,0.538,0.396,1.161,0.251
2016-12-01 01:45:26.214,65.825,-0.016,-0.844,-0.021,0.535,0.396,1.161,0.251
2016-12-01 01:45:26.225,65.847,-0.019,-0.846,-0.018,0.533,0.396,1.161,0.250
2016-12-01 01:45:26.237,65.868,-0.022,-0.848,-0.015,0.530,0.396,1.161,0.249
2016-12-01 01:45:26.248,65.868,-0.024,-0.849,-0.012,0.528,0.397,1.161,0.248
2016-12-01 01:45:26.259,65.889,-0.026,-0.851,-0.008,0.525,0.397,1.160,0.247
2016-12-01 01:45:26.270,65.889,-0.028,-0.852,-0.005,0.523,0.397,1.160,0.246
2016-12-01 01:45:26.282,65.911,-0.030,-0.853,-0.001,0.520,0.397,1.159,0.246
2016-12-01 01:45:26.293,65.911,-0.032,-0.855,0.003,0.518,0.397,1.159,0.245
2016-12-01 01:45:26.304,65.911,-0.034,-0.856,0.006,0.516,0.397,1.159,0.244
2016-12-01 01:45:26.315,65.932,-0.035,-0.858,0.008,0.513,0.398,1.158,0.243
2016-12-01 01:45:26.326,65.953,-0.036,-0.859,0.009,0.511,0.398,1.158,0.242
2016-12-01 01:45:26.337,65.953,-0.037,-0.861,0.010,0.508,0.398,1.158,0.241
2016-12-01 01:45:26.348,65.975,-0.037,-0.862,0.011,0.505,0.398,1.158,0.240
2016-12-01 01:45:26.360,65.975,-0.037,-0.864,0.012,0.502,0.398,1.158,0.239
2016-12-01 01:45:26.370,65.996,0.038,0.866,-0.013,-0.499,0.399,1.158,0.238
2016-12-01 01:45:26.382,65.996,0.038,0.867,-0.014,-0.496,0.399,1.158,0.237
2016-12-01 01:45:26.393,66.017,0.039,0.869,-0.015,-0.492,0.399,1.157,0.237
2016-12-01 01:45:26.404,66.017,0.039,0.871,-0.016,-0.489,0.400,1.157,0.236
2016-12-01 01:45:26.415,66.039,0.040,0.873,-0.017,-0.485,0.400,1.157,0.235
2016-12-01 01:45:26.427,66.060,0.041,0.875,-0.018,-0.481,0.401,1.157,0.234
2016-12-01 01:45:26.438,66.060,0.041,0.878,-0.019,-0.477,0.401,1.157,0.233
2016-12-01 01:45:26.449,66.081,0.042,0.880,-0.020,-0.473,0.401,1.157,0.233
2016-12-01 01:45:26.460,66.081,0.042,0.882,-0.020,-0.469,0.402,1.157,0.232
2016-12-01 01:45:26.471,66.081,0.042,0.884,-0.021,-0.465,0.402,1.157,0.231
2016-12-01 01:45:26.482,66.103,0.042,0.886,-0.021,-0.460,0.402,1.157,0.230
2016-12-01 01:45:26.494,66.103,0.042,0.889,-0.021,-0.456,0.402,1.157,0.230
2016-12-01 01:45:26.505,66.124,0.042,0.891,-0.020,-0.452,0.403,1.157,0.229
2016-12-01 01:45:26.516,66.124,0.041,0.893,-0.020,-0.448,0.403,1.157,0.228
2016-12-01 01:45:26.527,66.145,0.041,0.895,-0.019,-0.443,0.403,1.157,0.228
2016-12-01 01:45:26.538,66.167,0.041,0.897,-0.019,-0.439,0.403,1.157,0.227
2016-12-01 01:45:26.550,66.167,0.041,0.899,-0.018,-0.435,0.403,1.157,0.227
2016-12-01 01:45:26.561,66.188,0.040,0.901,-0.017,-0.431,0.403,1.158,0.227
2016-12-01 01:45:26.571,66.188,0.040,0.903,-0.016,-0.428,0.403,1.158,0.226
2016-12-01 01:45:26.583,66.209,0.040,0.904,-0.015,-0.425,0.403,1.158,0.226
2016-12-01 01:45:26.594,66.209,0.040,0.906,-0.014,-0.421,0.403,1.158,0.226
2016-12-01 01:45:26.605,66.231,0.040,0.907,-0.013,-0.418,0.403,1.158,0.226
2016-12-01 01:45:26.616,66.252,0.040,0.909,-0.012,-0.415,0.403,1.158,0.226
2016-12-01 01:45:26.628,66.252,0.040,0.910,-0.011,-0.413,0.403,1.158,0.225
2016-12-01 01:45:26.639,66.252,0.040,0.911,-0.010,-0.410,0.403,1.158,0.225
2016-12-01 01:45:26.650,66.273,0.040,0.912,-0.009,-0.407,0.403,1.158,0.225
2016-12-01 01:45:26.661,66.273,0.039,0.914,-0.007,-0.405,0.402,1.159,0.225
2016-12-01 01:45:26.673,66.295,0.038,0.915,-0.006,-0.402,0.402,1.159,0.225
2016-12-01 01:45:26.684,66.295,0.038,0.916,-0.004,-0.400,0.402,1.159,0.225
2016-12-01 01:45:26.695,66.316,0.037,0.917,-0.003,-0.398,0.402,1.159,0.226
2016-12-01 01:45:26.706,66.316,0.036,0.918,-0.002,-0.396,0.401,1.159,0.226
2016-12-01 01:45:26.717,66.337,0.035,0.918,0.000,-0.394,0.401,1.159,0.226
2016-12-01 01:45:26.728,66.359,0.033,0.919,0.001,-0.392,0.401,1.160,0.226
2016-12-01 01:45:26.739,66.359,0.032,0.920,0.003,-0.390,0.400,1.160,0.227
2016-12-01 01:45:26.750,66.380,0.031,0.921,0.005,-0.389,0.400,1.160,0.227
2016-12-01 01:45:26.762,66.380,0.030,0.921,0.007,-0.387,0.400,1.160,0.227
2016-12-01 01:45:26.773,66.401,0.028,0.922,0.009,-0.386,0.399,1.160,0.228
2016-12-01 01:45:26.784,66.401,0.026,0.922,0.010,-0.385,0.399,1.160,0.228
2016-12-01 01:45:26.795,66.401,0.025,0.923,0.012,-0.384,0.399,1.160,0.229
2016-12-01 01:45:26.806,66.423,0.023,0.923,0.013,-0.384,0.398,1.160,0.229
2016-12-01 01:45:26.817,66.444,0.022,0.923,0.014,-0.383,0.398,1.160,0.230
2016-12-01 01:45:26.829,66.444,0.020,0.923,0.015,-0.383,0.397,1.160,0.230
2016-12-01 01:45:26.839,66.465,0.018,0.923,0.017,-0.383,0.397,1.160,0.231
2016-12-01 01:45:26.851,66.465,0.016,0.923,0.018,-0.383,0.396,1.160,0.231
2016-12-01 01:45:26.862,66.487,0.014,0.923,0.019,-0.384,0.396,1.160,0.232
2016-12-01 01:45:26.874,66.487,0.012,0.923,0.020,-0.384,0.395,1.160,0.233
2016-12-01 01:45:26.885,66.508,0.010,0.922,0.021,-0.385,0.394,1.160,0.234
2016-12-01 01:45:26.896,66.508,0.008,0.922,0.023,-0.386,0.394,1.160,0.234
2016-12-01 01:45:26.907,66.529,0.006,0.921,0.024,-0.388,0.393,1.160,0.235
2016-12-01 01:45:26.918,66.551,0.004,0.921,0.025,-0.390,0.393,1.160,0.236
2016-12-01 01:45:26.930,66.551,0.001,0.920,0.026,-0.391,0.392,1.160,0.237
2016-12-01 01:45:26.941,66.572,-0.001,0.919,0.027,-0.393,0.391,1.160,0.238
2016-12-01 01:45:26.952,66.572,-0.003,0.918,0.028,-0.395,0.391,1.160,0.239
2016-12-01 01:45:26.963,66.572,-0.006,0.917,0.030,-0.398,0.390,1.160,0.240
2016-12-01 01:45:26.974,66.593,-0.008,0.916,0.031,-0.400,0.389,1.160,0.241
2016-12-01 01:45:26.985,66.593,-0.010,0.915,0.032,-0.402,0.389,1.160,0.241
2016-12-01 01:45:26.996,66.615,-0.012,0.914,0.033,-0.405,0.388,1.160,0.243
2016-12-01 01:45:27.008,66.636,-0.014,0.913,0.034,-0.407,0.388,1.160,0.244
2016-12-01 01:45:27.019,66.636,-0.015,0.911,0.035,-0.410,0.387,1.160,0.244
2016-12-01 01:45:27.029,66.657,-0.016,0.910,0.035,-0.413,0.386,1.160,0.246
2016-12-01 01:45:27.041,66.657,-0.017,0.909,0.035,-0.415,0.386,1.161,0.247
2016-12-01 01:45:27.052,66.679,-0.017,0.908,0.034,-0.418,0.385,1.161,0.248
2016-12-01 01:45:27.064,66.679,-0.017,0.907,0.032,-0.421,0.384,1.161,0.249
2016-12-01 01:45:27.074,66.700,-0.017,0.905,0.031,-0.424,0.384,1.161,0.251
2016-12-01 01:45:27.086,66.700,-0.018,0.904,0.030,-0.426,0.383,1.161,0.252
2016-12-01 01:45:27.097,66.721,-0.020,0.902,0.029,-0.430,0.383,1.160,0.254
2016-12-01 01:45:27.108,66.721,-0.021,0.901,0.028,-0.433,0.383,1.160,0.256
2016-12-01 01:45:27.119,66.743,-0.023,0.899,0.028,-0.436,0.382,1.160,0.257
2016-12-01 01:45:27.131,66.743,-0.024,0.897,0.027,-0.440,0.382,1.160,0.259
2016-12-01 01:45:27.141,66.764,-0.026,0.896,0.026,-0.443,0.381,1.160,0.260
2016-12-01 01:45:27.153,66.764,-0.027,0.894,0.025,-0.447,0.381,1.160,0.262
2016-12-01 01:45:27.164,66.785,-0.028,0.892,0.024,-0.450,0.381,1.160,0.263
2016-12-01 01:45:27.175,66.785,-0.028,0.891,0.024,-0.453,0.380,1.160,0.265
2016-12-01 01:45:27.186,66.807,-0.029,0.889,0.024,-0.457,0.380,1.160,0.266
2016-12-01 01:45:27.197,66.828,-0.029,0.887,0.024,-0.460,0.380,1.160,0.268
2016-12-01 01:45:27.208,66.828,-0.029,0.885,0.024,-0.464,0.379,1.160,0.269
2016-12-01 01:45:27.219,66.849,-0.030,0.883,0.024,-0.468,0.379,1.160,0.270
2016-12-01 01:45:27.231,66.849,-0.031,0.881,0.024,-0.471,0.379,1.159,0.272
2016-12-01 01:45:27.242,66.871,-0.033,0.879,0.025,-0.475,0.378,1.159,0.273
2016-12-01 01:45:27.254,66.871,-0.034,0.877,0.025,-0.479,0.378,1.159,0.274
2016-12-01 01:45:27.265,66.892,-0.035,0.874,0.026,-0.483,0.378,1.159,0.275
2016-12-01 01:45:27.276,66.892,-0.036,0.872,0.026,-0.487,0.378,1.159,0.276
2016-12-01 01:45:27.287,66.913,-0.036,0.870,0.027,-0.492,0.377,1.159,0.278
2016-12-01 01:45:27.298,66.913,-0.036,0.867,0.027,-0.496,0.377,1.159,0.278
2016-12-01 01:45:27.309,66.935,-0.037,0.865,0.027,-0.500,0.377,1.159,0.280
2016-12-01 01:45:27.320,66.935,0.036,-0.862,-0.027,0.504,0.377,1.159,0.280
2016-12-01 01:45:27.331,66.956,0.036,-0.860,-0.028,0.509,0.377,1.159,0.281
2016-12-01 01:45:27.342,66.956,0.036,-0.857,-0.028,0.513,0.377,1.158,0.282
2016-12-01 01:45:27.353,66.977,0.035,-0.855,-0.028,0.517,0.377,1.158,0.283
2016-12-01 01:45:27.365,66.977,0.034,-0.852,-0.027,0.522,0.377,1.158,0.283
2016-12-01 01:45:27.376,66.999,0.032,-0.849,-0.026,0.526,0.377,1.158,0.284
2016-12-01 01:45:27.387,67.020,0.030,-0.847,-0.025,0.531,0.377,1.158,0.285
2016-12-01 01:45:27.398,67.020,0.028,-0.844,-0.024,0.535,0.378,1.158,0.285
2016-12-01 01:45:27.409,67.041,0.026,-0.842,-0.022,0.539,0.378,1.158,0.286
2016-12-01 01:45:27.421,67.041,0.024,-0.839,-0.020,0.542,0.378,1.158,0.286
2016-12-01 01:45:27.432,67.063,0.022,-0.837,-0.018,0.546,0.379,1.158,0.287
2016-12-01 01:45:27.443,67.063,0.020,-0.835,-0.016,0.550,0.379,1.158,0.287
2016-12-01 01:45:27.454,67.063,0.019,-0.833,-0.014,0.553,0.379,1.158,0.288
2016-12-01 01:45:27.465,67.084,0.019,-0.830,-0.013,0.557,0.379,1.158,0.288
2016-12-01 01:45:27.477,67.105,0.018,-0.828,-0.012,0.560,0.380,1.158,0.289
2016-12-01 01:45:27.488,67.105,0.018,-0.826,-0.012,0.563,0.380,1.158,0.289
2016-12-01 01:45:27.499,67.127,0.018,-0.824,-0.012,0.566,0.380,1.158,0.289
2016-12-01 01:45:27.510,67.127,0.018,-0.822,-0.012,0.569,0.380,1.158,0.289
2016-12-01 01:45:27.521,67.148,0.019,-0.820,-0.012,0.572,0.381,1.158,0.289
2016-12-01 01:45:27.533,67.148,0.019,-0.818,-0.013,0.575,0.381,1.158,0.289
2016-12-01 01:45:27.544,67.169,0.019,-0.816,-0.013,0.577,0.381,1.158,0.289
2016-12-01 01:45:27.555,67.169,0.020,-0.815,-0.013,0.579,0.382,1.158,0.289
2016-12-01 01:45:27.566,67.191,0.020,-0.813,-0.014,0.582,0.382,1.158,0.289
2016-12-01 01:45:27.577,67.212,0.021,-0.812,-0.014,0.584,0.383,1.158,0.289
2016-12-01 01:45:27.588,67.212,0.021,-0.810,-0.015,0.586,0.383,1.158,0.289
2016-12-01 01:45:27.599,67.212,0.022,-0.808,-0.015,0.589,0.384,1.158,0.289
2016-12-01 01:45:27.611,67.233,0.022,-0.806,-0.016,0.591,0.384,1.158,0.289
2016-12-01 01:45:27.622,67.233,0.022,-0.805,-0.016,0.593,0.385,1.158,0.289
2016-12-01 01:45:27.634,67.255,0.023,-0.803,-0.015,0.595,0.385,1.157,0.288
2016-12-01 01:45:27.644,67.255,0.023,-0.802,-0.015,0.597,0.385,1.158,0.288
2016-12-01 01:45:27.655,67.276,0.023,-0.800,-0.015,0.599,0.386,1.157,0.288
2016-12-01 01:45:27.667,67.297,0.023,-0.799,-0.015,0.601,0.387,1.157,0.287
2016-12-01 01:45:27.677,67.297,0.022,-0.797,-0.014,0.603,0.387,1.158,0.287
2016-12-01 01:45:27.688,67.319,0.022,-0.796,-0.014,0.605,0.388,1.157,0.286
2016-12-01 01:45:27.700,67.319,0.021,-0.795,-0.013,0.606,0.388,1.158,0.286
2016-12-01 01:45:27.711,67.340,0.020,-0.794,-0.012,0.608,0.389,1.158,0.285
2016-12-01 01:45:27.722,67.340,0.019,-0.792,-0.011,0.610,0.389,1.158,0.284
2016-12-01 01:45:27.734,67.361,0.018,-0.792,-0.011,0.611,0.390,1.158,0.284
2016-12-01 01:45:27.744,67.361,0.017,-0.791,-0.010,0.612,0.390,1.158,0.283
2016-12-01 01:45:27.755,67.383,0.015,-0.790,-0.009,0.613,0.391,1.158,0.283
2016-12-01 01:45:27.767,67.383,0.014,-0.789,-0.009,0.614,0.392,1.158,0.282
2016-12-01 01:45:27.778,67.404,0.013,-0.788,-0.008,0.615,0.392,1.158,0.282
2016-12-01 01:45:27.790,67.404,0.011,-0.787,-0.007,0.616,0.393,1.158,0.281
2016-12-01 01:45:27.800,67.425,0.010,-0.787,-0.007,0.617,0.394,1.158,0.280
2016-12-01 01:45:27.812,67.425,0.009,-0.786,-0.007,0.618,0.394,1.159,0.280
2016-12-01 01:45:27.823,67.447,0.008,-0.785,-0.007,0.619,0.395,1.159,0.279
2016-12-01 01:45:27.834,67.447,0.007,-0.785,-0.007,0.620,0.395,1.159,0.278
2016-12-01 01:45:27.845,67.468,0.005,-0.784,-0.007,0.621,0.396,1.159,0.278
2016-12-01 01:45:27.857,67.489,0.004,-0.783,-0.007,0.622,0.397,1.159,0.277
2016-12-01 01:45:27.867,67.489,0.003,-0.783,-0.007,0.622,0.397,1.159,0.277
2016-12-01 01:45:27.878,67.511,0.002,-0.782,-0.007,0.623,0.398,1.159,0.276
2016-12-01 01:45:27.890,67.511,0.001,-0.781,-0.007,0.624,0.398,1.160,0.276
2016-12-01 01:45:27.901,67.532,0.000,-0.780,-0.008,0.625,0.399,1.160,0.275
2016-12-01 01:45:27.912,67.532,-0.001,-0.779,-0.008,0.626,0.399,1.160,0.275
2016-12-01 01:45:27.923,67.532,-0.002,-0.779,-0.008,0.627,0.400,1.160,0.274
2016-12-01 01:45:27.934,67.553,-0.004,-0.778,-0.008,0.629,0.400,1.160,0.274
2016-12-01 01:45:27.946,67.575,-0.005,-0.777,-0.008,0.630,0.401,1.160,0.274
2016-12-01 01:45:27.956,67.575,-0.006,-0.776,-0.009,0.631,0.401,1.160,0.273
2016-12-01 01:45:27.968,67.596,-0.007,-0.775,-0.009,0.632,0.402,1.161,0.273
2016-12-01 01:45:27.980,67.596,-0.007,-0.774,-0.009,0.633,0.402,1.161,0.273
2016-12-01 01:45:27.991,67.617,-0.008,-0.772,-0.009,0.635,0.403,1.161,0.272
2016-12-01 01:45:28.002,67.617,-0.009,-0.771,-0.010,0.637,0.403,1.161,0.272
2016-12-01 01:45:28.013,67.639,-0.010,-0.770,-0.010,0.638,0.404,1.161,0.272
2016-12-01 01:45:28.024,67.639,-0.011,-0.768,-0.010,0.640,0.404,1.161,0.272
2016-12-01 01:45:28.035,67.660,-0.012,-0.767,-0.010,0.642,0.405,1.161,0.271
2016-12-01 01:45:28.046,67.681,-0.014,-0.765,-0.010,0.643,0.405,1.161,0.271
2016-12-01 01:45:28.058,67.681,-0.015,-0.764,-0.010,0.645,0.405,1.161,0.271
2016-12-01 01:45:28.069,67.703,-0.017,-0.763,-0.009,0.646,0.406,1.161,0.271
2016-12-01 01:45:28.080,67.703,-0.019,-0.762,-0.009,0.648,0.406,1.161,0.270
2016-12-01 01:45:28.091,67.703,-0.020,-0.761,-0.009,0.649,0.406,1.162,0.270
2016-12-01 01:45:28.102,67.724,-0.022,-0.760,-0.008,0.650,0.407,1.162,0.270
2016-12-01 01:45:28.113,67.724,-0.023,-0.759,-0.008,0.651,0.407,1.162,0.270
2016-12-01 01:45:28.124,67.745,-0.024,-0.758,-0.008,0.652,0.407,1.162,0.269
2016-12-01 01:45:28.136,67.767,-0.025,-0.757,-0.008,0.653,0.408,1.162,0.269
2016-12-01 01:45:28.146,67.767,-0.026,-0.756,-0.008,0.654,0.408,1.162,0.269
2016-12-01 01:45:28.158,67.788,-0.027,-0.755,-0.008,0.655,0.408,1.162,0.269
2016-12-01 01:45:28.170,67.788,-0.027,-0.755,-0.008,0.655,0.409,1.162,0.268
2016-12-01 01:45:28.181,67.809,-0.028,-0.754,-0.008,0.656,0.409,1.162,0.268
2016-12-01 01:45:28.192,67.809,-0.028,-0.754,-0.008,0.657,0.409,1.162,0.268
2016-12-01 01:45:28.203,67.831,-0.029,-0.753,-0.009,0.657,0.410,1.162,0.268
2016-12-01 01:45:28.214,67.831,-0.030,-0.752,-0.009,0.658,0.410,1.162,0.268
2016-12-01 01:45:28.225,67.852,-0.030,-0.752,-0.009,0.659,0.410,1.162,0.268
2016-12-01 01:45:28.236,67.873,-0.031,-0.751,-0.010,0.660,0.410,1.162,0.268
2016-12-01 01:45:28.247,67.873,-0.031,-0.750,-0.010,0.660,0.410,1.163,0.267
2016-12-01 01:45:28.259,67.873,-0.032,-0.749,-0.011,0.661,0.410,1.163,0.267
2016-12-01 01:45:28.269,67.895,-0.033,-0.749,-0.011,0.662,0.411,1.163,0.267
2016-12-01 01:45:28.281,67.895,-0.033,-0.748,-0.011,0.663,0.411,1.163,0.267
2016-12-01 01:45:28.292,67.916,-0.034,-0.747,-0.011,0.664,0.411,1.163,0.267
2016-12-01 01:45:28.303,67.916,-0.034,-0.746,-0.011,0.665,0.411,1.163,0.267
2016-12-01 01:45:28.314,67.937,-0.034,-0.745,-0.011,0.666,0.411,1.163,0.266
2016-12-01 01:45:28.325,67.937,-0.035,-0.745,-0.011,0.667,0.411,1.163,0.266
2016-12-01 01:45:28.336,67.959,-0.035,-0.744,-0.011,0.667,0.411,1.163,0.266
2016-12-01 01:45:28.348,67.980,-0.036,-0.743,-0.011,0.668,0.411,1.163,0.266
2016-12-01 01:45:28.360,67.980,-0.036,-0.742,-0.012,0.669,0.412,1.163,0.266
2016-12-01 01:45:28.370,68.001,-0.036,-0.742,-0.012,0.670,0.412,1.163,0.266
2016-12-01 01:45:28.381,68.001,-0.036,-0.741,-0.012,0.671,0.412,1.163,0.266
2016-12-01 01:45:28.393,68.023,-0.036,-0.740,-0.012,0.671,0.412,1.163,0.266
2016-12-01 01:45:28.404,68.023,-0.036,-0.739,-0.012,0.672,0.412,1.163,0.266
2016-12-01 01:45:28.415,68.023,-0.036,-0.739,-0.012,0.673,0.412,1.163,0.266
2016-12-01 01:45:28.426,68.044,-0.036,-0.738,-0.012,0.674,0.412,1.163,0.266
2016-12-01 01:45:28.438,68.065,-0.036,-0.737,-0.013,0.675,0.412,1.163,0.266
2016-12-01 01:45:28.448,68.065,-0.036,-0.736,-0.013,0.676,0.412,1.163,0.267
2016-12-01 01:45:28.460,68.087,-0.036,-0.736,-0.013,0.676,0.412,1.163,0.267
2016-12-01 01:45:28.471,68.087,-0.037,-0.735,-0.013,0.677,0.412,1.163,0.266
2016-12-01 01:45:28.481,68.108,-0.037,-0.734,-0.014,0.678,0.412,1.163,0.267
2016-12-01 01:45:28.493,68.108,-0.037,-0.733,-0.014,0.679,0.412,1.163,0.267
2016-12-01 01:45:28.504,68.129,-0.037,-0.733,-0.014,0.680,0.412,1.163,0.267
2016-12-01 01:45:28.515,68.129,-0.037,-0.732,-0.014,0.680,0.412,1.163,0.267
2016-12-01 01:45:28.526,68.151,-0.037,-0.731,-0.014,0.681,0.412,1.163,0.267
2016-12-01 01:45:28.538,68.172,-0.037,-0.730,-0.015,0.682,0.412,1.163,0.267
2016-12-01 01:45:28.549,68.172,-0.037,-0.730,-0.015,0.683,0.412,1.164,0.267
2016-12-01 01:45:28.560,68.193,-0.037,-0.729,-0.015,0.684,0.412,1.164,0.267
2016-12-01 01:45:28.571,68.193,-0.037,-0.728,-0.015,0.684,0.412,1.164,0.267
2016-12-01 01:45:28.583,68.193,-0.037,-0.727,-0.015,0.685,0.412,1.164,0.267
2016-12-01 01:45:28.594,68.215,-0.037,-0.726,-0.015,0.686,0.413,1.164,0.268
2016-12-01 01:45:28.605,68.215,-0.037,-0.726,-0.016,0.687,0.413,1.164,0.268
2016-12-01 01:45:28.616,68.236,-0.036,-0.725,-0.016,0.688,0.412,1.164,0.268
2016-12-01 01:45:28.627,68.257,-0.036,-0.724,-0.016,0.689,0.412,1.164,0.268
2016-12-01 01:45:28.638,68.257,-0.036,-0.723,-0.016,0.689,0.412,1.164,0.268
2016-12-01 01:45:28.649,68.279,-0.036,-0.723,-0.016,0.690,0.412,1.164,0.268
2016-12-01 01:45:28.661,68.279,-0.036,-0.722,-0.016,0.691,0.412,1.164,0.268
2016-12-01 01:45:28.672,68.300,-0.036,-0.721,-0.016,0.692,0.412,1.164,0.268
2016-12-01 01:45:28.683,68.300,-0.035,-0.720,-0.016,0.693,0.412,1.164,0.268
2016-12-01 01:45:28.694,68.321,-0.035,-0.719,-0.016,0.693,0.412,1.164,0.268
2016-12-01 01:45:28.705,68.321,-0.035,-0.719,-0.016,0.694,0.412,1.164,0.268
2016-12-01 01:45:28.716,68.343,-0.034,-0.718,-0.016,0.695,0.412,1.164,0.269
2016-12-01 01:45:28.728,68.343,-0.034,-0.717,-0.016,0.696,0.412,1.163,0.269
2016-12-01 01:45:28.738,68.364,-0.034,-0.716,-0.016,0.697,0.412,1.163,0.269
2016-12-01 01:45:28.750,68.364,-0.034,-0.715,-0.016,0.698,0.412,1.163,0.269
2016-12-01 01:45:28.761,68.385,-0.033,-0.715,-0.016,0.699,0.412,1.163,0.269
2016-12-01 01:45:28.772,68.385,-0.033,-0.714,-0.016,0.699,0.413,1.163,0.269
2016-12-01 01:45:28.784,68.407,-0.032,-0.713,-0.015,0.700,0.413,1.163,0.269
2016-12-01 01:45:28.795,68.407,-0.032,-0.712,-0.015,0.701,0.413,1.163,0.269
2016-12-01 01:45:28.806,68.428,-0.031,-0.711,-0.015,0.702,0.412,1.163,0.269
2016-12-01 01:45:28.817,68.449,-0.031,-0.711,-0.015,0.703,0.412,1.163,0.269
2016-12-01 01:45:28.829,68.449,-0.030,-0.710,-0.015,0.704,0.412,1.163,0.270
2016-12-01 01:45:28.839,68.471,-0.029,-0.709,-0.014,0.705,0.412,1.163,0.270
2016-12-01 01:45:28.851,68.471,-0.029,-0.708,-0.014,0.705,0.412,1.162,0.270
2016-12-01 01:45:28.861,68.492,-0.028,-0.707,-0.014,0.706,0.412,1.162,0.270
2016-12-01 01:45:28.873,68.492,-0.027,-0.707,-0.014,0.707,0.413,1.162,0.270
2016-12-01 01:45:28.884,68.513,-0.027,-0.706,-0.014,0.708,0.412,1.162,0.270
2016-12-01 01:45:28.895,68.513,-0.026,-0.705,-0.014,0.708,0.412,1.162,0.271
2016-12-01 01:45:28.906,68.535,-0.026,-0.705,-0.014,0.709,0.413,1.162,0.271
2016-12-01 01:45:28.917,68.535,-0.026,-0.704,-0.013,0.709,0.413,1.162,0.271
2016-12-01 01:45:28.928,68.556,-0.026,-0.704,-0.013,0.710,0.412,1.162,0.271
2016-12-01 01:45:28.940,68.556,-0.025,-0.703,-0.013,0.711,0.412,1.162,0.271
2016-12-01 01:45:28.951,68.577,-0.025,-0.703,-0.013,0.711,0.412,1.162,0.271
2016-12-01 01:45:28.962,68.577,-0.025,-0.702,-0.013,0.711,0.412,1.162,0.271
2016-12-01 01:45:28.973,68.599,-0.024,-0.702,-0.014,0.712,0.412,1.162,0.271
2016-12-01 01:45:28.985,68.599,-0.024,-0.701,-0.014,0.712,0.412,1.162,0.271
2016-12-01 01:45:28.996,68.620,-0.024,-0.701,-0.014,0.713,0.412,1.162,0.272
2016-12-01 01:45:29.007,68.641,-0.023,-0.701,-0.014,0.713,0.412,1.162,0.271
2016-12-01 01:45:29.018,68.641,-0.023,-0.701,-0.014,0.713,0.412,1.162,0.272
2016-12-01 01:45:29.029,68.663,-0.023,-0.700,-0.014,0.713,0.412,1.162,0.272
2016-12-01 01:45:29.040,68.663,-0.022,-0.700,-0.014,0.714,0.412,1.162,0.272
2016-12-01 01:45:29.051,68.684,-0.022,-0.700,-0.014,0.714,0.412,1.162,0.272
2016-12-01 01:45:29.063,68.684,-0.022,-0.700,-0.014,0.714,0.412,1.162,0.272
2016-12-01 01:45:29.074,68.684,-0.021,-0.700,-0.014,0.714,0.412,1.162,0.272
2016-12-01 01:45:29.085,68.705,-0.021,-0.699,-0.014,0.714,0.412,1.162,0.272
2016-12-01 01:45:29.096,68.727,-0.021,-0.699,-0.014,0.714,0.411,1.162,0.272
2016-12-01 01:45:29.107,68.727,-0.021,-0.699,-0.014,0.715,0.411,1.162,0.272
2016-12-01 01:45:29.118,68.748,-0.020,-0.699,-0.014,0.715,0.411,1.162,0.272
2016-12-01 01:45:29.130,68.748,-0.020,-0.699,-0.014,0.715,0.411,1.162,0.272
2016-12-01 01:45:29.140,68.769,-0.020,-0.699,-0.014,0.715,0.411,1.162,0.272
2016-12-01 01:45:29.152,68.769,-0.019,-0.699,-0.014,0.715,0.411,1.162,0.273
2016-12-01 01:45:29.163,68.791,-0.019,-0.698,-0.014,0.715,0.411,1.162,0.273
2016-12-01 01:45:29.174,68.791,-0.018,-0.698,-0.014,0.715,0.411,1.161,0.273
2016-12-01 01:45:29.185,68.812,-0.018,-0.699,-0.014,0.715,0.411,1.161,0.273
2016-12-01 01:45:29.197,68.833,-0.018,-0.699,-0.014,0.715,0.411,1.161,0.273
2016-12-01 01:45:29.208,68.833,-0.017,-0.699,-0.014,0.715,0.410,1.161,0.273
2016-12-01 01:45:29.219,68.833,-0.017,-0.699,-0.014,0.715,0.410,1.161,0.273
2016-12-01 01:45:29.230,68.855,-0.017,-0.699,-0.014,0.715,0.410,1.161,0.273
2016-12-01 01:45:29.242,68.855,-0.016,-0.699,-0.014,0.715,0.410,1.161,0.273
2016-12-01 01:45:29.252,68.876,-0.016,-0.699,-0.014,0.715,0.410,1.161,0.273
2016-12-01 01:45:29.264,68.876,-0.016,-0.699,-0.014,0.715,0.410,1.161,0.274
2016-12-01 01:45:29.275,68.897,-0.015,-0.699,-0.013,0.715,0.410,1.161,0.274
2016-12-01 01:45:29.286,68.919,-0.015,-0.699,-0.013,0.715,0.410,1.161,0.274
2016-12-01 01:45:29.297,68.919,-0.015,-0.699,-0.013,0.715,0.410,1.161,0.274
2016-12-01 01:45:29.308,68.940,-0.014,-0.699,-0.013,0.715,0.410,1.161,0.274
2016-12-01 01:45:29.320,68.940,-0.014,-0.699,-0.013,0.715,0.410,1.161,0.274
2016-12-01 01:45:29.331,68.961,-0.014,-0.699,-0.013,0.715,0.410,1.161,0.274
2016-12-01 01:45:29.341,68.961,-0.013,-0.698,-0.013,0.715,0.410,1.161,0.274
2016-12-01 01:45:29.353,68.983,-0.013,-0.698,-0.013,0.715,0.410,1.161,0.274
2016-12-01 01:45:29.365,68.983,-0.013,-0.698,-0.013,0.716,0.410,1.161,0.274
2016-12-01 01:45:29.376,69.004,-0.012,-0.698,-0.013,0.716,0.410,1.161,0.274
2016-12-01 01:45:29.387,69.004,-0.012,-0.698,-0.013,0.716,0.410,1.161,0.274
2016-12-01 01:45:29.398,69.025,-0.012,-0.698,-0.013,0.716,0.410,1.161,0.274
2016-12-01 01:45:29.409,69.025,-0.011,-0.698,-0.013,0.716,0.410,1.161,0.275
2016-12-01 01:45:29.420,69.047,-0.011,-0.697,-0.013,0.716,0.410,1.161,0.275
2016-12-01 01:45:29.431,69.047,-0.011,-0.697,-0.013,0.717,0.410,1.161,0.275
2016-12-01 01:45:29.442,69.068,-0.011,-0.697,-0.013,0.717,0.410,1.161,0.275
2016-12-01 01:45:29.453,69.068,-0.011,-0.697,-0.013,0.717,0.410,1.161,0.275
2016-12-01 01:45:29.465,69.089,-0.010,-0.697,-0.013,0.717,0.410,1.161,0.275
2016-12-01 01:45:29.476,69.111,-0.010,-0.697,-0.013,0.717,0.410,1.160,0.275
2016-12-01 01:45:29.487,69.111,-0.010,-0.697,-0.013,0.717,0.410,1.160,0.275
2016-12-01 01:45:29.498,69.132,-0.010,-0.697,-0.013,0.717,0.410,1.160,0.275
2016-12-01 01:45:29.509,69.132,-0.010,-0.696,-0.013,0.717,0.410,1.160,0.275
2016-12-01 01:45:29.520,69.153,-0.009,-0.696,-0.013,0.717,0.410,1.160,0.275
2016-12-01 01:45:29.532,69.153,-0.009,-0.697,-0.013,0.717,0.410,1.160,0.275
2016-12-01 01:45:29.543,69.153,-0.009,-0.696,-0.014,0.717,0.410,1.160,0.275
2016-12-01 01:45:29.554,69.175,-0.009,-0.696,-0.014,0.717,0.410,1.160,0.276
2016-12-01 01:45:29.566,69.175,-0.008,-0.696,-0.014,0.717,0.410,1.160,0.276
2016-12-01 01:45:29.576,69.196,-0.008,-0.696,-0.014,0.718,0.410,1.160,0.276
2016-12-01 01:45:29.588,69.217,-0.008,-0.696,-0.014,0.718,0.410,1.160,0.276
2016-12-01 01:45:29.599,69.217,-0.008,-0.696,-0.014,0.718,0.410,1.160,0.276
2016-12-01 01:45:29.611,69.239,-0.008,-0.696,-0.014,0.718,0.410,1.160,0.276
2016-12-01 01:45:29.622,69.239,-0.007,-0.696,-0.014,0.718,0.409,1.160,0.276
2016-12-01 01:45:29.633,69.260,-0.007,-0.696,-0.014,0.718,0.409,1.160,0.276
2016-12-01 01:45:29.644,69.260,-0.007,-0.696,-0.015,0.718,0.409,1.160,0.276
2016-12-01 01:45:29.654,69.281,-0.007,-0.696,-0.015,0.718,0.409,1.160,0.276
2016-12-01 01:45:29.666,69.303,-0.007,-0.696,-0.015,0.718,0.409,1.160,0.276
2016-12-01 01:45:29.677,69.303,-0.007,-0.696,-0.015,0.718,0.409,1.160,0.276
2016-12-01 01:45:29.688,69.324,-0.007,-0.696,-0.015,0.718,0.409,1.160,0.277
2016-12-01 01:45:29.700,69.324,-0.007,-0.696,-0.015,0.718,0.409,1.160,0.277
2016-12-01 01:45:29.710,69.324,-0.007,-0.696,-0.015,0.718,0.409,1.160,0.277
2016-12-01 01:45:29.722,69.345,-0.007,-0.696,-0.015,0.717,0.409,1.161,0.277
2016-12-01 01:45:29.734,69.345,-0.007,-0.697,-0.015,0.717,0.409,1.161,0.277
2016-12-01 01:45:29.744,69.367,-0.007,-0.697,-0.015,0.717,0.409,1.161,0.277
2016-12-01 01:45:29.755,69.367,-0.006,-0.697,-0.015,0.717,0.409,1.161,0.277
2016-12-01 01:45:29.766,69.388,-0.006,-0.697,-0.015,0.717,0.409,1.161,0.277
2016-12-01 01:45:29.778,69.409,-0.006,-0.697,-0.015,0.717,0.409,1.161,0.277
2016-12-01 01:45:29.789,69.409,-0.006,-0.697,-0.016,0.717,0.409,1.161,0.277
2016-12-01 01:45:29.800,69.431,-0.006,-0.698,-0.016,0.716,0.409,1.161,0.277
2016-12-01 01:45:29.811,69.431,-0.006,-0.698,-0.016,0.716,0.409,1.161,0.277
2016-12-01 01:45:29.822,69.452,-0.006,-0.698,-0.016,0.716,0.409,1.161,0.277
2016-12-01 01:45:29.834,69.452,-0.006,-0.698,-0.016,0.716,0.409,1.161,0.277
2016-12-01 01:45:29.844,69.473,-0.006,-0.698,-0.016,0.716,0.409,1.161,0.277
2016-12-01 01:45:29.856,69.495,-0.006,-0.698,-0.016,0.716,0.409,1.161,0.277
2016-12-01 01:45:29.866,69.495,-0.006,-0.698,-0.016,0.716,0.409,1.161,0.277
2016-12-01 01:45:29.878,69.495,-0.006,-0.698,-0.016,0.716,0.409,1.160,0.277
2016-12-01 01:45:29.889,69.516,-0.006,-0.698,-0.016,0.715,0.409,1.160,0.277
2016-12-01 01:45:29.900,69.516,-0.006,-0.699,-0.016,0.715,0.409,1.161,0.277
2016-12-01 01:45:29.912,69.537,-0.006,-0.699,-0.016,0.715,0.409,1.161,0.277
2016-12-01 01:45:29.923,69.537,-0.006,-0.699,-0.016,0.715,0.409,1.161,0.277
2016-12-01 01:45:29.934,69.559,-0.006,-0.699,-0.016,0.715,0.409,1.160,0.277
2016-12-01 01:45:29.945,69.559,-0.006,-0.699,-0.016,0.715,0.409,1.160,0.277
2016-12-01 01:45:29.956,69.580,-0.006,-0.699,-0.016,0.715,0.409,1.161,0.277
2016-12-01 01:45:29.968,69.601,-0.006,-0.700,-0.016,0.714,0.409,1.161,0.277
2016-12-01 01:45:29.979,69.601,-0.006,-0.700,-0.016,0.714,0.409,1.161,0.277
2016-12-01 01:45:29.990,69.623,-0.006,-0.700,-0.016,0.714,0.409,1.161,0.277
2016-12-01 01:45:30.001,69.623,-0.006,-0.700,-0.016,0.714,0.409,1.161,0.277
2016-12-01 01:45:30.012,69.644,-0.006,-0.700,-0.016,0.714,0.409,1.161,0.277
2016-12-01 01:45:30.023,69.644,-0.006,-0.700,-0.017,0.714,0.409,1.161,0.277
2016-12-01 01:45:30.034,69.644,-0.006,-0.700,-0.017,0.714,0.409,1.161,0.277
2016-12-01 01:45:30.046,69.665,-0.007,-0.699,-0.017,0.715,0.408,1.161,0.277
2016-12-01 01:45:30.056,69.687,-0.007,-0.699,-0.016,0.715,0.408,1.161,0.277
2016-12-01 01:45:30.068,69.687,-0.007,-0.698,-0.016,0.715,0.408,1.161,0.277
2016-12-01 01:45:30.079,69.708,-0.007,-0.698,-0.016,0.716,0.408,1.161,0.277
2016-12-01 01:45:30.090,69.708,-0.007,-0.698,-0.016,0.716,0.408,1.161,0.277
2016-12-01 01:45:30.102,69.729,-0.007,-0.698,-0.016,0.716,0.408,1.161,0.277
2016-12-01 01:45:30.113,69.729,-0.007,-0.697,-0.016,0.717,0.408,1.161,0.277
2016-12-01 01:45:30.124,69.751,-0.008,-0.697,-0.015,0.717,0.408,1.161,0.278
2016-12-01 01:45:30.136,69.751,-0.008,-0.697,-0.016,0.717,0.408,1.160,0.278
2016-12-01 01:45:30.146,69.772,-0.008,-0.696,-0.016,0.718,0.408,1.160,0.278
2016-12-01 01:45:30.158,69.793,-0.008,-0.696,-0.016,0.718,0.408,1.160,0.278
2016-12-01 01:45:30.168,69.793,-0.008,-0.695,-0.016,0.718,0.407,1.160,0.278
2016-12-01 01:45:30.180,69.815,-0.008,-0.695,-0.016,0.719,0.407,1.160,0.278
2016-12-01 01:45:30.191,69.815,-0.008,-0.695,-0.017,0.719,0.407,1.161,0.279
2016-12-01 01:45:30.202,69.815,-0.008,-0.695,-0.017,0.719,0.407,1.161,0.279
2016-12-01 01:45:30.213,69.836,-0.008,-0.694,-0.017,0.719,0.407,1.161,0.279
2016-12-01 01:45:30.224,69.836,-0.007,-0.694,-0.017,0.720,0.407,1.161,0.279
2016-12-01 01:45:30.236,69.857,-0.007,-0.694,-0.017,0.720,0.407,1.161,0.279
2016-12-01 01:45:30.247,69.879,-0.007,-0.694,-0.018,0.720,0.407,1.161,0.279
2016-12-01 01:45:30.258,69.879,-0.007,-0.694,-0.018,0.720,0.407,1.161,0.279
2016-12-01 01:45:30.269,69.900,-0.007,-0.694,-0.018,0.720,0.407,1.161,0.279
2016-12-01 01:45:30.280,69.900,-0.007,-0.694,-0.018,0.720,0.407,1.161,0.279
2016-12-01 01:45:30.292,69.921,-0.006,-0.694,-0.018,0.720,0.407,1.161,0.279
2016-12-01 01:45:30.303,69.921,-0.006,-0.694,-0.018,0.720,0.407,1.161,0.280
2016-12-01 01:45:30.314,69.943,-0.006,-0.694,-0.018,0.720,0.407,1.161,0.280
2016-12-01 01:45:30.325,69.943,-0.005,-0.694,-0.018,0.720,0.407,1.161,0.280
2016-12-01 01:45:30.336,69.964,-0.005,-0.694,-0.019,0.720,0.406,1.161,0.280
2016-12-01 01:45:30.347,69.985,-0.005,-0.694,-0.019,0.720,0.406,1.161,0.280
2016-12-01 01:45:30.359,69.985,-0.005,-0.694,-0.019,0.719,0.406,1.161,0.281
2016-12-01 01:45:30.369,69.985,-0.004,-0.695,-0.019,0.719,0.406,1.161,0.281
2016-12-01 01:45:30.380,70.007,-0.004,-0.695,-0.019,0.719,0.406,1.161,0.281
2016-12-01 01:45:30.392,70.007,-0.003,-0.695,-0.020,0.719,0.406,1.161,0.281
2016-12-01 01:45:30.403,70.028,-0.003,-0.695,-0.020,0.718,0.406,1.161,0.281
2016-12-01 01:45:30.414,70.028,-0.003,-0.696,-0.020,0.718,0.406,1.161,0.281
2016-12-01 01:45:30.425,70.049,-0.002,-0.696,-0.020,0.718,0.406,1.160,0.282
2016-12-01 01:45:30.437,70.071,-0.002,-0.696,-0.020,0.718,0.406,1.160,0.282
2016-12-01 01:45:30.448,70.071,-0.001,-0.697,-0.020,0.717,0.406,1.160,0.282
2016-12-01 01:45:30.459,70.092,-0.001,-0.697,-0.020,0.717,0.406,1.160,0.282
2016-12-01 01:45:30.470,70.092,-0.001,-0.697,-0.020,0.717,0.406,1.160,0.282
2016-12-01 01:45:30.481,70.113,-0.001,-0.697,-0.020,0.717,0.405,1.160,0.282
2016-12-01 01:45:30.493,70.113,0.000,-0.698,-0.020,0.716,0.405,1.160,0.283
2016-12-01 01:45:30.504,70.135,0.000,-0.698,-0.020,0.716,0.405,1.160,0.283
2016-12-01 01:45:30.517,70.135,0.000,-0.698,-0.019,0.716,0.405,1.160,0.283
2016-12-01 01:45:30.526,70.135,0.001,-0.699,-0.019,0.715,0.405,1.160,0.283
2016-12-01 01:45:30.537,70.156,0.001,-0.699,-0.019,0.715,0.405,1.160,0.283
2016-12-01 01:45:30.548,70.177,0.001,-0.699,-0.018,0.714,0.405,1.160,0.283
2016-12-01 01:45:30.560,70.177,0.002,-0.700,-0.018,0.714,0.405,1.159,0.283
2016-12-01 01:45:30.570,70.199,0.003,-0.700,-0.018,0.714,0.404,1.159,0.283
2016-12-01 01:45:30.582,70.199,0.003,-0.701,-0.018,0.713,0.404,1.159,0.283
2016-12-01 01:45:30.593,70.220,0.004,-0.701,-0.017,0.713,0.404,1.159,0.284
2016-12-01 01:45:30.604,70.220,0.004,-0.702,-0.017,0.712,0.404,1.159,0.284
2016-12-01 01:45:30.615,70.241,0.005,-0.702,-0.017,0.712,0.404,1.159,0.284
2016-12-01 01:45:30.626,70.263,0.005,-0.703,-0.017,0.711,0.404,1.159,0.284
2016-12-01 01:45:30.637,70.263,0.006,-0.703,-0.017,0.711,0.404,1.159,0.284
2016-12-01 01:45:30.649,70.284,0.006,-0.704,-0.017,0.710,0.404,1.159,0.284
2016-12-01 01:45:30.660,70.284,0.007,-0.704,-0.018,0.710,0.404,1.159,0.284
2016-12-01 01:45:30.671,70.305,0.007,-0.704,-0.018,0.710,0.404,1.159,0.284
2016-12-01 01:45:30.683,70.305,0.007,-0.705,-0.018,0.709,0.404,1.159,0.284
2016-12-01 01:45:30.693,70.305,0.008,-0.705,-0.018,0.709,0.404,1.159,0.285
2016-12-01 01:45:30.705,70.327,0.008,-0.706,-0.018,0.708,0.403,1.159,0.285
2016-12-01 01:45:30.716,70.327,0.008,-0.706,-0.018,0.708,0.403,1.159,0.285
2016-12-01 01:45:30.727,70.348,0.009,-0.706,-0.018,0.708,0.403,1.159,0.285
2016-12-01 01:45:30.738,70.369,0.009,-0.706,-0.018,0.708,0.403,1.159,0.285
2016-12-01 01:45:30.749,70.369,0.010,-0.707,-0.018,0.707,0.403,1.159,0.285
2016-12-01 01:45:30.760,70.391,0.010,-0.707,-0.018,0.707,0.403,1.158,0.285
2016-12-01 01:45:30.772,70.391,0.010,-0.707,-0.018,0.707,0.402,1.158,0.285
2016-12-01 01:45:30.783,70.412,0.010,-0.707,-0.018,0.707,0.402,1.158,0.285
2016-12-01 01:45:30.794,70.412,0.010,-0.707,-0.018,0.707,0.402,1.158,0.285
2016-12-01 01:45:30.805,70.433,0.010,-0.707,-0.018,0.707,0.402,1.158,0.286
2016-12-01 01:45:30.816,70.455,0.010,-0.707,-0.018,0.707,0.402,1.158,0.286
2016-12-01 01:45:30.828,70.455,0.011,-0.707,-0.018,0.707,0.402,1.158,0.286
2016-12-01 01:45:30.838,70.455,0.011,-0.706,-0.018,0.708,0.402,1.158,0.286
2016-12-01 01:45:30.850,70.476,0.011,-0.706,-0.018,0.708,0.402,1.158,0.286
2016-12-01 01:45:30.861,70.476,0.011,-0.706,-0.018,0.708,0.401,1.158,0.286
2016-12-01 01:45:30.872,70.497,0.011,-0.705,-0.018,0.709,0.401,1.158,0.286
2016-12-01 01:45:30.884,70.497,0.011,-0.705,-0.018,0.709,0.401,1.158,0.286
2016-12-01 01:45:30.895,70.519,0.011,-0.704,-0.018,0.710,0.401,1.158,0.286
2016-12-01 01:45:30.907,70.540,0.011,-0.703,-0.018,0.711,0.401,1.158,0.286
2016-12-01 01:45:30.917,70.540,0.011,-0.703,-0.018,0.711,0.401,1.158,0.286
2016-12-01 01:45:30.928,70.561,0.011,-0.702,-0.018,0.712,0.401,1.158,0.287
2016-12-01 01:45:30.939,70.561,0.012,-0.701,-0.018,0.713,0.401,1.158,0.287
2016-12-01 01:45:30.950,70.583,0.012,-0.700,-0.018,0.714,0.401,1.158,0.287
2016-12-01 01:45:30.962,70.583,0.012,-0.699,-0.018,0.715,0.401,1.158,0.287
2016-12-01 01:45:30.973,70.604,0.012,-0.698,-0.018,0.716,0.401,1.158,0.287
2016-12-01 01:45:30.985,70.604,0.012,-0.697,-0.018,0.717,0.401,1.158,0.288
2016-12-01 01:45:30.995,70.625,0.012,-0.696,-0.018,0.718,0.401,1.158,0.288
2016-12-01 01:45:31.006,70.625,0.013,-0.695,-0.018,0.719,0.401,1.158,0.288
2016-12-01 01:45:31.017,70.647,0.013,-0.694,-0.018,0.720,0.400,1.158,0.288
2016-12-01 01:45:31.028,70.647,0.013,-0.693,-0.019,0.721,0.401,1.158,0.288
2016-12-01 01:45:31.040,70.668,0.013,-0.692,-0.019,0.722,0.401,1.158,0.288
2016-12-01 01:45:31.051,70.668,0.013,-0.691,-0.019,0.723,0.401,1.158,0.288
2016-12-01 01:45:31.062,70.689,0.013,-0.690,-0.019,0.724,0.401,1.158,0.288
2016-12-01 01:45:31.073,70.689,0.013,-0.689,-0.019,0.725,0.401,1.158,0.288
2016-12-01 01:45:31.084,70.711,0.013,-0.688,-0.019,0.726,0.400,1.158,0.288
2016-12-01 01:45:31.096,70.711,0.013,-0.687,-0.019,0.726,0.400,1.158,0.288
2016-12-01 01:45:31.107,70.732,0.013,-0.686,-0.019,0.727,0.401,1.158,0.288
2016-12-01 01:45:31.118,70.753,0.013,-0.685,-0.019,0.728,0.401,1.158,0.289
2016-12-01 01:45:31.129,70.753,0.013,-0.684,-0.019,0.729,0.401,1.158,0.288
2016-12-01 01:45:31.140,70.775,0.013,-0.683,-0.018,0.730,0.400,1.158,0.288
2016-12-01 01:45:31.151,70.775,0.013,-0.682,-0.018,0.731,0.401,1.158,0.288
2016-12-01 01:45:31.162,70.796,0.014,-0.682,-0.018,0.731,0.401,1.158,0.289
2016-12-01 01:45:31.174,70.796,0.014,-0.681,-0.018,0.732,0.401,1.158,0.289
2016-12-01 01:45:31.185,70.796,0.014,-0.680,-0.018,0.733,0.401,1.158,0.289
2016-12-01 01:45:31.196,70.817,0.014,-0.679,-0.018,0.734,0.401,1.158,0.289
2016-12-01 01:45:31.207,70.839,0.014,-0.679,-0.017,0.734,0.401,1.158,0.289
2016-12-01 01:45:31.219,70.839,0.014,-0.678,-0.017,0.735,0.401,1.158,0.289
2016-12-01 01:45:31.230,70.860,0.014,-0.677,-0.017,0.736,0.401,1.158,0.289
2016-12-01 01:45:31.241,70.860,0.014,-0.676,-0.017,0.736,0.401,1.158,0.289
2016-12-01 01:45:31.252,70.881,0.015,-0.676,-0.017,0.737,0.401,1.158,0.289
2016-12-01 01:45:31.264,70.881,0.015,-0.675,-0.017,0.738,0.401,1.158,0.289
2016-12-01 01:45:31.274,70.903,0.015,-0.674,-0.017,0.738,0.401,1.158,0.289
2016-12-01 01:45:31.286,70.903,0.015,-0.673,-0.016,0.739,0.401,1.158,0.289
2016-12-01 01:45:31.297,70.924,0.014,-0.672,-0.016,0.740,0.401,1.158,0.289
2016-12-01 01:45:31.308,70.945,0.014,-0.672,-0.016,0.741,0.401,1.158,0.289
2016-12-01 01:45:31.319,70.945,0.014,-0.671,-0.016,0.741,0.401,1.158,0.289
2016-12-01 01:45:31.330,70.945,0.014,-0.670,-0.015,0.742,0.401,1.158,0.289
2016-12-01 01:45:31.341,70.967,0.014,-0.669,-0.015,0.743,0.401,1.157,0.289
2016-12-01 01:45:31.352,70.967,0.014,-0.668,-0.015,0.744,0.401,1.157,0.289
2016-12-01 01:45:31.363,70.988,0.014,-0.667,-0.015,0.745,0.401,1.157,0.289
2016-12-01 01:45:31.375,71.009,0.013,-0.666,-0.015,0.746,0.401,1.158,0.289
2016-12-01 01:45:31.386,71.009,0.013,-0.665,-0.015,0.747,0.401,1.158,0.289
2016-12-01 01:45:31.397,71.031,0.013,-0.664,-0.015,0.748,0.401,1.157,0.289
2016-12-01 01:45:31.408,71.031,0.013,-0.662,-0.015,0.749,0.402,1.157,0.289
2016-12-01 01:45:31.420,71.052,0.013,-0.661,-0.015,0.750,0.402,1.157,0.289
2016-12-01 01:45:31.431,71.052,0.013,-0.660,-0.015,0.751,0.402,1.157,0.289
2016-12-01 01:45:31.442,71.073,0.013,-0.658,-0.014,0.753,0.402,1.157,0.289
2016-12-01 01:45:31.454,71.073,0.013,-0.657,-0.014,0.754,0.402,1.157,0.289
2016-12-01 01:45:31.464,71.095,0.013,-0.655,-0.014,0.755,0.402,1.157,0.289
2016-12-01 01:45:31.475,71.095,0.013,-0.654,-0.014,0.757,0.402,1.157,0.289
2016-12-01 01:45:31.486,71.116,0.013,-0.652,-0.014,0.758,0.402,1.157,0.290
2016-12-01 01:45:31.498,71.116,0.013,-0.650,-0.014,0.760,0.403,1.157,0.289
2016-12-01 01:45:31.509,71.137,0.013,-0.648,-0.014,0.761,0.403,1.157,0.290
2016-12-01 01:45:31.520,71.137,0.013,-0.646,-0.014,0.763,0.403,1.157,0.290
2016-12-01 01:45:31.531,71.159,0.014,-0.644,-0.014,0.764,0.403,1.157,0.290
2016-12-01 01:45:31.543,71.159,0.014,-0.643,-0.014,0.766,0.403,1.157,0.290
2016-12-01 01:45:31.553,71.180,0.014,-0.641,-0.014,0.767,0.403,1.157,0.290
2016-12-01 01:45:31.565,71.180,0.013,-0.639,-0.014,0.769,0.404,1.157,0.290
2016-12-01 01:45:31.576,71.201,0.013,-0.638,-0.014,0.770,0.404,1.158,0.290
2016-12-01 01:45:31.587,71.223,0.013,-0.636,-0.014,0.771,0.404,1.158,0.290
2016-12-01 01:45:31.598,71.223,0.013,-0.635,-0.014,0.773,0.404,1.158,0.290
2016-12-01 01:45:31.610,71.244,0.013,-0.633,-0.015,0.774,0.404,1.158,0.290
2016-12-01 01:45:31.621,71.244,0.013,-0.631,-0.015,0.775,0.404,1.158,0.290
2016-12-01 01:45:31.632,71.265,0.013,-0.630,-0.015,0.776,0.404,1.158,0.290
2016-12-01 01:45:31.644,71.265,0.012,-0.628,-0.015,0.778,0.405,1.158,0.290
2016-12-01 01:45:31.655,71.265,0.012,-0.627,-0.015,0.779,0.405,1.158,0.291
2016-12-01 01:45:31.665,71.287,0.012,-0.625,-0.015,0.781,0.405,1.158,0.291
2016-12-01 01:45:31.677,71.308,0.011,-0.623,-0.015,0.782,0.405,1.158,0.291
2016-12-01 01:45:31.688,71.308,0.011,-0.621,-0.015,0.784,0.405,1.158,0.291
2016-12-01 01:45:31.699,71.329,0.011,-0.619,-0.014,0.785,0.405,1.158,0.291
2016-12-01 01:45:31.710,71.329,0.011,-0.617,-0.014,0.787,0.405,1.158,0.291
2016-12-01 01:45:31.721,71.351,0.011,-0.615,-0.015,0.788,0.405,1.158,0.291
2016-12-01 01:45:31.733,71.351,0.011,-0.613,-0.015,0.790,0.405,1.158,0.291
2016-12-01 01:45:31.744,71.372,0.011,-0.612,-0.015,0.791,0.406,1.158,0.291
2016-12-01 01:45:31.755,71.372,0.011,-0.610,-0.015,0.793,0.406,1.158,0.291
2016-12-01 01:45:31.766,71.393,0.011,-0.608,-0.015,0.794,0.406,1.158,0.291
2016-12-01 01:45:31.777,71.415,0.011,-0.606,-0.015,0.796,0.406,1.158,0.291
2016-12-01 01:45:31.788,71.415,0.011,-0.604,-0.015,0.797,0.406,1.158,0.291
2016-12-01 01:45:31.799,71.436,0.012,-0.602,-0.016,0.799,0.406,1.158,0.292
2016-12-01 01:45:31.811,71.436,0.012,-0.600,-0.016,0.800,0.406,1.158,0.292
2016-12-01 01:45:31.822,71.436,0.012,-0.598,-0.016,0.801,0.406,1.158,0.292
2016-12-01 01:45:31.833,71.457,0.012,-0.596,-0.016,0.803,0.406,1.158,0.292
2016-12-01 01:45:31.844,71.457,0.013,-0.594,-0.017,0.804,0.406,1.158,0.292
2016-12-01 01:45:31.855,71.479,0.013,-0.593,-0.017,0.805,0.406,1.158,0.292
2016-12-01 01:45:31.867,71.500,0.014,-0.591,-0.018,0.807,0.406,1.158,0.292
2016-12-01 01:45:31.877,71.500,0.014,-0.589,-0.018,0.808,0.407,1.158,0.293
2016-12-01 01:45:31.889,71.521,0.014,-0.587,-0.019,0.809,0.407,1.158,0.293
2016-12-01 01:45:31.900,71.521,0.015,-0.586,-0.019,0.810,0.407,1.158,0.293
2016-12-01 01:45:31.911,71.543,0.015,-0.584,-0.019,0.811,0.407,1.158,0.293
2016-12-01 01:45:31.922,71.543,0.015,-0.583,-0.020,0.812,0.407,1.158,0.293
2016-12-01 01:45:31.933,71.564,0.016,-0.581,-0.020,0.814,0.408,1.158,0.293
2016-12-01 01:45:31.944,71.564,0.016,-0.579,-0.020,0.815,0.408,1.158,0.293
2016-12-01 01:45:31.955,71.585,0.016,-0.578,-0.020,0.816,0.408,1.158,0.293
2016-12-01 01:45:31.967,71.607,0.016,-0.576,-0.021,0.817,0.408,1.158,0.293
2016-12-01 01:45:31.979,71.607,0.017,-0.575,-0.021,0.818,0.408,1.158,0.293
2016-12-01 01:45:31.989,71.607,0.017,-0.573,-0.021,0.819,0.408,1.158,0.293
2016-12-01 01:45:32.001,71.628,0.017,-0.572,-0.021,0.820,0.409,1.158,0.293
2016-12-01 01:45:32.011,71.628,0.017,-0.570,-0.021,0.821,0.409,1.158,0.293
2016-12-01 01:45:32.023,71.649,0.017,-0.569,-0.021,0.822,0.409,1.157,0.293
2016-12-01 01:45:32.034,71.649,0.017,-0.568,-0.021,0.823,0.409,1.157,0.293
2016-12-01 01:45:32.045,71.671,0.017,-0.567,-0.020,0.823,0.409,1.157,0.293
2016-12-01 01:45:32.056,71.692,0.017,-0.566,-0.020,0.824,0.410,1.157,0.293
2016-12-01 01:45:32.068,71.692,0.017,-0.565,-0.020,0.825,0.410,1.157,0.293
2016-12-01 01:45:32.079,71.713,0.017,-0.564,-0.020,0.825,0.410,1.157,0.293
2016-12-01 01:45:32.090,71.713,0.017,-0.563,-0.020,0.826,0.410,1.157,0.293
2016-12-01 01:45:32.101,71.735,0.017,-0.563,-0.020,0.826,0.410,1.157,0.293
2016-12-01 01:45:32.112,71.735,0.017,-0.562,-0.019,0.827,0.410,1.157,0.293
2016-12-01 01:45:32.123,71.756,0.016,-0.562,-0.019,0.827,0.411,1.157,0.293
2016-12-01 01:45:32.135,71.756,0.016,-0.561,-0.018,0.827,0.411,1.157,0.293
2016-12-01 01:45:32.145,71.756,0.016,-0.561,-0.018,0.827,0.411,1.157,0.292
2016-12-01 01:45:32.156,71.777,0.016,-0.561,-0.018,0.827,0.411,1.157,0.292
2016-12-01 01:45:32.168,71.799,0.015,-0.561,-0.018,0.827,0.411,1.157,0.292
2016-12-01 01:45:32.179,71.799,0.015,-0.561,-0.017,0.827,0.411,1.157,0.292
2016-12-01 01:45:32.190,71.820,0.014,-0.561,-0.017,0.828,0.411,1.157,0.292
2016-12-01 01:45:32.202,71.820,0.014,-0.561,-0.017,0.827,0.411,1.157,0.291
2016-12-01 01:45:32.213,71.841,0.013,-0.561,-0.016,0.827,0.411,1.158,0.291
2016-12-01 01:45:32.224,71.841,0.012,-0.561,-0.016,0.827,0.411,1.158,0.291
2016-12-01 01:45:32.235,71.863,0.011,-0.562,-0.016,0.827,0.411,1.158,0.290
2016-12-01 01:45:32.246,71.884,0.010,-0.562,-0.016,0.827,0.411,1.158,0.290
2016-12-01 01:45:32.258,71.884,0.009,-0.562,-0.016,0.827,0.412,1.158,0.290
2016-12-01 01:45:32.268,71.905,0.008,-0.563,-0.016,0.826,0.412,1.158,0.289
2016-12-01 01:45:32.280,71.905,0.007,-0.563,-0.016,0.826,0.412,1.158,0.289
2016-12-01 01:45:32.291,71.927,0.005,-0.564,-0.016,0.826,0.412,1.158,0.289
2016-12-01 01:45:32.302,71.927,0.003,-0.565,-0.016,0.825,0.412,1.159,0.289
2016-12-01 01:45:32.313,71.927,0.001,-0.566,-0.017,0.824,0.412,1.159,0.288
2016-12-01 01:45:32.324,71.948,-0.002,-0.567,-0.018,0.824,0.412,1.159,0.288
2016-12-01 01:45:32.335,71.948,-0.004,-0.567,-0.019,0.823,0.412,1.160,0.287
2016-12-01 01:45:32.346,71.969,-0.006,-0.569,-0.020,0.822,0.412,1.161,0.287
2016-12-01 01:45:32.358,71.991,-0.009,-0.570,-0.022,0.821,0.412,1.162,0.286
2016-12-01 01:45:32.369,71.991,-0.013,-0.571,-0.025,0.820,0.412,1.162,0.286
2016-12-01 01:45:32.380,72.012,-0.016,-0.572,-0.026,0.819,0.412,1.163,0.286
2016-12-01 01:45:32.392,72.012,-0.019,-0.574,-0.028,0.818,0.412,1.163,0.285
2016-12-01 01:45:32.402,72.033,-0.021,-0.575,-0.029,0.818,0.413,1.164,0.284
2016-12-01 01:45:32.414,72.033,-0.024,-0.576,-0.030,0.817,0.413,1.164,0.284
2016-12-01 01:45:32.425,72.055,-0.026,-0.577,-0.031,0.816,0.413,1.164,0.283
2016-12-01 01:45:32.437,72.076,-0.028,-0.578,-0.032,0.815,0.413,1.165,0.283
2016-12-01 01:45:32.447,72.076,-0.030,-0.579,-0.033,0.814,0.414,1.165,0.282
2016-12-01 01:45:32.458,72.076,-0.032,-0.580,-0.034,0.813,0.414,1.165,0.282
2016-12-01 01:45:32.469,72.097,-0.035,-0.580,-0.034,0.813,0.414,1.166,0.281
2016-12-01 01:45:32.480,72.097,-0.037,-0.581,-0.035,0.812,0.415,1.166,0.281
2016-12-01 01:45:32.492,72.119,-0.038,-0.582,-0.036,0.812,0.415,1.166,0.280
2016-12-01 01:45:32.503,72.119,-0.040,-0.582,-0.037,0.811,0.416,1.167,0.280
2016-12-01 01:45:32.514,72.140,-0.042,-0.583,-0.037,0.811,0.416,1.167,0.279
2016-12-01 01:45:32.526,72.140,-0.043,-0.583,-0.038,0.810,0.416,1.167,0.279
2016-12-01 01:45:32.536,72.161,-0.045,-0.584,-0.039,0.810,0.417,1.167,0.278
2016-12-01 01:45:32.548,72.183,-0.047,-0.584,-0.039,0.809,0.417,1.167,0.278
2016-12-01 01:45:32.559,72.183,-0.049,-0.585,-0.040,0.809,0.417,1.168,0.277
2016-12-01 01:45:32.570,72.204,-0.050,-0.586,-0.040,0.808,0.417,1.168,0.277
2016-12-01 01:45:32.581,72.204,-0.052,-0.586,-0.041,0.807,0.418,1.168,0.276
2016-12-01 01:45:32.592,72.225,-0.053,-0.587,-0.041,0.807,0.418,1.168,0.276
2016-12-01 01:45:32.604,72.225,-0.054,-0.588,-0.041,0.806,0.418,1.168,0.276
2016-12-01 01:45:32.615,72.247,-0.056,-0.589,-0.041,0.805,0.418,1.168,0.275
2016-12-01 01:45:32.626,72.247,-0.057,-0.590,-0.041,0.805,0.419,1.168,0.274
2016-12-01 01:45:32.637,72.268,-0.058,-0.591,-0.042,0.804,0.419,1.168,0.274
2016-12-01 01:45:32.648,72.268,-0.059,-0.592,-0.042,0.803,0.419,1.168,0.274
2016-12-01 01:45:32.659,72.289,-0.060,-0.593,-0.042,0.802,0.419,1.168,0.273
2016-12-01 01:45:32.671,72.289,-0.061,-0.594,-0.042,0.801,0.419,1.168,0.273
2016-12-01 01:45:32.681,72.311,-0.062,-0.595,-0.042,0.800,0.420,1.169,0.272
2016-12-01 01:45:32.694,72.311,-0.063,-0.596,-0.043,0.799,0.420,1.169,0.272
2016-12-01 01:45:32.704,72.332,-0.064,-0.597,-0.043,0.798,0.420,1.169,0.271
2016-12-01 01:45:32.715,72.332,-0.065,-0.599,-0.043,0.797,0.420,1.169,0.271
2016-12-01 01:45:32.726,72.353,-0.066,-0.600,-0.044,0.796,0.420,1.169,0.270
2016-12-01 01:45:32.738,72.375,-0.067,-0.601,-0.044,0.795,0.420,1.169,0.270
2016-12-01 01:45:32.749,72.375,-0.068,-0.602,-0.045,0.794,0.420,1.169,0.270
2016-12-01 01:45:32.760,72.396,-0.069,-0.604,-0.045,0.793,0.420,1.169,0.269
2016-12-01 01:45:32.771,72.396,-0.070,-0.605,-0.046,0.792,0.420,1.169,0.269
2016-12-01 01:45:32.782,72.417,-0.070,-0.606,-0.047,0.791,0.420,1.169,0.268
2016-12-01 01:45:32.794,72.417,-0.071,-0.608,-0.047,0.790,0.421,1.169,0.268
2016-12-01 01:45:32.804,72.417,-0.072,-0.609,-0.047,0.788,0.420,1.170,0.268
2016-12-01 01:45:32.816,72.439,-0.072,-0.610,-0.047,0.787,0.421,1.170,0.268
2016-12-01 01:45:32.827,72.460,-0.072,-0.612,-0.048,0.786,0.421,1.170,0.267
2016-12-01 01:45:32.839,72.460,-0.072,-0.613,-0.048,0.785,0.421,1.170,0.267
2016-12-01 01:45:32.849,72.481,-0.072,-0.614,-0.048,0.784,0.421,1.170,0.267
2016-12-01 01:45:32.861,72.481,-0.072,-0.616,-0.048,0.783,0.421,1.170,0.266
2016-12-01 01:45:32.871,72.503,-0.073,-0.617,-0.049,0.782,0.421,1.170,0.266
2016-12-01 01:45:32.883,72.503,-0.073,-0.618,-0.049,0.781,0.421,1.170,0.266
2016-12-01 01:45:32.894,72.524,-0.073,-0.619,-0.050,0.780,0.421,1.170,0.266
2016-12-01 01:45:32.905,72.524,-0.073,-0.621,-0.050,0.779,0.421,1.171,0.265
2016-12-01 01:45:32.916,72.545,-0.073,-0.622,-0.050,0.778,0.421,1.171,0.265
2016-12-01 01:45:32.928,72.567,-0.073,-0.623,-0.051,0.777,0.421,1.171,0.265
2016-12-01 01:45:32.939,72.567,-0.073,-0.625,-0.051,0.776,0.421,1.171,0.265
2016-12-01 01:45:32.950,72.567,-0.073,-0.626,-0.051,0.775,0.421,1.171,0.265
2016-12-01 01:45:32.961,72.588,-0.073,-0.627,-0.052,0.774,0.421,1.171,0.265
2016-12-01 01:45:32.973,72.588,-0.073,-0.628,-0.052,0.773,0.421,1.171,0.265
2016-12-01 01:45:32.983,72.609,-0.073,-0.630,-0.052,0.772,0.421,1.171,0.264
2016-12-01 01:45:32.995,72.609,-0.073,-0.631,-0.052,0.770,0.421,1.170,0.264
2016-12-01 01:45:33.005,72.631,-0.073,-0.633,-0.052,0.769,0.422,1.170,0.264
2016-12-01 01:45:33.017,72.652,-0.073,-0.634,-0.052,0.768,0.422,1.170,0.264
2016-12-01 01:45:33.028,72.652,-0.073,-0.635,-0.052,0.767,0.422,1.170,0.264
2016-12-01 01:45:33.040,72.673,-0.072,-0.637,-0.052,0.766,0.422,1.170,0.264
2016-12-01 01:45:33.052,72.673,-0.072,-0.638,-0.051,0.765,0.421,1.170,0.264
2016-12-01 01:45:33.063,72.695,-0.071,-0.640,-0.051,0.763,0.421,1.170,0.264
2016-12-01 01:45:33.072,72.695,-0.071,-0.641,-0.051,0.762,0.421,1.170,0.264
2016-12-01 01:45:33.087,72.716,-0.070,-0.643,-0.051,0.761,0.421,1.169,0.264
2016-12-01 01:45:33.096,72.737,-0.069,-0.644,-0.050,0.760,0.421,1.169,0.264
2016-12-01 01:45:33.108,72.737,-0.069,-0.645,-0.050,0.759,0.421,1.169,0.264
2016-12-01 01:45:33.129,72.759,-0.067,-0.648,-0.049,0.757,0.421,1.169,0.264
2016-12-01 01:45:33.143,72.759,-0.066,-0.651,-0.048,0.755,0.421,1.169,0.265
2016-12-01 01:45:33.165,72.780,-0.064,-0.653,-0.047,0.753,0.421,1.168,0.265
2016-12-01 01:45:33.188,72.823,-0.064,-0.656,-0.047,0.750,0.421,1.168,0.265
2016-12-01 01:45:33.211,72.844,-0.063,-0.659,-0.046,0.748,0.421,1.168,0.265
2016-12-01 01:45:33.229,72.865,-0.063,-0.661,-0.046,0.746,0.421,1.168,0.266
2016-12-01 01:45:33.240,72.865,-0.062,-0.663,-0.046,0.745,0.421,1.168,0.266
2016-12-01 01:45:33.251,72.887,-0.062,-0.664,-0.046,0.744,0.420,1.168,0.266
2016-12-01 01:45:33.263,72.887,-0.062,-0.666,-0.046,0.742,0.420,1.168,0.266
2016-12-01 01:45:33.273,72.887,-0.061,-0.668,-0.046,0.741,0.420,1.168,0.266
2016-12-01 01:45:33.285,72.908,-0.061,-0.669,-0.046,0.739,0.420,1.168,0.266
2016-12-01 01:45:33.297,72.929,-0.060,-0.671,-0.046,0.738,0.420,1.168,0.266
2016-12-01 01:45:33.308,72.929,-0.060,-0.673,-0.047,0.736,0.420,1.168,0.266
2016-12-01 01:45:33.319,72.951,-0.060,-0.675,-0.047,0.734,0.420,1.168,0.266
2016-12-01 01:45:33.330,72.951,-0.059,-0.676,-0.047,0.733,0.420,1.168,0.266
2016-12-01 01:45:33.341,72.972,-0.059,-0.678,-0.047,0.731,0.419,1.168,0.266
2016-12-01 01:45:33.352,72.972,-0.059,-0.680,-0.047,0.729,0.419,1.168,0.266
2016-12-01 01:45:33.363,72.993,-0.059,-0.682,-0.047,0.728,0.419,1.168,0.267
2016-12-01 01:45:33.375,72.993,-0.059,-0.684,-0.048,0.726,0.419,1.168,0.266
2016-12-01 01:45:33.385,73.015,-0.059,-0.686,-0.048,0.724,0.419,1.168,0.266
2016-12-01 01:45:33.397,73.036,-0.059,-0.688,-0.048,0.722,0.419,1.168,0.266
2016-12-01 01:45:33.408,73.036,-0.058,-0.690,-0.048,0.720,0.418,1.168,0.266
2016-12-01 01:45:33.419,73.057,-0.058,-0.692,-0.048,0.718,0.418,1.167,0.266
2016-12-01 01:45:33.431,73.057,-0.058,-0.694,-0.048,0.716,0.418,1.167,0.266
2016-12-01 01:45:33.441,73.057,-0.057,-0.695,-0.048,0.715,0.418,1.167,0.266
2016-12-01 01:45:33.453,73.079,-0.057,-0.697,-0.048,0.713,0.418,1.167,0.266
2016-12-01 01:45:33.464,73.079,-0.056,-0.699,-0.048,0.711,0.417,1.167,0.267
2016-12-01 01:45:33.474,73.100,-0.056,-0.701,-0.048,0.709,0.417,1.167,0.266
2016-12-01 01:45:33.486,73.121,-0.056,-0.703,-0.048,0.707,0.417,1.167,0.266
2016-12-01 01:45:33.498,73.121,-0.055,-0.705,-0.047,0.706,0.417,1.167,0.266
2016-12-01 01:45:33.508,73.143,-0.055,-0.707,-0.047,0.704,0.416,1.167,0.266
2016-12-01 01:45:33.520,73.143,-0.054,-0.708,-0.047,0.702,0.416,1.167,0.266
2016-12-01 01:45:33.531,73.164,-0.054,-0.710,-0.047,0.701,0.416,1.167,0.266
2016-12-01 01:45:33.542,73.164,-0.053,-0.711,-0.046,0.699,0.416,1.167,0.266
2016-12-01 01:45:33.553,73.185,-0.053,-0.713,-0.046,0.698,0.416,1.166,0.266
2016-12-01 01:45:33.565,73.185,-0.052,-0.714,-0.046,0.696,0.415,1.166,0.266
2016-12-01 01:45:33.575,73.207,-0.052,-0.716,-0.046,0.695,0.415,1.166,0.266
2016-12-01 01:45:33.587,73.228,-0.051,-0.717,-0.046,0.694,0.415,1.166,0.266
2016-12-01 01:45:33.597,73.228,-0.051,-0.718,-0.045,0.693,0.415,1.166,0.266
2016-12-01 01:45:33.609,73.228,-0.050,-0.719,-0.045,0.691,0.414,1.166,0.266
2016-12-01 01:45:33.620,73.249,-0.050,-0.721,-0.045,0.690,0.414,1.166,0.266
2016-12-01 01:45:33.631,73.249,-0.049,-0.722,-0.045,0.689,0.414,1.166,0.266
2016-12-01 01:45:33.642,73.271,-0.049,-0.723,-0.045,0.688,0.414,1.166,0.266
2016-12-01 01:45:33.653,73.271,-0.048,-0.724,-0.045,0.687,0.414,1.166,0.266
2016-12-01 01:45:33.664,73.292,-0.048,-0.725,-0.044,0.686,0.413,1.165,0.266
2016-12-01 01:45:33.677,73.313,-0.048,-0.726,-0.044,0.685,0.413,1.165,0.266
2016-12-01 01:45:33.687,73.313,-0.047,-0.727,-0.044,0.684,0.413,1.165,0.266
2016-12-01 01:45:33.698,73.335,-0.047,-0.728,-0.043,0.683,0.413,1.165,0.266
2016-12-01 01:45:33.710,73.335,-0.046,-0.729,-0.043,0.682,0.413,1.165,0.266
2016-12-01 01:45:33.720,73.356,-0.046,-0.730,-0.043,0.681,0.412,1.165,0.265
2016-12-01 01:45:33.732,73.356,-0.046,-0.731,-0.042,0.680,0.412,1.165,0.265
2016-12-01 01:45:33.743,73.377,-0.045,-0.732,-0.042,0.679,0.412,1.165,0.265
2016-12-01 01:45:33.754,73.377,-0.045,-0.733,-0.042,0.678,0.412,1.165,0.265
2016-12-01 01:45:33.765,73.377,-0.045,-0.734,-0.042,0.676,0.412,1.165,0.265
2016-12-01 01:45:33.776,73.399,-0.044,-0.735,-0.042,0.675,0.412,1.165,0.265
2016-12-01 01:45:33.787,73.420,-0.044,-0.736,-0.041,0.674,0.412,1.165,0.265
2016-12-01 01:45:33.799,73.420,-0.044,-0.737,-0.041,0.673,0.412,1.165,0.265
2016-12-01 01:45:33.810,73.441,-0.044,-0.738,-0.041,0.672,0.411,1.165,0.265
2016-12-01 01:45:33.821,73.441,-0.044,-0.739,-0.041,0.671,0.411,1.165,0.265
2016-12-01 01:45:33.832,73.463,-0.044,-0.740,-0.041,0.670,0.411,1.165,0.264
2016-12-01 01:45:33.843,73.463,-0.043,-0.741,-0.041,0.669,0.411,1.165,0.264
2016-12-01 01:45:33.854,73.484,-0.043,-0.742,-0.040,0.668,0.411,1.165,0.264
2016-12-01 01:45:33.866,73.505,-0.043,-0.743,-0.040,0.667,0.411,1.165,0.264
2016-12-01 01:45:33.878,73.505,-0.043,-0.744,-0.040,0.665,0.411,1.165,0.264
2016-12-01 01:45:33.888,73.527,-0.043,-0.745,-0.039,0.664,0.411,1.165,0.264
2016-12-01 01:45:33.900,73.527,-0.043,-0.746,-0.039,0.663,0.411,1.165,0.264
2016-12-01 01:45:33.911,73.548,-0.043,-0.747,-0.039,0.662,0.411,1.165,0.264
2016-12-01 01:45:33.922,73.548,-0.043,-0.748,-0.039,0.661,0.411,1.164,0.263
2016-12-01 01:45:33.933,73.548,-0.043,-0.749,-0.039,0.660,0.411,1.164,0.263
2016-12-01 01:45:33.944,73.569,-0.043,-0.750,-0.038,0.658,0.410,1.164,0.263
2016-12-01 01:45:33.955,73.569,-0.043,-0.752,-0.038,0.657,0.410,1.164,0.263
2016-12-01 01:45:33.966,73.591,-0.043,-0.753,-0.038,0.656,0.410,1.164,0.263
2016-12-01 01:45:33.978,73.612,-0.043,-0.754,-0.037,0.655,0.411,1.164,0.263
2016-12-01 01:45:33.989,73.612,-0.042,-0.755,-0.037,0.654,0.411,1.164,0.263
2016-12-01 01:45:33.999,73.633,-0.042,-0.756,-0.037,0.653,0.410,1.164,0.262
2016-12-01 01:45:34.011,73.633,-0.042,-0.757,-0.037,0.651,0.410,1.164,0.262
2016-12-01 01:45:34.022,73.655,-0.042,-0.758,-0.037,0.650,0.410,1.164,0.262
2016-12-01 01:45:34.034,73.655,-0.042,-0.759,-0.037,0.649,0.410,1.164,0.262
2016-12-01 01:45:34.044,73.676,-0.042,-0.760,-0.036,0.648,0.410,1.164,0.262
2016-12-01 01:45:34.056,73.697,-0.042,-0.761,-0.036,0.647,0.410,1.164,0.262
2016-12-01 01:45:34.067,73.697,-0.042,-0.762,-0.036,0.646,0.410,1.164,0.261
2016-12-01 01:45:34.078,73.697,-0.041,-0.763,-0.036,0.645,0.410,1.164,0.261
2016-12-01 01:45:34.089,73.719,-0.041,-0.764,-0.036,0.643,0.410,1.164,0.261
2016-12-01 01:45:34.101,73.719,-0.041,-0.765,-0.035,0.642,0.410,1.164,0.261
2016-12-01 01:45:34.112,73.740,-0.041,-0.765,-0.035,0.641,0.410,1.164,0.261
2016-12-01 01:45:34.123,73.740,-0.041,-0.766,-0.035,0.640,0.410,1.164,0.260
2016-12-01 01:45:34.134,73.761,-0.041,-0.767,-0.035,0.639,0.409,1.164,0.260
2016-12-01 01:45:34.146,73.761,-0.040,-0.768,-0.034,0.638,0.409,1.164,0.260
2016-12-01 01:45:34.156,73.783,-0.040,-0.769,-0.034,0.637,0.409,1.164,0.260
2016-12-01 01:45:34.167,73.804,-0.040,-0.770,-0.034,0.636,0.409,1.164,0.260
2016-12-01 01:45:34.178,73.804,-0.039,-0.771,-0.034,0.634,0.409,1.164,0.260
2016-12-01 01:45:34.189,73.825,-0.039,-0.772,-0.034,0.633,0.409,1.164,0.260
2016-12-01 01:45:34.201,73.825,-0.039,-0.773,-0.034,0.632,0.409,1.164,0.259
2016-12-01 01:45:34.212,73.847,-0.039,-0.774,-0.034,0.631,0.409,1.164,0.259
2016-12-01 01:45:34.223,73.847,-0.039,-0.775,-0.034,0.630,0.409,1.164,0.259
2016-12-01 01:45:34.234,73.868,-0.039,-0.775,-0.034,0.629,0.409,1.163,0.259
2016-12-01 01:45:34.246,73.868,-0.038,-0.776,-0.033,0.628,0.409,1.163,0.259
2016-12-01 01:45:34.257,73.889,-0.038,-0.777,-0.033,0.627,0.408,1.163,0.259
2016-12-01 01:45:34.268,73.889,-0.038,-0.778,-0.033,0.626,0.408,1.163,0.259
2016-12-01 01:45:34.279,73.911,-0.037,-0.779,-0.033,0.625,0.408,1.163,0.258
2016-12-01 01:45:34.291,73.911,-0.037,-0.779,-0.033,0.625,0.408,1.163,0.258
2016-12-01 01:45:34.301,73.932,-0.037,-0.780,-0.033,0.624,0.408,1.163,0.258
2016-12-01 01:45:34.312,73.932,-0.036,-0.781,-0.032,0.623,0.408,1.163,0.258
2016-12-01 01:45:34.324,73.953,-0.036,-0.781,-0.032,0.622,0.408,1.163,0.258
2016-12-01 01:45:34.335,73.953,-0.036,-0.782,-0.032,0.621,0.408,1.163,0.258
2016-12-01 01:45:34.346,73.975,-0.035,-0.783,-0.032,0.620,0.408,1.163,0.258
2016-12-01 01:45:34.357,73.996,-0.035,-0.783,-0.032,0.620,0.408,1.163,0.258
2016-12-01 01:45:34.368,73.996,-0.034,-0.784,-0.032,0.619,0.408,1.163,0.258
2016-12-01 01:45:34.379,74.017,-0.034,-0.785,-0.032,0.618,0.407,1.163,0.258
2016-12-01 01:45:34.391,74.017,-0.034,-0.785,-0.032,0.617,0.407,1.163,0.258
2016-12-01 01:45:34.401,74.039,-0.034,-0.786,-0.032,0.616,0.407,1.163,0.258
2016-12-01 01:45:34.413,74.039,-0.033,-0.787,-0.032,0.616,0.407,1.163,0.258
2016-12-01 01:45:34.424,74.039,-0.033,-0.787,-0.032,0.615,0.407,1.163,0.258
2016-12-01 01:45:34.435,74.060,-0.033,-0.788,-0.032,0.614,0.407,1.163,0.258
2016-12-01 01:45:34.447,74.081,-0.033,-0.789,-0.032,0.613,0.407,1.163,0.258
2016-12-01 01:45:34.458,74.081,-0.032,-0.790,-0.032,0.612,0.407,1.163,0.258
2016-12-01 01:45:34.469,74.103,-0.032,-0.791,-0.032,0.611,0.407,1.163,0.259
2016-12-01 01:45:34.480,74.103,-0.032,-0.791,-0.032,0.610,0.407,1.163,0.258
2016-12-01 01:45:34.491,74.124,-0.031,-0.792,-0.032,0.609,0.406,1.163,0.258
2016-12-01 01:45:34.503,74.124,-0.031,-0.793,-0.032,0.607,0.406,1.163,0.258
2016-12-01 01:45:34.513,74.145,-0.031,-0.794,-0.032,0.606,0.406,1.163,0.258
2016-12-01 01:45:34.525,74.145,-0.031,-0.795,-0.032,0.605,0.406,1.163,0.258
2016-12-01 01:45:34.536,74.167,-0.031,-0.796,-0.032,0.604,0.406,1.163,0.258
2016-12-01 01:45:34.547,74.188,-0.031,-0.797,-0.032,0.603,0.406,1.163,0.258
2016-12-01 01:45:34.559,74.188,-0.030,-0.797,-0.033,0.602,0.406,1.163,0.258
2016-12-01 01:45:34.569,74.188,-0.030,-0.798,-0.033,0.601,0.406,1.163,0.258
2016-12-01 01:45:34.580,74.209,-0.030,-0.799,-0.033,0.599,0.406,1.163,0.258
2016-12-01 01:45:34.592,74.209,-0.030,-0.800,-0.033,0.598,0.406,1.163,0.258
2016-12-01 01:45:34.603,74.231,-0.030,-0.801,-0.033,0.597,0.406,1.163,0.258
2016-12-01 01:45:34.614,74.231,-0.030,-0.802,-0.033,0.596,0.406,1.163,0.258
2016-12-01 01:45:34.626,74.252,-0.030,-0.802,-0.033,0.595,0.405,1.163,0.258
2016-12-01 01:45:34.637,74.273,-0.030,-0.803,-0.034,0.594,0.405,1.163,0.258
2016-12-01 01:45:34.648,74.273,-0.030,-0.804,-0.034,0.593,0.405,1.163,0.258
2016-12-01 01:45:34.659,74.295,-0.029,-0.805,-0.034,0.592,0.405,1.163,0.258
2016-12-01 01:45:34.670,74.295,-0.029,-0.805,-0.035,0.591,0.405,1.163,0.258
2016-12-01 01:45:34.681,74.316,-0.029,-0.806,-0.035,0.590,0.405,1.163,0.258
2016-12-01 01:45:34.693,74.316,-0.029,-0.807,-0.035,0.589,0.405,1.163,0.258
2016-12-01 01:45:34.703,74.337,-0.029,-0.807,-0.035,0.588,0.405,1.163,0.258
2016-12-01 01:45:34.714,74.337,-0.029,-0.808,-0.035,0.587,0.405,1.163,0.258
2016-12-01 01:45:34.726,74.359,-0.028,-0.809,-0.036,0.586,0.405,1.163,0.258
2016-12-01 01:45:34.737,74.359,-0.028,-0.809,-0.036,0.586,0.405,1.163,0.258
2016-12-01 01:45:34.748,74.380,-0.028,-0.810,-0.036,0.585,0.404,1.164,0.258
2016-12-01 01:45:34.759,74.380,-0.028,-0.810,-0.036,0.584,0.404,1.164,0.258
2016-12-01 01:45:34.770,74.401,-0.028,-0.811,-0.036,0.583,0.404,1.164,0.259
2016-12-01 01:45:34.781,74.401,-0.028,-0.812,-0.036,0.582,0.404,1.164,0.258
2016-12-01 01:45:34.793,74.423,-0.028,-0.812,-0.036,0.582,0.404,1.164,0.258
2016-12-01 01:45:34.805,74.423,-0.028,-0.813,-0.036,0.581,0.404,1.164,0.258
2016-12-01 01:45:34.816,74.444,-0.028,-0.813,-0.036,0.580,0.404,1.164,0.258
2016-12-01 01:45:34.828,74.465,-0.028,-0.814,-0.036,0.580,0.404,1.164,0.258
2016-12-01 01:45:34.838,74.465,-0.028,-0.814,-0.036,0.579,0.404,1.164,0.258
2016-12-01 01:45:34.849,74.487,-0.028,-0.815,-0.036,0.578,0.404,1.164,0.258
2016-12-01 01:45:34.860,74.487,-0.028,-0.815,-0.036,0.577,0.403,1.164,0.258
2016-12-01 01:45:34.871,74.508,-0.028,-0.816,-0.036,0.577,0.403,1.164,0.258
2016-12-01 01:45:34.883,74.508,-0.028,-0.816,-0.036,0.576,0.403,1.164,0.258
2016-12-01 01:45:34.894,74.508,-0.028,-0.816,-0.036,0.576,0.403,1.164,0.258
2016-12-01 01:45:34.904,74.529,-0.028,-0.817,-0.036,0.575,0.403,1.164,0.258
2016-12-01 01:45:34.916,74.551,-0.028,-0.817,-0.035,0.575,0.403,1.164,0.258
2016-12-01 01:45:34.927,74.551,-0.028,-0.817,-0.035,0.574,0.403,1.164,0.258
2016-12-01 01:45:34.938,74.572,-0.028,-0.818,-0.035,0.574,0.403,1.164,0.258
2016-12-01 01:45:34.949,74.572,-0.028,-0.818,-0.035,0.574,0.403,1.164,0.258
2016-12-01 01:45:34.960,74.593,-0.028,-0.818,-0.035,0.573,0.403,1.163,0.258
2016-12-01 01:45:34.972,74.593,-0.028,-0.818,-0.035,0.573,0.403,1.163,0.258
2016-12-01 01:45:34.983,74.615,-0.028,-0.818,-0.035,0.573,0.403,1.163,0.258
2016-12-01 01:45:34.995,74.615,-0.027,-0.818,-0.035,0.573,0.403,1.163,0.258
2016-12-01 01:45:35.005,74.636,-0.027,-0.818,-0.034,0.573,0.403,1.163,0.258
2016-12-01 01:45:35.016,74.657,-0.027,-0.818,-0.034,0.573,0.403,1.163,0.258
2016-12-01 01:45:35.028,74.657,-0.027,-0.818,-0.034,0.573,0.402,1.163,0.258
2016-12-01 01:45:35.039,74.679,-0.026,-0.818,-0.034,0.573,0.402,1.163,0.258
2016-12-01 01:45:35.050,74.679,-0.027,-0.818,-0.033,0.573,0.402,1.163,0.258
2016-12-01 01:45:35.061,74.679,-0.027,-0.818,-0.033,0.573,0.402,1.163,0.258
2016-12-01 01:45:35.072,74.700,-0.026,-0.818,-0.033,0.574,0.402,1.163,0.258
2016-12-01 01:45:35.083,74.700,-0.026,-0.818,-0.033,0.574,0.402,1.163,0.258
2016-12-01 01:45:35.094,74.721,-0.026,-0.817,-0.032,0.575,0.402,1.163,0.258
2016-12-01 01:45:35.106,74.743,-0.026,-0.817,-0.032,0.575,0.402,1.163,0.258
2016-12-01 01:45:35.117,74.743,-0.025,-0.816,-0.032,0.576,0.402,1.163,0.258
2016-12-01 01:45:35.128,74.764,-0.025,-0.816,-0.032,0.577,0.402,1.163,0.258
2016-12-01 01:45:35.139,74.764,-0.025,-0.815,-0.031,0.577,0.402,1.163,0.258
2016-12-01 01:45:35.150,74.785,-0.025,-0.815,-0.031,0.578,0.402,1.163,0.258
2016-12-01 01:45:35.162,74.785,-0.024,-0.814,-0.031,0.579,0.402,1.163,0.258
2016-12-01 01:45:35.173,74.807,-0.024,-0.814,-0.030,0.580,0.401,1.163,0.258
2016-12-01 01:45:35.184,74.807,-0.024,-0.813,-0.030,0.581,0.401,1.163,0.258
2016-12-01 01:45:35.195,74.828,-0.023,-0.813,-0.030,0.582,0.401,1.163,0.259
2016-12-01 01:45:35.207,74.849,-0.023,-0.812,-0.030,0.583,0.401,1.163,0.259
2016-12-01 01:45:35.218,74.849,-0.023,-0.811,-0.030,0.584,0.401,1.163,0.259
2016-12-01 01:45:35.229,74.849,-0.023,-0.810,-0.029,0.585,0.401,1.163,0.259
2016-12-01 01:45:35.240,74.871,-0.022,-0.810,-0.029,0.586,0.401,1.163,0.259
2016-12-01 01:45:35.251,74.871,-0.022,-0.809,-0.029,0.587,0.401,1.163,0.259
2016-12-01 01:45:35.262,74.892,-0.022,-0.808,-0.028,0.588,0.401,1.162,0.259
2016-12-01 01:45:35.274,74.892,-0.022,-0.807,-0.028,0.590,0.401,1.162,0.259
2016-12-01 01:45:35.284,74.913,-0.021,-0.806,-0.028,0.591,0.401,1.162,0.259
2016-12-01 01:45:35.296,74.935,-0.021,-0.805,-0.027,0.592,0.401,1.162,0.259
2016-12-01 01:45:35.307,74.935,-0.021,-0.804,-0.027,0.594,0.401,1.162,0.259
2016-12-01 01:45:35.318,74.956,-0.020,-0.803,-0.026,0.595,0.401,1.162,0.259
2016-12-01 01:45:35.330,74.956,-0.020,-0.802,-0.026,0.597,0.400,1.162,0.259
2016-12-01 01:45:35.340,74.977,-0.020,-0.801,-0.025,0.598,0.401,1.162,0.260
2016-12-01 01:45:35.352,74.977,-0.019,-0.800,-0.025,0.599,0.401,1.162,0.260
2016-12-01 01:45:35.363,74.999,-0.019,-0.799,-0.024,0.601,0.401,1.162,0.260
2016-12-01 01:45:35.374,74.999,-0.018,-0.798,-0.024,0.602,0.401,1.162,0.260
2016-12-01 01:45:35.385,74.999,-0.018,-0.797,-0.024,0.604,0.401,1.162,0.260
2016-12-01 01:45:35.396,75.020,-0.017,-0.796,-0.023,0.605,0.401,1.162,0.260
2016-12-01 01:45:35.411,75.041,-0.017,-0.795,-0.023,0.607,0.401,1.161,0.261
2016-12-01 01:45:35.419,75.041,-0.017,-0.793,-0.022,0.608,0.401,1.161,0.261
2016-12-01 01:45:35.430,75.063,-0.017,-0.792,-0.022,0.609,0.401,1.161,0.261
2016-12-01 01:45:35.441,75.063,-0.016,-0.791,-0.022,0.611,0.401,1.161,0.261
2016-12-01 01:45:35.452,75.084,-0.016,-0.790,-0.022,0.612,0.401,1.161,0.261
2016-12-01 01:45:35.463,75.084,-0.016,-0.789,-0.021,0.614,0.401,1.161,0.261
2016-12-01 01:45:35.474,75.105,-0.016,-0.788,-0.021,0.615,0.402,1.161,0.261
2016-12-01 01:45:35.485,75.105,-0.016,-0.787,-0.021,0.616,0.402,1.161,0.261
2016-12-01 01:45:35.496,75.127,-0.016,-0.786,-0.021,0.618,0.402,1.161,0.261
2016-12-01 01:45:35.508,75.148,-0.016,-0.785,-0.021,0.619,0.402,1.161,0.262
2016-12-01 01:45:35.519,75.148,-0.016,-0.783,-0.021,0.621,0.402,1.161,0.262
2016-12-01 01:45:35.530,75.169,-0.016,-0.782,-0.021,0.622,0.402,1.161,0.262
2016-12-01 01:45:35.541,75.169,-0.016,-0.781,-0.021,0.624,0.402,1.161,0.262
2016-12-01 01:45:35.552,75.169,-0.016,-0.780,-0.021,0.625,0.402,1.161,0.262
2016-12-01 01:45:35.564,75.191,-0.016,-0.779,-0.021,0.627,0.402,1.161,0.262
2016-12-01 01:45:35.575,75.191,-0.016,-0.777,-0.021,0.628,0.403,1.161,0.262
2016-12-01 01:45:35.586,75.212,-0.016,-0.776,-0.021,0.630,0.403,1.161,0.262
2016-12-01 01:45:35.597,75.233,-0.016,-0.775,-0.020,0.631,0.403,1.161,0.262
2016-12-01 01:45:35.608,75.233,-0.017,-0.774,-0.020,0.633,0.403,1.161,0.262
2016-12-01 01:45:35.619,75.255,-0.017,-0.773,-0.020,0.634,0.403,1.161,0.262
2016-12-01 01:45:35.631,75.255,-0.017,-0.771,-0.020,0.636,0.403,1.161,0.263
2016-12-01 01:45:35.642,75.276,-0.017,-0.770,-0.020,0.637,0.403,1.161,0.263
2016-12-01 01:45:35.654,75.276,-0.017,-0.769,-0.020,0.639,0.403,1.161,0.263
2016-12-01 01:45:35.664,75.297,-0.017,-0.768,-0.020,0.640,0.403,1.161,0.263
2016-12-01 01:45:35.675,75.297,-0.017,-0.767,-0.020,0.642,0.404,1.161,0.263
2016-12-01 01:45:35.686,75.319,-0.018,-0.765,-0.020,0.643,0.404,1.161,0.263
2016-12-01 01:45:35.698,75.319,-0.018,-0.764,-0.020,0.645,0.404,1.161,0.263
2016-12-01 01:45:35.708,75.340,-0.018,-0.763,-0.020,0.646,0.404,1.161,0.263
2016-12-01 01:45:35.720,75.340,-0.018,-0.761,-0.020,0.648,0.404,1.161,0.263
2016-12-01 01:45:35.731,75.361,-0.018,-0.760,-0.020,0.649,0.404,1.161,0.263
2016-12-01 01:45:35.743,75.361,-0.019,-0.759,-0.020,0.651,0.405,1.161,0.263
2016-12-01 01:45:35.754,75.383,-0.019,-0.758,-0.020,0.652,0.405,1.161,0.264
2016-12-01 01:45:35.765,75.383,-0.019,-0.756,-0.020,0.654,0.405,1.161,0.263
2016-12-01 01:45:35.776,75.404,-0.020,-0.755,-0.020,0.655,0.405,1.161,0.264
2016-12-01 01:45:35.787,75.425,-0.020,-0.754,-0.020,0.657,0.405,1.161,0.264
2016-12-01 01:45:35.799,75.425,-0.020,-0.752,-0.020,0.658,0.405,1.161,0.264
2016-12-01 01:45:35.809,75.447,-0.020,-0.751,-0.020,0.660,0.406,1.161,0.264
2016-12-01 01:45:35.821,75.447,-0.020,-0.750,-0.020,0.661,0.406,1.161,0.264
2016-12-01 01:45:35.832,75.468,-0.020,-0.748,-0.020,0.663,0.406,1.161,0.264
2016-12-01 01:45:35.843,75.468,-0.020,-0.747,-0.020,0.664,0.406,1.161,0.264
2016-12-01 01:45:35.854,75.489,-0.021,-0.746,-0.019,0.666,0.406,1.161,0.264
2016-12-01 01:45:35.865,75.489,-0.021,-0.744,-0.019,0.667,0.406,1.161,0.264
2016-12-01 01:45:35.876,75.511,-0.021,-0.743,-0.019,0.669,0.406,1.161,0.264
2016-12-01 01:45:35.888,75.511,-0.021,-0.742,-0.019,0.670,0.407,1.161,0.264
2016-12-01 01:45:35.898,75.532,-0.022,-0.741,-0.019,0.671,0.407,1.161,0.264
2016-12-01 01:45:35.910,75.532,-0.022,-0.739,-0.019,0.673,0.407,1.161,0.264
2016-12-01 01:45:35.921,75.553,-0.022,-0.738,-0.019,0.674,0.407,1.161,0.264
2016-12-01 01:45:35.933,75.553,-0.022,-0.737,-0.019,0.675,0.407,1.161,0.264
2016-12-01 01:45:35.943,75.575,-0.023,-0.736,-0.019,0.677,0.407,1.161,0.264
2016-12-01 01:45:35.954,75.575,-0.023,-0.735,-0.018,0.678,0.407,1.161,0.264
2016-12-01 01:45:35.966,75.596,-0.023,-0.734,-0.018,0.679,0.407,1.161,0.263
2016-12-01 01:45:35.978,75.617,-0.023,-0.733,-0.018,0.680,0.407,1.161,0.263
2016-12-01 01:45:35.988,75.617,-0.023,-0.732,-0.018,0.681,0.408,1.161,0.263
2016-12-01 01:45:35.999,75.639,-0.024,-0.731,-0.018,0.682,0.408,1.161,0.263
2016-12-01 01:45:36.010,75.639,-0.024,-0.730,-0.018,0.683,0.408,1.161,0.263
2016-12-01 01:45:36.021,75.660,-0.024,-0.729,-0.017,0.684,0.408,1.161,0.263
2016-12-01 01:45:36.033,75.660,-0.024,-0.728,-0.017,0.685,0.408,1.161,0.263
2016-12-01 01:45:36.044,75.660,-0.024,-0.727,-0.017,0.686,0.409,1.161,0.263
2016-12-01 01:45:36.055,75.681,-0.024,-0.726,-0.016,0.687,0.409,1.161,0.263
2016-12-01 01:45:36.066,75.703,-0.024,-0.726,-0.016,0.687,0.409,1.161,0.263
2016-12-01 01:45:36.077,75.703,-0.024,-0.725,-0.016,0.688,0.409,1.161,0.263
2016-12-01 01:45:36.088,75.724,-0.024,-0.724,-0.016,0.689,0.409,1.161,0.262
2016-12-01 01:45:36.100,75.724,-0.025,-0.724,-0.016,0.690,0.409,1.161,0.262
2016-12-01 01:45:36.110,75.745,-0.025,-0.723,-0.016,0.690,0.410,1.161,0.262
2016-12-01 01:45:36.123,75.745,-0.024,-0.722,-0.016,0.691,0.410,1.161,0.262
2016-12-01 01:45:36.133,75.767,-0.024,-0.722,-0.016,0.691,0.410,1.161,0.262
2016-12-01 01:45:36.144,75.767,-0.025,-0.721,-0.015,0.692,0.410,1.161,0.262
2016-12-01 01:45:36.155,75.788,-0.025,-0.721,-0.015,0.692,0.410,1.161,0.262
2016-12-01 01:45:36.167,75.809,-0.025,-0.720,-0.015,0.693,0.410,1.161,0.261
2016-12-01 01:45:36.178,75.809,-0.025,-0.720,-0.015,0.693,0.410,1.161,0.261
2016-12-01 01:45:36.189,75.809,-0.025,-0.720,-0.015,0.694,0.411,1.161,0.261
2016-12-01 01:45:36.200,75.831,-0.025,-0.719,-0.014,0.694,0.411,1.161,0.261
2016-12-01 01:45:36.211,75.831,-0.025,-0.719,-0.014,0.695,0.411,1.161,0.261
2016-12-01 01:45:36.222,75.852,-0.025,-0.718,-0.014,0.695,0.411,1.161,0.261
2016-12-01 01:45:36.234,75.852,-0.025,-0.718,-0.014,0.696,0.411,1.161,0.261
2016-12-01 01:45:36.245,75.873,-0.026,-0.717,-0.013,0.696,0.411,1.160,0.261
2016-12-01 01:45:36.256,75.873,-0.026,-0.717,-0.013,0.697,0.411,1.160,0.260
2016-12-01 01:45:36.267,75.895,-0.026,-0.716,-0.013,0.697,0.411,1.160,0.260
2016-12-01 01:45:36.278,75.916,-0.027,-0.715,-0.013,0.698,0.411,1.160,0.260
2016-12-01 01:45:36.290,75.916,-0.027,-0.715,-0.012,0.699,0.411,1.160,0.260
2016-12-01 01:45:36.300,75.937,-0.028,-0.714,-0.012,0.699,0.411,1.160,0.260
2016-12-01 01:45:36.312,75.937,-0.029,-0.714,-0.012,0.700,0.411,1.160,0.260
2016-12-01 01:45:36.323,75.959,-0.029,-0.713,-0.012,0.701,0.411,1.160,0.260
2016-12-01 01:45:36.335,75.959,-0.030,-0.712,-0.011,0.701,0.411,1.161,0.260
2016-12-01 01:45:36.345,75.980,-0.031,-0.712,-0.011,0.702,0.411,1.161,0.259
2016-12-01 01:45:36.357,75.980,-0.031,-0.711,-0.011,0.702,0.411,1.161,0.259
2016-12-01 01:45:36.368,76.001,-0.032,-0.711,-0.011,0.703,0.411,1.161,0.259
2016-12-01 01:45:36.379,76.001,-0.033,-0.710,-0.011,0.703,0.411,1.161,0.259
2016-12-01 01:45:36.390,76.023,-0.033,-0.710,-0.011,0.704,0.411,1.161,0.259
2016-12-01 01:45:36.402,76.023,-0.034,-0.709,-0.011,0.704,0.411,1.161,0.259
2016-12-01 01:45:36.412,76.044,-0.034,-0.709,-0.011,0.704,0.410,1.161,0.258
2016-12-01 01:45:36.424,76.044,-0.035,-0.709,-0.011,0.704,0.410,1.161,0.258
2016-12-01 01:45:36.435,76.065,-0.035,-0.709,-0.011,0.704,0.410,1.161,0.258
2016-12-01 01:45:36.446,76.087,-0.035,-0.709,-0.011,0.704,0.410,1.161,0.257
2016-12-01 01:45:36.457,76.087,-0.035,-0.709,-0.010,0.704,0.410,1.161,0.257
2016-12-01 01:45:36.468,76.108,-0.035,-0.710,-0.010,0.704,0.410,1.161,0.257
2016-12-01 01:45:36.479,76.108,-0.035,-0.710,-0.010,0.703,0.410,1.161,0.257
2016-12-01 01:45:36.490,76.129,-0.035,-0.710,-0.010,0.703,0.410,1.161,0.256
2016-12-01 01:45:36.502,76.129,-0.035,-0.711,-0.010,0.702,0.410,1.161,0.256
2016-12-01 01:45:36.513,76.129,-0.035,-0.711,-0.009,0.702,0.410,1.161,0.255
2016-12-01 01:45:36.524,76.151,-0.035,-0.712,-0.009,0.701,0.409,1.160,0.255
2016-12-01 01:45:36.536,76.151,-0.035,-0.713,-0.008,0.700,0.409,1.160,0.255
2016-12-01 01:45:36.546,76.172,-0.035,-0.714,-0.008,0.699,0.409,1.160,0.254
2016-12-01 01:45:36.558,76.193,-0.035,-0.715,-0.007,0.698,0.409,1.160,0.254
2016-12-01 01:45:36.569,76.193,-0.034,-0.716,-0.007,0.697,0.409,1.160,0.253
2016-12-01 01:45:36.580,76.215,-0.034,-0.717,-0.006,0.696,0.409,1.160,0.253
2016-12-01 01:45:36.591,76.215,-0.034,-0.718,-0.006,0.695,0.409,1.160,0.253
2016-12-01 01:45:36.602,76.236,-0.033,-0.719,-0.005,0.694,0.409,1.160,0.252
2016-12-01 01:45:36.613,76.236,-0.033,-0.720,-0.004,0.693,0.408,1.160,0.252
2016-12-01 01:45:36.624,76.257,-0.032,-0.722,-0.004,0.691,0.408,1.160,0.251
2016-12-01 01:45:36.636,76.279,-0.032,-0.723,-0.003,0.690,0.408,1.160,0.251
2016-12-01 01:45:36.647,76.279,-0.031,-0.724,-0.002,0.689,0.408,1.160,0.250
2016-12-01 01:45:36.658,76.300,-0.031,-0.725,-0.002,0.688,0.408,1.160,0.250
2016-12-01 01:45:36.669,76.300,-0.030,-0.727,-0.001,0.686,0.408,1.159,0.249
2016-12-01 01:45:36.680,76.300,-0.029,-0.728,0.000,0.685,0.407,1.159,0.249
2016-12-01 01:45:36.692,76.321,-0.029,-0.729,0.000,0.684,0.407,1.159,0.248
2016-12-01 01:45:36.703,76.321,-0.029,-0.730,0.001,0.683,0.407,1.159,0.248
2016-12-01 01:45:36.714,76.343,-0.028,-0.731,0.002,0.681,0.407,1.159,0.247
2016-12-01 01:45:36.725,76.343,-0.028,-0.733,0.003,0.680,0.407,1.159,0.247
2016-12-01 01:45:36.736,76.364,-0.027,-0.734,0.003,0.679,0.407,1.159,0.246
2016-12-01 01:45:36.748,76.385,-0.027,-0.735,0.004,0.678,0.407,1.158,0.246
2016-12-01 01:45:36.759,76.385,-0.026,-0.736,0.005,0.677,0.407,1.158,0.245
2016-12-01 01:45:36.770,76.407,-0.026,-0.737,0.006,0.676,0.406,1.158,0.245
2016-12-01 01:45:36.781,76.407,-0.025,-0.738,0.006,0.675,0.406,1.158,0.244
2016-12-01 01:45:36.792,76.428,-0.025,-0.739,0.007,0.673,0.406,1.158,0.244
2016-12-01 01:45:36.804,76.428,-0.025,-0.740,0.008,0.672,0.406,1.158,0.244
2016-12-01 01:45:36.814,76.449,-0.024,-0.741,0.009,0.671,0.406,1.158,0.243
2016-12-01 01:45:36.826,76.471,-0.024,-0.743,0.009,0.669,0.406,1.158,0.243
2016-12-01 01:45:36.836,76.471,-0.023,-0.744,0.010,0.667,0.405,1.158,0.242
2016-12-01 01:45:36.848,76.471,-0.023,-0.746,0.010,0.666,0.405,1.157,0.241
2016-12-01 01:45:36.859,76.492,-0.022,-0.748,0.010,0.664,0.405,1.157,0.241
2016-12-01 01:45:36.871,76.492,-0.021,-0.749,0.011,0.662,0.405,1.157,0.240
2016-12-01 01:45:36.882,76.513,-0.020,-0.751,0.011,0.660,0.405,1.157,0.240
2016-12-01 01:45:36.893,76.513,-0.019,-0.752,0.012,0.658,0.405,1.157,0.239
2016-12-01 01:45:36.904,76.535,-0.019,-0.754,0.012,0.657,0.404,1.157,0.239
2016-12-01 01:45:36.915,76.535,-0.018,-0.756,0.012,0.655,0.404,1.157,0.238
2016-12-01 01:45:36.926,76.556,-0.018,-0.757,0.013,0.653,0.404,1.157,0.238
2016-12-01 01:45:36.938,76.577,-0.018,-0.759,0.013,0.651,0.404,1.157,0.237
2016-12-01 01:45:36.949,76.577,-0.017,-0.760,0.014,0.649,0.404,1.157,0.237
2016-12-01 01:45:36.960,76.599,-0.017,-0.762,0.014,0.647,0.403,1.156,0.236
2016-12-01 01:45:36.971,76.599,-0.016,-0.764,0.014,0.645,0.403,1.156,0.236
2016-12-01 01:45:36.982,76.620,-0.016,-0.765,0.015,0.644,0.403,1.156,0.235
2016-12-01 01:45:36.994,76.620,-0.016,-0.766,0.015,0.642,0.403,1.156,0.235
2016-12-01 01:45:37.004,76.620,-0.016,-0.768,0.015,0.640,0.403,1.156,0.234
2016-12-01 01:45:37.015,76.641,-0.016,-0.770,0.016,0.638,0.403,1.156,0.234
2016-12-01 01:45:37.027,76.663,-0.016,-0.771,0.016,0.636,0.402,1.156,0.233
2016-12-01 01:45:37.038,76.663,-0.016,-0.773,0.016,0.634,0.402,1.156,0.233
2016-12-01 01:45:37.049,76.684,-0.016,-0.775,0.017,0.632,0.402,1.156,0.232
2016-12-01 01:45:37.061,76.684,-0.016,-0.776,0.017,0.630,0.402,1.156,0.232
2016-12-01 01:45:37.072,76.705,-0.016,-0.778,0.017,0.628,0.402,1.156,0.232
2016-12-01 01:45:37.083,76.705,-0.016,-0.779,0.017,0.626,0.402,1.156,0.231
2016-12-01 01:45:37.094,76.727,-0.016,-0.781,0.018,0.624,0.402,1.156,0.231
2016-12-01 01:45:37.106,76.727,-0.016,-0.782,0.018,0.622,0.402,1.155,0.231
2016-12-01 01:45:37.116,76.748,-0.016,-0.784,0.018,0.620,0.402,1.155,0.230
2016-12-01 01:45:37.128,76.769,-0.016,-0.786,0.019,0.618,0.402,1.155,0.230
2016-12-01 01:45:37.138,76.769,-0.016,-0.787,0.019,0.616,0.402,1.155,0.230
2016-12-01 01:45:37.150,76.791,-0.015,-0.789,0.020,0.614,0.402,1.155,0.229
2016-12-01 01:45:37.161,76.791,-0.015,-0.790,0.020,0.613,0.402,1.155,0.229
2016-12-01 01:45:37.172,76.791,-0.015,-0.791,0.020,0.611,0.402,1.155,0.229
2016-12-01 01:45:37.183,76.812,-0.015,-0.793,0.021,0.609,0.402,1.155,0.229
2016-12-01 01:45:37.194,76.812,-0.014,-0.794,0.021,0.607,0.402,1.155,0.228
2016-12-01 01:45:37.205,76.833,-0.014,-0.795,0.022,0.606,0.402,1.154,0.228
2016-12-01 01:45:37.216,76.855,-0.014,-0.797,0.022,0.604,0.402,1.154,0.228
2016-12-01 01:45:37.228,76.855,-0.013,-0.798,0.023,0.602,0.403,1.154,0.228
2016-12-01 01:45:37.239,76.876,-0.013,-0.799,0.023,0.601,0.402,1.154,0.228
2016-12-01 01:45:37.250,76.876,-0.013,-0.800,0.024,0.599,0.402,1.154,0.228
2016-12-01 01:45:37.261,76.897,-0.013,-0.801,0.024,0.598,0.403,1.154,0.228
2016-12-01 01:45:37.273,76.897,-0.012,-0.802,0.024,0.596,0.403,1.154,0.228
2016-12-01 01:45:37.284,76.919,-0.012,-0.803,0.025,0.595,0.403,1.154,0.227
2016-12-01 01:45:37.296,76.919,-0.012,-0.804,0.025,0.593,0.403,1.154,0.227
2016-12-01 01:45:37.306,76.940,-0.011,-0.805,0.025,0.592,0.403,1.154,0.227
2016-12-01 01:45:37.317,76.940,-0.011,-0.807,0.025,0.591,0.403,1.154,0.227
2016-12-01 01:45:37.328,76.961,-0.010,-0.808,0.025,0.589,0.403,1.154,0.227
2016-12-01 01:45:37.340,76.961,-0.010,-0.809,0.026,0.588,0.403,1.153,0.227
2016-12-01 01:45:37.351,76.983,-0.010,-0.810,0.026,0.586,0.403,1.153,0.227
2016-12-01 01:45:37.362,76.983,-0.009,-0.811,0.026,0.584,0.403,1.153,0.227
2016-12-01 01:45:37.373,77.004,-0.009,-0.812,0.026,0.583,0.403,1.153,0.227
2016-12-01 01:45:37.384,77.004,-0.008,-0.813,0.026,0.581,0.403,1.153,0.227
2016-12-01 01:45:37.395,77.025,-0.007,-0.814,0.026,0.580,0.403,1.153,0.227
2016-12-01 01:45:37.407,77.047,-0.007,-0.815,0.026,0.578,0.403,1.153,0.227
2016-12-01 01:45:37.418,77.047,-0.006,-0.816,0.026,0.577,0.403,1.153,0.227
2016-12-01 01:45:37.428,77.068,-0.005,-0.817,0.026,0.576,0.403,1.153,0.228
2016-12-01 01:45:37.440,77.068,-0.005,-0.818,0.026,0.574,0.403,1.153,0.228
2016-12-01 01:45:37.451,77.089,-0.004,-0.819,0.027,0.573,0.403,1.153,0.228
2016-12-01 01:45:37.463,77.089,-0.003,-0.820,0.027,0.572,0.403,1.153,0.228
2016-12-01 01:45:37.474,77.111,-0.002,-0.820,0.027,0.571,0.403,1.153,0.228
2016-12-01 01:45:37.485,77.111,-0.001,-0.821,0.027,0.570,0.403,1.153,0.228
2016-12-01 01:45:37.496,77.111,-0.001,-0.822,0.027,0.569,0.403,1.152,0.228
2016-12-01 01:45:37.507,77.132,0.000,-0.823,0.027,0.568,0.403,1.152,0.228
2016-12-01 01:45:37.518,77.153,0.001,-0.823,0.027,0.567,0.403,1.152,0.229
2016-12-01 01:45:37.529,77.153,0.002,-0.824,0.028,0.566,0.403,1.152,0.229
2016-12-01 01:45:37.540,77.175,0.003,-0.825,0.028,0.565,0.403,1.152,0.229
2016-12-01 01:45:37.552,77.175,0.003,-0.826,0.028,0.564,0.403,1.152,0.229
2016-12-01 01:45:37.563,77.196,0.005,-0.826,0.028,0.563,0.402,1.152,0.229
2016-12-01 01:45:37.574,77.196,0.005,-0.827,0.029,0.562,0.402,1.152,0.230
2016-12-01 01:45:37.585,77.217,0.006,-0.827,0.029,0.561,0.402,1.152,0.230
2016-12-01 01:45:37.597,77.239,0.007,-0.828,0.029,0.560,0.402,1.152,0.230
2016-12-01 01:45:37.607,77.239,0.008,-0.829,0.029,0.559,0.402,1.151,0.230
2016-12-01 01:45:37.618,77.260,0.009,-0.830,0.030,0.557,0.401,1.151,0.231
2016-12-01 01:45:37.630,77.260,0.010,-0.831,0.030,0.556,0.401,1.151,0.231
2016-12-01 01:45:37.641,77.281,0.011,-0.831,0.030,0.555,0.401,1.151,0.231
2016-12-01 01:45:37.653,77.281,0.012,-0.832,0.030,0.553,0.401,1.151,0.231
2016-12-01 01:45:37.664,77.281,0.013,-0.833,0.031,0.552,0.401,1.151,0.231
2016-12-01 01:45:37.675,77.303,0.014,-0.834,0.031,0.551,0.400,1.151,0.232
2016-12-01 01:45:37.686,77.303,0.015,-0.835,0.031,0.549,0.400,1.151,0.232
2016-12-01 01:45:37.697,77.324,0.016,-0.836,0.031,0.548,0.400,1.150,0.232
2016-12-01 01:45:37.708,77.345,0.017,-0.837,0.031,0.546,0.400,1.150,0.232
2016-12-01 01:45:37.720,77.345,0.018,-0.838,0.031,0.544,0.399,1.150,0.232
2016-12-01 01:45:37.730,77.367,0.019,-0.839,0.032,0.543,0.399,1.150,0.233
2016-12-01 01:45:37.741,77.367,0.019,-0.840,0.032,0.541,0.399,1.150,0.233
2016-12-01 01:45:37.753,77.388,0.020,-0.841,0.032,0.540,0.399,1.150,0.233
2016-12-01 01:45:37.764,77.388,0.021,-0.842,0.032,0.538,0.399,1.150,0.233
2016-12-01 01:45:37.775,77.409,0.022,-0.843,0.032,0.537,0.398,1.150,0.233
2016-12-01 01:45:37.786,77.431,0.022,-0.844,0.033,0.535,0.398,1.150,0.234
2016-12-01 01:45:37.798,77.431,0.023,-0.845,0.033,0.534,0.398,1.150,0.234
2016-12-01 01:45:37.808,77.431,0.023,-0.845,0.033,0.533,0.397,1.150,0.234
2016-12-01 01:45:37.820,77.452,0.024,-0.846,0.034,0.531,0.397,1.150,0.234
2016-12-01 01:45:37.832,77.452,0.024,-0.847,0.034,0.530,0.397,1.150,0.234
2016-12-01 01:45:37.842,77.473,0.024,-0.848,0.035,0.528,0.396,1.150,0.234
2016-12-01 01:45:37.853,77.473,0.025,-0.849,0.036,0.527,0.396,1.149,0.234
2016-12-01 01:45:37.865,77.495,0.025,-0.850,0.037,0.525,0.395,1.149,0.234
2016-12-01 01:45:37.876,77.516,0.025,-0.851,0.038,0.523,0.395,1.149,0.234
2016-12-01 01:45:37.887,77.516,0.025,-0.852,0.039,0.521,0.395,1.149,0.234
2016-12-01 01:45:37.898,77.537,0.025,-0.853,0.040,0.520,0.394,1.149,0.235
2016-12-01 01:45:37.909,77.537,0.026,-0.854,0.041,0.518,0.393,1.149,0.234
2016-12-01 01:45:37.920,77.559,0.027,-0.855,0.042,0.516,0.393,1.148,0.234
2016-12-01 01:45:37.932,77.559,0.027,-0.856,0.043,0.514,0.392,1.148,0.234
2016-12-01 01:45:37.942,77.580,0.028,-0.857,0.044,0.512,0.392,1.148,0.235
2016-12-01 01:45:37.954,77.580,0.029,-0.858,0.045,0.511,0.391,1.148,0.234
2016-12-01 01:45:37.965,77.601,0.031,-0.859,0.046,0.509,0.390,1.147,0.234
2016-12-01 01:45:37.976,77.601,0.032,-0.860,0.048,0.507,0.390,1.147,0.234
2016-12-01 01:45:37.987,77.623,0.033,-0.861,0.049,0.506,0.389,1.147,0.234
2016-12-01 01:45:37.999,77.623,0.034,-0.861,0.050,0.504,0.388,1.146,0.234
2016-12-01 01:45:38.010,77.644,0.035,-0.862,0.052,0.503,0.388,1.146,0.234
2016-12-01 01:45:38.021,77.644,0.037,-0.863,0.053,0.501,0.387,1.146,0.234
2016-12-01 01:45:38.032,77.665,0.039,-0.863,0.055,0.500,0.386,1.145,0.233
2016-12-01 01:45:38.044,77.665,-0.040,0.864,-0.057,-0.499,0.385,1.145,0.233
2016-12-01 01:45:38.054,77.687,-0.042,0.864,-0.059,-0.498,0.385,1.144,0.233
2016-12-01 01:45:38.066,77.687,-0.044,0.865,-0.061,-0.497,0.384,1.144,0.233
2016-12-01 01:45:38.077,77.708,-0.046,0.865,-0.063,-0.496,0.383,1.143,0.232
2016-12-01 01:45:38.088,77.729,-0.048,0.865,-0.066,-0.496,0.383,1.142,0.232
2016-12-01 01:45:38.099,77.729,-0.050,0.864,-0.068,-0.496,0.382,1.142,0.232
2016-12-01 01:45:38.110,77.751,-0.052,0.864,-0.071,-0.496,0.382,1.141,0.232
2016-12-01 01:45:38.122,77.751,-0.055,0.863,-0.073,-0.496,0.381,1.140,0.231
2016-12-01 01:45:38.132,77.751,-0.057,0.863,-0.076,-0.496,0.381,1.140,0.231
2016-12-01 01:45:38.144,77.772,-0.060,0.862,-0.079,-0.497,0.380,1.139,0.231
2016-12-01 01:45:38.155,77.772,-0.062,0.862,-0.083,-0.497,0.380,1.138,0.230
2016-12-01 01:45:38.166,77.793,-0.064,0.861,-0.086,-0.497,0.380,1.138,0.230
2016-12-01 01:45:38.177,77.815,-0.066,0.860,-0.089,-0.498,0.379,1.137,0.230
2016-12-01 01:45:38.189,77.815,-0.068,0.859,-0.092,-0.498,0.379,1.137,0.230
2016-12-01 01:45:38.200,77.836,-0.070,0.859,-0.095,-0.499,0.379,1.136,0.229
2016-12-01 01:45:38.211,77.836,-0.072,0.858,-0.098,-0.499,0.379,1.135,0.229
2016-12-01 01:45:38.222,77.857,-0.073,0.857,-0.100,-0.500,0.378,1.135,0.228
2016-12-01 01:45:38.234,77.857,0.075,-0.856,0.103,0.500,0.378,1.134,0.228
2016-12-01 01:45:38.244,77.879,0.076,-0.855,0.106,0.501,0.378,1.133,0.228
2016-12-01 01:45:38.256,77.879,0.078,-0.854,0.109,0.502,0.378,1.133,0.228
2016-12-01 01:45:38.267,77.900,0.079,-0.853,0.113,0.503,0.378,1.132,0.227
2016-12-01 01:45:38.278,77.921,0.080,-0.852,0.116,0.504,0.378,1.132,0.227
2016-12-01 01:45:38.289,77.921,0.081,-0.851,0.118,0.504,0.378,1.131,0.227
2016-12-01 01:45:38.300,77.921,0.082,-0.851,0.121,0.505,0.378,1.131,0.226
2016-12-01 01:45:38.311,77.943,0.083,-0.850,0.124,0.506,0.378,1.130,0.226
2016-12-01 01:45:38.322,77.943,0.086,-0.849,0.128,0.505,0.378,1.130,0.225
2016-12-01 01:45:38.334,77.964,0.086,-0.848,0.129,0.507,0.378,1.129,0.225
2016-12-01 01:45:38.345,77.964,0.086,-0.847,0.133,0.507,0.378,1.128,0.225
2016-12-01 01:45:38.356,77.985,0.086,-0.847,0.136,0.507,0.378,1.128,0.224
2016-12-01 01:45:38.367,78.007,0.087,-0.846,0.138,0.508,0.378,1.128,0.224
2016-12-01 01:45:38.378,78.007,0.088,-0.846,0.140,0.508,0.378,1.127,0.223
2016-12-01 01:45:38.390,78.028,0.088,-0.845,0.143,0.508,0.378,1.127,0.223
2016-12-01 01:45:38.401,78.028,0.088,-0.845,0.145,0.507,0.378,1.127,0.223
2016-12-01 01:45:38.412,78.049,0.088,-0.845,0.147,0.507,0.379,1.127,0.222
2016-12-01 01:45:38.423,78.049,0.088,-0.844,0.149,0.507,0.379,1.126,0.222
2016-12-01 01:45:38.434,78.071,0.088,-0.844,0.151,0.507,0.379,1.126,0.221
2016-12-01 01:45:38.445,78.071,0.088,-0.844,0.153,0.507,0.379,1.126,0.221
2016-12-01 01:45:38.456,78.092,0.088,-0.844,0.154,0.506,0.379,1.126,0.220
2016-12-01 01:45:38.468,78.092,0.088,-0.844,0.155,0.506,0.379,1.125,0.220
2016-12-01 01:45:38.479,78.113,0.088,-0.844,0.156,0.506,0.379,1.125,0.219
2016-12-01 01:45:38.490,78.113,0.089,-0.844,0.158,0.505,0.378,1.125,0.219
2016-12-01 01:45:38.501,78.135,0.089,-0.844,0.159,0.505,0.378,1.125,0.219
2016-12-01 01:45:38.512,78.135,0.089,-0.844,0.160,0.505,0.379,1.125,0.218
2016-12-01 01:45:38.523,78.156,0.089,-0.844,0.161,0.504,0.378,1.124,0.218
2016-12-01 01:45:38.535,78.156,0.089,-0.844,0.162,0.504,0.378,1.124,0.217
2016-12-01 01:45:38.546,78.177,0.089,-0.844,0.162,0.504,0.378,1.124,0.217
2016-12-01 01:45:38.557,78.199,0.089,-0.844,0.163,0.503,0.378,1.124,0.217
2016-12-01 01:45:38.569,78.199,0.089,-0.844,0.164,0.503,0.378,1.124,0.216
2016-12-01 01:45:38.580,78.220,0.089,-0.844,0.164,0.503,0.378,1.124,0.216
2016-12-01 01:45:38.591,78.220,0.090,-0.844,0.165,0.503,0.378,1.124,0.216
2016-12-01 01:45:38.602,78.241,0.090,-0.844,0.166,0.502,0.378,1.123,0.215
2016-12-01 01:45:38.613,78.241,0.090,-0.844,0.167,0.502,0.378,1.123,0.215
2016-12-01 01:45:38.624,78.241,0.091,-0.844,0.169,0.501,0.378,1.123,0.215
2016-12-01 01:45:38.635,78.263,0.091,-0.844,0.169,0.501,0.377,1.123,0.215
2016-12-01 01:45:38.647,78.284,0.092,-0.844,0.169,0.501,0.377,1.123,0.214
2016-12-01 01:45:38.658,78.284,0.092,-0.844,0.170,0.501,0.377,1.123,0.214
2016-12-01 01:45:38.669,78.305,0.093,-0.844,0.170,0.501,0.377,1.123,0.214
2016-12-01 01:45:38.680,78.305,0.093,-0.844,0.170,0.501,0.377,1.123,0.214
2016-12-01 01:45:38.691,78.327,0.094,-0.844,0.170,0.501,0.377,1.123,0.214
2016-12-01 01:45:38.702,78.327,0.094,-0.844,0.170,0.501,0.376,1.122,0.214
2016-12-01 01:45:38.713,78.348,0.094,-0.844,0.171,0.500,0.376,1.122,0.214
2016-12-01 01:45:38.725,78.348,0.095,-0.843,0.171,0.500,0.376,1.122,0.214
2016-12-01 01:45:38.735,78.369,0.095,-0.843,0.171,0.500,0.376,1.122,0.214
2016-12-01 01:45:38.747,78.391,0.096,-0.843,0.172,0.501,0.376,1.122,0.214
2016-12-01 01:45:38.759,78.391,0.096,-0.843,0.172,0.501,0.376,1.122,0.213
2016-12-01 01:45:38.769,78.412,0.097,-0.843,0.172,0.501,0.375,1.122,0.213
2016-12-01 01:45:38.781,78.412,0.097,-0.842,0.173,0.501,0.376,1.121,0.213
2016-12-01 01:45:38.792,78.412,0.097,-0.842,0.173,0.501,0.375,1.121,0.213
2016-12-01 01:45:38.803,78.433,0.097,-0.842,0.174,0.501,0.375,1.121,0.213
2016-12-01 01:45:38.815,78.433,0.097,-0.843,0.174,0.500,0.375,1.121,0.213
2016-12-01 01:45:38.825,78.455,0.097,-0.843,0.175,0.500,0.375,1.121,0.213
2016-12-01 01:45:38.839,78.476,-0.097,0.843,-0.175,-0.500,0.375,1.121,0.213
2016-12-01 01:45:38.848,78.476,-0.098,0.843,-0.175,-0.500,0.375,1.121,0.213
2016-12-01 01:45:38.859,78.497,-0.098,0.843,-0.175,-0.500,0.375,1.121,0.212
2016-12-01 01:45:38.870,78.497,-0.098,0.843,-0.175,-0.499,0.375,1.121,0.212
2016-12-01 01:45:38.881,78.519,-0.098,0.843,-0.175,-0.499,0.375,1.121,0.212
2016-12-01 01:45:38.893,78.519,-0.098,0.843,-0.174,-0.499,0.375,1.121,0.212
2016-12-01 01:45:38.903,78.540,-0.098,0.844,-0.174,-0.498,0.375,1.121,0.212
2016-12-01 01:45:38.914,78.540,-0.098,0.844,-0.174,-0.498,0.375,1.121,0.212
2016-12-01 01:45:38.925,78.561,-0.098,0.844,-0.174,-0.498,0.375,1.121,0.212
2016-12-01 01:45:38.938,78.561,-0.099,0.844,-0.174,-0.498,0.375,1.121,0.212
2016-12-01 01:45:38.948,78.583,-0.099,0.844,-0.174,-0.498,0.375,1.121,0.212
2016-12-01 01:45:38.960,78.583,-0.099,0.844,-0.173,-0.497,0.375,1.121,0.212
2016-12-01 01:45:38.970,78.604,-0.099,0.844,-0.173,-0.497,0.375,1.121,0.212
2016-12-01 01:45:38.981,78.604,-0.099,0.844,-0.173,-0.497,0.375,1.120,0.212
2016-12-01 01:45:38.993,78.625,-0.099,0.845,-0.173,-0.497,0.375,1.121,0.212
2016-12-01 01:45:39.004,78.625,-0.100,0.845,-0.173,-0.496,0.375,1.120,0.212
2016-12-01 01:45:39.015,78.647,-0.100,0.845,-0.173,-0.496,0.375,1.121,0.212
2016-12-01 01:45:39.027,78.668,-0.100,0.845,-0.173,-0.496,0.375,1.120,0.212
2016-12-01 01:45:39.037,78.668,-0.100,0.845,-0.173,-0.496,0.375,1.120,0.212
2016-12-01 01:45:39.048,78.689,-0.101,0.845,-0.173,-0.496,0.375,1.120,0.212
2016-12-01 01:45:39.061,78.689,-0.101,0.845,-0.172,-0.496,0.375,1.121,0.212
2016-12-01 01:45:39.071,78.711,-0.101,0.845,-0.172,-0.496,0.375,1.121,0.212
2016-12-01 01:45:39.082,78.711,-0.101,0.845,-0.171,-0.496,0.375,1.121,0.213
2016-12-01 01:45:39.093,78.732,-0.100,0.846,-0.170,-0.496,0.375,1.121,0.213
2016-12-01 01:45:39.105,78.732,-0.100,0.846,-0.169,-0.496,0.375,1.121,0.213
2016-12-01 01:45:39.116,78.732,-0.099,0.846,-0.168,-0.497,0.375,1.121,0.213
2016-12-01 01:45:39.127,78.753,-0.099,0.845,-0.168,-0.497,0.375,1.121,0.213
2016-12-01 01:45:39.138,78.775,-0.100,0.845,-0.167,-0.498,0.375,1.121,0.214
2016-12-01 01:45:39.149,78.775,-0.100,0.845,-0.167,-0.498,0.375,1.121,0.214
2016-12-01 01:45:39.160,78.796,-0.100,0.845,-0.167,-0.498,0.375,1.121,0.214
2016-12-01 01:45:39.172,78.796,-0.100,0.845,-0.166,-0.499,0.375,1.121,0.214
2016-12-01 01:45:39.183,78.817,-0.100,0.845,-0.166,-0.499,0.375,1.122,0.214
2016-12-01 01:45:39.194,78.817,-0.100,0.845,-0.165,-0.499,0.375,1.122,0.215
2016-12-01 01:45:39.205,78.839,-0.100,0.845,-0.165,-0.499,0.375,1.122,0.215
2016-12-01 01:45:39.216,78.860,-0.099,0.845,-0.164,-0.499,0.375,1.122,0.215
2016-12-01 01:45:39.227,78.860,-0.099,0.845,-0.163,-0.499,0.375,1.122,0.215
2016-12-01 01:45:39.238,78.881,-0.099,0.845,-0.162,-0.499,0.375,1.122,0.215
2016-12-01 01:45:39.250,78.881,-0.099,0.846,-0.162,-0.499,0.375,1.122,0.215
2016-12-01 01:45:39.260,78.903,-0.099,0.846,-0.162,-0.498,0.375,1.122,0.215
2016-12-01 01:45:39.272,78.903,-0.099,0.847,-0.161,-0.498,0.375,1.122,0.216
2016-12-01 01:45:39.283,78.903,-0.098,0.847,-0.161,-0.497,0.375,1.122,0.216
2016-12-01 01:45:39.294,78.924,-0.097,0.848,-0.160,-0.496,0.375,1.122,0.216
2016-12-01 01:45:39.306,78.924,-0.096,0.849,-0.159,-0.495,0.376,1.123,0.216
2016-12-01 01:45:39.317,78.945,-0.095,0.850,-0.158,-0.494,0.376,1.123,0.216
2016-12-01 01:45:39.328,78.967,-0.095,0.851,-0.157,-0.492,0.376,1.123,0.216
2016-12-01 01:45:39.339,78.967,-0.094,0.852,-0.156,-0.491,0.376,1.123,0.216
2016-12-01 01:45:39.350,78.988,-0.094,0.853,-0.155,-0.490,0.376,1.123,0.216
2016-12-01 01:45:39.362,78.988,-0.093,0.854,-0.154,-0.488,0.377,1.123,0.216
2016-12-01 01:45:39.372,79.009,-0.093,0.855,-0.153,-0.486,0.377,1.124,0.216
2016-12-01 01:45:39.384,79.009,-0.093,0.857,-0.152,-0.484,0.377,1.124,0.216
2016-12-01 01:45:39.395,79.031,-0.093,0.858,-0.151,-0.482,0.378,1.124,0.216
2016-12-01 01:45:39.406,79.052,-0.093,0.859,-0.150,-0.480,0.378,1.124,0.216
2016-12-01 01:45:39.417,79.052,-0.093,0.860,-0.148,-0.479,0.378,1.125,0.216
2016-12-01 01:45:39.428,79.052,-0.093,0.862,-0.147,-0.477,0.379,1.125,0.216
2016-12-01 01:45:39.439,79.073,-0.092,0.863,-0.145,-0.475,0.379,1.125,0.216
2016-12-01 01:45:39.450,79.073,-0.092,0.864,-0.144,-0.474,0.379,1.126,0.216
2016-12-01 01:45:39.461,79.095,-0.092,0.865,-0.143,-0.472,0.379,1.126,0.216
2016-12-01 01:45:39.473,79.095,-0.091,0.866,-0.141,-0.470,0.380,1.126,0.216
2016-12-01 01:45:39.484,79.116,-0.091,0.867,-0.140,-0.469,0.380,1.126,0.216
2016-12-01 01:45:39.496,79.116,-0.091,0.868,-0.139,-0.468,0.380,1.127,0.216
2016-12-01 01:45:39.507,79.137,-0.090,0.869,-0.138,-0.467,0.381,1.127,0.216
2016-12-01 01:45:39.518,79.159,-0.090,0.870,-0.136,-0.466,0.381,1.127,0.216
2016-12-01 01:45:39.529,79.159,-0.089,0.871,-0.135,-0.465,0.381,1.128,0.216
2016-12-01 01:45:39.540,79.180,-0.088,0.871,-0.133,-0.464,0.381,1.128,0.216
2016-12-01 01:45:39.552,79.180,-0.087,0.872,-0.132,-0.463,0.382,1.128,0.216
2016-12-01 01:45:39.562,79.201,-0.087,0.873,-0.131,-0.462,0.382,1.129,0.216
2016-12-01 01:45:39.573,79.201,-0.086,0.873,-0.129,-0.462,0.382,1.129,0.216
2016-12-01 01:45:39.585,79.223,-0.086,0.874,-0.128,-0.461,0.382,1.129,0.217
2016-12-01 01:45:39.596,79.223,-0.086,0.874,-0.126,-0.461,0.382,1.130,0.217
2016-12-01 01:45:39.607,79.244,-0.085,0.874,-0.125,-0.461,0.383,1.130,0.217
2016-12-01 01:45:39.618,79.244,-0.085,0.875,-0.123,-0.461,0.383,1.130,0.217
2016-12-01 01:45:39.629,79.265,-0.084,0.875,-0.122,-0.461,0.383,1.131,0.217
2016-12-01 01:45:39.641,79.265,-0.084,0.875,-0.120,-0.461,0.383,1.131,0.218
2016-12-01 01:45:39.651,79.287,-0.083,0.875,-0.119,-0.462,0.384,1.131,0.218
2016-12-01 01:45:39.663,79.287,-0.083,0.875,-0.117,-0.462,0.384,1.132,0.218
2016-12-01 01:45:39.674,79.308,-0.082,0.875,-0.116,-0.463,0.384,1.132,0.219
2016-12-01 01:45:39.685,79.308,-0.081,0.875,-0.114,-0.463,0.384,1.132,0.219
2016-12-01 01:45:39.696,79.329,-0.081,0.875,-0.113,-0.464,0.385,1.132,0.219
2016-12-01 01:45:39.708,79.351,-0.080,0.875,-0.111,-0.464,0.385,1.133,0.220
2016-12-01 01:45:39.719,79.351,-0.080,0.875,-0.110,-0.465,0.385,1.133,0.220
2016-12-01 01:45:39.730,79.372,-0.079,0.875,-0.108,-0.465,0.385,1.133,0.220
2016-12-01 01:45:39.741,79.372,-0.078,0.875,-0.106,-0.466,0.385,1.133,0.221
2016-12-01 01:45:39.752,79.393,-0.078,0.875,-0.105,-0.467,0.386,1.134,0.221
2016-12-01 01:45:39.764,79.393,-0.077,0.874,-0.103,-0.468,0.386,1.134,0.222
2016-12-01 01:45:39.774,79.393,-0.076,0.874,-0.101,-0.469,0.386,1.135,0.222
2016-12-01 01:45:39.786,79.415,-0.075,0.874,-0.100,-0.470,0.387,1.135,0.223
2016-12-01 01:45:39.797,79.436,-0.074,0.874,-0.098,-0.471,0.387,1.135,0.223
2016-12-01 01:45:39.808,79.436,-0.073,0.873,-0.096,-0.472,0.387,1.136,0.223
2016-12-01 01:45:39.819,79.457,-0.072,0.873,-0.094,-0.473,0.388,1.136,0.224
2016-12-01 01:45:39.831,79.457,-0.070,0.873,-0.092,-0.474,0.388,1.137,0.225
2016-12-01 01:45:39.841,79.479,-0.068,0.873,-0.090,-0.475,0.389,1.138,0.225
2016-12-01 01:45:39.852,79.479,-0.067,0.872,-0.087,-0.476,0.389,1.138,0.226
2016-12-01 01:45:39.864,79.500,-0.065,0.872,-0.085,-0.478,0.390,1.139,0.226
2016-12-01 01:45:39.876,79.500,-0.063,0.872,-0.082,-0.479,0.390,1.140,0.227
2016-12-01 01:45:39.886,79.521,-0.062,0.871,-0.080,-0.480,0.391,1.140,0.228
2016-12-01 01:45:39.898,79.543,-0.060,0.871,-0.078,-0.481,0.391,1.141,0.228
2016-12-01 01:45:39.909,79.543,-0.059,0.870,-0.077,-0.483,0.391,1.141,0.229
2016-12-01 01:45:39.920,79.543,-0.058,0.870,-0.075,-0.484,0.392,1.142,0.229
2016-12-01 01:45:39.931,79.564,-0.056,0.870,-0.073,-0.485,0.392,1.142,0.230
2016-12-01 01:45:39.943,79.564,-0.055,0.869,-0.072,-0.486,0.393,1.142,0.230
2016-12-01 01:45:39.954,79.585,-0.054,0.869,-0.070,-0.487,0.393,1.143,0.231
2016-12-01 01:45:39.965,79.585,-0.053,0.868,-0.069,-0.488,0.393,1.143,0.231
2016-12-01 01:45:39.975,79.607,-0.052,0.868,-0.067,-0.489,0.394,1.143,0.231
2016-12-01 01:45:39.987,79.628,-0.051,0.867,-0.066,-0.491,0.394,1.144,0.232
2016-12-01 01:45:39.998,79.628,-0.051,0.867,-0.065,-0.492,0.394,1.144,0.232
2016-12-01 01:45:40.009,79.649,-0.051,0.866,-0.064,-0.493,0.395,1.144,0.233
2016-12-01 01:45:40.020,79.649,-0.050,0.866,-0.063,-0.494,0.395,1.144,0.233
2016-12-01 01:45:40.031,79.671,-0.051,0.865,-0.062,-0.495,0.395,1.145,0.233
2016-12-01 01:45:40.043,79.671,-0.051,0.865,-0.061,-0.496,0.395,1.145,0.234
2016-12-01 01:45:40.053,79.692,-0.051,0.864,-0.059,-0.497,0.395,1.145,0.234
2016-12-01 01:45:40.065,79.692,-0.051,0.864,-0.058,-0.498,0.395,1.145,0.235
2016-12-01 01:45:40.076,79.713,-0.050,0.863,-0.057,-0.499,0.396,1.145,0.235
2016-12-01 01:45:40.088,79.713,0.050,-0.862,0.057,0.501,0.396,1.145,0.235
2016-12-01 01:45:40.099,79.735,0.049,-0.862,0.056,0.502,0.396,1.145,0.236
2016-12-01 01:45:40.110,79.735,0.049,-0.861,0.055,0.503,0.396,1.145,0.236
2016-12-01 01:45:40.121,79.756,0.049,-0.861,0.055,0.504,0.396,1.145,0.236
2016-12-01 01:45:40.132,79.756,0.049,-0.860,0.055,0.505,0.396,1.145,0.237
2016-12-01 01:45:40.144,79.777,0.050,-0.859,0.054,0.507,0.396,1.145,0.237
2016-12-01 01:45:40.155,79.777,0.050,-0.858,0.054,0.508,0.396,1.145,0.238
2016-12-01 01:45:40.165,79.799,0.051,-0.858,0.054,0.509,0.396,1.145,0.238
2016-12-01 01:45:40.177,79.820,0.051,-0.857,0.054,0.510,0.396,1.145,0.239
2016-12-01 01:45:40.189,79.820,0.051,-0.856,0.054,0.511,0.396,1.145,0.239
2016-12-01 01:45:40.199,79.841,0.051,-0.856,0.054,0.512,0.396,1.145,0.239
2016-12-01 01:45:40.210,79.841,0.051,-0.855,0.054,0.513,0.396,1.145,0.240
2016-12-01 01:45:40.221,79.863,0.050,-0.855,0.053,0.514,0.396,1.145,0.240
2016-12-01 01:45:40.233,79.863,0.051,-0.854,0.053,0.515,0.396,1.145,0.240
2016-12-01 01:45:40.245,79.863,0.051,-0.854,0.053,0.516,0.396,1.145,0.240
2016-12-01 01:45:40.256,79.884,0.051,-0.853,0.053,0.517,0.396,1.145,0.241
2016-12-01 01:45:40.267,79.905,0.050,-0.853,0.052,0.518,0.396,1.145,0.241
2016-12-01 01:45:40.278,79.905,0.050,-0.852,0.052,0.519,0.396,1.146,0.241
2016-12-01 01:45:40.289,79.927,0.050,-0.851,0.052,0.519,0.396,1.146,0.241
2016-12-01 01:45:40.300,79.927,0.050,-0.851,0.052,0.520,0.396,1.146,0.241
2016-12-01 01:45:40.311,79.948,0.050,-0.850,0.051,0.521,0.396,1.146,0.242
2016-12-01 01:45:40.322,79.948,0.050,-0.850,0.051,0.522,0.396,1.146,0.242
2016-12-01 01:45:40.333,79.969,0.050,-0.850,0.051,0.523,0.396,1.146,0.242
2016-12-01 01:45:40.344,79.969,0.051,-0.849,0.051,0.523,0.396,1.146,0.242
2016-12-01 01:45:40.355,79.991,0.050,-0.849,0.050,0.524,0.396,1.146,0.242
2016-12-01 01:45:40.367,80.012,0.050,-0.848,0.050,0.525,0.396,1.146,0.243
2016-12-01 01:45:40.378,80.012,0.050,-0.848,0.050,0.526,0.395,1.146,0.243
2016-12-01 01:45:40.389,80.033,0.050,-0.847,0.049,0.526,0.395,1.146,0.243
2016-12-01 01:45:40.400,80.033,0.050,-0.847,0.049,0.527,0.395,1.146,0.243
2016-12-01 01:45:40.411,80.033,0.050,-0.847,0.049,0.527,0.395,1.147,0.243
2016-12-01 01:45:40.422,80.055,0.050,-0.846,0.048,0.528,0.395,1.147,0.243
2016-12-01 01:45:40.434,80.055,0.050,-0.846,0.048,0.528,0.395,1.147,0.243
2016-12-01 01:45:40.445,80.076,0.050,-0.846,0.048,0.529,0.395,1.147,0.243
2016-12-01 01:45:40.456,80.076,0.050,-0.846,0.047,0.529,0.395,1.147,0.243
2016-12-01 01:45:40.467,80.097,0.050,-0.845,0.047,0.530,0.394,1.147,0.243
2016-12-01 01:45:40.479,80.119,0.050,-0.845,0.046,0.530,0.394,1.147,0.244
2016-12-01 01:45:40.490,80.119,0.050,-0.845,0.046,0.530,0.394,1.147,0.244
2016-12-01 01:45:40.500,80.140,0.050,-0.845,0.046,0.531,0.394,1.147,0.244
2016-12-01 01:45:40.512,80.140,0.050,-0.845,0.046,0.531,0.394,1.147,0.244
2016-12-01 01:45:40.523,80.161,0.050,-0.845,0.045,0.531,0.394,1.147,0.244
2016-12-01 01:45:40.534,80.161,0.050,-0.844,0.045,0.531,0.394,1.147,0.244
2016-12-01 01:45:40.545,80.183,0.050,-0.844,0.045,0.532,0.394,1.148,0.244
2016-12-01 01:45:40.557,80.204,0.050,-0.844,0.044,0.532,0.394,1.148,0.244
2016-12-01 01:45:40.567,80.204,0.050,-0.844,0.044,0.532,0.394,1.148,0.244
2016-12-01 01:45:40.579,80.204,0.050,-0.844,0.043,0.533,0.394,1.148,0.244
2016-12-01 01:45:40.590,80.225,0.050,-0.844,0.043,0.533,0.394,1.148,0.244
2016-12-01 01:45:40.601,80.225,0.050,-0.843,0.043,0.533,0.394,1.148,0.244
2016-12-01 01:45:40.612,80.247,0.050,-0.843,0.043,0.534,0.394,1.148,0.244
2016-12-01 01:45:40.624,80.247,0.049,-0.843,0.042,0.534,0.394,1.148,0.244
2016-12-01 01:45:40.635,80.268,0.049,-0.843,0.042,0.535,0.394,1.148,0.245
2016-12-01 01:45:40.646,80.289,0.049,-0.842,0.042,0.535,0.394,1.148,0.245
2016-12-01 01:45:40.657,80.289,0.049,-0.842,0.042,0.536,0.393,1.148,0.245
2016-12-01 01:45:40.668,80.311,0.049,-0.842,0.041,0.536,0.394,1.148,0.245
2016-12-01 01:45:40.679,80.311,0.049,-0.841,0.041,0.537,0.394,1.148,0.245
2016-12-01 01:45:40.690,80.332,0.049,-0.841,0.041,0.537,0.394,1.148,0.245
2016-12-01 01:45:40.702,80.332,0.049,-0.841,0.041,0.538,0.394,1.148,0.245
2016-12-01 01:45:40.713,80.353,0.049,-0.841,0.040,0.538,0.394,1.148,0.245
2016-12-01 01:45:40.724,80.353,0.049,-0.840,0.040,0.539,0.394,1.148,0.245
2016-12-01 01:45:40.735,80.353,0.048,-0.840,0.040,0.539,0.394,1.148,0.245
2016-12-01 01:45:40.746,80.375,0.048,-0.840,0.039,0.540,0.394,1.149,0.245
2016-12-01 01:45:40.757,80.396,0.048,-0.839,0.039,0.540,0.394,1.149,0.246
2016-12-01 01:45:40.769,80.396,0.048,-0.839,0.039,0.540,0.394,1.149,0.246
2016-12-01 01:45:40.781,80.417,0.047,-0.839,0.038,0.541,0.394,1.149,0.246
2016-12-01 01:45:40.791,80.417,0.047,-0.838,0.038,0.542,0.394,1.149,0.246
2016-12-01 01:45:40.802,80.439,0.047,-0.838,0.038,0.542,0.394,1.149,0.246
2016-12-01 01:45:40.814,80.439,0.047,-0.838,0.037,0.543,0.394,1.149,0.246
2016-12-01 01:45:40.825,80.460,0.047,-0.837,0.037,0.544,0.395,1.149,0.246
2016-12-01 01:45:40.836,80.481,0.047,-0.837,0.037,0.544,0.395,1.149,0.246
2016-12-01 01:45:40.847,80.481,0.047,-0.836,0.037,0.545,0.395,1.149,0.246
2016-12-01 01:45:40.858,80.503,0.047,-0.836,0.037,0.546,0.395,1.149,0.246
2016-12-01 01:45:40.870,80.503,0.047,-0.835,0.037,0.546,0.395,1.149,0.247
2016-12-01 01:45:40.880,80.524,0.047,-0.835,0.037,0.547,0.395,1.149,0.247
2016-12-01 01:45:40.892,80.524,0.047,-0.834,0.037,0.548,0.395,1.149,0.247
2016-12-01 01:45:40.903,80.524,0.046,-0.834,0.037,0.548,0.395,1.149,0.247
2016-12-01 01:45:40.914,80.545,0.046,-0.834,0.037,0.549,0.395,1.149,0.247
2016-12-01 01:45:40.925,80.545,0.046,-0.833,0.037,0.550,0.395,1.149,0.248
2016-12-01 01:45:40.936,80.567,0.046,-0.833,0.037,0.550,0.395,1.149,0.248
2016-12-01 01:45:40.948,80.588,0.047,-0.832,0.037,0.551,0.395,1.149,0.248
2016-12-01 01:45:40.959,80.588,0.047,-0.832,0.036,0.551,0.395,1.149,0.248
2016-12-01 01:45:40.970,80.609,0.047,-0.832,0.036,0.552,0.396,1.149,0.248
2016-12-01 01:45:40.981,80.609,0.047,-0.831,0.036,0.553,0.396,1.149,0.248
2016-12-01 01:45:40.992,80.631,0.047,-0.831,0.036,0.553,0.396,1.149,0.248
2016-12-01 01:45:41.004,80.631,0.047,-0.831,0.036,0.554,0.396,1.149,0.249
2016-12-01 01:45:41.015,80.652,0.047,-0.830,0.036,0.554,0.396,1.149,0.249
2016-12-01 01:45:41.026,80.673,0.047,-0.830,0.036,0.555,0.396,1.149,0.249
2016-12-01 01:45:41.037,80.673,0.048,-0.829,0.036,0.555,0.396,1.149,0.249
2016-12-01 01:45:41.048,80.673,0.048,-0.829,0.036,0.556,0.396,1.149,0.249
2016-12-01 01:45:41.059,80.695,0.048,-0.829,0.036,0.557,0.396,1.149,0.249
2016-12-01 01:45:41.071,80.695,0.048,-0.828,0.036,0.557,0.396,1.149,0.249
2016-12-01 01:45:41.081,80.716,0.048,-0.828,0.036,0.558,0.396,1.149,0.249
2016-12-01 01:45:41.093,80.716,0.048,-0.827,0.036,0.558,0.396,1.149,0.249
2016-12-01 01:45:41.104,80.737,0.048,-0.827,0.036,0.559,0.396,1.149,0.250
2016-12-01 01:45:41.115,80.737,0.048,-0.827,0.036,0.560,0.396,1.149,0.250
2016-12-01 01:45:41.126,80.759,0.048,-0.826,0.036,0.560,0.396,1.149,0.250
2016-12-01 01:45:41.138,80.780,0.048,-0.826,0.036,0.561,0.396,1.149,0.250
2016-12-01 01:45:41.148,80.780,0.048,-0.825,0.035,0.562,0.396,1.149,0.250
2016-12-01 01:45:41.159,80.801,0.048,-0.825,0.035,0.563,0.396,1.149,0.250
2016-12-01 01:45:41.171,80.801,0.048,-0.824,0.035,0.564,0.396,1.149,0.251
2016-12-01 01:45:41.182,80.823,0.048,-0.823,0.035,0.564,0.396,1.149,0.251
2016-12-01 01:45:41.194,80.823,0.047,-0.823,0.035,0.565,0.396,1.149,0.251
2016-12-01 01:45:41.205,80.844,0.047,-0.822,0.034,0.566,0.396,1.149,0.251
2016-12-01 01:45:41.216,80.844,0.047,-0.822,0.034,0.567,0.396,1.150,0.251
2016-12-01 01:45:41.227,80.865,0.047,-0.821,0.034,0.568,0.396,1.150,0.251
2016-12-01 01:45:41.238,80.865,0.046,-0.820,0.033,0.569,0.396,1.150,0.251
2016-12-01 01:45:41.250,80.887,0.046,-0.820,0.033,0.570,0.396,1.150,0.252
2016-12-01 01:45:41.261,80.887,0.046,-0.819,0.033,0.571,0.396,1.150,0.252
2016-12-01 01:45:41.271,80.908,0.046,-0.819,0.032,0.572,0.396,1.150,0.252
2016-12-01 01:45:41.282,80.908,0.045,-0.818,0.032,0.573,0.396,1.150,0.252
2016-12-01 01:45:41.294,80.929,0.045,-0.817,0.032,0.573,0.396,1.150,0.252
2016-12-01 01:45:41.305,80.929,0.045,-0.817,0.031,0.574,0.396,1.150,0.252
2016-12-01 01:45:41.316,80.951,0.044,-0.816,0.031,0.575,0.396,1.150,0.252
2016-12-01 01:45:41.328,80.972,0.044,-0.816,0.031,0.576,0.396,1.151,0.252
2016-12-01 01:45:41.338,80.972,0.044,-0.815,0.030,0.577,0.396,1.151,0.253
2016-12-01 01:45:41.349,80.993,0.043,-0.815,0.030,0.577,0.396,1.151,0.253
2016-12-01 01:45:41.361,80.993,0.043,-0.814,0.029,0.578,0.396,1.151,0.253
2016-12-01 01:45:41.372,81.015,0.043,-0.814,0.029,0.579,0.396,1.151,0.253
2016-12-01 01:45:41.384,81.015,0.043,-0.813,0.029,0.579,0.396,1.151,0.253
2016-12-01 01:45:41.394,81.015,0.043,-0.813,0.029,0.580,0.396,1.151,0.253
2016-12-01 01:45:41.405,81.036,0.043,-0.813,0.028,0.580,0.396,1.151,0.253
2016-12-01 01:45:41.417,81.057,0.043,-0.812,0.028,0.581,0.396,1.151,0.253
2016-12-01 01:45:41.428,81.057,0.043,-0.812,0.028,0.581,0.396,1.151,0.253
2016-12-01 01:45:41.439,81.079,0.042,-0.812,0.027,0.582,0.396,1.151,0.253
2016-12-01 01:45:41.450,81.079,0.042,-0.811,0.027,0.582,0.396,1.151,0.253
2016-12-01 01:45:41.461,81.100,0.042,-0.811,0.027,0.583,0.396,1.151,0.253
2016-12-01 01:45:41.473,81.100,0.041,-0.811,0.026,0.583,0.397,1.152,0.253
2016-12-01 01:45:41.484,81.121,0.041,-0.811,0.026,0.584,0.397,1.152,0.253
2016-12-01 01:45:41.495,81.121,0.041,-0.810,0.026,0.584,0.397,1.152,0.253
2016-12-01 01:45:41.506,81.143,0.041,-0.810,0.026,0.584,0.397,1.152,0.253
2016-12-01 01:45:41.517,81.164,0.040,-0.810,0.025,0.585,0.397,1.152,0.253
2016-12-01 01:45:41.528,81.164,0.040,-0.810,0.025,0.585,0.397,1.152,0.253
2016-12-01 01:45:41.539,81.164,0.040,-0.809,0.025,0.586,0.397,1.152,0.253
2016-12-01 01:45:41.550,81.185,0.040,-0.809,0.024,0.586,0.398,1.152,0.253
2016-12-01 01:45:41.563,81.185,0.039,-0.809,0.024,0.586,0.398,1.152,0.253
2016-12-01 01:45:41.573,81.207,0.039,-0.809,0.024,0.586,0.398,1.152,0.253
2016-12-01 01:45:41.584,81.207,0.039,-0.808,0.023,0.587,0.398,1.152,0.253
2016-12-01 01:45:41.595,81.228,0.038,-0.808,0.023,0.587,0.398,1.152,0.253
2016-12-01 01:45:41.607,81.249,0.038,-0.808,0.023,0.587,0.398,1.152,0.253
2016-12-01 01:45:41.618,81.249,0.037,-0.808,0.023,0.588,0.399,1.152,0.253
2016-12-01 01:45:41.629,81.271,0.037,-0.808,0.023,0.588,0.399,1.152,0.253
2016-12-01 01:45:41.640,81.271,0.037,-0.808,0.023,0.588,0.399,1.152,0.253
2016-12-01 01:45:41.651,81.292,0.037,-0.808,0.022,0.588,0.399,1.152,0.253
2016-12-01 01:45:41.663,81.292,0.036,-0.808,0.022,0.588,0.399,1.152,0.253
2016-12-01 01:45:41.673,81.313,0.036,-0.807,0.022,0.588,0.399,1.152,0.253
2016-12-01 01:45:41.685,81.313,0.036,-0.807,0.022,0.588,0.399,1.152,0.253
2016-12-01 01:45:41.696,81.335,0.036,-0.807,0.021,0.589,0.400,1.152,0.253
2016-12-01 01:45:41.708,81.335,0.036,-0.807,0.021,0.589,0.400,1.152,0.253
2016-12-01 01:45:41.718,81.356,0.036,-0.807,0.021,0.589,0.400,1.152,0.253
2016-12-01 01:45:41.730,81.356,0.036,-0.807,0.021,0.589,0.400,1.152,0.253
2016-12-01 01:45:41.740,81.377,0.036,-0.807,0.021,0.589,0.400,1.152,0.252
2016-12-01 01:45:41.752,81.377,0.036,-0.807,0.022,0.589,0.400,1.152,0.252
2016-12-01 01:45:41.763,81.399,0.035,-0.807,0.022,0.589,0.401,1.152,0.252
2016-12-01 01:45:41.774,81.399,0.035,-0.807,0.022,0.589,0.401,1.152,0.252
2016-12-01 01:45:41.785,81.420,0.035,-0.807,0.022,0.589,0.401,1.152,0.252
2016-12-01 01:45:41.797,81.441,0.035,-0.807,0.022,0.589,0.401,1.152,0.252
2016-12-01 01:45:41.807,81.441,0.035,-0.807,0.022,0.590,0.401,1.152,0.252
2016-12-01 01:45:41.819,81.463,0.035,-0.806,0.022,0.590,0.401,1.152,0.252
2016-12-01 01:45:41.830,81.463,0.035,-0.806,0.023,0.590,0.401,1.152,0.252
2016-12-01 01:45:41.841,81.484,0.034,-0.806,0.023,0.590,0.402,1.152,0.251
2016-12-01 01:45:41.853,81.484,0.034,-0.806,0.024,0.590,0.402,1.152,0.251
2016-12-01 01:45:41.863,81.484,0.034,-0.806,0.024,0.591,0.402,1.152,0.251
2016-12-01 01:45:41.875,81.505,0.034,-0.806,0.024,0.591,0.402,1.152,0.251
2016-12-01 01:45:41.885,81.505,0.033,-0.806,0.025,0.591,0.402,1.152,0.251
2016-12-01 01:45:41.897,81.527,0.033,-0.805,0.025,0.591,0.402,1.152,0.251
2016-12-01 01:45:41.908,81.548,0.033,-0.805,0.026,0.591,0.402,1.152,0.251
2016-12-01 01:45:41.919,81.548,0.032,-0.805,0.026,0.592,0.402,1.152,0.251
2016-12-01 01:45:41.930,81.569,0.032,-0.805,0.027,0.592,0.402,1.152,0.251
2016-12-01 01:45:41.942,81.569,0.031,-0.805,0.027,0.592,0.402,1.152,0.250
2016-12-01 01:45:41.953,81.591,0.031,-0.804,0.027,0.593,0.403,1.152,0.250
2016-12-01 01:45:41.965,81.591,0.031,-0.804,0.028,0.593,0.402,1.152,0.250
2016-12-01 01:45:41.975,81.612,0.031,-0.804,0.028,0.594,0.402,1.152,0.250
2016-12-01 01:45:41.987,81.633,0.031,-0.803,0.028,0.594,0.403,1.152,0.250
2016-12-01 01:45:41.998,81.633,0.030,-0.803,0.028,0.594,0.403,1.152,0.250
2016-12-01 01:45:42.009,81.655,0.030,-0.803,0.029,0.595,0.403,1.152,0.250
2016-12-01 01:45:42.020,81.655,0.030,-0.803,0.029,0.595,0.403,1.152,0.249
2016-12-01 01:45:42.031,81.655,0.029,-0.803,0.029,0.595,0.403,1.152,0.249
2016-12-01 01:45:42.042,81.676,0.029,-0.802,0.029,0.595,0.403,1.152,0.249
2016-12-01 01:45:42.053,81.676,0.029,-0.802,0.029,0.596,0.403,1.152,0.249
2016-12-01 01:45:42.064,81.697,0.028,-0.802,0.029,0.596,0.403,1.152,0.249
2016-12-01 01:45:42.076,81.719,0.028,-0.802,0.028,0.596,0.404,1.152,0.249
2016-12-01 01:45:42.087,81.719,0.028,-0.802,0.029,0.596,0.404,1.152,0.248
2016-12-01 01:45:42.098,81.740,0.028,-0.801,0.028,0.597,0.404,1.152,0.248
2016-12-01 01:45:42.109,81.740,0.028,-0.801,0.028,0.597,0.404,1.152,0.248
2016-12-01 01:45:42.120,81.761,0.027,-0.801,0.028,0.597,0.404,1.152,0.248
2016-12-01 01:45:42.132,81.761,0.027,-0.801,0.028,0.597,0.404,1.152,0.248
2016-12-01 01:45:42.143,81.783,0.027,-0.801,0.028,0.597,0.404,1.152,0.247
2016-12-01 01:45:42.154,81.783,0.027,-0.801,0.028,0.597,0.404,1.152,0.247
2016-12-01 01:45:42.165,81.804,0.027,-0.801,0.028,0.597,0.404,1.152,0.247
2016-12-01 01:45:42.176,81.825,0.026,-0.801,0.028,0.598,0.404,1.152,0.247
2016-12-01 01:45:42.188,81.825,0.026,-0.801,0.028,0.598,0.404,1.152,0.247
2016-12-01 01:45:42.198,81.825,0.026,-0.801,0.028,0.597,0.404,1.152,0.247
2016-12-01 01:45:42.210,81.847,0.025,-0.801,0.028,0.597,0.404,1.152,0.246
2016-12-01 01:45:42.221,81.847,0.025,-0.801,0.028,0.597,0.404,1.152,0.246
2016-12-01 01:45:42.232,81.868,0.025,-0.801,0.027,0.597,0.404,1.152,0.246
2016-12-01 01:45:42.244,81.868,0.025,-0.801,0.027,0.597,0.404,1.152,0.245
2016-12-01 01:45:42.254,81.889,0.024,-0.802,0.027,0.597,0.405,1.152,0.245
2016-12-01 01:45:42.266,81.911,0.024,-0.802,0.027,0.596,0.405,1.152,0.245
2016-12-01 01:45:42.277,81.911,0.023,-0.802,0.026,0.596,0.405,1.152,0.245
2016-12-01 01:45:42.288,81.932,0.023,-0.803,0.026,0.595,0.405,1.152,0.244
2016-12-01 01:45:42.299,81.932,0.022,-0.804,0.025,0.594,0.406,1.153,0.244
2016-12-01 01:45:42.310,81.953,0.022,-0.804,0.025,0.593,0.406,1.153,0.244
2016-12-01 01:45:42.322,81.953,0.021,-0.805,0.024,0.592,0.406,1.153,0.244
2016-12-01 01:45:42.333,81.975,0.021,-0.806,0.024,0.591,0.406,1.153,0.243
2016-12-01 01:45:42.344,81.975,0.020,-0.807,0.024,0.589,0.406,1.153,0.243
2016-12-01 01:45:42.355,81.975,0.020,-0.808,0.023,0.588,0.407,1.153,0.243
2016-12-01 01:45:42.366,81.996,0.019,-0.810,0.023,0.586,0.407,1.153,0.242
2016-12-01 01:45:42.378,82.017,0.018,-0.812,0.022,0.583,0.407,1.153,0.242
2016-12-01 01:45:42.389,82.017,0.018,-0.814,0.021,0.580,0.408,1.154,0.241
2016-12-01 01:45:42.400,82.039,0.018,-0.816,0.020,0.577,0.408,1.154,0.240
2016-12-01 01:45:42.411,82.039,0.018,-0.819,0.020,0.574,0.408,1.154,0.240
2016-12-01 01:45:42.422,82.060,0.018,-0.821,0.019,0.570,0.409,1.154,0.239
2016-12-01 01:45:42.433,82.060,0.017,-0.823,0.019,0.567,0.409,1.154,0.239
2016-12-01 01:45:42.445,82.081,0.017,-0.825,0.018,0.564,0.410,1.154,0.238
2016-12-01 01:45:42.455,82.081,0.016,-0.827,0.018,0.561,0.410,1.154,0.238
2016-12-01 01:45:42.466,82.103,0.016,-0.829,0.018,0.559,0.411,1.154,0.237
2016-12-01 01:45:42.478,82.124,0.015,-0.831,0.018,0.556,0.411,1.155,0.237
2016-12-01 01:45:42.489,82.124,0.015,-0.832,0.018,0.554,0.412,1.155,0.236
2016-12-01 01:45:42.500,82.145,0.014,-0.834,0.018,0.551,0.412,1.155,0.236
2016-12-01 01:45:42.512,82.145,0.014,-0.835,0.018,0.549,0.412,1.155,0.235
2016-12-01 01:45:42.523,82.145,0.013,-0.837,0.019,0.547,0.413,1.155,0.235
2016-12-01 01:45:42.534,82.167,0.012,-0.838,0.019,0.546,0.413,1.155,0.234
2016-12-01 01:45:42.545,82.167,0.011,-0.839,0.020,0.544,0.413,1.155,0.234
2016-12-01 01:45:42.556,82.188,0.010,-0.840,0.020,0.542,0.414,1.155,0.233
2016-12-01 01:45:42.567,82.209,0.010,-0.841,0.021,0.541,0.414,1.155,0.233
2016-12-01 01:45:42.578,82.209,0.009,-0.841,0.021,0.540,0.414,1.155,0.233
2016-12-01 01:45:42.589,82.231,0.008,-0.842,0.022,0.539,0.415,1.154,0.232
2016-12-01 01:45:42.601,82.231,0.007,-0.843,0.023,0.537,0.415,1.154,0.232
2016-12-01 01:45:42.612,82.252,0.006,-0.844,0.023,0.536,0.415,1.155,0.231
2016-12-01 01:45:42.623,82.252,0.005,-0.845,0.023,0.534,0.416,1.155,0.231
2016-12-01 01:45:42.634,82.273,0.005,-0.847,0.023,0.532,0.416,1.155,0.230
2016-12-01 01:45:42.645,82.273,0.005,-0.848,0.022,0.529,0.416,1.155,0.230
2016-12-01 01:45:42.656,82.295,0.005,-0.850,0.022,0.527,0.417,1.155,0.229
2016-12-01 01:45:42.668,82.295,0.004,-0.851,0.022,0.524,0.417,1.155,0.229
2016-12-01 01:45:42.678,82.316,0.004,-0.853,0.021,0.521,0.418,1.155,0.229
2016-12-01 01:45:42.690,82.316,0.005,-0.855,0.021,0.519,0.418,1.156,0.228
2016-12-01 01:45:42.701,82.337,0.005,-0.856,0.020,0.516,0.418,1.156,0.228
2016-12-01 01:45:42.712,82.337,0.005,-0.858,0.019,0.513,0.419,1.156,0.227
2016-12-01 01:45:42.724,82.359,0.005,-0.860,0.019,0.510,0.419,1.156,0.227
2016-12-01 01:45:42.735,82.359,0.005,-0.861,0.019,0.508,0.419,1.156,0.226
2016-12-01 01:45:42.746,82.380,0.005,-0.863,0.018,0.505,0.420,1.156,0.226
2016-12-01 01:45:42.757,82.401,0.005,-0.864,0.018,0.503,0.420,1.156,0.226
2016-12-01 01:45:42.769,82.401,0.005,-0.865,0.018,0.501,0.420,1.156,0.226
2016-12-01 01:45:42.779,82.423,-0.005,0.866,-0.017,-0.499,0.420,1.156,0.225
2016-12-01 01:45:42.791,82.423,-0.005,0.867,-0.017,-0.497,0.421,1.156,0.225
2016-12-01 01:45:42.801,82.444,-0.005,0.868,-0.017,-0.496,0.421,1.156,0.225
2016-12-01 01:45:42.813,82.444,-0.005,0.869,-0.017,-0.495,0.421,1.156,0.225
2016-12-01 01:45:42.824,82.465,-0.005,0.869,-0.017,-0.494,0.421,1.156,0.224
2016-12-01 01:45:42.835,82.465,-0.005,0.870,-0.017,-0.493,0.421,1.156,0.224
2016-12-01 01:45:42.846,82.487,-0.004,0.871,-0.017,-0.492,0.422,1.156,0.224
2016-12-01 01:45:42.858,82.487,-0.004,0.871,-0.018,-0.491,0.422,1.156,0.224
2016-12-01 01:45:42.868,82.508,-0.004,0.872,-0.018,-0.490,0.422,1.156,0.223
2016-12-01 01:45:42.880,82.508,-0.003,0.872,-0.018,-0.489,0.422,1.156,0.223
2016-12-01 01:45:42.891,82.529,-0.003,0.873,-0.019,-0.488,0.422,1.156,0.223
2016-12-01 01:45:42.903,82.529,-0.003,0.873,-0.019,-0.487,0.422,1.156,0.223
2016-12-01 01:45:42.913,82.551,-0.003,0.874,-0.019,-0.486,0.422,1.156,0.223
2016-12-01 01:45:42.925,82.551,-0.003,0.874,-0.019,-0.486,0.422,1.156,0.223
2016-12-01 01:45:42.936,82.572,-0.003,0.874,-0.019,-0.485,0.422,1.156,0.223
2016-12-01 01:45:42.947,82.593,-0.003,0.875,-0.020,-0.484,0.422,1.156,0.223
2016-12-01 01:45:42.958,82.593,-0.003,0.875,-0.020,-0.483,0.422,1.156,0.223
2016-12-01 01:45:42.969,82.615,-0.003,0.876,-0.020,-0.482,0.422,1.155,0.223
2016-12-01 01:45:42.980,82.615,-0.003,0.876,-0.020,-0.481,0.422,1.155,0.223
2016-12-01 01:45:42.991,82.636,-0.003,0.877,-0.020,-0.480,0.422,1.155,0.223
2016-12-01 01:45:43.003,82.636,-0.003,0.878,-0.021,-0.479,0.422,1.155,0.222
2016-12-01 01:45:43.014,82.636,-0.003,0.878,-0.021,-0.478,0.422,1.155,0.222
2016-12-01 01:45:43.025,82.657,-0.003,0.879,-0.021,-0.477,0.422,1.155,0.223
2016-12-01 01:45:43.036,82.679,-0.003,0.879,-0.021,-0.476,0.422,1.155,0.223
2016-12-01 01:45:43.047,82.679,-0.003,0.880,-0.021,-0.475,0.422,1.155,0.223
2016-12-01 01:45:43.058,82.700,-0.003,0.880,-0.021,-0.474,0.421,1.155,0.223
2016-12-01 01:45:43.070,82.700,-0.003,0.881,-0.021,-0.473,0.421,1.155,0.223
2016-12-01 01:45:43.081,82.721,-0.004,0.882,-0.021,-0.471,0.421,1.155,0.223
2016-12-01 01:45:43.093,82.721,-0.004,0.882,-0.021,-0.470,0.421,1.155,0.223
2016-12-01 01:45:43.103,82.743,-0.004,0.883,-0.021,-0.469,0.421,1.155,0.223
2016-12-01 01:45:43.115,82.743,-0.005,0.883,-0.021,-0.468,0.421,1.155,0.223
2016-12-01 01:45:43.126,82.764,-0.005,0.884,-0.021,-0.467,0.421,1.156,0.223
2016-12-01 01:45:43.137,82.785,-0.005,0.884,-0.020,-0.466,0.421,1.156,0.224
2016-12-01 01:45:43.148,82.785,-0.006,0.885,-0.020,-0.465,0.421,1.155,0.224
2016-12-01 01:45:43.159,82.785,-0.006,0.886,-0.020,-0.464,0.421,1.156,0.224
2016-12-01 01:45:43.170,82.807,-0.007,0.886,-0.020,-0.463,0.420,1.156,0.225
2016-12-01 01:45:43.181,82.807,-0.007,0.886,-0.020,-0.462,0.420,1.156,0.225
2016-12-01 01:45:43.193,82.828,-0.007,0.887,-0.020,-0.462,0.420,1.155,0.225
2016-12-01 01:45:43.204,82.828,-0.008,0.887,-0.020,-0.461,0.420,1.155,0.225
2016-12-01 01:45:43.215,82.849,-0.008,0.887,-0.020,-0.460,0.420,1.155,0.225
2016-12-01 01:45:43.226,82.871,-0.009,0.888,-0.020,-0.460,0.420,1.155,0.226
2016-12-01 01:45:43.237,82.871,-0.009,0.888,-0.020,-0.459,0.420,1.155,0.226
2016-12-01 01:45:43.248,82.892,-0.010,0.888,-0.020,-0.459,0.420,1.155,0.226
2016-12-01 01:45:43.261,82.892,-0.010,0.888,-0.020,-0.458,0.419,1.155,0.227
2016-12-01 01:45:43.271,82.913,-0.011,0.889,-0.020,-0.458,0.419,1.155,0.227
2016-12-01 01:45:43.283,82.913,-0.011,0.889,-0.020,-0.458,0.419,1.155,0.227
2016-12-01 01:45:43.294,82.935,-0.011,0.889,-0.020,-0.457,0.419,1.155,0.228
2016-12-01 01:45:43.305,82.935,-0.012,0.889,-0.020,-0.456,0.418,1.155,0.228
2016-12-01 01:45:43.316,82.956,-0.012,0.890,-0.020,-0.456,0.418,1.155,0.228
2016-12-01 01:45:43.328,82.956,-0.013,0.890,-0.020,-0.455,0.418,1.155,0.228
2016-12-01 01:45:43.338,82.977,-0.014,0.890,-0.019,-0.455,0.418,1.155,0.229
2016-12-01 01:45:43.349,82.977,-0.015,0.890,-0.019,-0.454,0.418,1.155,0.229
2016-12-01 01:45:43.360,82.999,-0.015,0.891,-0.019,-0.454,0.418,1.155,0.229
2016-12-01 01:45:43.371,82.999,-0.016,0.891,-0.019,-0.453,0.417,1.155,0.230
2016-12-01 01:45:43.382,83.020,-0.017,0.891,-0.019,-0.453,0.417,1.155,0.230
2016-12-01 01:45:43.394,83.020,-0.017,0.892,-0.018,-0.452,0.417,1.155,0.230
2016-12-01 01:45:43.405,83.041,-0.017,0.892,-0.018,-0.452,0.417,1.155,0.230
2016-12-01 01:45:43.416,83.063,-0.018,0.892,-0.018,-0.451,0.417,1.155,0.231
2016-12-01 01:45:43.427,83.063,-0.018,0.892,-0.018,-0.451,0.417,1.155,0.231
2016-12-01 01:45:43.438,83.084,-0.019,0.892,-0.017,-0.450,0.416,1.155,0.231
2016-12-01 01:45:43.450,83.084,-0.019,0.893,-0.017,-0.450,0.416,1.155,0.231
2016-12-01 01:45:43.461,83.105,-0.020,0.893,-0.017,-0.450,0.416,1.155,0.232
2016-12-01 01:45:43.472,83.105,-0.020,0.893,-0.017,-0.450,0.416,1.155,0.232
2016-12-01 01:45:43.483,83.105,-0.021,0.893,-0.016,-0.450,0.416,1.155,0.232
2016-12-01 01:45:43.494,83.127,-0.021,0.892,-0.016,-0.450,0.416,1.155,0.232
2016-12-01 01:45:43.506,83.127,-0.021,0.892,-0.016,-0.451,0.415,1.155,0.233
2016-12-01 01:45:43.517,83.148,-0.022,0.892,-0.016,-0.451,0.415,1.155,0.233
2016-12-01 01:45:43.528,83.169,-0.022,0.892,-0.016,-0.452,0.415,1.155,0.233
2016-12-01 01:45:43.539,83.169,-0.022,0.891,-0.015,-0.453,0.415,1.155,0.233
2016-12-01 01:45:43.550,83.191,-0.022,0.891,-0.015,-0.454,0.415,1.155,0.234
2016-12-01 01:45:43.562,83.191,-0.022,0.890,-0.014,-0.455,0.414,1.156,0.234
2016-12-01 01:45:43.572,83.212,-0.022,0.889,-0.014,-0.457,0.414,1.156,0.235
2016-12-01 01:45:43.584,83.212,-0.022,0.888,-0.013,-0.460,0.414,1.156,0.235
2016-12-01 01:45:43.595,83.233,-0.022,0.886,-0.013,-0.463,0.413,1.156,0.235
2016-12-01 01:45:43.606,83.255,-0.021,0.885,-0.013,-0.465,0.413,1.156,0.236
2016-12-01 01:45:43.618,83.255,-0.021,0.883,-0.012,-0.468,0.413,1.156,0.236
2016-12-01 01:45:43.628,83.276,-0.021,0.882,-0.012,-0.470,0.412,1.156,0.237
2016-12-01 01:45:43.640,83.276,-0.021,0.881,-0.012,-0.473,0.412,1.156,0.237
2016-12-01 01:45:43.651,83.276,-0.021,0.880,-0.012,-0.475,0.412,1.156,0.238
2016-12-01 01:45:43.662,83.297,-0.021,0.878,-0.011,-0.477,0.412,1.156,0.238
2016-12-01 01:45:43.674,83.297,-0.022,0.877,-0.011,-0.480,0.411,1.156,0.239
2016-12-01 01:45:43.684,83.319,-0.022,0.876,-0.011,-0.482,0.411,1.156,0.239
2016-12-01 01:45:43.696,83.319,-0.022,0.874,-0.012,-0.485,0.411,1.156,0.240
2016-12-01 01:45:43.707,83.340,-0.023,0.873,-0.012,-0.487,0.411,1.157,0.240
2016-12-01 01:45:43.718,83.361,-0.023,0.872,-0.012,-0.489,0.411,1.157,0.240
2016-12-01 01:45:43.729,83.361,-0.023,0.871,-0.012,-0.491,0.410,1.157,0.241
2016-12-01 01:45:43.740,83.383,-0.023,0.869,-0.011,-0.493,0.410,1.157,0.241
2016-12-01 01:45:43.751,83.383,-0.023,0.868,-0.011,-0.495,0.410,1.157,0.242
2016-12-01 01:45:43.762,83.404,-0.024,0.867,-0.011,-0.497,0.410,1.157,0.242
2016-12-01 01:45:43.774,83.404,-0.024,0.866,-0.011,-0.499,0.410,1.157,0.242
2016-12-01 01:45:43.784,83.425,0.025,-0.865,0.011,0.501,0.409,1.157,0.243
2016-12-01 01:45:43.796,83.447,0.026,-0.864,0.011,0.503,0.409,1.157,0.243
2016-12-01 01:45:43.807,83.447,0.026,-0.863,0.011,0.505,0.409,1.157,0.243
2016-12-01 01:45:43.818,83.447,0.027,-0.862,0.012,0.506,0.409,1.157,0.244
2016-12-01 01:45:43.829,83.468,0.028,-0.861,0.012,0.508,0.409,1.157,0.244
2016-12-01 01:45:43.840,83.468,0.028,-0.860,0.012,0.510,0.409,1.156,0.244
2016-12-01 01:45:43.852,83.489,0.029,-0.859,0.012,0.511,0.409,1.156,0.245
2016-12-01 01:45:43.864,83.489,0.029,-0.858,0.012,0.513,0.409,1.156,0.245
2016-12-01 01:45:43.874,83.511,0.030,-0.857,0.012,0.514,0.409,1.156,0.245
2016-12-01 01:45:43.885,83.511,0.030,-0.856,0.012,0.516,0.408,1.156,0.246
2016-12-01 01:45:43.896,83.532,0.030,-0.855,0.012,0.517,0.408,1.156,0.246
2016-12-01 01:45:43.908,83.553,0.030,-0.854,0.012,0.519,0.408,1.156,0.246
2016-12-01 01:45:43.919,83.553,0.030,-0.854,0.013,0.520,0.408,1.156,0.246
2016-12-01 01:45:43.930,83.575,0.030,-0.853,0.013,0.521,0.408,1.156,0.247
2016-12-01 01:45:43.941,83.575,0.030,-0.852,0.013,0.522,0.408,1.156,0.247
2016-12-01 01:45:43.952,83.596,0.030,-0.851,0.014,0.524,0.408,1.155,0.247
2016-12-01 01:45:43.964,83.596,0.030,-0.851,0.014,0.525,0.408,1.155,0.247
2016-12-01 01:45:43.974,83.596,0.030,-0.850,0.015,0.526,0.408,1.155,0.247
2016-12-01 01:45:43.985,83.617,0.030,-0.849,0.015,0.527,0.408,1.155,0.247
2016-12-01 01:45:43.997,83.639,0.030,-0.848,0.015,0.529,0.408,1.155,0.248
2016-12-01 01:45:44.008,83.639,0.030,-0.847,0.015,0.530,0.408,1.155,0.248
2016-12-01 01:45:44.019,83.660,0.030,-0.847,0.016,0.531,0.408,1.155,0.248
2016-12-01 01:45:44.031,83.660,0.030,-0.846,0.016,0.532,0.408,1.155,0.248
2016-12-01 01:45:44.042,83.681,0.030,-0.845,0.016,0.533,0.407,1.155,0.248
2016-12-01 01:45:44.053,83.681,0.030,-0.845,0.016,0.534,0.407,1.155,0.248
2016-12-01 01:45:44.064,83.703,0.030,-0.844,0.015,0.536,0.407,1.155,0.248
2016-12-01 01:45:44.075,83.703,0.030,-0.843,0.015,0.537,0.407,1.155,0.248
2016-12-01 01:45:44.086,83.724,0.029,-0.842,0.015,0.538,0.407,1.155,0.248
2016-12-01 01:45:44.098,83.745,0.029,-0.842,0.015,0.539,0.407,1.155,0.248
2016-12-01 01:45:44.109,83.745,0.029,-0.841,0.015,0.540,0.407,1.155,0.248
2016-12-01 01:45:44.120,83.767,0.029,-0.840,0.014,0.541,0.407,1.155,0.248
2016-12-01 01:45:44.131,83.767,0.028,-0.840,0.014,0.542,0.408,1.155,0.249
2016-12-01 01:45:44.142,83.767,0.028,-0.839,0.014,0.544,0.408,1.156,0.249
2016-12-01 01:45:44.153,83.788,0.027,-0.838,0.014,0.545,0.408,1.156,0.249
2016-12-01 01:45:44.165,83.788,0.027,-0.837,0.013,0.546,0.408,1.156,0.249
2016-12-01 01:45:44.175,83.809,0.027,-0.836,0.013,0.547,0.408,1.156,0.249
2016-12-01 01:45:44.186,83.831,0.026,-0.835,0.013,0.549,0.408,1.156,0.249
2016-12-01 01:45:44.198,83.831,0.026,-0.835,0.012,0.550,0.408,1.156,0.249
2016-12-01 01:45:44.209,83.852,0.026,-0.834,0.012,0.552,0.408,1.156,0.249
2016-12-01 01:45:44.221,83.852,0.025,-0.833,0.011,0.553,0.408,1.156,0.248
2016-12-01 01:45:44.231,83.873,0.025,-0.832,0.011,0.555,0.409,1.157,0.249
2016-12-01 01:45:44.243,83.873,0.024,-0.831,0.010,0.556,0.409,1.157,0.249
2016-12-01 01:45:44.254,83.895,0.023,-0.830,0.010,0.558,0.409,1.157,0.249
2016-12-01 01:45:44.265,83.895,0.022,-0.829,0.009,0.559,0.409,1.157,0.249
2016-12-01 01:45:44.276,83.916,0.022,-0.828,0.009,0.561,0.409,1.157,0.249
2016-12-01 01:45:44.287,83.916,0.021,-0.827,0.009,0.562,0.409,1.157,0.249
2016-12-01 01:45:44.298,83.937,0.021,-0.826,0.008,0.564,0.410,1.157,0.249
2016-12-01 01:45:44.310,83.937,0.020,-0.825,0.008,0.565,0.410,1.157,0.249
2016-12-01 01:45:44.321,83.959,0.019,-0.824,0.007,0.567,0.410,1.157,0.249
2016-12-01 01:45:44.333,83.959,0.019,-0.823,0.007,0.568,0.410,1.158,0.249
2016-12-01 01:45:44.345,83.980,0.018,-0.822,0.006,0.569,0.411,1.158,0.249
2016-12-01 01:45:44.354,83.980,0.018,-0.821,0.006,0.570,0.411,1.158,0.249
2016-12-01 01:45:44.366,84.001,0.017,-0.820,0.006,0.572,0.411,1.158,0.249
2016-12-01 01:45:44.377,84.023,0.017,-0.819,0.005,0.573,0.411,1.158,0.249
2016-12-01 01:45:44.388,84.023,0.016,-0.819,0.005,0.574,0.412,1.158,0.249
2016-12-01 01:45:44.399,84.044,0.015,-0.818,0.005,0.575,0.412,1.158,0.249
2016-12-01 01:45:44.410,84.044,0.015,-0.817,0.005,0.576,0.412,1.158,0.249
2016-12-01 01:45:44.421,84.065,0.014,-0.816,0.005,0.578,0.412,1.158,0.249
2016-12-01 01:45:44.434,84.065,0.014,-0.815,0.004,0.579,0.413,1.158,0.249
2016-12-01 01:45:44.444,84.087,0.013,-0.814,0.004,0.580,0.413,1.158,0.249
2016-12-01 01:45:44.456,84.087,0.013,-0.814,0.004,0.581,0.413,1.158,0.249
2016-12-01 01:45:44.466,84.108,0.012,-0.813,0.004,0.582,0.414,1.158,0.249
2016-12-01 01:45:44.477,84.108,0.011,-0.812,0.004,0.583,0.414,1.158,0.249
2016-12-01 01:45:44.488,84.129,0.010,-0.811,0.004,0.585,0.414,1.158,0.249
2016-12-01 01:45:44.500,84.129,0.010,-0.811,0.004,0.586,0.415,1.159,0.249
2016-12-01 01:45:44.511,84.151,0.009,-0.810,0.004,0.587,0.415,1.159,0.249
2016-12-01 01:45:44.522,84.151,0.009,-0.809,0.004,0.588,0.415,1.159,0.249
2016-12-01 01:45:44.533,84.172,0.008,-0.808,0.004,0.589,0.415,1.159,0.249
2016-12-01 01:45:44.545,84.172,0.007,-0.807,0.003,0.590,0.416,1.159,0.249
2016-12-01 01:45:44.555,84.193,0.007,-0.807,0.003,0.591,0.416,1.159,0.248
2016-12-01 01:45:44.567,84.215,0.006,-0.806,0.003,0.592,0.416,1.159,0.248
2016-12-01 01:45:44.577,84.215,0.006,-0.805,0.003,0.594,0.416,1.159,0.248
2016-12-01 01:45:44.589,84.236,0.006,-0.804,0.003,0.595,0.417,1.159,0.248
2016-12-01 01:45:44.601,84.236,0.005,-0.803,0.002,0.596,0.417,1.159,0.248
2016-12-01 01:45:44.611,84.257,0.005,-0.802,0.002,0.597,0.417,1.159,0.248
2016-12-01 01:45:44.623,84.257,0.004,-0.801,0.002,0.599,0.417,1.159,0.248
2016-12-01 01:45:44.633,84.257,0.004,-0.800,0.001,0.600,0.418,1.159,0.248
2016-12-01 01:45:44.645,84.279,0.003,-0.799,0.001,0.601,0.418,1.160,0.248
2016-12-01 01:45:44.656,84.279,0.003,-0.798,0.000,0.603,0.418,1.160,0.248
2016-12-01 01:45:44.667,84.300,0.002,-0.797,0.000,0.604,0.419,1.160,0.248
2016-12-01 01:45:44.679,84.321,0.002,-0.796,-0.001,0.606,0.419,1.160,0.248
2016-12-01 01:45:44.690,84.321,0.001,-0.795,-0.002,0.607,0.419,1.160,0.249
2016-12-01 01:45:44.700,84.343,0.000,-0.793,-0.002,0.609,0.420,1.160,0.249
2016-12-01 01:45:44.712,84.343,-0.001,-0.792,-0.003,0.610,0.420,1.161,0.249
2016-12-01 01:45:44.723,84.364,-0.001,-0.791,-0.004,0.612,0.420,1.161,0.249
2016-12-01 01:45:44.735,84.364,-0.002,-0.789,-0.005,0.614,0.420,1.161,0.249
2016-12-01 01:45:44.745,84.385,-0.003,-0.787,-0.005,0.617,0.421,1.161,0.249
2016-12-01 01:45:44.757,84.407,-0.004,-0.786,-0.005,0.619,0.421,1.161,0.249
2016-12-01 01:45:44.767,84.407,-0.005,-0.784,-0.006,0.621,0.421,1.162,0.249
2016-12-01 01:45:44.778,84.407,-0.006,-0.782,-0.006,0.623,0.422,1.162,0.249
2016-12-01 01:45:44.790,84.428,-0.007,-0.781,-0.007,0.625,0.422,1.162,0.250
2016-12-01 01:45:44.802,84.428,-0.008,-0.779,-0.007,0.627,0.422,1.162,0.250
2016-12-01 01:45:44.813,84.449,-0.009,-0.777,-0.007,0.629,0.422,1.162,0.250
2016-12-01 01:45:44.824,84.449,-0.010,-0.776,-0.007,0.631,0.423,1.162,0.250
2016-12-01 01:45:44.835,84.471,-0.010,-0.774,-0.007,0.633,0.423,1.162,0.250
2016-12-01 01:45:44.846,84.492,-0.011,-0.772,-0.007,0.635,0.423,1.162,0.250
2016-12-01 01:45:44.857,84.492,-0.012,-0.771,-0.007,0.637,0.423,1.162,0.250
2016-12-01 01:45:44.868,84.513,-0.013,-0.769,-0.007,0.639,0.424,1.162,0.250
2016-12-01 01:45:44.879,84.513,-0.013,-0.767,-0.007,0.641,0.424,1.162,0.250
2016-12-01 01:45:44.890,84.535,-0.014,-0.766,-0.007,0.643,0.424,1.163,0.250
2016-12-01 01:45:44.902,84.535,-0.014,-0.764,-0.007,0.645,0.424,1.163,0.250
2016-12-01 01:45:44.913,84.556,-0.015,-0.763,-0.007,0.647,0.425,1.163,0.250
2016-12-01 01:45:44.924,84.556,-0.015,-0.761,-0.007,0.648,0.425,1.163,0.250
2016-12-01 01:45:44.935,84.577,-0.015,-0.760,-0.007,0.650,0.425,1.163,0.250
2016-12-01 01:45:44.946,84.577,-0.016,-0.758,-0.007,0.651,0.425,1.163,0.250
2016-12-01 01:45:44.957,84.599,-0.016,-0.757,-0.007,0.653,0.426,1.163,0.250
2016-12-01 01:45:44.969,84.599,-0.017,-0.756,-0.007,0.655,0.426,1.163,0.250
2016-12-01 01:45:44.980,84.620,-0.017,-0.754,-0.008,0.656,0.426,1.163,0.250
2016-12-01 01:45:44.991,84.620,-0.018,-0.753,-0.008,0.658,0.426,1.163,0.250
2016-12-01 01:45:45.002,84.641,-0.018,-0.752,-0.008,0.659,0.426,1.163,0.250
2016-12-01 01:45:45.013,84.641,-0.018,-0.751,-0.008,0.661,0.426,1.163,0.250
2016-12-01 01:45:45.024,84.663,-0.019,-0.749,-0.008,0.662,0.426,1.163,0.250
2016-12-01 01:45:45.036,84.663,-0.019,-0.748,-0.008,0.664,0.427,1.164,0.250
2016-12-01 01:45:45.047,84.684,-0.019,-0.747,-0.008,0.665,0.427,1.164,0.250
2016-12-01 01:45:45.058,84.705,-0.020,-0.745,-0.008,0.666,0.427,1.164,0.250
2016-12-01 01:45:45.069,84.705,-0.020,-0.744,-0.008,0.668,0.427,1.164,0.250
2016-12-01 01:45:45.080,84.727,-0.020,-0.743,-0.008,0.669,0.427,1.164,0.250
2016-12-01 01:45:45.092,84.727,-0.021,-0.741,-0.008,0.671,0.427,1.164,0.250
2016-12-01 01:45:45.102,84.727,-0.021,-0.740,-0.008,0.672,0.427,1.164,0.249
2016-12-01 01:45:45.114,84.748,-0.021,-0.739,-0.008,0.674,0.427,1.164,0.249
2016-12-01 01:45:45.125,84.748,-0.021,-0.737,-0.007,0.675,0.427,1.164,0.249
2016-12-01 01:45:45.136,84.769,-0.021,-0.736,-0.007,0.676,0.427,1.164,0.249
2016-12-01 01:45:45.148,84.791,-0.021,-0.735,-0.007,0.678,0.427,1.164,0.249
2016-12-01 01:45:45.159,84.791,-0.021,-0.733,-0.007,0.679,0.427,1.164,0.249
2016-12-01 01:45:45.170,84.812,-0.022,-0.732,-0.007,0.681,0.428,1.164,0.249
2016-12-01 01:45:45.181,84.812,-0.022,-0.731,-0.007,0.682,0.428,1.164,0.249
2016-12-01 01:45:45.192,84.833,-0.022,-0.729,-0.007,0.684,0.428,1.164,0.249
2016-12-01 01:45:45.204,84.833,-0.023,-0.728,-0.007,0.685,0.428,1.164,0.249
2016-12-01 01:45:45.214,84.855,-0.023,-0.727,-0.008,0.687,0.428,1.164,0.249
2016-12-01 01:45:45.226,84.855,-0.024,-0.725,-0.008,0.688,0.428,1.164,0.249
2016-12-01 01:45:45.237,84.876,-0.024,-0.724,-0.008,0.689,0.428,1.164,0.249
2016-12-01 01:45:45.248,84.897,-0.024,-0.723,-0.008,0.690,0.428,1.164,0.249
2016-12-01 01:45:45.259,84.897,-0.025,-0.722,-0.008,0.692,0.428,1.164,0.249
2016-12-01 01:45:45.270,84.897,-0.025,-0.721,-0.008,0.693,0.428,1.164,0.249
2016-12-01 01:45:45.281,84.919,-0.025,-0.720,-0.008,0.694,0.428,1.164,0.248
2016-12-01 01:45:45.293,84.919,-0.025,-0.719,-0.008,0.695,0.428,1.164,0.248
2016-12-01 01:45:45.303,84.940,-0.025,-0.718,-0.008,0.696,0.428,1.164,0.248
2016-12-01 01:45:45.315,84.940,-0.025,-0.717,-0.008,0.696,0.428,1.164,0.248
2016-12-01 01:45:45.326,84.961,-0.025,-0.716,-0.008,0.697,0.428,1.164,0.248
2016-12-01 01:45:45.337,84.983,-0.025,-0.716,-0.009,0.698,0.428,1.164,0.248
2016-12-01 01:45:45.349,84.983,-0.025,-0.715,-0.009,0.698,0.428,1.164,0.248
2016-12-01 01:45:45.361,85.004,-0.026,-0.715,-0.009,0.699,0.428,1.164,0.248
2016-12-01 01:45:45.372,85.004,-0.026,-0.715,-0.009,0.699,0.428,1.164,0.248
2016-12-01 01:45:45.382,85.025,-0.026,-0.714,-0.008,0.699,0.428,1.164,0.247
2016-12-01 01:45:45.394,85.025,-0.026,-0.714,-0.008,0.699,0.428,1.164,0.247
2016-12-01 01:45:45.404,85.047,-0.026,-0.714,-0.008,0.699,0.428,1.164,0.247
2016-12-01 01:45:45.416,85.047,-0.027,-0.714,-0.008,0.699,0.428,1.164,0.247
2016-12-01 01:45:45.427,85.068,-0.027,-0.714,-0.008,0.699,0.428,1.164,0.246
2016-12-01 01:45:45.438,85.068,-0.027,-0.714,-0.008,0.699,0.428,1.164,0.246
2016-12-01 01:45:45.449,85.089,-0.027,-0.715,-0.008,0.699,0.428,1.164,0.246
2016-12-01 01:45:45.461,85.089,-0.027,-0.715,-0.007,0.699,0.428,1.165,0.246
2016-12-01 01:45:45.471,85.111,-0.028,-0.716,-0.007,0.698,0.428,1.165,0.245
2016-12-01 01:45:45.482,85.111,-0.028,-0.716,-0.007,0.697,0.428,1.165,0.245
2016-12-01 01:45:45.494,85.132,-0.028,-0.717,-0.007,0.697,0.428,1.165,0.245
2016-12-01 01:45:45.505,85.132,-0.029,-0.717,-0.007,0.696,0.428,1.165,0.245
2016-12-01 01:45:45.516,85.153,-0.029,-0.718,-0.007,0.695,0.428,1.164,0.244
2016-12-01 01:45:45.528,85.175,-0.029,-0.719,-0.006,0.695,0.428,1.164,0.244
2016-12-01 01:45:45.538,85.175,-0.029,-0.719,-0.006,0.694,0.428,1.164,0.244
2016-12-01 01:45:45.550,85.196,-0.029,-0.720,-0.006,0.693,0.428,1.164,0.244
2016-12-01 01:45:45.561,85.196,-0.029,-0.721,-0.005,0.692,0.428,1.164,0.244
2016-12-01 01:45:45.572,85.217,-0.028,-0.722,-0.005,0.691,0.428,1.164,0.243
2016-12-01 01:45:45.584,85.217,-0.028,-0.723,-0.005,0.690,0.428,1.164,0.243
2016-12-01 01:45:45.595,85.217,-0.028,-0.724,-0.005,0.689,0.428,1.164,0.243
2016-12-01 01:45:45.605,85.239,-0.028,-0.725,-0.004,0.688,0.428,1.164,0.243
2016-12-01 01:45:45.617,85.260,-0.028,-0.726,-0.004,0.687,0.428,1.164,0.243
2016-12-01 01:45:45.629,85.260,-0.028,-0.727,-0.004,0.686,0.428,1.164,0.243
2016-12-01 01:45:45.639,85.281,-0.028,-0.728,-0.004,0.685,0.428,1.164,0.243
2016-12-01 01:45:45.650,85.281,-0.028,-0.729,-0.004,0.684,0.428,1.164,0.243
2016-12-01 01:45:45.661,85.303,-0.028,-0.730,-0.003,0.683,0.429,1.164,0.243
2016-12-01 01:45:45.673,85.303,-0.028,-0.731,-0.003,0.682,0.429,1.164,0.243
2016-12-01 01:45:45.684,85.324,-0.028,-0.731,-0.003,0.682,0.429,1.164,0.243
2016-12-01 01:45:45.696,85.345,-0.028,-0.732,-0.003,0.681,0.429,1.164,0.243
2016-12-01 01:45:45.707,85.345,-0.028,-0.732,-0.003,0.680,0.429,1.164,0.243
2016-12-01 01:45:45.718,85.367,-0.029,-0.733,-0.003,0.680,0.429,1.164,0.243
2016-12-01 01:45:45.730,85.367,-0.029,-0.734,-0.003,0.679,0.429,1.164,0.243
2016-12-01 01:45:45.740,85.388,-0.029,-0.734,-0.002,0.678,0.429,1.164,0.242
2016-12-01 01:45:45.751,85.388,-0.030,-0.734,-0.002,0.678,0.429,1.164,0.243
2016-12-01 01:45:45.762,85.388,-0.030,-0.735,-0.002,0.678,0.429,1.164,0.243
2016-12-01 01:45:45.773,85.409,-0.030,-0.735,-0.002,0.677,0.429,1.164,0.243
2016-12-01 01:45:45.784,85.409,-0.030,-0.736,-0.002,0.677,0.429,1.164,0.243
2016-12-01 01:45:45.796,85.431,-0.030,-0.736,-0.002,0.676,0.429,1.164,0.243
2016-12-01 01:45:45.807,85.452,-0.030,-0.737,-0.002,0.675,0.429,1.164,0.243
2016-12-01 01:45:45.817,85.452,-0.030,-0.737,-0.002,0.675,0.429,1.164,0.243
2016-12-01 01:45:45.829,85.473,-0.030,-0.738,-0.002,0.674,0.429,1.164,0.243
2016-12-01 01:45:45.840,85.473,-0.030,-0.739,-0.002,0.673,0.429,1.164,0.243
2016-12-01 01:45:45.851,85.495,-0.030,-0.739,-0.002,0.673,0.429,1.164,0.243
2016-12-01 01:45:45.863,85.495,-0.029,-0.740,-0.002,0.672,0.429,1.164,0.243
2016-12-01 01:45:45.873,85.516,-0.029,-0.741,-0.002,0.671,0.429,1.164,0.243
2016-12-01 01:45:45.884,85.516,-0.029,-0.742,-0.002,0.670,0.429,1.164,0.243
2016-12-01 01:45:45.895,85.537,-0.029,-0.743,-0.002,0.669,0.429,1.164,0.243
2016-12-01 01:45:45.907,85.537,-0.029,-0.743,-0.002,0.668,0.429,1.164,0.243
2016-12-01 01:45:45.918,85.537,-0.029,-0.744,-0.002,0.667,0.429,1.164,0.243
2016-12-01 01:45:45.929,85.537,-0.029,-0.745,-0.002,0.666,0.429,1.164,0.243
2016-12-01 01:45:45.940,85.559,-0.029,-0.746,-0.002,0.665,0.429,1.164,0.243
2016-12-01 01:45:45.952,85.559,-0.029,-0.747,-0.002,0.664,0.429,1.164,0.243
2016-12-01 01:45:45.963,85.580,-0.029,-0.748,-0.002,0.663,0.429,1.164,0.244
2016-12-01 01:45:45.974,85.580,-0.029,-0.748,-0.002,0.663,0.429,1.164,0.244
2016-12-01 01:45:45.985,85.601,-0.029,-0.749,-0.002,0.662,0.429,1.164,0.244
2016-12-01 01:45:45.997,85.623,-0.029,-0.750,-0.002,0.661,0.429,1.164,0.244
2016-12-01 01:45:46.008,85.623,-0.029,-0.751,-0.002,0.660,0.429,1.164,0.244
2016-12-01 01:45:46.018,85.644,-0.028,-0.751,-0.002,0.659,0.429,1.164,0.244
2016-12-01 01:45:46.030,85.644,-0.028,-0.752,-0.001,0.658,0.429,1.164,0.244
2016-12-01 01:45:46.041,85.665,-0.028,-0.753,-0.002,0.658,0.429,1.164,0.244
2016-12-01 01:45:46.053,85.665,-0.028,-0.753,-0.002,0.657,0.429,1.164,0.244
2016-12-01 01:45:46.063,85.687,-0.028,-0.754,-0.002,0.657,0.429,1.164,0.245
2016-12-01 01:45:46.075,85.687,-0.028,-0.754,-0.002,0.656,0.429,1.164,0.245
2016-12-01 01:45:46.085,85.687,-0.028,-0.755,-0.002,0.655,0.429,1.164,0.245
2016-12-01 01:45:46.097,85.708,-0.028,-0.755,-0.002,0.655,0.429,1.163,0.245
2016-12-01 01:45:46.108,85.729,-0.028,-0.756,-0.002,0.654,0.429,1.163,0.245
2016-12-01 01:45:46.120,85.729,-0.029,-0.756,-0.002,0.654,0.429,1.163,0.245
2016-12-01 01:45:46.130,85.751,-0.029,-0.757,-0.002,0.653,0.429,1.164,0.245
2016-12-01 01:45:46.142,85.751,-0.029,-0.757,-0.003,0.653,0.429,1.163,0.246
2016-12-01 01:45:46.153,85.772,-0.029,-0.758,-0.003,0.652,0.429,1.163,0.246
2016-12-01 01:45:46.164,85.772,-0.029,-0.758,-0.003,0.651,0.429,1.164,0.246
2016-12-01 01:45:46.175,85.793,-0.029,-0.759,-0.003,0.651,0.429,1.164,0.246
2016-12-01 01:45:46.187,85.815,-0.029,-0.759,-0.003,0.650,0.429,1.164,0.246
2016-12-01 01:45:46.197,85.815,-0.029,-0.760,-0.003,0.650,0.429,1.164,0.247
2016-12-01 01:45:46.208,85.836,-0.029,-0.760,-0.003,0.649,0.429,1.164,0.247
2016-12-01 01:45:46.220,85.836,-0.029,-0.760,-0.003,0.649,0.429,1.164,0.247
2016-12-01 01:45:46.230,85.857,-0.029,-0.761,-0.003,0.648,0.429,1.164,0.247
2016-12-01 01:45:46.242,85.857,-0.028,-0.761,-0.003,0.648,0.429,1.164,0.247
2016-12-01 01:45:46.253,85.857,-0.028,-0.762,-0.004,0.647,0.429,1.164,0.247
2016-12-01 01:45:46.264,85.879,-0.028,-0.762,-0.004,0.647,0.429,1.164,0.247
2016-12-01 01:45:46.275,85.879,-0.027,-0.763,-0.004,0.646,0.429,1.164,0.247
2016-12-01 01:45:46.286,85.900,-0.027,-0.763,-0.004,0.645,0.429,1.164,0.248
2016-12-01 01:45:46.298,85.921,-0.027,-0.764,-0.004,0.645,0.429,1.164,0.248
2016-12-01 01:45:46.309,85.921,-0.026,-0.765,-0.004,0.644,0.429,1.163,0.248
2016-12-01 01:45:46.320,85.943,-0.026,-0.765,-0.004,0.643,0.429,1.163,0.248
2016-12-01 01:45:46.331,85.943,-0.026,-0.766,-0.004,0.642,0.430,1.163,0.248
2016-12-01 01:45:46.342,85.964,-0.026,-0.767,-0.005,0.642,0.430,1.163,0.249
2016-12-01 01:45:46.354,85.964,-0.025,-0.767,-0.005,0.641,0.430,1.163,0.249
2016-12-01 01:45:46.365,85.985,-0.025,-0.768,-0.005,0.640,0.429,1.163,0.249
2016-12-01 01:45:46.376,86.007,-0.025,-0.769,-0.005,0.639,0.429,1.163,0.249
2016-12-01 01:45:46.388,86.007,-0.025,-0.769,-0.005,0.638,0.429,1.163,0.249
2016-12-01 01:45:46.398,86.007,-0.024,-0.770,-0.005,0.638,0.429,1.163,0.249
2016-12-01 01:45:46.409,86.028,-0.024,-0.771,-0.005,0.637,0.429,1.163,0.249
2016-12-01 01:45:46.421,86.028,-0.023,-0.771,-0.005,0.636,0.429,1.163,0.249
2016-12-01 01:45:46.432,86.049,-0.023,-0.772,-0.005,0.635,0.429,1.163,0.249
2016-12-01 01:45:46.443,86.049,-0.023,-0.772,-0.005,0.635,0.429,1.163,0.250
2016-12-01 01:45:46.454,86.071,-0.022,-0.773,-0.005,0.634,0.429,1.163,0.250
2016-12-01 01:45:46.465,86.071,-0.022,-0.773,-0.005,0.634,0.429,1.163,0.250
2016-12-01 01:45:46.477,86.092,-0.022,-0.774,-0.005,0.633,0.429,1.163,0.250
2016-12-01 01:45:46.488,86.113,-0.021,-0.774,-0.005,0.633,0.429,1.163,0.250
2016-12-01 01:45:46.499,86.113,-0.021,-0.774,-0.005,0.632,0.429,1.163,0.250
2016-12-01 01:45:46.510,86.135,-0.021,-0.775,-0.005,0.632,0.429,1.163,0.250
2016-12-01 01:45:46.522,86.135,-0.021,-0.775,-0.005,0.631,0.428,1.163,0.250
2016-12-01 01:45:46.532,86.156,-0.021,-0.775,-0.005,0.631,0.429,1.163,0.250
2016-12-01 01:45:46.544,86.156,-0.021,-0.776,-0.005,0.631,0.428,1.163,0.250
2016-12-01 01:45:46.555,86.177,-0.021,-0.776,-0.006,0.631,0.428,1.163,0.250
2016-12-01 01:45:46.566,86.177,-0.021,-0.776,-0.006,0.631,0.428,1.163,0.250
2016-12-01 01:45:46.577,86.199,-0.022,-0.776,-0.006,0.631,0.429,1.163,0.250
2016-12-01 01:45:46.589,86.199,-0.022,-0.776,-0.006,0.630,0.428,1.163,0.250
2016-12-01 01:45:46.599,86.220,-0.022,-0.776,-0.006,0.630,0.428,1.163,0.250
2016-12-01 01:45:46.611,86.220,-0.022,-0.776,-0.006,0.630,0.428,1.163,0.250
2016-12-01 01:45:46.621,86.241,-0.022,-0.776,-0.007,0.630,0.428,1.163,0.250
2016-12-01 01:45:46.633,86.241,-0.022,-0.776,-0.007,0.631,0.428,1.163,0.250
2016-12-01 01:45:46.644,86.263,-0.023,-0.776,-0.007,0.631,0.428,1.163,0.250
2016-12-01 01:45:46.656,86.284,-0.022,-0.776,-0.006,0.631,0.428,1.163,0.250
2016-12-01 01:45:46.667,86.284,-0.022,-0.776,-0.006,0.631,0.428,1.163,0.250
2016-12-01 01:45:46.678,86.305,-0.022,-0.775,-0.006,0.631,0.428,1.163,0.250
2016-12-01 01:45:46.689,86.305,-0.022,-0.775,-0.006,0.631,0.428,1.163,0.250
2016-12-01 01:45:46.700,86.327,-0.022,-0.775,-0.006,0.631,0.428,1.163,0.250
2016-12-01 01:45:46.712,86.327,-0.022,-0.775,-0.006,0.632,0.428,1.163,0.250
2016-12-01 01:45:46.722,86.327,-0.022,-0.775,-0.006,0.632,0.428,1.163,0.250
2016-12-01 01:45:46.734,86.348,-0.022,-0.774,-0.006,0.632,0.428,1.163,0.250
2016-12-01 01:45:46.745,86.348,-0.022,-0.774,-0.006,0.633,0.428,1.163,0.250
2016-12-01 01:45:46.756,86.369,-0.021,-0.774,-0.006,0.633,0.428,1.163,0.250
2016-12-01 01:45:46.767,86.391,-0.021,-0.773,-0.006,0.634,0.428,1.163,0.250
2016-12-01 01:45:46.778,86.391,-0.021,-0.773,-0.005,0.634,0.428,1.163,0.250
2016-12-01 01:45:46.789,86.412,-0.021,-0.773,-0.005,0.634,0.428,1.163,0.250
2016-12-01 01:45:46.801,86.412,-0.021,-0.773,-0.005,0.635,0.428,1.163,0.250
2016-12-01 01:45:46.812,86.433,-0.021,-0.772,-0.005,0.635,0.428,1.163,0.250
2016-12-01 01:45:46.823,86.433,-0.021,-0.772,-0.005,0.635,0.427,1.163,0.249
2016-12-01 01:45:46.834,86.455,-0.021,-0.772,-0.005,0.635,0.427,1.163,0.249
2016-12-01 01:45:46.845,86.455,-0.021,-0.772,-0.005,0.635,0.427,1.163,0.249
2016-12-01 01:45:46.856,86.476,-0.021,-0.772,-0.004,0.635,0.427,1.163,0.249
2016-12-01 01:45:46.868,86.497,-0.021,-0.772,-0.004,0.636,0.427,1.163,0.249
2016-12-01 01:45:46.879,86.497,-0.021,-0.772,-0.004,0.636,0.427,1.162,0.249
2016-12-01 01:45:46.890,86.497,-0.021,-0.771,-0.004,0.636,0.427,1.163,0.249
2016-12-01 01:45:46.901,86.519,-0.021,-0.771,-0.004,0.636,0.427,1.162,0.249
2016-12-01 01:45:46.912,86.519,-0.021,-0.771,-0.003,0.636,0.427,1.163,0.248
2016-12-01 01:45:46.924,86.540,-0.020,-0.771,-0.003,0.637,0.427,1.163,0.248
2016-12-01 01:45:46.935,86.540,-0.020,-0.771,-0.003,0.637,0.427,1.163,0.248
2016-12-01 01:45:46.946,86.561,-0.020,-0.771,-0.003,0.637,0.427,1.163,0.248
2016-12-01 01:45:46.957,86.583,-0.020,-0.771,-0.002,0.637,0.427,1.163,0.248
2016-12-01 01:45:46.968,86.583,-0.021,-0.771,-0.002,0.636,0.427,1.163,0.248
2016-12-01 01:45:46.980,86.604,-0.021,-0.771,-0.002,0.636,0.427,1.163,0.248
2016-12-01 01:45:46.991,86.604,-0.020,-0.772,-0.002,0.636,0.427,1.163,0.248
2016-12-01 01:45:47.001,86.625,-0.020,-0.772,-0.002,0.635,0.427,1.163,0.248
2016-12-01 01:45:47.013,86.625,-0.021,-0.772,-0.002,0.635,0.427,1.163,0.247
2016-12-01 01:45:47.024,86.647,-0.021,-0.772,-0.002,0.635,0.427,1.163,0.247
2016-12-01 01:45:47.035,86.647,-0.021,-0.773,-0.002,0.634,0.427,1.163,0.247
2016-12-01 01:45:47.046,86.668,-0.022,-0.773,-0.002,0.634,0.427,1.163,0.247
2016-12-01 01:45:47.058,86.668,-0.022,-0.774,-0.002,0.633,0.427,1.163,0.246
2016-12-01 01:45:47.069,86.689,-0.022,-0.774,-0.002,0.633,0.427,1.163,0.246
2016-12-01 01:45:47.080,86.689,-0.023,-0.775,-0.002,0.632,0.427,1.163,0.246
2016-12-01 01:45:47.091,86.711,-0.023,-0.775,-0.002,0.631,0.427,1.163,0.246
2016-12-01 01:45:47.102,86.711,-0.024,-0.776,-0.002,0.630,0.427,1.163,0.245
2016-12-01 01:45:47.113,86.732,-0.024,-0.777,-0.002,0.629,0.427,1.163,0.245
2016-12-01 01:45:47.125,86.732,-0.024,-0.778,-0.002,0.628,0.427,1.163,0.245
2016-12-01 01:45:47.136,86.753,-0.024,-0.778,-0.002,0.627,0.427,1.163,0.245
2016-12-01 01:45:47.147,86.775,-0.024,-0.779,-0.001,0.626,0.427,1.163,0.244
2016-12-01 01:45:47.158,86.775,-0.024,-0.780,-0.001,0.625,0.427,1.163,0.244
2016-12-01 01:45:47.169,86.796,-0.024,-0.781,-0.001,0.624,0.427,1.163,0.243
2016-12-01 01:45:47.180,86.796,-0.024,-0.782,0.000,0.623,0.427,1.163,0.243
2016-12-01 01:45:47.191,86.817,-0.024,-0.783,0.000,0.621,0.427,1.163,0.243
2016-12-01 01:45:47.202,86.817,-0.024,-0.784,0.000,0.620,0.427,1.163,0.242
2016-12-01 01:45:47.214,86.817,-0.024,-0.785,0.001,0.618,0.427,1.163,0.242
2016-12-01 01:45:47.225,86.839,-0.025,-0.787,0.001,0.617,0.427,1.163,0.241
2016-12-01 01:45:47.237,86.860,-0.025,-0.788,0.002,0.615,0.427,1.163,0.241
2016-12-01 01:45:47.248,86.860,-0.025,-0.789,0.002,0.614,0.427,1.162,0.241
2016-12-01 01:45:47.259,86.881,-0.026,-0.790,0.002,0.612,0.428,1.162,0.240
2016-12-01 01:45:47.270,86.881,-0.026,-0.791,0.002,0.611,0.428,1.162,0.240
2016-12-01 01:45:47.281,86.903,-0.026,-0.793,0.002,0.609,0.428,1.162,0.239
2016-12-01 01:45:47.293,86.903,-0.027,-0.794,0.002,0.608,0.428,1.162,0.239
2016-12-01 01:45:47.303,86.924,-0.027,-0.795,0.002,0.606,0.428,1.162,0.239
2016-12-01 01:45:47.315,86.924,-0.028,-0.796,0.002,0.605,0.428,1.162,0.238
2016-12-01 01:45:47.325,86.945,-0.028,-0.796,0.002,0.604,0.428,1.162,0.238
2016-12-01 01:45:47.337,86.967,-0.029,-0.797,0.003,0.603,0.428,1.162,0.238
2016-12-01 01:45:47.348,86.967,-0.029,-0.798,0.003,0.602,0.428,1.162,0.237
2016-12-01 01:45:47.359,86.988,-0.030,-0.798,0.003,0.601,0.428,1.163,0.237
2016-12-01 01:45:47.370,86.988,-0.031,-0.799,0.004,0.601,0.428,1.163,0.237
2016-12-01 01:45:47.381,86.988,-0.031,-0.799,0.004,0.600,0.428,1.163,0.237
2016-12-01 01:45:47.392,87.009,-0.032,-0.800,0.005,0.600,0.428,1.163,0.236
2016-12-01 01:45:47.403,87.009,-0.032,-0.800,0.005,0.599,0.428,1.162,0.236
2016-12-01 01:45:47.414,87.031,-0.033,-0.800,0.006,0.599,0.428,1.162,0.236
2016-12-01 01:45:47.426,87.052,-0.033,-0.800,0.007,0.599,0.428,1.162,0.236
2016-12-01 01:45:47.437,87.052,-0.033,-0.800,0.007,0.600,0.428,1.162,0.235
2016-12-01 01:45:47.448,87.073,-0.033,-0.799,0.007,0.600,0.428,1.162,0.235
2016-12-01 01:45:47.460,87.073,-0.033,-0.799,0.008,0.600,0.429,1.162,0.235
2016-12-01 01:45:47.471,87.095,-0.032,-0.799,0.008,0.601,0.428,1.162,0.235
2016-12-01 01:45:47.482,87.095,-0.032,-0.799,0.008,0.601,0.428,1.162,0.235
2016-12-01 01:45:47.493,87.116,-0.032,-0.798,0.009,0.601,0.428,1.162,0.235
2016-12-01 01:45:47.504,87.116,-0.031,-0.798,0.009,0.602,0.428,1.162,0.235
2016-12-01 01:45:47.515,87.137,-0.031,-0.798,0.010,0.602,0.428,1.162,0.235
2016-12-01 01:45:47.527,87.137,-0.031,-0.797,0.010,0.603,0.429,1.162,0.235
2016-12-01 01:45:47.538,87.159,-0.030,-0.797,0.010,0.603,0.429,1.162,0.236
2016-12-01 01:45:47.549,87.159,-0.030,-0.796,0.011,0.604,0.429,1.162,0.236
2016-12-01 01:45:47.560,87.180,-0.029,-0.796,0.011,0.605,0.429,1.162,0.236
2016-12-01 01:45:47.571,87.180,-0.028,-0.795,0.012,0.606,0.429,1.162,0.236
2016-12-01 01:45:47.582,87.201,-0.027,-0.795,0.013,0.606,0.429,1.162,0.236
2016-12-01 01:45:47.594,87.201,-0.027,-0.794,0.013,0.607,0.429,1.162,0.236
2016-12-01 01:45:47.604,87.223,-0.026,-0.793,0.014,0.608,0.429,1.162,0.237
2016-12-01 01:45:47.616,87.244,-0.026,-0.793,0.014,0.609,0.429,1.162,0.237
2016-12-01 01:45:47.627,87.244,-0.026,-0.792,0.014,0.609,0.429,1.162,0.237
2016-12-01 01:45:47.638,87.265,-0.026,-0.792,0.014,0.610,0.429,1.162,0.237
2016-12-01 01:45:47.650,87.265,-0.026,-0.791,0.015,0.610,0.429,1.162,0.238
2016-12-01 01:45:47.661,87.287,-0.025,-0.791,0.015,0.611,0.429,1.162,0.238
2016-12-01 01:45:47.672,87.287,-0.025,-0.791,0.015,0.612,0.429,1.162,0.238
2016-12-01 01:45:47.683,87.308,-0.025,-0.790,0.015,0.612,0.429,1.162,0.238
2016-12-01 01:45:47.695,87.308,-0.025,-0.790,0.015,0.613,0.429,1.162,0.239
2016-12-01 01:45:47.705,87.308,-0.025,-0.790,0.014,0.613,0.429,1.163,0.239
2016-12-01 01:45:47.716,87.329,-0.026,-0.789,0.014,0.613,0.429,1.163,0.239
2016-12-01 01:45:47.728,87.351,-0.026,-0.789,0.014,0.613,0.429,1.162,0.240
2016-12-01 01:45:47.738,87.351,-0.026,-0.789,0.013,0.613,0.429,1.162,0.240
2016-12-01 01:45:47.750,87.372,-0.026,-0.789,0.013,0.613,0.429,1.162,0.240
2016-12-01 01:45:47.761,87.372,-0.025,-0.789,0.013,0.613,0.429,1.162,0.241
2016-12-01 01:45:47.772,87.393,-0.025,-0.789,0.012,0.613,0.429,1.162,0.241
2016-12-01 01:45:47.784,87.393,-0.025,-0.789,0.012,0.613,0.429,1.162,0.242
2016-12-01 01:45:47.795,87.415,-0.024,-0.789,0.012,0.614,0.429,1.162,0.242
2016-12-01 01:45:47.806,87.415,-0.024,-0.789,0.011,0.614,0.429,1.162,0.242
2016-12-01 01:45:47.817,87.436,-0.023,-0.789,0.011,0.614,0.429,1.162,0.243
2016-12-01 01:45:47.829,87.457,-0.022,-0.789,0.011,0.614,0.429,1.162,0.243
2016-12-01 01:45:47.840,87.457,-0.022,-0.789,0.011,0.614,0.429,1.162,0.244
2016-12-01 01:45:47.851,87.479,-0.021,-0.789,0.011,0.614,0.428,1.162,0.244
2016-12-01 01:45:47.862,87.479,-0.021,-0.788,0.011,0.615,0.428,1.162,0.244
2016-12-01 01:45:47.873,87.479,-0.020,-0.788,0.011,0.615,0.428,1.162,0.245
2016-12-01 01:45:47.884,87.500,-0.019,-0.788,0.010,0.615,0.428,1.162,0.245
2016-12-01 01:45:47.896,87.521,-0.018,-0.787,0.010,0.616,0.428,1.162,0.246
2016-12-01 01:45:47.907,87.521,-0.017,-0.787,0.010,0.616,0.428,1.162,0.246
2016-12-01 01:45:47.917,87.543,-0.017,-0.787,0.010,0.617,0.427,1.162,0.247
2016-12-01 01:45:47.929,87.543,-0.016,-0.787,0.010,0.617,0.427,1.162,0.247
2016-12-01 01:45:47.940,87.564,-0.015,-0.786,0.009,0.618,0.427,1.162,0.248
2016-12-01 01:45:47.951,87.564,-0.015,-0.786,0.009,0.618,0.427,1.162,0.248
2016-12-01 01:45:47.962,87.585,-0.015,-0.785,0.008,0.619,0.427,1.162,0.249
2016-12-01 01:45:47.973,87.585,-0.015,-0.785,0.007,0.619,0.427,1.162,0.249
2016-12-01 01:45:47.985,87.607,-0.015,-0.784,0.007,0.620,0.426,1.162,0.250
2016-12-01 01:45:47.996,87.607,-0.015,-0.784,0.006,0.621,0.426,1.162,0.250
2016-12-01 01:45:48.007,87.628,-0.015,-0.783,0.005,0.621,0.426,1.162,0.251
2016-12-01 01:45:48.019,87.628,-0.015,-0.783,0.005,0.622,0.426,1.162,0.251
2016-12-01 01:45:48.029,87.649,-0.015,-0.783,0.004,0.622,0.426,1.162,0.252
2016-12-01 01:45:48.040,87.649,-0.015,-0.782,0.003,0.623,0.426,1.162,0.252
2016-12-01 01:45:48.051,87.671,-0.014,-0.782,0.003,0.623,0.425,1.162,0.253
2016-12-01 01:45:48.063,87.671,-0.014,-0.781,0.002,0.624,0.425,1.162,0.253
2016-12-01 01:45:48.074,87.692,-0.014,-0.781,0.002,0.625,0.425,1.162,0.253
2016-12-01 01:45:48.085,87.692,-0.014,-0.780,0.002,0.625,0.425,1.162,0.254
2016-12-01 01:45:48.096,87.713,-0.013,-0.780,0.001,0.626,0.425,1.162,0.254
2016-12-01 01:45:48.107,87.735,-0.013,-0.779,0.001,0.626,0.425,1.163,0.254
2016-12-01 01:45:48.119,87.735,-0.013,-0.779,0.001,0.627,0.425,1.163,0.255
2016-12-01 01:45:48.130,87.756,-0.012,-0.779,0.000,0.627,0.424,1.163,0.255
2016-12-01 01:45:48.141,87.756,-0.012,-0.778,0.000,0.628,0.424,1.163,0.255
2016-12-01 01:45:48.152,87.777,-0.012,-0.778,0.000,0.628,0.424,1.163,0.256
2016-12-01 01:45:48.163,87.777,-0.012,-0.777,-0.001,0.629,0.424,1.162,0.256
2016-12-01 01:45:48.175,87.799,-0.011,-0.777,-0.001,0.629,0.424,1.163,0.256
2016-12-01 01:45:48.186,87.799,-0.011,-0.777,-0.001,0.630,0.423,1.163,0.256
2016-12-01 01:45:48.197,87.820,-0.011,-0.776,-0.001,0.631,0.423,1.163,0.257
2016-12-01 01:45:48.208,87.820,-0.010,-0.775,-0.001,0.631,0.423,1.163,0.257
2016-12-01 01:45:48.219,87.841,-0.010,-0.775,-0.001,0.632,0.423,1.163,0.257
2016-12-01 01:45:48.231,87.841,-0.010,-0.774,-0.001,0.633,0.423,1.163,0.257
2016-12-01 01:45:48.242,87.863,-0.010,-0.774,-0.001,0.633,0.423,1.162,0.258
2016-12-01 01:45:48.253,87.863,-0.010,-0.773,-0.001,0.634,0.423,1.162,0.258
2016-12-01 01:45:48.264,87.884,-0.010,-0.772,-0.002,0.635,0.423,1.162,0.258
2016-12-01 01:45:48.275,87.884,-0.010,-0.772,-0.002,0.636,0.423,1.163,0.258
2016-12-01 01:45:48.286,87.905,-0.010,-0.771,-0.001,0.637,0.422,1.162,0.258
2016-12-01 01:45:48.297,87.927,-0.009,-0.770,-0.001,0.638,0.422,1.162,0.258
2016-12-01 01:45:48.309,87.927,-0.009,-0.769,-0.001,0.639,0.422,1.162,0.259
2016-12-01 01:45:48.319,87.948,-0.009,-0.769,-0.001,0.640,0.422,1.162,0.259
2016-12-01 01:45:48.330,87.948,-0.009,-0.768,-0.001,0.641,0.422,1.162,0.259
2016-12-01 01:45:48.342,87.948,-0.009,-0.767,-0.001,0.642,0.422,1.162,0.259
2016-12-01 01:45:48.353,87.969,-0.009,-0.766,-0.001,0.643,0.422,1.162,0.259
2016-12-01 01:45:48.365,87.969,-0.009,-0.765,-0.001,0.644,0.422,1.162,0.259
2016-12-01 01:45:48.376,87.991,-0.009,-0.764,-0.001,0.645,0.422,1.162,0.259
2016-12-01 01:45:48.387,88.012,-0.008,-0.764,-0.001,0.646,0.422,1.162,0.259
2016-12-01 01:45:48.398,88.012,-0.008,-0.763,-0.001,0.647,0.422,1.163,0.259
2016-12-01 01:45:48.409,88.033,-0.008,-0.762,-0.001,0.648,0.422,1.162,0.259
2016-12-01 01:45:48.421,88.033,-0.008,-0.761,-0.001,0.649,0.422,1.163,0.259
2016-12-01 01:45:48.431,88.055,-0.008,-0.760,-0.001,0.650,0.422,1.163,0.259
2016-12-01 01:45:48.442,88.055,-0.008,-0.759,-0.001,0.651,0.422,1.163,0.259
2016-12-01 01:45:48.453,88.076,-0.008,-0.758,-0.001,0.652,0.422,1.163,0.259
2016-12-01 01:45:48.465,88.076,-0.008,-0.757,-0.001,0.654,0.422,1.162,0.259
2016-12-01 01:45:48.476,88.097,-0.008,-0.756,-0.001,0.655,0.422,1.162,0.259
2016-12-01 01:45:48.487,88.119,-0.008,-0.755,-0.001,0.656,0.422,1.162,0.259
2016-12-01 01:45:48.498,88.119,-0.008,-0.753,-0.002,0.657,0.422,1.162,0.259
2016-12-01 01:45:48.509,88.119,-0.008,-0.752,-0.002,0.659,0.422,1.162,0.259
2016-12-01 01:45:48.520,88.140,-0.008,-0.751,-0.002,0.660,0.422,1.162,0.259
2016-12-01 01:45:48.532,88.140,-0.008,-0.750,-0.002,0.662,0.422,1.162,0.259
2016-12-01 01:45:48.543,88.161,-0.008,-0.748,-0.002,0.663,0.422,1.162,0.259
2016-12-01 01:45:48.555,88.161,-0.008,-0.747,-0.002,0.665,0.422,1.163,0.259
2016-12-01 01:45:48.565,88.183,-0.008,-0.746,-0.002,0.666,0.422,1.163,0.259
2016-12-01 01:45:48.577,88.204,-0.008,-0.744,-0.002,0.668,0.422,1.163,0.259
2016-12-01 01:45:48.588,88.204,-0.008,-0.743,-0.003,0.669,0.422,1.163,0.259
2016-12-01 01:45:48.599,88.225,-0.008,-0.742,-0.003,0.671,0.422,1.163,0.259
2016-12-01 01:45:48.611,88.225,-0.008,-0.740,-0.002,0.672,0.422,1.163,0.259
2016-12-01 01:45:48.621,88.247,-0.008,-0.739,-0.002,0.673,0.423,1.162,0.259
2016-12-01 01:45:48.632,88.247,-0.008,-0.738,-0.002,0.675,0.423,1.162,0.259
2016-12-01 01:45:48.643,88.268,-0.008,-0.737,-0.002,0.676,0.423,1.162,0.259
2016-12-01 01:45:48.655,88.268,-0.008,-0.736,-0.002,0.677,0.423,1.162,0.259
2016-12-01 01:45:48.666,88.289,-0.008,-0.734,-0.002,0.679,0.423,1.162,0.259
2016-12-01 01:45:48.677,88.289,-0.008,-0.733,-0.002,0.680,0.423,1.162,0.258
2016-12-01 01:45:48.688,88.311,-0.008,-0.732,-0.002,0.681,0.423,1.162,0.258
2016-12-01 01:45:48.699,88.311,-0.009,-0.731,-0.002,0.682,0.423,1.162,0.258
2016-12-01 01:45:48.710,88.332,-0.009,-0.731,-0.002,0.683,0.424,1.162,0.258
2016-12-01 01:45:48.722,88.332,-0.009,-0.730,-0.002,0.684,0.424,1.162,0.258
2016-12-01 01:45:48.733,88.353,-0.009,-0.729,-0.002,0.685,0.424,1.162,0.258
2016-12-01 01:45:48.744,88.353,-0.009,-0.728,-0.002,0.685,0.424,1.162,0.258
2016-12-01 01:45:48.755,88.375,-0.009,-0.727,-0.002,0.686,0.424,1.162,0.258
2016-12-01 01:45:48.767,88.396,-0.009,-0.727,-0.002,0.687,0.424,1.162,0.257
2016-12-01 01:45:48.778,88.396,-0.009,-0.726,-0.002,0.688,0.424,1.162,0.257
2016-12-01 01:45:48.789,88.417,-0.009,-0.725,-0.002,0.688,0.424,1.162,0.257
2016-12-01 01:45:48.800,88.417,-0.009,-0.725,-0.002,0.689,0.425,1.162,0.257
2016-12-01 01:45:48.811,88.439,-0.010,-0.724,-0.003,0.690,0.425,1.163,0.257
2016-12-01 01:45:48.823,88.439,-0.010,-0.724,-0.003,0.690,0.425,1.163,0.256
2016-12-01 01:45:48.834,88.439,-0.011,-0.723,-0.003,0.691,0.425,1.163,0.256
2016-12-01 01:45:48.845,88.460,-0.011,-0.722,-0.004,0.691,0.425,1.163,0.256
2016-12-01 01:45:48.856,88.481,-0.012,-0.722,-0.004,0.692,0.425,1.163,0.256
2016-12-01 01:45:48.867,88.481,-0.012,-0.721,-0.004,0.692,0.425,1.163,0.256
2016-12-01 01:45:48.878,88.503,-0.013,-0.721,-0.004,0.693,0.425,1.163,0.256
2016-12-01 01:45:48.889,88.503,-0.013,-0.720,-0.004,0.694,0.425,1.163,0.255
2016-12-01 01:45:48.900,88.524,-0.014,-0.720,-0.005,0.694,0.425,1.163,0.255
2016-12-01 01:45:48.912,88.524,-0.014,-0.719,-0.005,0.695,0.426,1.163,0.255
2016-12-01 01:45:48.923,88.545,-0.014,-0.719,-0.005,0.695,0.426,1.163,0.255
2016-12-01 01:45:48.934,88.545,-0.015,-0.718,-0.005,0.696,0.426,1.163,0.254
2016-12-01 01:45:48.945,88.567,-0.015,-0.717,-0.005,0.697,0.426,1.163,0.254
2016-12-01 01:45:48.957,88.588,-0.015,-0.717,-0.005,0.697,0.426,1.163,0.254
2016-12-01 01:45:48.968,88.588,-0.016,-0.716,-0.005,0.698,0.426,1.163,0.254
2016-12-01 01:45:48.979,88.609,-0.016,-0.716,-0.005,0.698,0.426,1.164,0.254
2016-12-01 01:45:48.990,88.609,-0.017,-0.715,-0.005,0.699,0.426,1.164,0.254
2016-12-01 01:45:49.001,88.609,-0.017,-0.715,-0.006,0.699,0.426,1.164,0.253
2016-12-01 01:45:49.012,88.631,-0.018,-0.714,-0.006,0.700,0.426,1.164,0.253
2016-12-01 01:45:49.024,88.631,-0.018,-0.714,-0.006,0.700,0.427,1.164,0.253
2016-12-01 01:45:49.035,88.652,-0.019,-0.713,-0.006,0.700,0.427,1.164,0.253
2016-12-01 01:45:49.046,88.652,-0.019,-0.713,-0.006,0.701,0.427,1.164,0.252
2016-12-01 01:45:49.057,88.673,-0.020,-0.713,-0.005,0.701,0.427,1.164,0.252
2016-12-01 01:45:49.068,88.695,-0.020,-0.713,-0.005,0.701,0.427,1.164,0.252
2016-12-01 01:45:49.080,88.695,-0.021,-0.713,-0.005,0.701,0.427,1.164,0.252
2016-12-01 01:45:49.090,88.716,-0.021,-0.713,-0.005,0.700,0.427,1.164,0.251
2016-12-01 01:45:49.101,88.716,-0.021,-0.714,-0.005,0.699,0.427,1.164,0.251
2016-12-01 01:45:49.113,88.737,-0.022,-0.715,-0.005,0.698,0.427,1.164,0.250
2016-12-01 01:45:49.124,88.737,-0.022,-0.716,-0.005,0.697,0.427,1.164,0.250
2016-12-01 01:45:49.135,88.759,-0.022,-0.718,-0.005,0.696,0.427,1.164,0.249
2016-12-01 01:45:49.147,88.780,-0.022,-0.719,-0.005,0.695,0.427,1.164,0.249
2016-12-01 01:45:49.157,88.780,-0.022,-0.720,-0.005,0.694,0.427,1.164,0.249
2016-12-01 01:45:49.169,88.780,-0.022,-0.721,-0.005,0.693,0.427,1.164,0.248
2016-12-01 01:45:49.180,88.801,-0.022,-0.722,-0.005,0.692,0.427,1.164,0.248
2016-12-01 01:45:49.191,88.801,-0.022,-0.723,-0.004,0.690,0.427,1.164,0.248
2016-12-01 01:45:49.202,88.823,-0.022,-0.724,-0.004,0.689,0.428,1.164,0.247
2016-12-01 01:45:49.214,88.823,-0.022,-0.725,-0.004,0.688,0.428,1.164,0.247
2016-12-01 01:45:49.224,88.844,-0.023,-0.727,-0.005,0.687,0.428,1.164,0.246
2016-12-01 01:45:49.235,88.844,-0.022,-0.728,-0.005,0.685,0.428,1.164,0.246
2016-12-01 01:45:49.246,88.865,-0.023,-0.729,-0.005,0.684,0.428,1.164,0.246
2016-12-01 01:45:49.258,88.887,-0.023,-0.731,-0.005,0.682,0.428,1.164,0.245
2016-12-01 01:45:49.269,88.887,-0.023,-0.732,-0.005,0.681,0.428,1.164,0.245
2016-12-01 01:45:49.280,88.908,-0.023,-0.734,-0.005,0.679,0.428,1.164,0.244
2016-12-01 01:45:49.292,88.908,-0.024,-0.735,-0.005,0.677,0.428,1.164,0.244
2016-12-01 01:45:49.303,88.929,-0.024,-0.737,-0.005,0.676,0.428,1.164,0.244
2016-12-01 01:45:49.314,88.929,-0.025,-0.738,-0.006,0.674,0.428,1.164,0.243
2016-12-01 01:45:49.325,88.929,-0.025,-0.740,-0.006,0.672,0.428,1.165,0.243
2016-12-01 01:45:49.336,88.951,-0.025,-0.741,-0.006,0.671,0.428,1.165,0.242
2016-12-01 01:45:49.347,88.972,-0.026,-0.743,-0.006,0.669,0.428,1.165,0.242
2016-12-01 01:45:49.358,88.972,-0.026,-0.745,-0.006,0.667,0.428,1.165,0.242
2016-12-01 01:45:49.370,88.993,-0.027,-0.746,-0.006,0.665,0.428,1.165,0.242
2016-12-01 01:45:49.381,88.993,-0.027,-0.748,-0.005,0.663,0.428,1.165,0.241
2016-12-01 01:45:49.392,89.015,-0.027,-0.749,-0.005,0.662,0.428,1.165,0.241
2016-12-01 01:45:49.403,89.015,-0.028,-0.751,-0.005,0.660,0.428,1.165,0.241
2016-12-01 01:45:49.414,89.036,-0.028,-0.753,-0.004,0.658,0.428,1.164,0.241
2016-12-01 01:45:49.426,89.057,-0.028,-0.754,-0.004,0.656,0.428,1.164,0.240
2016-12-01 01:45:49.437,89.057,-0.028,-0.756,-0.003,0.654,0.428,1.164,0.240
2016-12-01 01:45:49.460,89.079,-0.028,-0.759,-0.003,0.650,0.428,1.164,0.239
2016-12-01 01:45:49.470,89.100,-0.028,-0.761,-0.002,0.648,0.428,1.164,0.239
2016-12-01 01:45:49.485,89.100,-0.028,-0.764,-0.002,0.645,0.428,1.163,0.239
2016-12-01 01:45:49.507,89.121,-0.027,-0.767,0.000,0.641,0.428,1.163,0.238
2016-12-01 01:45:49.529,89.143,-0.026,-0.770,0.000,0.637,0.428,1.163,0.238
2016-12-01 01:45:49.552,89.164,-0.026,-0.773,0.001,0.634,0.428,1.163,0.238
2016-12-01 01:45:49.571,89.185,-0.026,-0.774,0.001,0.633,0.428,1.163,0.238
2016-12-01 01:45:49.582,89.207,-0.026,-0.775,0.002,0.631,0.428,1.163,0.238
2016-12-01 01:45:49.594,89.207,-0.025,-0.776,0.002,0.630,0.428,1.163,0.238
2016-12-01 01:45:49.604,89.228,-0.025,-0.777,0.002,0.628,0.428,1.163,0.238
2016-12-01 01:45:49.616,89.249,-0.025,-0.778,0.002,0.627,0.428,1.163,0.237
2016-12-01 01:45:49.626,89.249,-0.025,-0.779,0.003,0.626,0.428,1.163,0.237
2016-12-01 01:45:49.637,89.249,-0.024,-0.780,0.003,0.625,0.428,1.163,0.237
2016-12-01 01:45:49.648,89.271,-0.024,-0.781,0.003,0.624,0.428,1.163,0.237
2016-12-01 01:45:49.660,89.271,-0.024,-0.782,0.002,0.622,0.428,1.163,0.237
2016-12-01 01:45:49.671,89.292,-0.024,-0.783,0.002,0.621,0.428,1.163,0.238
2016-12-01 01:45:49.683,89.292,-0.025,-0.784,0.002,0.620,0.428,1.163,0.238
2016-12-01 01:45:49.694,89.313,-0.025,-0.785,0.002,0.619,0.428,1.163,0.238
2016-12-01 01:45:49.705,89.313,-0.025,-0.786,0.002,0.617,0.428,1.163,0.238
2016-12-01 01:45:49.716,89.335,-0.025,-0.787,0.002,0.616,0.428,1.163,0.238
2016-12-01 01:45:49.727,89.356,-0.025,-0.788,0.002,0.615,0.428,1.163,0.237
2016-12-01 01:45:49.738,89.356,-0.025,-0.789,0.002,0.613,0.428,1.163,0.237
2016-12-01 01:45:49.749,89.377,-0.025,-0.790,0.002,0.612,0.428,1.163,0.237
2016-12-01 01:45:49.761,89.377,-0.025,-0.791,0.002,0.611,0.428,1.163,0.237
2016-12-01 01:45:49.772,89.399,-0.025,-0.793,0.002,0.609,0.428,1.163,0.237
2016-12-01 01:45:49.783,89.399,-0.025,-0.794,0.002,0.608,0.429,1.163,0.238
2016-12-01 01:45:49.794,89.420,-0.025,-0.795,0.002,0.606,0.429,1.163,0.238
2016-12-01 01:45:49.805,89.420,-0.025,-0.796,0.002,0.605,0.429,1.163,0.238
2016-12-01 01:45:49.816,89.441,-0.025,-0.797,0.001,0.604,0.429,1.163,0.238
2016-12-01 01:45:49.828,89.441,-0.024,-0.798,0.001,0.602,0.429,1.163,0.238
2016-12-01 01:45:49.838,89.463,-0.024,-0.799,0.001,0.601,0.429,1.163,0.238
2016-12-01 01:45:49.850,89.463,-0.024,-0.800,0.001,0.599,0.429,1.163,0.238
2016-12-01 01:45:49.861,89.484,-0.024,-0.801,0.000,0.598,0.429,1.163,0.239
2016-12-01 01:45:49.872,89.484,-0.024,-0.802,0.000,0.597,0.429,1.163,0.239
2016-12-01 01:45:49.883,89.505,-0.024,-0.803,0.000,0.595,0.429,1.163,0.239
2016-12-01 01:45:49.895,89.505,-0.024,-0.804,0.000,0.594,0.429,1.163,0.239
2016-12-01 01:45:49.906,89.527,-0.024,-0.805,0.000,0.593,0.429,1.163,0.239
2016-12-01 01:45:49.917,89.548,-0.024,-0.806,0.000,0.592,0.429,1.163,0.239
2016-12-01 01:45:49.928,89.548,-0.023,-0.807,0.000,0.590,0.429,1.163,0.240
2016-12-01 01:45:49.939,89.569,-0.023,-0.808,-0.001,0.589,0.429,1.163,0.240
2016-12-01 01:45:49.951,89.569,-0.023,-0.808,-0.001,0.588,0.429,1.163,0.240
2016-12-01 01:45:49.961,89.591,-0.023,-0.809,-0.001,0.587,0.429,1.163,0.240
2016-12-01 01:45:49.973,89.591,-0.023,-0.810,-0.001,0.587,0.429,1.163,0.240
2016-12-01 01:45:49.984,89.591,-0.023,-0.810,-0.001,0.586,0.429,1.163,0.240
2016-12-01 01:45:49.995,89.612,-0.023,-0.811,-0.001,0.585,0.429,1.163,0.241
2016-12-01 01:45:50.006,89.633,-0.023,-0.811,-0.001,0.585,0.429,1.163,0.241
2016-12-01 01:45:50.018,89.633,-0.023,-0.811,-0.002,0.584,0.429,1.163,0.241
2016-12-01 01:45:50.028,89.655,-0.023,-0.812,-0.002,0.584,0.429,1.163,0.241
2016-12-01 01:45:50.039,89.655,-0.022,-0.812,-0.002,0.583,0.429,1.163,0.242
2016-12-01 01:45:50.051,89.676,-0.022,-0.812,-0.003,0.583,0.429,1.163,0.242
2016-12-01 01:45:50.063,89.676,-0.022,-0.812,-0.003,0.583,0.429,1.163,0.242
2016-12-01 01:45:50.073,89.697,-0.022,-0.812,-0.003,0.583,0.428,1.163,0.243
2016-12-01 01:45:50.085,89.697,-0.021,-0.812,-0.004,0.584,0.428,1.163,0.243
2016-12-01 01:45:50.096,89.719,-0.021,-0.812,-0.004,0.584,0.428,1.164,0.243
2016-12-01 01:45:50.107,89.740,-0.021,-0.811,-0.005,0.584,0.428,1.164,0.244
2016-12-01 01:45:50.118,89.740,-0.021,-0.811,-0.005,0.584,0.428,1.164,0.244
2016-12-01 01:45:50.129,89.740,-0.021,-0.811,-0.006,0.585,0.428,1.164,0.244
2016-12-01 01:45:50.140,89.761,-0.021,-0.811,-0.006,0.585,0.428,1.164,0.245
2016-12-01 01:45:50.152,89.761,-0.021,-0.810,-0.007,0.586,0.427,1.164,0.245
2016-12-01 01:45:50.162,89.783,-0.020,-0.810,-0.007,0.586,0.427,1.164,0.245
2016-12-01 01:45:50.174,89.783,-0.020,-0.810,-0.008,0.586,0.427,1.164,0.246
2016-12-01 01:45:50.185,89.804,-0.020,-0.809,-0.008,0.587,0.427,1.164,0.246
2016-12-01 01:45:50.196,89.825,-0.019,-0.809,-0.008,0.587,0.427,1.164,0.246
2016-12-01 01:45:50.208,89.825,-0.019,-0.809,-0.009,0.588,0.427,1.164,0.247
2016-12-01 01:45:50.218,89.847,-0.019,-0.808,-0.009,0.588,0.427,1.164,0.247
2016-12-01 01:45:50.229,89.847,-0.019,-0.808,-0.010,0.589,0.427,1.164,0.247
2016-12-01 01:45:50.241,89.868,-0.018,-0.808,-0.010,0.589,0.427,1.164,0.248
2016-12-01 01:45:50.252,89.868,-0.018,-0.808,-0.011,0.589,0.427,1.164,0.248
2016-12-01 01:45:50.263,89.889,-0.018,-0.807,-0.011,0.590,0.427,1.164,0.249
2016-12-01 01:45:50.275,89.889,-0.017,-0.807,-0.011,0.590,0.426,1.164,0.249
2016-12-01 01:45:50.285,89.911,-0.017,-0.807,-0.012,0.590,0.426,1.164,0.249
2016-12-01 01:45:50.297,89.911,-0.017,-0.807,-0.012,0.590,0.426,1.164,0.249
2016-12-01 01:45:50.308,89.932,-0.016,-0.807,-0.012,0.591,0.426,1.164,0.250
2016-12-01 01:45:50.319,89.932,-0.016,-0.807,-0.013,0.591,0.426,1.164,0.250
2016-12-01 01:45:50.330,89.953,-0.015,-0.807,-0.013,0.591,0.426,1.164,0.250
2016-12-01 01:45:50.341,89.953,-0.015,-0.806,-0.013,0.591,0.425,1.164,0.250
2016-12-01 01:45:50.352,89.975,-0.014,-0.806,-0.013,0.591,0.425,1.164,0.250
2016-12-01 01:45:50.364,89.975,-0.014,-0.806,-0.013,0.591,0.425,1.164,0.251
2016-12-01 01:45:50.375,89.996,-0.014,-0.806,-0.014,0.591,0.425,1.164,0.251
2016-12-01 01:45:50.386,90.017,-0.013,-0.806,-0.014,0.591,0.425,1.164,0.251
2016-12-01 01:45:50.397,90.017,-0.013,-0.806,-0.014,0.591,0.425,1.164,0.251
2016-12-01 01:45:50.408,90.039,-0.013,-0.806,-0.014,0.591,0.425,1.164,0.252
2016-12-01 01:45:50.420,90.039,-0.013,-0.807,-0.014,0.591,0.425,1.164,0.252
2016-12-01 01:45:50.431,90.060,-0.012,-0.807,-0.014,0.591,0.425,1.164,0.252
2016-12-01 01:45:50.442,90.060,-0.012,-0.807,-0.014,0.591,0.425,1.164,0.252
2016-12-01 01:45:50.453,90.060,-0.012,-0.807,-0.014,0.590,0.425,1.164,0.252
2016-12-01 01:45:50.464,90.081,-0.012,-0.807,-0.014,0.590,0.425,1.164,0.252
2016-12-01 01:45:50.475,90.081,-0.012,-0.807,-0.014,0.590,0.425,1.164,0.252
2016-12-01 01:45:50.487,90.103,-0.012,-0.807,-0.014,0.590,0.425,1.164,0.253
2016-12-01 01:45:50.498,90.124,-0.011,-0.807,-0.014,0.590,0.425,1.164,0.253
2016-12-01 01:45:50.509,90.124,-0.011,-0.807,-0.014,0.590,0.425,1.164,0.253
2016-12-01 01:45:50.520,90.145,-0.011,-0.807,-0.014,0.590,0.425,1.164,0.253
2016-12-01 01:45:50.531,90.145,-0.011,-0.808,-0.014,0.589,0.425,1.164,0.253
2016-12-01 01:45:50.542,90.167,-0.011,-0.808,-0.014,0.589,0.425,1.164,0.253
2016-12-01 01:45:50.554,90.167,-0.011,-0.808,-0.015,0.589,0.425,1.164,0.253
2016-12-01 01:45:50.565,90.188,-0.011,-0.808,-0.015,0.589,0.425,1.164,0.253
2016-12-01 01:45:50.576,90.209,-0.011,-0.808,-0.015,0.589,0.425,1.164,0.253
2016-12-01 01:45:50.587,90.209,-0.011,-0.808,-0.015,0.588,0.425,1.164,0.254
2016-12-01 01:45:50.598,90.231,-0.011,-0.809,-0.016,0.588,0.425,1.164,0.254
2016-12-01 01:45:50.610,90.231,-0.011,-0.809,-0.016,0.588,0.425,1.164,0.254
2016-12-01 01:45:50.621,90.231,-0.011,-0.809,-0.016,0.588,0.425,1.164,0.254
2016-12-01 01:45:50.632,90.252,-0.011,-0.809,-0.017,0.587,0.425,1.164,0.254
2016-12-01 01:45:50.643,90.252,-0.011,-0.809,-0.017,0.587,0.425,1.164,0.254
2016-12-01 01:45:50.654,90.273,-0.011,-0.809,-0.017,0.587,0.425,1.164,0.254
2016-12-01 01:45:50.666,90.273,-0.011,-0.810,-0.018,0.587,0.425,1.164,0.254
2016-12-01 01:45:50.677,90.295,-0.011,-0.810,-0.018,0.586,0.425,1.164,0.254
2016-12-01 01:45:50.688,90.316,-0.011,-0.810,-0.019,0.586,0.425,1.164,0.254
2016-12-01 01:45:50.699,90.316,-0.011,-0.810,-0.019,0.586,0.426,1.165,0.254
2016-12-01 01:45:50.710,90.337,-0.011,-0.810,-0.019,0.585,0.426,1.165,0.254
2016-12-01 01:45:50.722,90.337,-0.011,-0.811,-0.020,0.585,0.426,1.165,0.254
2016-12-01 01:45:50.732,90.359,-0.011,-0.811,-0.020,0.585,0.426,1.165,0.254
2016-12-01 01:45:50.744,90.359,-0.011,-0.811,-0.020,0.584,0.426,1.165,0.254
2016-12-01 01:45:50.754,90.380,-0.012,-0.811,-0.021,0.584,0.426,1.165,0.254
2016-12-01 01:45:50.766,90.401,-0.012,-0.812,-0.021,0.584,0.426,1.165,0.254
2016-12-01 01:45:50.777,90.401,-0.012,-0.812,-0.021,0.583,0.426,1.165,0.254
2016-12-01 01:45:50.788,90.401,-0.012,-0.812,-0.021,0.583,0.426,1.165,0.254
2016-12-01 01:45:50.799,90.423,-0.012,-0.812,-0.022,0.583,0.426,1.165,0.254
2016-12-01 01:45:50.811,90.423,-0.012,-0.813,-0.022,0.582,0.426,1.165,0.254
2016-12-01 01:45:50.822,90.444,-0.012,-0.813,-0.022,0.582,0.426,1.165,0.254
2016-12-01 01:45:50.833,90.444,-0.013,-0.813,-0.022,0.582,0.427,1.165,0.254
2016-12-01 01:45:50.844,90.465,-0.013,-0.813,-0.022,0.581,0.427,1.165,0.254
2016-12-01 01:45:50.856,90.465,-0.013,-0.814,-0.022,0.581,0.427,1.165,0.254
2016-12-01 01:45:50.866,90.487,-0.013,-0.814,-0.022,0.580,0.427,1.165,0.254
2016-12-01 01:45:50.878,90.508,-0.013,-0.815,-0.022,0.579,0.427,1.165,0.254
2016-12-01 01:45:50.889,90.508,-0.013,-0.815,-0.022,0.579,0.427,1.165,0.254
2016-12-01 01:45:50.900,90.529,-0.013,-0.816,-0.022,0.578,0.427,1.165,0.254
2016-12-01 01:45:50.911,90.529,-0.013,-0.816,-0.022,0.577,0.427,1.165,0.253
2016-12-01 01:45:50.922,90.551,-0.013,-0.817,-0.022,0.577,0.428,1.165,0.253
2016-12-01 01:45:50.933,90.551,-0.014,-0.817,-0.022,0.576,0.428,1.165,0.253
2016-12-01 01:45:50.944,90.551,-0.014,-0.818,-0.022,0.575,0.428,1.165,0.253
2016-12-01 01:45:50.955,90.572,-0.014,-0.818,-0.022,0.575,0.428,1.165,0.253
2016-12-01 01:45:50.967,90.593,-0.014,-0.818,-0.022,0.574,0.428,1.165,0.253
2016-12-01 01:45:50.978,90.593,-0.014,-0.819,-0.022,0.573,0.428,1.165,0.253
2016-12-01 01:45:50.989,90.615,-0.014,-0.820,-0.022,0.572,0.428,1.165,0.253
2016-12-01 01:45:51.001,90.615,-0.014,-0.820,-0.022,0.572,0.428,1.165,0.253
2016-12-01 01:45:51.012,90.636,-0.014,-0.821,-0.022,0.571,0.428,1.165,0.253
2016-12-01 01:45:51.023,90.636,-0.015,-0.821,-0.022,0.570,0.428,1.165,0.253
2016-12-01 01:45:51.034,90.657,-0.015,-0.822,-0.022,0.569,0.428,1.165,0.253
2016-12-01 01:45:51.045,90.657,-0.015,-0.822,-0.022,0.569,0.428,1.165,0.253
2016-12-01 01:45:51.056,90.679,-0.015,-0.822,-0.022,0.568,0.428,1.165,0.253
2016-12-01 01:45:51.068,90.700,-0.014,-0.823,-0.022,0.568,0.428,1.165,0.253
2016-12-01 01:45:51.079,90.700,-0.014,-0.823,-0.021,0.567,0.428,1.166,0.253
2016-12-01 01:45:51.090,90.721,-0.014,-0.824,-0.021,0.566,0.428,1.165,0.253
2016-12-01 01:45:51.101,90.721,-0.014,-0.824,-0.021,0.566,0.428,1.165,0.253
2016-12-01 01:45:51.112,90.721,-0.013,-0.825,-0.021,0.565,0.428,1.165,0.253
2016-12-01 01:45:51.123,90.743,-0.013,-0.825,-0.021,0.565,0.428,1.165,0.253
2016-12-01 01:45:51.135,90.743,-0.013,-0.825,-0.021,0.564,0.428,1.165,0.253
2016-12-01 01:45:51.145,90.764,-0.013,-0.826,-0.021,0.564,0.428,1.165,0.253
2016-12-01 01:45:51.157,90.785,-0.013,-0.826,-0.021,0.563,0.429,1.165,0.253
2016-12-01 01:45:51.168,90.785,-0.013,-0.826,-0.021,0.563,0.428,1.165,0.253
2016-12-01 01:45:51.179,90.807,-0.013,-0.827,-0.021,0.562,0.428,1.165,0.253
2016-12-01 01:45:51.191,90.807,-0.014,-0.827,-0.021,0.562,0.429,1.165,0.253
2016-12-01 01:45:51.201,90.828,-0.014,-0.827,-0.021,0.562,0.429,1.165,0.253
2016-12-01 01:45:51.213,90.828,-0.014,-0.827,-0.021,0.561,0.429,1.165,0.253
2016-12-01 01:45:51.224,90.849,-0.014,-0.827,-0.021,0.561,0.429,1.165,0.253
2016-12-01 01:45:51.235,90.849,-0.014,-0.828,-0.021,0.561,0.428,1.165,0.253
2016-12-01 01:45:51.246,90.871,-0.014,-0.828,-0.021,0.561,0.428,1.165,0.253
2016-12-01 01:45:51.257,90.871,-0.014,-0.828,-0.021,0.560,0.428,1.165,0.253
2016-12-01 01:45:51.268,90.892,-0.014,-0.828,-0.021,0.560,0.428,1.165,0.252
2016-12-01 01:45:51.280,90.892,-0.014,-0.828,-0.020,0.560,0.428,1.165,0.252
2016-12-01 01:45:51.291,90.913,-0.013,-0.828,-0.021,0.560,0.428,1.165,0.252
2016-12-01 01:45:51.302,90.913,-0.013,-0.829,-0.020,0.559,0.428,1.165,0.252
2016-12-01 01:45:51.313,90.935,-0.013,-0.829,-0.020,0.559,0.428,1.165,0.253
2016-12-01 01:45:51.325,90.935,-0.013,-0.829,-0.020,0.559,0.428,1.165,0.253
2016-12-01 01:45:51.335,90.956,-0.013,-0.829,-0.020,0.559,0.428,1.165,0.253
2016-12-01 01:45:51.346,90.977,-0.013,-0.829,-0.020,0.559,0.428,1.165,0.253
2016-12-01 01:45:51.358,90.977,-0.013,-0.829,-0.020,0.559,0.428,1.165,0.253
2016-12-01 01:45:51.369,90.999,-0.012,-0.829,-0.020,0.559,0.428,1.165,0.253
2016-12-01 01:45:51.381,90.999,-0.012,-0.829,-0.020,0.559,0.428,1.165,0.253
2016-12-01 01:45:51.392,91.020,-0.012,-0.829,-0.020,0.559,0.428,1.165,0.253
2016-12-01 01:45:51.403,91.020,-0.011,-0.828,-0.020,0.560,0.428,1.165,0.253
2016-12-01 01:45:51.414,91.041,-0.011,-0.828,-0.020,0.560,0.428,1.165,0.253
2016-12-01 01:45:51.425,91.041,-0.011,-0.828,-0.020,0.560,0.428,1.165,0.253
2016-12-01 01:45:51.436,91.041,-0.011,-0.828,-0.020,0.560,0.428,1.165,0.253
2016-12-01 01:45:51.447,91.063,-0.011,-0.828,-0.020,0.561,0.428,1.165,0.253
2016-12-01 01:45:51.459,91.084,-0.010,-0.827,-0.020,0.561,0.428,1.165,0.252
2016-12-01 01:45:51.469,91.084,-0.010,-0.827,-0.020,0.562,0.428,1.165,0.253
2016-12-01 01:45:51.481,91.105,-0.010,-0.826,-0.019,0.563,0.428,1.165,0.253
2016-12-01 01:45:51.492,91.105,-0.010,-0.826,-0.019,0.563,0.427,1.165,0.252
2016-12-01 01:45:51.503,91.127,-0.010,-0.826,-0.019,0.564,0.427,1.165,0.252
2016-12-01 01:45:51.515,91.127,-0.010,-0.825,-0.018,0.564,0.427,1.165,0.252
2016-12-01 01:45:51.525,91.148,-0.009,-0.825,-0.018,0.565,0.427,1.164,0.252
2016-12-01 01:45:51.536,91.169,-0.009,-0.825,-0.018,0.565,0.427,1.164,0.252
2016-12-01 01:45:51.548,91.169,-0.009,-0.824,-0.017,0.566,0.427,1.164,0.252
2016-12-01 01:45:51.559,91.191,-0.009,-0.824,-0.017,0.566,0.427,1.164,0.252
2016-12-01 01:45:51.570,91.191,-0.009,-0.824,-0.016,0.567,0.426,1.164,0.252
2016-12-01 01:45:51.581,91.212,-0.008,-0.823,-0.016,0.567,0.426,1.164,0.252
2016-12-01 01:45:51.594,91.212,-0.008,-0.823,-0.016,0.568,0.426,1.164,0.252
2016-12-01 01:45:51.604,91.212,-0.008,-0.822,-0.015,0.569,0.426,1.164,0.252
2016-12-01 01:45:51.615,91.233,-0.008,-0.822,-0.015,0.569,0.426,1.164,0.252
2016-12-01 01:45:51.626,91.255,-0.007,-0.822,-0.015,0.570,0.426,1.164,0.252
2016-12-01 01:45:51.637,91.255,-0.007,-0.821,-0.015,0.571,0.426,1.164,0.252
2016-12-01 01:45:51.648,91.276,-0.007,-0.821,-0.015,0.571,0.426,1.164,0.252
2016-12-01 01:45:51.660,91.276,-0.007,-0.820,-0.015,0.572,0.426,1.164,0.252
2016-12-01 01:45:51.670,91.297,-0.007,-0.820,-0.015,0.573,0.426,1.164,0.252
2016-12-01 01:45:51.682,91.297,-0.007,-0.819,-0.015,0.574,0.426,1.164,0.252
2016-12-01 01:45:51.693,91.319,-0.007,-0.818,-0.015,0.574,0.426,1.164,0.252
2016-12-01 01:45:51.704,91.319,-0.007,-0.818,-0.015,0.575,0.426,1.164,0.252
2016-12-01 01:45:51.715,91.340,-0.007,-0.817,-0.015,0.576,0.426,1.164,0.252
2016-12-01 01:45:51.727,91.361,-0.007,-0.817,-0.015,0.577,0.425,1.164,0.252
2016-12-01 01:45:51.738,91.361,-0.007,-0.816,-0.015,0.578,0.425,1.164,0.252
2016-12-01 01:45:51.748,91.361,-0.008,-0.815,-0.015,0.579,0.425,1.164,0.252
2016-12-01 01:45:51.760,91.383,-0.007,-0.814,-0.015,0.580,0.425,1.164,0.252
2016-12-01 01:45:51.771,91.383,-0.007,-0.814,-0.014,0.581,0.425,1.164,0.252
2016-12-01 01:45:51.782,91.404,-0.007,-0.813,-0.014,0.582,0.425,1.164,0.252
2016-12-01 01:45:51.794,91.404,-0.007,-0.812,-0.014,0.583,0.425,1.164,0.252
2016-12-01 01:45:51.805,91.425,-0.007,-0.812,-0.014,0.584,0.425,1.164,0.252
2016-12-01 01:45:51.816,91.447,-0.007,-0.811,-0.014,0.585,0.425,1.164,0.252
2016-12-01 01:45:51.827,91.447,-0.007,-0.810,-0.014,0.586,0.425,1.164,0.252
2016-12-01 01:45:51.838,91.468,-0.007,-0.809,-0.014,0.587,0.425,1.164,0.252
2016-12-01 01:45:51.850,91.468,-0.007,-0.809,-0.014,0.588,0.425,1.164,0.252
2016-12-01 01:45:51.861,91.489,-0.007,-0.808,-0.014,0.589,0.425,1.164,0.252
2016-12-01 01:45:51.872,91.489,-0.007,-0.807,-0.014,0.590,0.425,1.164,0.252
2016-12-01 01:45:51.883,91.511,-0.007,-0.806,-0.013,0.591,0.425,1.164,0.252
2016-12-01 01:45:51.894,91.511,-0.007,-0.806,-0.013,0.592,0.425,1.164,0.252
2016-12-01 01:45:51.905,91.532,-0.007,-0.805,-0.013,0.593,0.425,1.164,0.252
2016-12-01 01:45:51.917,91.532,-0.007,-0.804,-0.013,0.594,0.425,1.163,0.252
2016-12-01 01:45:51.928,91.553,-0.007,-0.803,-0.012,0.595,0.425,1.163,0.252
2016-12-01 01:45:51.939,91.553,-0.006,-0.803,-0.012,0.596,0.425,1.163,0.252
2016-12-01 01:45:51.950,91.575,-0.006,-0.802,-0.011,0.597,0.425,1.163,0.252
2016-12-01 01:45:51.962,91.575,-0.006,-0.801,-0.011,0.598,0.425,1.163,0.252
2016-12-01 01:45:51.972,91.596,-0.006,-0.801,-0.011,0.599,0.425,1.163,0.251
2016-12-01 01:45:51.984,91.596,-0.005,-0.800,-0.010,0.600,0.425,1.163,0.251
2016-12-01 01:45:51.995,91.617,-0.005,-0.799,-0.010,0.601,0.425,1.163,0.251
2016-12-01 01:45:52.006,91.617,-0.005,-0.799,-0.010,0.602,0.425,1.163,0.251
2016-12-01 01:45:52.017,91.639,-0.005,-0.798,-0.010,0.603,0.425,1.163,0.251
2016-12-01 01:45:52.028,91.660,-0.005,-0.797,-0.010,0.604,0.425,1.163,0.251
2016-12-01 01:45:52.040,91.660,-0.005,-0.797,-0.010,0.604,0.425,1.163,0.251
2016-12-01 01:45:52.050,91.681,-0.005,-0.796,-0.010,0.605,0.426,1.163,0.251
2016-12-01 01:45:52.061,91.681,-0.005,-0.795,-0.010,0.606,0.426,1.163,0.251
2016-12-01 01:45:52.072,91.681,-0.005,-0.795,-0.010,0.607,0.426,1.163,0.251
2016-12-01 01:45:52.084,91.703,-0.006,-0.794,-0.010,0.608,0.426,1.163,0.251
2016-12-01 01:45:52.095,91.703,-0.006,-0.793,-0.010,0.609,0.426,1.163,0.251
2016-12-01 01:45:52.106,91.724,-0.006,-0.792,-0.010,0.610,0.426,1.163,0.251
2016-12-01 01:45:52.117,91.745,-0.006,-0.792,-0.010,0.611,0.426,1.163,0.251
2016-12-01 01:45:52.129,91.745,-0.006,-0.791,-0.010,0.612,0.426,1.163,0.251
2016-12-01 01:45:52.139,91.767,-0.006,-0.790,-0.010,0.613,0.426,1.163,0.251
2016-12-01 01:45:52.152,91.767,-0.007,-0.789,-0.010,0.614,0.426,1.163,0.251
2016-12-01 01:45:52.162,91.788,-0.007,-0.788,-0.010,0.615,0.426,1.163,0.251
2016-12-01 01:45:52.173,91.788,-0.007,-0.788,-0.010,0.616,0.426,1.163,0.251
2016-12-01 01:45:52.185,91.809,-0.007,-0.787,-0.010,0.617,0.426,1.163,0.251
2016-12-01 01:45:52.196,91.809,-0.007,-0.786,-0.010,0.619,0.426,1.163,0.251
2016-12-01 01:45:52.207,91.831,-0.007,-0.785,-0.010,0.620,0.426,1.163,0.251
2016-12-01 01:45:52.219,91.852,-0.007,-0.784,-0.009,0.621,0.426,1.163,0.251
2016-12-01 01:45:52.229,91.852,-0.007,-0.783,-0.009,0.622,0.426,1.163,0.251
2016-12-01 01:45:52.240,91.852,-0.007,-0.782,-0.009,0.623,0.426,1.163,0.251
2016-12-01 01:45:52.251,91.873,-0.007,-0.781,-0.009,0.624,0.426,1.163,0.251
2016-12-01 01:45:52.263,91.873,-0.007,-0.780,-0.009,0.625,0.426,1.163,0.251
2016-12-01 01:45:52.274,91.895,-0.007,-0.779,-0.009,0.626,0.426,1.163,0.251
2016-12-01 01:45:52.285,91.895,-0.007,-0.779,-0.008,0.627,0.426,1.163,0.251
2016-12-01 01:45:52.296,91.916,-0.007,-0.778,-0.008,0.628,0.426,1.163,0.250
2016-12-01 01:45:52.307,91.937,-0.007,-0.777,-0.008,0.629,0.426,1.163,0.250
2016-12-01 01:45:52.319,91.937,-0.007,-0.776,-0.008,0.630,0.426,1.163,0.250
2016-12-01 01:45:52.329,91.959,-0.007,-0.776,-0.008,0.631,0.426,1.163,0.250
2016-12-01 01:45:52.341,91.959,-0.007,-0.775,-0.008,0.632,0.426,1.163,0.250
2016-12-01 01:45:52.352,91.980,-0.007,-0.774,-0.007,0.633,0.426,1.163,0.250
2016-12-01 01:45:52.363,91.980,-0.007,-0.774,-0.007,0.633,0.425,1.163,0.250
2016-12-01 01:45:52.374,92.001,-0.007,-0.773,-0.007,0.634,0.425,1.163,0.250
2016-12-01 01:45:52.386,92.001,-0.007,-0.773,-0.007,0.635,0.425,1.163,0.250
2016-12-01 01:45:52.397,92.023,-0.007,-0.772,-0.007,0.636,0.425,1.163,0.250
2016-12-01 01:45:52.408,92.023,-0.007,-0.772,-0.006,0.636,0.425,1.163,0.250
2016-12-01 01:45:52.419,92.044,-0.007,-0.771,-0.006,0.637,0.425,1.163,0.250
2016-12-01 01:45:52.430,92.044,-0.007,-0.771,-0.006,0.637,0.425,1.163,0.250
2016-12-01 01:45:52.441,92.065,-0.007,-0.770,-0.006,0.638,0.425,1.163,0.249
2016-12-01 01:45:52.453,92.065,-0.007,-0.769,-0.006,0.639,0.425,1.163,0.250
2016-12-01 01:45:52.463,92.087,-0.007,-0.769,-0.006,0.639,0.425,1.163,0.249
2016-12-01 01:45:52.475,92.087,-0.007,-0.768,-0.006,0.640,0.425,1.163,0.249
2016-12-01 01:45:52.486,92.108,-0.007,-0.768,-0.006,0.641,0.425,1.163,0.249
2016-12-01 01:45:52.497,92.129,-0.006,-0.767,-0.005,0.641,0.425,1.163,0.249
2016-12-01 01:45:52.508,92.129,-0.006,-0.767,-0.005,0.642,0.425,1.163,0.249
2016-12-01 01:45:52.519,92.151,-0.006,-0.766,-0.005,0.643,0.425,1.163,0.249
2016-12-01 01:45:52.531,92.151,-0.006,-0.766,-0.005,0.643,0.425,1.163,0.249
2016-12-01 01:45:52.542,92.172,-0.006,-0.765,-0.005,0.644,0.425,1.163,0.249
2016-12-01 01:45:52.553,92.172,-0.006,-0.765,-0.005,0.644,0.424,1.163,0.249
2016-12-01 01:45:52.564,92.172,-0.007,-0.764,-0.005,0.645,0.424,1.163,0.249
2016-12-01 01:45:52.575,92.193,-0.007,-0.764,-0.005,0.645,0.424,1.163,0.249
2016-12-01 01:45:52.587,92.215,-0.008,-0.764,-0.004,0.645,0.424,1.163,0.249
2016-12-01 01:45:52.598,92.215,-0.009,-0.764,-0.004,0.646,0.424,1.163,0.249
2016-12-01 01:45:52.609,92.236,-0.011,-0.763,-0.004,0.646,0.424,1.163,0.249
2016-12-01 01:45:52.620,92.236,-0.012,-0.763,-0.004,0.646,0.424,1.163,0.249
2016-12-01 01:45:52.631,92.257,-0.014,-0.763,-0.003,0.646,0.424,1.163,0.249
2016-12-01 01:45:52.642,92.257,-0.016,-0.763,-0.002,0.646,0.424,1.163,0.249
2016-12-01 01:45:52.653,92.279,-0.018,-0.763,-0.002,0.647,0.424,1.163,0.249
2016-12-01 01:45:52.665,92.279,-0.019,-0.762,-0.001,0.647,0.424,1.163,0.249
2016-12-01 01:45:52.676,92.300,-0.021,-0.762,-0.001,0.647,0.424,1.163,0.249
2016-12-01 01:45:52.687,92.321,-0.022,-0.762,0.000,0.647,0.425,1.163,0.248
2016-12-01 01:45:52.698,92.321,-0.023,-0.762,0.000,0.647,0.425,1.164,0.248
2016-12-01 01:45:52.709,92.343,-0.024,-0.762,-0.001,0.647,0.425,1.164,0.248
2016-12-01 01:45:52.721,92.343,-0.025,-0.762,-0.001,0.647,0.425,1.164,0.248
2016-12-01 01:45:52.732,92.343,-0.025,-0.762,-0.001,0.647,0.425,1.164,0.248
2016-12-01 01:45:52.743,92.364,-0.026,-0.763,-0.001,0.646,0.425,1.164,0.248
2016-12-01 01:45:52.755,92.364,-0.026,-0.763,-0.001,0.646,0.425,1.164,0.247
2016-12-01 01:45:52.765,92.385,-0.027,-0.764,-0.001,0.645,0.426,1.164,0.247
2016-12-01 01:45:52.776,92.385,-0.027,-0.764,-0.001,0.644,0.426,1.164,0.247
2016-12-01 01:45:52.788,92.407,-0.027,-0.765,-0.001,0.644,0.426,1.164,0.247
2016-12-01 01:45:52.799,92.428,-0.027,-0.765,-0.001,0.643,0.426,1.164,0.247
2016-12-01 01:45:52.810,92.428,-0.027,-0.766,0.000,0.642,0.426,1.164,0.246
2016-12-01 01:45:52.821,92.449,-0.027,-0.767,0.000,0.642,0.427,1.164,0.246
2016-12-01 01:45:52.832,92.449,-0.027,-0.767,0.000,0.641,0.427,1.164,0.246
2016-12-01 01:45:52.844,92.471,-0.027,-0.768,0.000,0.640,0.427,1.164,0.246
2016-12-01 01:45:52.855,92.471,-0.027,-0.769,0.000,0.639,0.427,1.164,0.246
2016-12-01 01:45:52.865,92.492,-0.027,-0.769,0.000,0.639,0.427,1.164,0.246
2016-12-01 01:45:52.877,92.492,-0.027,-0.770,0.000,0.638,0.427,1.164,0.245
2016-12-01 01:45:52.888,92.513,-0.027,-0.770,0.000,0.637,0.427,1.164,0.245
2016-12-01 01:45:52.899,92.513,-0.026,-0.771,0.000,0.637,0.427,1.164,0.245
2016-12-01 01:45:52.911,92.535,-0.026,-0.771,0.000,0.636,0.427,1.164,0.245
2016-12-01 01:45:52.922,92.535,-0.026,-0.771,0.000,0.636,0.427,1.164,0.245
2016-12-01 01:45:52.933,92.556,-0.025,-0.772,0.001,0.635,0.427,1.164,0.245
2016-12-01 01:45:52.944,92.556,-0.025,-0.772,0.001,0.635,0.428,1.164,0.245
2016-12-01 01:45:52.955,92.577,-0.025,-0.772,0.001,0.635,0.428,1.164,0.245
2016-12-01 01:45:52.967,92.577,-0.025,-0.773,0.001,0.634,0.428,1.163,0.245
2016-12-01 01:45:52.977,92.599,-0.024,-0.773,0.001,0.634,0.428,1.163,0.245
2016-12-01 01:45:52.989,92.620,-0.024,-0.774,0.002,0.633,0.428,1.163,0.245
2016-12-01 01:45:53.000,92.620,-0.024,-0.774,0.002,0.633,0.428,1.163,0.245
2016-12-01 01:45:53.011,92.641,-0.023,-0.774,0.002,0.632,0.428,1.163,0.245
2016-12-01 01:45:53.022,92.641,-0.023,-0.775,0.002,0.631,0.428,1.163,0.245
2016-12-01 01:45:53.033,92.663,-0.023,-0.776,0.002,0.631,0.428,1.163,0.245
2016-12-01 01:45:53.045,92.663,-0.023,-0.776,0.003,0.630,0.428,1.163,0.245
2016-12-01 01:45:53.056,92.663,-0.022,-0.777,0.003,0.629,0.428,1.163,0.245
2016-12-01 01:45:53.067,92.684,-0.022,-0.778,0.003,0.628,0.428,1.163,0.245
2016-12-01 01:45:53.078,92.705,-0.022,-0.778,0.003,0.628,0.428,1.163,0.245
2016-12-01 01:45:53.090,92.705,-0.022,-0.779,0.003,0.627,0.427,1.163,0.245
2016-12-01 01:45:53.101,92.727,-0.022,-0.780,0.003,0.626,0.428,1.163,0.244
2016-12-01 01:45:53.112,92.727,-0.022,-0.780,0.003,0.625,0.428,1.162,0.245
2016-12-01 01:45:53.123,92.748,-0.022,-0.781,0.003,0.624,0.428,1.163,0.245
2016-12-01 01:45:53.134,92.748,-0.022,-0.782,0.003,0.623,0.428,1.163,0.245
2016-12-01 01:45:53.145,92.769,-0.022,-0.783,0.003,0.622,0.428,1.163,0.245
2016-12-01 01:45:53.157,92.791,-0.022,-0.784,0.003,0.621,0.428,1.163,0.245
2016-12-01 01:45:53.168,92.791,-0.022,-0.784,0.003,0.620,0.428,1.163,0.245
2016-12-01 01:45:53.179,92.812,-0.022,-0.785,0.003,0.619,0.428,1.163,0.245
2016-12-01 01:45:53.190,92.812,-0.022,-0.786,0.002,0.618,0.428,1.163,0.245
2016-12-01 01:45:53.201,92.833,-0.023,-0.787,0.002,0.617,0.428,1.163,0.245
2016-12-01 01:45:53.212,92.833,-0.023,-0.788,0.002,0.616,0.428,1.163,0.245
2016-12-01 01:45:53.223,92.833,-0.023,-0.789,0.001,0.614,0.427,1.163,0.245
2016-12-01 01:45:53.235,92.855,-0.023,-0.789,0.001,0.613,0.428,1.163,0.245
2016-12-01 01:45:53.245,92.855,-0.023,-0.790,0.001,0.613,0.427,1.163,0.245
2016-12-01 01:45:53.256,92.876,-0.023,-0.791,0.000,0.612,0.427,1.163,0.245
2016-12-01 01:45:53.268,92.897,-0.023,-0.792,0.000,0.611,0.427,1.163,0.245
2016-12-01 01:45:53.280,92.897,-0.022,-0.792,0.000,0.610,0.427,1.163,0.246
2016-12-01 01:45:53.290,92.919,-0.022,-0.793,0.000,0.609,0.427,1.163,0.246
2016-12-01 01:45:53.301,92.919,-0.022,-0.794,0.000,0.608,0.427,1.163,0.246
2016-12-01 01:45:53.313,92.940,-0.021,-0.794,0.000,0.607,0.427,1.163,0.246
2016-12-01 01:45:53.324,92.940,-0.021,-0.795,0.000,0.606,0.427,1.163,0.246
2016-12-01 01:45:53.335,92.961,-0.021,-0.796,0.000,0.605,0.426,1.163,0.246
2016-12-01 01:45:53.346,92.983,-0.020,-0.796,-0.001,0.604,0.426,1.163,0.246
2016-12-01 01:45:53.357,92.983,-0.020,-0.797,-0.001,0.604,0.426,1.163,0.247
2016-12-01 01:45:53.368,92.983,-0.020,-0.798,-0.001,0.603,0.426,1.163,0.247
2016-12-01 01:45:53.379,93.004,-0.020,-0.798,-0.001,0.602,0.426,1.163,0.247
2016-12-01 01:45:53.391,93.004,-0.019,-0.799,-0.001,0.601,0.426,1.163,0.247
2016-12-01 01:45:53.402,93.025,-0.019,-0.799,-0.001,0.600,0.426,1.163,0.247
2016-12-01 01:45:53.413,93.025,-0.018,-0.800,-0.001,0.600,0.426,1.163,0.247
2016-12-01 01:45:53.424,93.047,-0.018,-0.801,-0.001,0.599,0.426,1.163,0.248
2016-12-01 01:45:53.435,93.047,-0.017,-0.801,-0.001,0.598,0.426,1.163,0.248
2016-12-01 01:45:53.446,93.068,-0.017,-0.802,-0.001,0.597,0.426,1.163,0.248
2016-12-01 01:45:53.458,93.089,-0.016,-0.803,-0.001,0.596,0.426,1.163,0.248
2016-12-01 01:45:53.469,93.089,-0.016,-0.803,-0.001,0.595,0.425,1.163,0.248
2016-12-01 01:45:53.480,93.111,-0.016,-0.804,-0.001,0.594,0.425,1.163,0.249
2016-12-01 01:45:53.492,93.111,-0.015,-0.805,-0.002,0.594,0.425,1.163,0.249
2016-12-01 01:45:53.503,93.132,-0.015,-0.805,-0.002,0.593,0.425,1.163,0.249
2016-12-01 01:45:53.515,93.132,-0.015,-0.806,-0.002,0.592,0.425,1.163,0.249
2016-12-01 01:45:53.525,93.153,-0.014,-0.807,-0.002,0.591,0.425,1.163,0.249
2016-12-01 01:45:53.536,93.153,-0.014,-0.807,-0.003,0.590,0.425,1.163,0.249
2016-12-01 01:45:53.547,93.175,-0.014,-0.808,-0.003,0.589,0.425,1.163,0.249
2016-12-01 01:45:53.559,93.175,-0.014,-0.809,-0.003,0.588,0.425,1.163,0.250
2016-12-01 01:45:53.569,93.196,-0.014,-0.810,-0.003,0.587,0.425,1.163,0.250
2016-12-01 01:45:53.581,93.196,-0.013,-0.810,-0.003,0.586,0.425,1.163,0.250
2016-12-01 01:45:53.592,93.217,-0.013,-0.811,-0.003,0.585,0.425,1.163,0.250
2016-12-01 01:45:53.603,93.217,-0.013,-0.812,-0.004,0.584,0.425,1.163,0.250
2016-12-01 01:45:53.614,93.239,-0.013,-0.812,-0.004,0.583,0.425,1.163,0.250
2016-12-01 01:45:53.625,93.239,-0.012,-0.813,-0.004,0.582,0.425,1.163,0.250
2016-12-01 01:45:53.636,93.260,-0.012,-0.814,-0.005,0.581,0.424,1.163,0.250
2016-12-01 01:45:53.648,93.281,-0.012,-0.814,-0.005,0.580,0.424,1.163,0.251
2016-12-01 01:45:53.659,93.281,-0.012,-0.815,-0.005,0.579,0.424,1.163,0.251
2016-12-01 01:45:53.670,93.303,-0.012,-0.816,-0.005,0.579,0.424,1.163,0.251
2016-12-01 01:45:53.682,93.303,-0.012,-0.816,-0.005,0.578,0.424,1.163,0.251
2016-12-01 01:45:53.692,93.303,-0.011,-0.817,-0.005,0.577,0.424,1.163,0.251
2016-12-01 01:45:53.704,93.324,-0.012,-0.817,-0.006,0.576,0.424,1.163,0.251
2016-12-01 01:45:53.715,93.324,-0.012,-0.818,-0.006,0.575,0.424,1.163,0.251
2016-12-01 01:45:53.726,93.345,-0.012,-0.818,-0.006,0.575,0.424,1.163,0.251
2016-12-01 01:45:53.737,93.367,-0.012,-0.819,-0.006,0.574,0.424,1.163,0.251
2016-12-01 01:45:53.749,93.367,-0.012,-0.819,-0.006,0.573,0.424,1.164,0.251
2016-12-01 01:45:53.759,93.388,-0.012,-0.820,-0.006,0.573,0.424,1.164,0.252
2016-12-01 01:45:53.770,93.388,-0.012,-0.820,-0.006,0.572,0.424,1.164,0.252
2016-12-01 01:45:53.782,93.409,-0.012,-0.821,-0.007,0.571,0.423,1.164,0.252
2016-12-01 01:45:53.793,93.409,-0.012,-0.821,-0.007,0.571,0.423,1.164,0.252
2016-12-01 01:45:53.804,93.431,-0.012,-0.821,-0.007,0.570,0.423,1.164,0.252
2016-12-01 01:45:53.815,93.431,-0.011,-0.822,-0.007,0.569,0.423,1.164,0.252
2016-12-01 01:45:53.826,93.452,-0.011,-0.822,-0.007,0.569,0.423,1.164,0.252
2016-12-01 01:45:53.837,93.473,-0.011,-0.823,-0.007,0.568,0.423,1.164,0.252
2016-12-01 01:45:53.850,93.473,-0.011,-0.823,-0.007,0.568,0.423,1.164,0.252
2016-12-01 01:45:53.860,93.473,-0.011,-0.823,-0.007,0.568,0.423,1.164,0.252
2016-12-01 01:45:53.871,93.495,-0.011,-0.824,-0.007,0.567,0.423,1.164,0.252
2016-12-01 01:45:53.883,93.495,-0.010,-0.824,-0.007,0.567,0.423,1.164,0.252
2016-12-01 01:45:53.894,93.516,-0.010,-0.824,-0.007,0.566,0.422,1.164,0.252
2016-12-01 01:45:53.905,93.516,-0.010,-0.824,-0.007,0.566,0.422,1.164,0.252
2016-12-01 01:45:53.916,93.537,-0.010,-0.825,-0.007,0.566,0.422,1.164,0.252
2016-12-01 01:45:53.927,93.559,-0.010,-0.825,-0.007,0.565,0.422,1.163,0.252
2016-12-01 01:45:53.938,93.559,-0.009,-0.825,-0.007,0.565,0.422,1.163,0.252
2016-12-01 01:45:53.949,93.580,-0.009,-0.825,-0.007,0.565,0.422,1.163,0.252
2016-12-01 01:45:53.961,93.580,-0.009,-0.825,-0.007,0.565,0.422,1.163,0.253
2016-12-01 01:45:53.971,93.601,-0.008,-0.825,-0.007,0.564,0.422,1.163,0.253
2016-12-01 01:45:53.983,93.601,-0.008,-0.826,-0.007,0.564,0.422,1.163,0.253
2016-12-01 01:45:53.994,93.623,-0.007,-0.826,-0.007,0.564,0.422,1.163,0.253
2016-12-01 01:45:54.005,93.623,-0.007,-0.826,-0.007,0.564,0.422,1.163,0.253
2016-12-01 01:45:54.016,93.644,-0.007,-0.826,-0.007,0.564,0.422,1.163,0.253
2016-12-01 01:45:54.027,93.644,-0.007,-0.826,-0.007,0.564,0.422,1.163,0.253
2016-12-01 01:45:54.039,93.665,-0.007,-0.826,-0.007,0.564,0.421,1.163,0.253
2016-12-01 01:45:54.050,93.665,-0.007,-0.826,-0.007,0.564,0.421,1.163,0.253
2016-12-01 01:45:54.061,93.687,-0.007,-0.826,-0.007,0.564,0.421,1.163,0.253
2016-12-01 01:45:54.072,93.687,-0.007,-0.825,-0.007,0.565,0.421,1.163,0.253
2016-12-01 01:45:54.083,93.708,-0.007,-0.825,-0.006,0.565,0.421,1.163,0.253
2016-12-01 01:45:54.095,93.708,-0.007,-0.825,-0.006,0.565,0.421,1.163,0.253
2016-12-01 01:45:54.106,93.729,-0.006,-0.824,-0.006,0.566,0.421,1.163,0.253
2016-12-01 01:45:54.117,93.751,-0.006,-0.824,-0.006,0.566,0.421,1.163,0.253
2016-12-01 01:45:54.128,93.751,-0.006,-0.824,-0.005,0.567,0.421,1.163,0.253
2016-12-01 01:45:54.139,93.772,-0.006,-0.823,-0.005,0.568,0.421,1.163,0.253
2016-12-01 01:45:54.151,93.772,-0.005,-0.823,-0.005,0.568,0.421,1.163,0.253
2016-12-01 01:45:54.161,93.793,-0.005,-0.822,-0.005,0.569,0.421,1.163,0.253
2016-12-01 01:45:54.172,93.793,-0.005,-0.822,-0.005,0.569,0.421,1.163,0.253
2016-12-01 01:45:54.184,93.793,-0.005,-0.822,-0.005,0.570,0.421,1.163,0.253
2016-12-01 01:45:54.195,93.815,-0.005,-0.822,-0.005,0.570,0.421,1.163,0.253
2016-12-01 01:45:54.206,93.836,-0.005,-0.821,-0.005,0.571,0.421,1.163,0.253
2016-12-01 01:45:54.218,93.836,-0.005,-0.821,-0.005,0.571,0.421,1.163,0.253
2016-12-01 01:45:54.229,93.857,-0.006,-0.821,-0.005,0.571,0.421,1.163,0.253
2016-12-01 01:45:54.240,93.857,-0.006,-0.820,-0.005,0.572,0.421,1.163,0.253
2016-12-01 01:45:54.251,93.879,-0.006,-0.820,-0.005,0.573,0.421,1.163,0.253
2016-12-01 01:45:54.263,93.879,-0.006,-0.820,-0.005,0.573,0.421,1.163,0.253
2016-12-01 01:45:54.273,93.900,-0.006,-0.819,-0.005,0.574,0.421,1.163,0.252
2016-12-01 01:45:54.285,93.900,-0.006,-0.819,-0.005,0.574,0.421,1.163,0.252
2016-12-01 01:45:54.296,93.921,-0.007,-0.818,-0.005,0.575,0.421,1.163,0.253
2016-12-01 01:45:54.307,93.943,-0.007,-0.818,-0.005,0.575,0.421,1.163,0.252
2016-12-01 01:45:54.318,93.943,-0.007,-0.817,-0.005,0.576,0.421,1.163,0.252
2016-12-01 01:45:54.329,93.964,-0.006,-0.817,-0.005,0.577,0.421,1.163,0.252
2016-12-01 01:45:54.341,93.964,-0.006,-0.816,-0.005,0.577,0.421,1.163,0.252
2016-12-01 01:45:54.351,93.964,-0.006,-0.816,-0.005,0.578,0.421,1.163,0.252
2016-12-01 01:45:54.363,93.985,-0.006,-0.815,-0.004,0.579,0.421,1.163,0.252
2016-12-01 01:45:54.374,93.985,-0.006,-0.815,-0.004,0.580,0.422,1.163,0.252
2016-12-01 01:45:54.385,94.007,-0.006,-0.814,-0.004,0.581,0.422,1.163,0.252
2016-12-01 01:45:54.396,94.028,-0.006,-0.813,-0.004,0.582,0.422,1.163,0.252
2016-12-01 01:45:54.408,94.028,-0.007,-0.813,-0.004,0.582,0.422,1.163,0.252
2016-12-01 01:45:54.418,94.049,-0.007,-0.812,-0.004,0.583,0.422,1.163,0.252
2016-12-01 01:45:54.430,94.049,-0.007,-0.812,-0.004,0.584,0.422,1.163,0.252
2016-12-01 01:45:54.441,94.071,-0.007,-0.811,-0.004,0.584,0.422,1.163,0.252
2016-12-01 01:45:54.452,94.071,-0.007,-0.811,-0.003,0.585,0.422,1.163,0.252
2016-12-01 01:45:54.463,94.092,-0.007,-0.811,-0.003,0.586,0.422,1.162,0.252
2016-12-01 01:45:54.474,94.092,-0.007,-0.810,-0.003,0.586,0.422,1.163,0.251
2016-12-01 01:45:54.485,94.113,-0.007,-0.810,-0.003,0.587,0.422,1.163,0.251
2016-12-01 01:45:54.497,94.113,-0.007,-0.809,-0.003,0.587,0.422,1.163,0.251
2016-12-01 01:45:54.508,94.135,-0.007,-0.809,-0.003,0.588,0.422,1.163,0.251
2016-12-01 01:45:54.519,94.135,-0.007,-0.809,-0.003,0.588,0.422,1.162,0.251
2016-12-01 01:45:54.530,94.156,-0.008,-0.808,-0.003,0.589,0.423,1.163,0.251
2016-12-01 01:45:54.541,94.156,-0.008,-0.808,-0.002,0.589,0.423,1.163,0.251
2016-12-01 01:45:54.552,94.177,-0.008,-0.808,-0.002,0.589,0.423,1.163,0.251
2016-12-01 01:45:54.564,94.177,-0.008,-0.808,-0.002,0.590,0.423,1.163,0.251
2016-12-01 01:45:54.574,94.199,-0.008,-0.808,-0.002,0.590,0.423,1.163,0.250
2016-12-01 01:45:54.586,94.220,-0.008,-0.807,-0.002,0.590,0.423,1.163,0.250
2016-12-01 01:45:54.597,94.220,-0.008,-0.807,-0.002,0.590,0.423,1.163,0.250
2016-12-01 01:45:54.608,94.241,-0.008,-0.807,-0.002,0.590,0.423,1.163,0.250
2016-12-01 01:45:54.620,94.241,-0.009,-0.807,-0.002,0.591,0.423,1.163,0.250
2016-12-01 01:45:54.631,94.263,-0.009,-0.807,-0.001,0.591,0.423,1.162,0.250
2016-12-01 01:45:54.642,94.263,-0.009,-0.807,-0.001,0.591,0.423,1.162,0.249
2016-12-01 01:45:54.653,94.284,-0.009,-0.806,-0.001,0.591,0.423,1.162,0.249
2016-12-01 01:45:54.664,94.284,-0.009,-0.806,-0.001,0.591,0.423,1.162,0.249
2016-12-01 01:45:54.675,94.284,-0.009,-0.806,-0.001,0.592,0.423,1.162,0.249
2016-12-01 01:45:54.686,94.305,-0.009,-0.806,-0.001,0.592,0.423,1.162,0.249
2016-12-01 01:45:54.698,94.327,-0.009,-0.806,-0.001,0.592,0.423,1.162,0.249
2016-12-01 01:45:54.709,94.327,-0.009,-0.806,0.000,0.592,0.423,1.162,0.249
2016-12-01 01:45:54.720,94.348,-0.008,-0.806,0.000,0.592,0.424,1.162,0.248
2016-12-01 01:45:54.731,94.348,-0.008,-0.806,0.000,0.592,0.424,1.162,0.248
2016-12-01 01:45:54.742,94.369,-0.008,-0.806,0.000,0.592,0.424,1.162,0.248
2016-12-01 01:45:54.753,94.369,-0.008,-0.806,0.000,0.592,0.424,1.162,0.248
2016-12-01 01:45:54.764,94.391,-0.008,-0.806,0.000,0.592,0.424,1.162,0.248
2016-12-01 01:45:54.775,94.391,-0.008,-0.806,0.000,0.592,0.424,1.162,0.247
2016-12-01 01:45:54.787,94.412,-0.008,-0.806,0.000,0.592,0.424,1.162,0.247
2016-12-01 01:45:54.799,94.433,-0.008,-0.806,0.001,0.592,0.423,1.162,0.247
2016-12-01 01:45:54.810,94.433,-0.008,-0.806,0.001,0.592,0.423,1.162,0.247
2016-12-01 01:45:54.821,94.455,-0.008,-0.806,0.001,0.591,0.424,1.162,0.246
2016-12-01 01:45:54.832,94.455,-0.007,-0.807,0.000,0.591,0.424,1.162,0.246
2016-12-01 01:45:54.843,94.455,-0.007,-0.807,0.000,0.591,0.424,1.162,0.246
2016-12-01 01:45:54.854,94.476,-0.007,-0.807,0.000,0.590,0.424,1.162,0.246
2016-12-01 01:45:54.865,94.476,-0.006,-0.807,0.000,0.590,0.424,1.162,0.246
2016-12-01 01:45:54.876,94.497,-0.006,-0.808,0.000,0.589,0.424,1.162,0.246
2016-12-01 01:45:54.888,94.519,-0.006,-0.808,0.000,0.589,0.424,1.162,0.245
2016-12-01 01:45:54.899,94.519,-0.006,-0.809,0.000,0.588,0.424,1.162,0.245
2016-12-01 01:45:54.910,94.540,-0.006,-0.809,-0.001,0.587,0.424,1.162,0.245
2016-12-01 01:45:54.921,94.540,-0.006,-0.810,-0.001,0.587,0.425,1.162,0.245
2016-12-01 01:45:54.932,94.561,-0.006,-0.810,-0.001,0.586,0.424,1.162,0.244
2016-12-01 01:45:54.944,94.561,-0.006,-0.811,-0.001,0.585,0.424,1.162,0.244
2016-12-01 01:45:54.954,94.583,-0.006,-0.811,-0.001,0.585,0.425,1.162,0.244
2016-12-01 01:45:54.965,94.583,-0.007,-0.811,-0.001,0.584,0.425,1.162,0.243
2016-12-01 01:45:54.977,94.604,-0.007,-0.812,-0.001,0.584,0.425,1.162,0.243
2016-12-01 01:45:54.989,94.604,-0.007,-0.812,-0.001,0.583,0.425,1.162,0.243
2016-12-01 01:45:54.999,94.625,-0.008,-0.812,-0.001,0.583,0.425,1.162,0.243
2016-12-01 01:45:55.010,94.625,-0.008,-0.813,-0.001,0.583,0.425,1.162,0.243
2016-12-01 01:45:55.022,94.647,-0.008,-0.813,-0.001,0.583,0.425,1.162,0.242
2016-12-01 01:45:55.033,94.647,-0.008,-0.813,-0.001,0.583,0.425,1.162,0.242
2016-12-01 01:45:55.044,94.668,-0.009,-0.813,-0.001,0.582,0.425,1.162,0.242
2016-12-01 01:45:55.055,94.668,-0.009,-0.813,-0.001,0.582,0.425,1.162,0.242
2016-12-01 01:45:55.066,94.689,-0.009,-0.813,-0.001,0.583,0.425,1.162,0.241
2016-12-01 01:45:55.077,94.711,-0.010,-0.813,-0.001,0.583,0.425,1.162,0.241
2016-12-01 01:45:55.089,94.711,-0.010,-0.812,-0.001,0.583,0.425,1.162,0.241
2016-12-01 01:45:55.100,94.732,-0.011,-0.812,-0.001,0.583,0.425,1.162,0.241
2016-12-01 01:45:55.111,94.732,-0.011,-0.812,-0.001,0.583,0.425,1.162,0.241
2016-12-01 01:45:55.122,94.753,-0.011,-0.812,0.000,0.584,0.425,1.162,0.241
2016-12-01 01:45:55.133,94.753,-0.011,-0.811,0.000,0.584,0.425,1.162,0.240
2016-12-01 01:45:55.144,94.775,-0.011,-0.811,0.000,0.585,0.425,1.162,0.240
2016-12-01 01:45:55.156,94.775,-0.011,-0.811,0.000,0.585,0.425,1.163,0.240
2016-12-01 01:45:55.167,94.796,-0.012,-0.810,0.000,0.586,0.425,1.163,0.240
2016-12-01 01:45:55.178,94.796,-0.012,-0.810,0.000,0.586,0.425,1.163,0.240
2016-12-01 01:45:55.189,94.817,-0.012,-0.810,0.001,0.587,0.425,1.163,0.239
2016-12-01 01:45:55.201,94.817,-0.012,-0.809,0.001,0.587,0.425,1.163,0.239
2016-12-01 01:45:55.211,94.839,-0.012,-0.809,0.001,0.588,0.425,1.162,0.239
2016-12-01 01:45:55.223,94.839,-0.012,-0.809,0.001,0.588,0.425,1.162,0.239
2016-12-01 01:45:55.234,94.860,-0.012,-0.808,0.002,0.589,0.425,1.162,0.239
2016-12-01 01:45:55.245,94.860,-0.012,-0.808,0.002,0.589,0.425,1.162,0.239
2016-12-01 01:45:55.256,94.881,-0.012,-0.808,0.002,0.589,0.425,1.162,0.238
2016-12-01 01:45:55.268,94.903,-0.013,-0.807,0.002,0.590,0.425,1.162,0.238
2016-12-01 01:45:55.279,94.903,-0.013,-0.807,0.003,0.590,0.425,1.162,0.238
2016-12-01 01:45:55.289,94.924,-0.013,-0.807,0.003,0.590,0.425,1.162,0.238
2016-12-01 01:45:55.301,94.924,-0.013,-0.807,0.003,0.591,0.425,1.162,0.238
2016-12-01 01:45:55.312,94.924,-0.013,-0.807,0.003,0.591,0.425,1.162,0.238
2016-12-01 01:45:55.323,94.945,-0.013,-0.807,0.003,0.591,0.425,1.162,0.238
2016-12-01 01:45:55.335,94.945,-0.013,-0.807,0.003,0.591,0.425,1.162,0.238
2016-12-01 01:45:55.345,94.967,-0.014,-0.807,0.003,0.591,0.425,1.162,0.238
2016-12-01 01:45:55.357,94.988,-0.014,-0.807,0.003,0.591,0.426,1.162,0.238
2016-12-01 01:45:55.368,94.988,-0.014,-0.807,0.003,0.591,0.426,1.162,0.238
2016-12-01 01:45:55.379,95.009,-0.014,-0.807,0.003,0.591,0.426,1.162,0.237
2016-12-01 01:45:55.391,95.009,-0.014,-0.807,0.003,0.591,0.425,1.162,0.237
2016-12-01 01:45:55.401,95.031,-0.014,-0.807,0.003,0.591,0.425,1.162,0.237
2016-12-01 01:45:55.413,95.031,-0.014,-0.807,0.003,0.590,0.425,1.162,0.237
2016-12-01 01:45:55.424,95.052,-0.014,-0.807,0.004,0.590,0.426,1.162,0.237
2016-12-01 01:45:55.435,95.052,-0.014,-0.807,0.004,0.590,0.426,1.162,0.237
2016-12-01 01:45:55.446,95.073,-0.014,-0.807,0.004,0.590,0.426,1.163,0.237
2016-12-01 01:45:55.458,95.095,-0.014,-0.808,0.004,0.590,0.426,1.162,0.237
2016-12-01 01:45:55.468,95.095,-0.014,-0.808,0.004,0.589,0.426,1.162,0.237
2016-12-01 01:45:55.479,95.095,-0.014,-0.808,0.004,0.589,0.426,1.162,0.237
2016-12-01 01:45:55.490,95.116,-0.014,-0.808,0.004,0.588,0.426,1.162,0.237
2016-12-01 01:45:55.502,95.116,-0.014,-0.809,0.004,0.588,0.426,1.162,0.237
2016-12-01 01:45:55.513,95.137,-0.014,-0.809,0.004,0.588,0.426,1.162,0.237
2016-12-01 01:45:55.524,95.137,-0.014,-0.809,0.004,0.587,0.426,1.162,0.237
2016-12-01 01:45:55.536,95.159,-0.015,-0.810,0.004,0.587,0.426,1.162,0.237
2016-12-01 01:45:55.547,95.180,-0.015,-0.810,0.004,0.587,0.426,1.162,0.237
2016-12-01 01:45:55.558,95.180,-0.015,-0.810,0.004,0.586,0.426,1.162,0.237
2016-12-01 01:45:55.569,95.201,-0.014,-0.810,0.004,0.586,0.426,1.162,0.237
2016-12-01 01:45:55.581,95.201,-0.014,-0.810,0.004,0.586,0.426,1.162,0.237
2016-12-01 01:45:55.592,95.223,-0.014,-0.811,0.004,0.585,0.427,1.162,0.238
2016-12-01 01:45:55.603,95.223,-0.013,-0.811,0.004,0.585,0.427,1.162,0.238
2016-12-01 01:45:55.614,95.244,-0.013,-0.811,0.004,0.585,0.427,1.162,0.238
2016-12-01 01:45:55.625,95.244,-0.013,-0.811,0.005,0.584,0.426,1.162,0.238
2016-12-01 01:45:55.636,95.265,-0.013,-0.812,0.005,0.584,0.426,1.162,0.238
2016-12-01 01:45:55.648,95.265,-0.012,-0.812,0.005,0.583,0.426,1.162,0.238
2016-12-01 01:45:55.658,95.287,-0.012,-0.812,0.004,0.583,0.426,1.162,0.238
2016-12-01 01:45:55.669,95.287,-0.012,-0.813,0.004,0.583,0.426,1.162,0.239
2016-12-01 01:45:55.680,95.308,-0.012,-0.813,0.004,0.582,0.426,1.162,0.239
2016-12-01 01:45:55.692,95.308,-0.012,-0.813,0.004,0.581,0.426,1.162,0.239
2016-12-01 01:45:55.703,95.329,-0.011,-0.814,0.004,0.581,0.426,1.162,0.239
2016-12-01 01:45:55.714,95.329,-0.011,-0.814,0.003,0.580,0.426,1.162,0.239
2016-12-01 01:45:55.725,95.351,-0.011,-0.815,0.003,0.580,0.426,1.162,0.240
2016-12-01 01:45:55.737,95.372,-0.011,-0.815,0.003,0.579,0.427,1.162,0.240
2016-12-01 01:45:55.748,95.372,-0.011,-0.815,0.003,0.579,0.427,1.162,0.240
2016-12-01 01:45:55.759,95.393,-0.010,-0.816,0.002,0.578,0.427,1.163,0.240
2016-12-01 01:45:55.770,95.393,-0.010,-0.816,0.002,0.578,0.427,1.163,0.240
2016-12-01 01:45:55.781,95.415,-0.010,-0.817,0.002,0.577,0.427,1.163,0.240
2016-12-01 01:45:55.793,95.415,-0.010,-0.817,0.001,0.577,0.426,1.163,0.241
2016-12-01 01:45:55.803,95.415,-0.010,-0.817,0.001,0.576,0.427,1.163,0.241
2016-12-01 01:45:55.815,95.436,-0.010,-0.818,0.001,0.576,0.427,1.163,0.241
2016-12-01 01:45:55.826,95.436,-0.010,-0.818,0.001,0.575,0.426,1.163,0.241
2016-12-01 01:45:55.837,95.457,-0.010,-0.818,0.001,0.575,0.426,1.163,0.241
2016-12-01 01:45:55.848,95.479,-0.010,-0.819,0.000,0.574,0.426,1.162,0.241
2016-12-01 01:45:55.860,95.479,-0.009,-0.819,0.000,0.574,0.426,1.162,0.241
2016-12-01 01:45:55.870,95.500,-0.009,-0.819,0.000,0.573,0.426,1.162,0.241
2016-12-01 01:45:55.882,95.500,-0.009,-0.820,0.000,0.573,0.426,1.162,0.242
2016-12-01 01:45:55.892,95.521,-0.009,-0.820,0.000,0.572,0.426,1.162,0.242
2016-12-01 01:45:55.904,95.521,-0.008,-0.821,0.000,0.571,0.426,1.162,0.242
2016-12-01 01:45:55.915,95.543,-0.008,-0.821,0.001,0.571,0.426,1.162,0.242
2016-12-01 01:45:55.927,95.564,-0.008,-0.821,0.001,0.570,0.426,1.162,0.242
2016-12-01 01:45:55.938,95.564,-0.008,-0.822,0.001,0.570,0.426,1.162,0.242
2016-12-01 01:45:55.949,95.585,-0.007,-0.822,0.001,0.569,0.426,1.162,0.243
2016-12-01 01:45:55.960,95.585,-0.007,-0.823,0.001,0.569,0.426,1.162,0.243
2016-12-01 01:45:55.971,95.585,-0.007,-0.823,0.001,0.568,0.426,1.162,0.243
2016-12-01 01:45:55.982,95.607,-0.007,-0.823,0.000,0.567,0.426,1.162,0.243
2016-12-01 01:45:55.994,95.607,-0.006,-0.824,0.001,0.567,0.426,1.162,0.243
2016-12-01 01:45:56.004,95.628,-0.006,-0.824,0.000,0.566,0.426,1.162,0.243
2016-12-01 01:45:56.016,95.649,-0.006,-0.825,0.000,0.566,0.426,1.162,0.243
2016-12-01 01:45:56.027,95.649,-0.006,-0.825,0.000,0.565,0.425,1.162,0.244
2016-12-01 01:45:56.038,95.671,-0.006,-0.826,0.000,0.564,0.425,1.162,0.244
2016-12-01 01:45:56.049,95.671,-0.006,-0.826,0.000,0.563,0.425,1.162,0.244
2016-12-01 01:45:56.060,95.692,-0.006,-0.827,0.000,0.563,0.425,1.162,0.244
2016-12-01 01:45:56.071,95.692,-0.006,-0.827,0.000,0.562,0.425,1.162,0.244
2016-12-01 01:45:56.083,95.713,-0.006,-0.828,0.000,0.561,0.425,1.162,0.244
2016-12-01 01:45:56.094,95.713,-0.006,-0.828,0.000,0.560,0.425,1.162,0.244
2016-12-01 01:45:56.105,95.735,-0.006,-0.829,0.000,0.559,0.424,1.162,0.244
2016-12-01 01:45:56.117,95.735,-0.005,-0.829,0.000,0.559,0.424,1.162,0.244
2016-12-01 01:45:56.128,95.756,-0.005,-0.830,0.000,0.558,0.424,1.162,0.244
2016-12-01 01:45:56.139,95.756,-0.005,-0.830,0.000,0.557,0.424,1.162,0.244
2016-12-01 01:45:56.150,95.777,-0.005,-0.831,0.000,0.556,0.424,1.162,0.244
2016-12-01 01:45:56.161,95.777,-0.004,-0.832,0.000,0.555,0.424,1.162,0.245
2016-12-01 01:45:56.172,95.799,-0.004,-0.832,0.000,0.555,0.424,1.162,0.245
2016-12-01 01:45:56.184,95.799,-0.004,-0.833,0.000,0.554,0.424,1.162,0.245
2016-12-01 01:45:56.195,95.820,-0.004,-0.833,0.000,0.553,0.424,1.162,0.245
2016-12-01 01:45:56.206,95.820,-0.003,-0.834,0.000,0.552,0.423,1.162,0.245
2016-12-01 01:45:56.217,95.841,-0.003,-0.835,0.000,0.551,0.423,1.162,0.245
2016-12-01 01:45:56.228,95.863,-0.003,-0.835,0.000,0.550,0.423,1.162,0.245
2016-12-01 01:45:56.239,95.863,-0.003,-0.836,0.001,0.549,0.423,1.162,0.245
2016-12-01 01:45:56.250,95.884,-0.003,-0.836,0.001,0.548,0.423,1.162,0.245
2016-12-01 01:45:56.261,95.884,-0.003,-0.837,0.001,0.547,0.423,1.162,0.245
2016-12-01 01:45:56.272,95.905,-0.002,-0.838,0.001,0.546,0.423,1.162,0.245
2016-12-01 01:45:56.284,95.905,-0.002,-0.838,0.001,0.546,0.422,1.162,0.245
2016-12-01 01:45:56.295,95.905,-0.002,-0.839,0.001,0.545,0.422,1.162,0.245
2016-12-01 01:45:56.306,95.927,-0.002,-0.839,0.001,0.544,0.422,1.162,0.245
2016-12-01 01:45:56.317,95.948,-0.002,-0.840,0.001,0.543,0.422,1.162,0.245
2016-12-01 01:45:56.329,95.948,-0.002,-0.840,0.001,0.542,0.422,1.162,0.246
2016-12-01 01:45:56.340,95.969,-0.002,-0.841,0.001,0.541,0.422,1.162,0.246
2016-12-01 01:45:56.351,95.969,-0.002,-0.841,0.001,0.541,0.422,1.162,0.246
2016-12-01 01:45:56.362,95.991,-0.002,-0.842,0.001,0.540,0.421,1.162,0.245
2016-12-01 01:45:56.373,95.991,-0.002,-0.842,0.001,0.539,0.421,1.162,0.245
2016-12-01 01:45:56.384,96.012,-0.002,-0.843,0.001,0.538,0.421,1.162,0.245
2016-12-01 01:45:56.396,96.012,-0.002,-0.843,0.001,0.538,0.421,1.162,0.246
2016-12-01 01:45:56.407,96.033,-0.002,-0.843,0.001,0.537,0.421,1.162,0.246
2016-12-01 01:45:56.418,96.055,-0.001,-0.844,0.001,0.537,0.420,1.162,0.246
2016-12-01 01:45:56.429,96.055,-0.001,-0.844,0.001,0.536,0.420,1.162,0.246
2016-12-01 01:45:56.440,96.076,-0.001,-0.845,0.001,0.535,0.420,1.162,0.246
2016-12-01 01:45:56.451,96.076,-0.001,-0.845,0.001,0.535,0.420,1.163,0.246
2016-12-01 01:45:56.462,96.076,-0.001,-0.845,0.001,0.534,0.420,1.163,0.246
2016-12-01 01:45:56.473,96.097,-0.001,-0.846,0.001,0.533,0.420,1.163,0.246
2016-12-01 01:45:56.486,96.097,-0.001,-0.846,0.001,0.533,0.420,1.163,0.246
2016-12-01 01:45:56.496,96.119,-0.002,-0.847,0.000,0.532,0.419,1.163,0.246
2016-12-01 01:45:56.507,96.140,-0.002,-0.847,0.000,0.531,0.419,1.163,0.246
2016-12-01 01:45:56.519,96.140,-0.001,-0.848,0.000,0.531,0.419,1.163,0.246
2016-12-01 01:45:56.530,96.161,-0.001,-0.848,0.000,0.530,0.419,1.163,0.246
2016-12-01 01:45:56.541,96.161,-0.001,-0.848,-0.001,0.529,0.419,1.163,0.246
2016-12-01 01:45:56.552,96.183,-0.001,-0.849,-0.001,0.529,0.419,1.163,0.246
2016-12-01 01:45:56.563,96.183,-0.001,-0.849,-0.001,0.528,0.419,1.163,0.246
2016-12-01 01:45:56.574,96.204,-0.001,-0.850,-0.001,0.527,0.419,1.163,0.246
2016-12-01 01:45:56.586,96.225,-0.001,-0.850,-0.001,0.527,0.419,1.163,0.246
2016-12-01 01:45:56.596,96.225,-0.001,-0.851,-0.001,0.526,0.418,1.163,0.246
2016-12-01 01:45:56.608,96.225,-0.001,-0.851,-0.001,0.525,0.418,1.163,0.246
2016-12-01 01:45:56.619,96.247,-0.001,-0.851,-0.001,0.525,0.418,1.163,0.246
2016-12-01 01:45:56.630,96.247,-0.001,-0.852,-0.001,0.524,0.418,1.163,0.246
2016-12-01 01:45:56.642,96.268,-0.001,-0.852,-0.001,0.523,0.418,1.163,0.246
2016-12-01 01:45:56.652,96.268,-0.001,-0.852,0.000,0.523,0.418,1.163,0.246
2016-12-01 01:45:56.664,96.289,0.000,-0.853,0.000,0.522,0.418,1.163,0.245
2016-12-01 01:45:56.675,96.289,0.000,-0.853,0.000,0.522,0.418,1.163,0.245
2016-12-01 01:45:56.686,96.311,0.000,-0.854,0.001,0.521,0.418,1.163,0.245
2016-12-01 01:45:56.698,96.332,0.000,-0.854,0.001,0.521,0.418,1.163,0.245
2016-12-01 01:45:56.709,96.332,0.001,-0.854,0.001,0.520,0.417,1.163,0.245
2016-12-01 01:45:56.720,96.353,0.001,-0.855,0.001,0.519,0.417,1.163,0.245
2016-12-01 01:45:56.731,96.353,0.001,-0.855,0.001,0.519,0.417,1.163,0.245
2016-12-01 01:45:56.742,96.375,0.001,-0.855,0.001,0.518,0.417,1.163,0.245
2016-12-01 01:45:56.753,96.375,0.002,-0.855,0.001,0.518,0.417,1.163,0.245
2016-12-01 01:45:56.764,96.396,0.002,-0.856,0.001,0.517,0.417,1.163,0.245
2016-12-01 01:45:56.775,96.396,0.002,-0.856,0.001,0.517,0.417,1.163,0.245
2016-12-01 01:45:56.786,96.417,0.002,-0.856,0.001,0.516,0.417,1.163,0.245
2016-12-01 01:45:56.798,96.417,0.002,-0.857,0.001,0.516,0.417,1.163,0.244
2016-12-01 01:45:56.809,96.439,0.001,-0.857,0.001,0.515,0.417,1.163,0.245
2016-12-01 01:45:56.820,96.439,0.001,-0.857,0.001,0.515,0.417,1.163,0.245
2016-12-01 01:45:56.831,96.460,0.001,-0.858,0.001,0.514,0.417,1.163,0.244
2016-12-01 01:45:56.843,96.460,0.001,-0.858,0.001,0.514,0.417,1.163,0.244
2016-12-01 01:45:56.854,96.481,0.001,-0.858,0.001,0.514,0.417,1.163,0.244
2016-12-01 01:45:56.865,96.481,0.001,-0.858,0.001,0.513,0.418,1.163,0.244
2016-12-01 01:45:56.876,96.503,0.001,-0.858,0.001,0.513,0.418,1.163,0.244
2016-12-01 01:45:56.887,96.524,0.001,-0.859,0.001,0.513,0.418,1.163,0.244
2016-12-01 01:45:56.898,96.524,0.001,-0.859,0.001,0.512,0.418,1.163,0.244
2016-12-01 01:45:56.909,96.545,0.001,-0.859,0.001,0.512,0.418,1.163,0.244
2016-12-01 01:45:56.921,96.545,0.001,-0.859,0.001,0.512,0.418,1.163,0.244
2016-12-01 01:45:56.932,96.545,0.001,-0.859,0.001,0.512,0.418,1.163,0.244
2016-12-01 01:45:56.943,96.567,0.001,-0.859,0.001,0.512,0.418,1.162,0.244
2016-12-01 01:45:56.954,96.567,0.001,-0.859,0.001,0.511,0.418,1.162,0.244
2016-12-01 01:45:56.965,96.588,0.001,-0.859,0.001,0.511,0.418,1.162,0.244
2016-12-01 01:45:56.976,96.609,0.001,-0.859,0.001,0.511,0.418,1.163,0.244
2016-12-01 01:45:56.988,96.609,0.001,-0.859,0.001,0.511,0.418,1.163,0.244
2016-12-01 01:45:56.998,96.631,0.001,-0.860,0.001,0.511,0.418,1.163,0.244
2016-12-01 01:45:57.010,96.631,0.001,-0.859,0.001,0.511,0.418,1.163,0.244
2016-12-01 01:45:57.021,96.652,0.001,-0.859,0.001,0.511,0.418,1.163,0.244
2016-12-01 01:45:57.032,96.652,0.001,-0.859,0.001,0.511,0.418,1.163,0.244
2016-12-01 01:45:57.044,96.673,0.001,-0.859,0.001,0.512,0.418,1.163,0.244
2016-12-01 01:45:57.055,96.673,0.001,-0.859,0.001,0.512,0.418,1.163,0.244
2016-12-01 01:45:57.066,96.695,0.001,-0.859,0.001,0.512,0.418,1.163,0.244
2016-12-01 01:45:57.077,96.716,0.001,-0.859,0.002,0.512,0.418,1.163,0.244
2016-12-01 01:45:57.088,96.716,0.001,-0.859,0.001,0.512,0.418,1.163,0.244
2016-12-01 01:45:57.099,96.716,0.001,-0.859,0.001,0.513,0.418,1.163,0.244
2016-12-01 01:45:57.110,96.737,0.001,-0.858,0.001,0.513,0.418,1.163,0.244
2016-12-01 01:45:57.122,96.737,0.001,-0.858,0.001,0.513,0.418,1.163,0.244
2016-12-01 01:45:57.133,96.759,0.001,-0.858,0.001,0.513,0.418,1.163,0.244
2016-12-01 01:45:57.144,96.759,0.000,-0.858,0.000,0.514,0.418,1.163,0.244
2016-12-01 01:45:57.155,96.780,0.000,-0.858,0.000,0.514,0.418,1.163,0.244
2016-12-01 01:45:57.166,96.801,0.000,-0.858,0.000,0.514,0.418,1.163,0.244
2016-12-01 01:45:57.178,96.801,0.000,-0.858,-0.001,0.514,0.418,1.163,0.244
2016-12-01 01:45:57.188,96.823,0.000,-0.858,-0.001,0.514,0.418,1.163,0.244
2016-12-01 01:45:57.199,96.823,0.001,-0.858,-0.002,0.514,0.418,1.163,0.244
2016-12-01 01:45:57.211,96.844,0.001,-0.858,-0.002,0.514,0.418,1.163,0.244
2016-12-01 01:45:57.222,96.844,0.001,-0.858,-0.002,0.514,0.418,1.163,0.244
2016-12-01 01:45:57.233,96.865,0.002,-0.858,-0.003,0.514,0.418,1.163,0.244
2016-12-01 01:45:57.245,96.865,0.002,-0.858,-0.003,0.514,0.418,1.163,0.244
2016-12-01 01:45:57.256,96.887,0.003,-0.858,-0.003,0.514,0.418,1.163,0.244
2016-12-01 01:45:57.267,96.887,0.003,-0.858,-0.003,0.514,0.418,1.163,0.244
2016-12-01 01:45:57.278,96.908,0.004,-0.858,-0.003,0.514,0.418,1.163,0.244
2016-12-01 01:45:57.289,96.908,0.004,-0.857,-0.003,0.515,0.418,1.163,0.244
2016-12-01 01:45:57.300,96.929,0.005,-0.857,-0.003,0.515,0.418,1.163,0.244
2016-12-01 01:45:57.311,96.929,0.005,-0.857,-0.003,0.515,0.418,1.163,0.244
2016-12-01 01:45:57.322,96.951,0.005,-0.857,-0.003,0.516,0.418,1.163,0.244
2016-12-01 01:45:57.334,96.951,0.005,-0.856,-0.003,0.516,0.418,1.163,0.244
2016-12-01 01:45:57.345,96.972,0.006,-0.856,-0.003,0.517,0.417,1.163,0.245
2016-12-01 01:45:57.356,96.993,0.006,-0.856,-0.003,0.518,0.417,1.163,0.245
2016-12-01 01:45:57.367,96.993,0.005,-0.855,-0.003,0.518,0.417,1.163,0.245
2016-12-01 01:45:57.378,97.015,0.005,-0.855,-0.003,0.519,0.417,1.163,0.245
2016-12-01 01:45:57.390,97.015,0.005,-0.854,-0.003,0.519,0.418,1.163,0.245
2016-12-01 01:45:57.401,97.036,0.005,-0.854,-0.003,0.520,0.417,1.163,0.245
2016-12-01 01:45:57.413,97.036,0.005,-0.854,-0.003,0.521,0.417,1.163,0.245
2016-12-01 01:45:57.423,97.036,0.005,-0.853,-0.003,0.522,0.417,1.163,0.245
2016-12-01 01:45:57.435,97.057,0.005,-0.853,-0.003,0.522,0.417,1.163,0.245
2016-12-01 01:45:57.446,97.057,0.004,-0.852,-0.003,0.523,0.417,1.163,0.245
2016-12-01 01:45:57.457,97.079,0.004,-0.852,-0.003,0.524,0.417,1.163,0.245
2016-12-01 01:45:57.468,97.100,0.004,-0.851,-0.003,0.525,0.417,1.163,0.245
2016-12-01 01:45:57.479,97.100,0.005,-0.851,-0.003,0.525,0.417,1.163,0.245
2016-12-01 01:45:57.490,97.121,0.005,-0.850,-0.003,0.526,0.417,1.163,0.245
2016-12-01 01:45:57.501,97.121,0.005,-0.850,-0.003,0.527,0.417,1.163,0.245
2016-12-01 01:45:57.512,97.143,0.005,-0.849,-0.003,0.528,0.417,1.163,0.245
2016-12-01 01:45:57.524,97.143,0.005,-0.849,-0.003,0.528,0.417,1.163,0.245
2016-12-01 01:45:57.535,97.164,0.005,-0.849,-0.003,0.529,0.417,1.163,0.245
2016-12-01 01:45:57.546,97.185,0.006,-0.848,-0.002,0.530,0.416,1.163,0.245
2016-12-01 01:45:57.557,97.185,0.006,-0.848,-0.002,0.530,0.417,1.163,0.245
2016-12-01 01:45:57.568,97.207,0.006,-0.847,-0.002,0.531,0.417,1.163,0.245
2016-12-01 01:45:57.580,97.207,0.006,-0.847,-0.002,0.532,0.417,1.163,0.245
2016-12-01 01:45:57.591,97.207,0.007,-0.846,-0.002,0.533,0.417,1.163,0.245
2016-12-01 01:45:57.602,97.228,0.007,-0.846,-0.002,0.534,0.416,1.163,0.245
2016-12-01 01:45:57.613,97.228,0.007,-0.845,-0.001,0.535,0.416,1.163,0.245
2016-12-01 01:45:57.624,97.249,0.007,-0.844,-0.001,0.536,0.417,1.163,0.245
2016-12-01 01:45:57.636,97.249,0.008,-0.844,-0.001,0.537,0.417,1.163,0.245
2016-12-01 01:45:57.647,97.271,0.008,-0.843,-0.001,0.538,0.416,1.163,0.245
2016-12-01 01:45:57.658,97.292,0.008,-0.842,-0.002,0.539,0.416,1.163,0.245
2016-12-01 01:45:57.669,97.292,0.007,-0.842,-0.002,0.540,0.417,1.163,0.245
2016-12-01 01:45:57.680,97.313,0.007,-0.841,-0.002,0.541,0.417,1.163,0.245
2016-12-01 01:45:57.692,97.313,0.007,-0.840,-0.002,0.542,0.416,1.162,0.245
2016-12-01 01:45:57.702,97.335,0.007,-0.839,-0.002,0.543,0.416,1.162,0.245
2016-12-01 01:45:57.714,97.335,0.006,-0.839,-0.002,0.545,0.416,1.162,0.245
2016-12-01 01:45:57.725,97.356,0.006,-0.838,-0.002,0.546,0.416,1.162,0.245
2016-12-01 01:45:57.736,97.356,0.006,-0.837,-0.002,0.547,0.416,1.162,0.245
2016-12-01 01:45:57.747,97.377,0.006,-0.836,-0.001,0.548,0.416,1.162,0.245
2016-12-01 01:45:57.758,97.377,0.006,-0.835,-0.001,0.549,0.416,1.162,0.245
2016-12-01 01:45:57.769,97.399,0.006,-0.835,-0.001,0.551,0.416,1.162,0.245
2016-12-01 01:45:57.781,97.399,0.006,-0.834,-0.001,0.552,0.416,1.162,0.245
2016-12-01 01:45:57.792,97.420,0.007,-0.833,-0.001,0.553,0.416,1.162,0.245
2016-12-01 01:45:57.803,97.420,0.007,-0.832,-0.001,0.554,0.416,1.162,0.245
2016-12-01 01:45:57.814,97.441,0.007,-0.832,-0.001,0.555,0.416,1.162,0.245
2016-12-01 01:45:57.826,97.441,0.007,-0.831,-0.001,0.556,0.416,1.162,0.245
2016-12-01 01:45:57.836,97.463,0.007,-0.830,-0.001,0.558,0.416,1.162,0.245
2016-12-01 01:45:57.848,97.484,0.008,-0.829,-0.001,0.559,0.416,1.162,0.245
2016-12-01 01:45:57.859,97.484,0.008,-0.828,-0.001,0.560,0.416,1.162,0.245
2016-12-01 01:45:57.870,97.505,0.008,-0.827,-0.001,0.562,0.416,1.162,0.245
2016-12-01 01:45:57.882,97.505,0.008,-0.826,-0.001,0.563,0.416,1.162,0.245
2016-12-01 01:45:57.892,97.527,0.008,-0.825,-0.001,0.565,0.416,1.162,0.246
2016-12-01 01:45:57.903,97.527,0.008,-0.824,-0.001,0.566,0.416,1.162,0.246
2016-12-01 01:45:57.915,97.527,0.009,-0.823,-0.001,0.568,0.416,1.162,0.246
2016-12-01 01:45:57.926,97.548,0.009,-0.822,-0.001,0.569,0.416,1.162,0.246
2016-12-01 01:45:57.937,97.569,0.008,-0.821,-0.001,0.571,0.417,1.162,0.246
2016-12-01 01:45:57.948,97.569,0.008,-0.820,-0.002,0.572,0.417,1.162,0.246
2016-12-01 01:45:57.959,97.591,0.008,-0.819,-0.002,0.574,0.416,1.162,0.246
2016-12-01 01:45:57.970,97.591,0.007,-0.818,-0.002,0.575,0.416,1.162,0.246
2016-12-01 01:45:57.981,97.612,0.006,-0.817,-0.002,0.577,0.416,1.162,0.246
2016-12-01 01:45:57.993,97.612,0.005,-0.816,-0.002,0.578,0.417,1.162,0.246
2016-12-01 01:45:58.004,97.633,0.005,-0.815,-0.002,0.579,0.417,1.162,0.246
2016-12-01 01:45:58.016,97.655,0.004,-0.814,-0.002,0.580,0.417,1.162,0.245
2016-12-01 01:45:58.026,97.655,0.004,-0.814,-0.002,0.581,0.417,1.162,0.245
2016-12-01 01:45:58.037,97.676,0.003,-0.813,-0.002,0.582,0.417,1.162,0.245
2016-12-01 01:45:58.049,97.676,0.003,-0.812,-0.002,0.583,0.417,1.162,0.245
2016-12-01 01:45:58.060,97.697,0.003,-0.812,-0.002,0.584,0.417,1.162,0.245
2016-12-01 01:45:58.071,97.697,0.003,-0.811,-0.001,0.585,0.417,1.162,0.244
2016-12-01 01:45:58.082,97.697,0.003,-0.810,-0.001,0.586,0.417,1.162,0.244
2016-12-01 01:45:58.093,97.719,0.003,-0.810,-0.001,0.587,0.417,1.162,0.244
2016-12-01 01:45:58.105,97.719,0.003,-0.809,-0.001,0.588,0.418,1.162,0.244
2016-12-01 01:45:58.115,97.740,0.003,-0.808,0.000,0.589,0.418,1.162,0.244
2016-12-01 01:45:58.127,97.761,0.003,-0.807,0.000,0.590,0.418,1.162,0.244
2016-12-01 01:45:58.138,97.761,0.003,-0.807,0.000,0.591,0.418,1.162,0.244
2016-12-01 01:45:58.149,97.783,0.003,-0.806,0.000,0.592,0.418,1.162,0.244
2016-12-01 01:45:58.161,97.783,0.003,-0.805,0.000,0.593,0.418,1.162,0.243
2016-12-01 01:45:58.171,97.804,0.002,-0.804,0.000,0.594,0.418,1.162,0.243
2016-12-01 01:45:58.183,97.804,0.002,-0.803,0.001,0.596,0.418,1.162,0.243
2016-12-01 01:45:58.194,97.825,0.002,-0.802,0.001,0.597,0.418,1.162,0.243
2016-12-01 01:45:58.205,97.825,0.002,-0.802,0.001,0.598,0.418,1.162,0.243
2016-12-01 01:45:58.216,97.847,0.001,-0.801,0.001,0.599,0.418,1.162,0.243
2016-12-01 01:45:58.228,97.847,0.001,-0.800,0.001,0.600,0.418,1.162,0.242
2016-12-01 01:45:58.239,97.868,0.001,-0.799,0.002,0.601,0.418,1.162,0.242
2016-12-01 01:45:58.250,97.868,0.000,-0.799,0.002,0.602,0.419,1.162,0.242
2016-12-01 01:45:58.261,97.889,0.000,-0.798,0.002,0.603,0.419,1.162,0.242
2016-12-01 01:45:58.272,97.889,0.000,-0.797,0.002,0.603,0.419,1.162,0.242
2016-12-01 01:45:58.283,97.911,0.000,-0.797,0.003,0.604,0.419,1.162,0.242
2016-12-01 01:45:58.295,97.911,-0.001,-0.796,0.003,0.605,0.419,1.162,0.242
2016-12-01 01:45:58.305,97.932,-0.001,-0.796,0.003,0.606,0.419,1.162,0.242
2016-12-01 01:45:58.317,97.953,-0.001,-0.795,0.003,0.606,0.419,1.162,0.242
2016-12-01 01:45:58.328,97.953,-0.001,-0.795,0.004,0.607,0.419,1.162,0.241
2016-12-01 01:45:58.339,97.975,-0.001,-0.794,0.004,0.608,0.419,1.162,0.241
2016-12-01 01:45:58.350,97.975,-0.001,-0.793,0.004,0.609,0.419,1.162,0.241
2016-12-01 01:45:58.361,97.996,0.000,-0.793,0.004,0.609,0.419,1.162,0.241
2016-12-01 01:45:58.372,97.996,0.000,-0.792,0.005,0.610,0.419,1.162,0.241
2016-12-01 01:45:58.384,98.017,0.000,-0.792,0.005,0.610,0.419,1.162,0.241
2016-12-01 01:45:58.395,98.017,0.000,-0.792,0.005,0.611,0.419,1.162,0.241
2016-12-01 01:45:58.406,98.039,0.000,-0.791,0.005,0.612,0.419,1.162,0.241
2016-12-01 01:45:58.418,98.039,0.000,-0.791,0.005,0.612,0.419,1.162,0.241
2016-12-01 01:45:58.429,98.060,0.000,-0.791,0.005,0.612,0.419,1.162,0.241
2016-12-01 01:45:58.440,98.060,0.000,-0.790,0.006,0.613,0.419,1.161,0.241
2016-12-01 01:45:58.451,98.081,0.000,-0.790,0.006,0.613,0.419,1.161,0.241
2016-12-01 01:45:58.462,98.081,0.000,-0.789,0.006,0.614,0.419,1.161,0.241
2016-12-01 01:45:58.473,98.103,0.000,-0.789,0.006,0.614,0.419,1.161,0.241
2016-12-01 01:45:58.485,98.103,0.000,-0.789,0.006,0.615,0.419,1.161,0.241
2016-12-01 01:45:58.495,98.124,0.000,-0.788,0.007,0.615,0.419,1.161,0.241
2016-12-01 01:45:58.506,98.145,0.001,-0.788,0.007,0.615,0.420,1.161,0.241
2016-12-01 01:45:58.518,98.145,0.001,-0.788,0.007,0.616,0.420,1.161,0.241
2016-12-01 01:45:58.529,98.167,0.001,-0.788,0.007,0.616,0.420,1.161,0.241
2016-12-01 01:45:58.540,98.167,0.001,-0.788,0.007,0.616,0.420,1.161,0.241
2016-12-01 01:45:58.551,98.188,0.001,-0.788,0.007,0.616,0.420,1.161,0.241
2016-12-01 01:45:58.563,98.188,0.001,-0.787,0.007,0.616,0.420,1.161,0.241
2016-12-01 01:45:58.574,98.188,0.001,-0.787,0.007,0.616,0.420,1.161,0.241
2016-12-01 01:45:58.585,98.209,0.001,-0.787,0.007,0.616,0.420,1.161,0.241
2016-12-01 01:45:58.596,98.231,0.000,-0.788,0.007,0.616,0.420,1.161,0.241
2016-12-01 01:45:58.607,98.231,0.000,-0.788,0.007,0.616,0.420,1.161,0.241
2016-12-01 01:45:58.618,98.252,0.000,-0.788,0.007,0.616,0.420,1.161,0.241
2016-12-01 01:45:58.630,98.252,0.000,-0.788,0.006,0.616,0.420,1.161,0.241
2016-12-01 01:45:58.641,98.273,-0.001,-0.788,0.006,0.616,0.420,1.161,0.241
2016-12-01 01:45:58.652,98.273,-0.001,-0.788,0.006,0.616,0.420,1.161,0.241
2016-12-01 01:45:58.663,98.295,-0.001,-0.788,0.006,0.616,0.420,1.161,0.241
2016-12-01 01:45:58.674,98.295,-0.001,-0.788,0.006,0.615,0.420,1.161,0.241
2016-12-01 01:45:58.685,98.316,-0.001,-0.788,0.006,0.615,0.420,1.161,0.241
2016-12-01 01:45:58.697,98.337,-0.001,-0.788,0.006,0.615,0.420,1.162,0.242
2016-12-01 01:45:58.708,98.337,-0.001,-0.788,0.006,0.615,0.420,1.162,0.242
2016-12-01 01:45:58.719,98.337,-0.001,-0.788,0.006,0.615,0.420,1.162,0.242
2016-12-01 01:45:58.730,98.359,-0.001,-0.789,0.006,0.615,0.420,1.162,0.242
2016-12-01 01:45:58.741,98.359,-0.001,-0.789,0.006,0.615,0.420,1.162,0.242
2016-12-01 01:45:58.753,98.380,-0.001,-0.789,0.006,0.615,0.420,1.162,0.242
2016-12-01 01:45:58.764,98.380,-0.002,-0.789,0.005,0.615,0.420,1.162,0.242
2016-12-01 01:45:58.775,98.401,-0.002,-0.789,0.005,0.614,0.420,1.162,0.242
2016-12-01 01:45:58.786,98.423,-0.002,-0.789,0.005,0.614,0.420,1.162,0.243
2016-12-01 01:45:58.797,98.423,-0.002,-0.790,0.005,0.614,0.420,1.162,0.243
2016-12-01 01:45:58.808,98.444,-0.002,-0.790,0.005,0.613,0.420,1.162,0.243
2016-12-01 01:45:58.820,98.444,-0.002,-0.790,0.005,0.613,0.420,1.162,0.243
2016-12-01 01:45:58.831,98.465,-0.002,-0.791,0.005,0.612,0.420,1.162,0.243
2016-12-01 01:45:58.842,98.465,-0.002,-0.791,0.006,0.612,0.420,1.162,0.243
2016-12-01 01:45:58.853,98.487,-0.002,-0.792,0.006,0.611,0.420,1.162,0.243
2016-12-01 01:45:58.864,98.487,-0.002,-0.792,0.006,0.610,0.419,1.162,0.243
2016-12-01 01:45:58.875,98.508,-0.001,-0.793,0.006,0.610,0.419,1.162,0.243
2016-12-01 01:45:58.887,98.508,-0.001,-0.793,0.006,0.609,0.419,1.161,0.243
2016-12-01 01:45:58.897,98.529,-0.001,-0.794,0.006,0.608,0.420,1.161,0.243
2016-12-01 01:45:58.908,98.529,0.000,-0.795,0.006,0.607,0.420,1.161,0.243
2016-12-01 01:45:58.920,98.551,0.000,-0.795,0.006,0.606,0.420,1.161,0.244
2016-12-01 01:45:58.931,98.551,0.001,-0.796,0.006,0.605,0.420,1.161,0.244
2016-12-01 01:45:58.942,98.572,0.002,-0.797,0.007,0.605,0.420,1.161,0.244
2016-12-01 01:45:58.954,98.572,0.002,-0.797,0.007,0.604,0.420,1.161,0.244
2016-12-01 01:45:58.965,98.593,0.003,-0.798,0.007,0.603,0.420,1.161,0.244
2016-12-01 01:45:58.976,98.593,0.003,-0.799,0.007,0.602,0.419,1.161,0.244
2016-12-01 01:45:58.987,98.615,0.003,-0.799,0.008,0.601,0.420,1.161,0.244
2016-12-01 01:45:58.998,98.636,0.004,-0.800,0.008,0.600,0.420,1.161,0.244
2016-12-01 01:45:59.010,98.636,0.004,-0.801,0.008,0.599,0.420,1.161,0.244
2016-12-01 01:45:59.020,98.657,0.004,-0.801,0.008,0.598,0.420,1.161,0.244
2016-12-01 01:45:59.032,98.657,0.004,-0.802,0.007,0.597,0.420,1.161,0.244
2016-12-01 01:45:59.043,98.657,0.004,-0.803,0.007,0.596,0.420,1.161,0.245
2016-12-01 01:45:59.054,98.679,0.004,-0.804,0.007,0.595,0.420,1.161,0.245
2016-12-01 01:45:59.066,98.679,0.004,-0.804,0.007,0.594,0.420,1.161,0.245
2016-12-01 01:45:59.076,98.700,0.005,-0.805,0.006,0.593,0.420,1.161,0.245
2016-12-01 01:45:59.088,98.721,0.004,-0.806,0.006,0.592,0.420,1.161,0.245
2016-12-01 01:45:59.098,98.721,0.004,-0.807,0.006,0.591,0.420,1.161,0.245
2016-12-01 01:45:59.109,98.743,0.004,-0.807,0.005,0.590,0.420,1.161,0.245
2016-12-01 01:45:59.121,98.743,0.004,-0.808,0.005,0.589,0.421,1.161,0.246
2016-12-01 01:45:59.132,98.764,0.004,-0.809,0.004,0.588,0.421,1.161,0.246
2016-12-01 01:45:59.143,98.764,0.004,-0.810,0.004,0.587,0.421,1.161,0.246
2016-12-01 01:45:59.154,98.785,0.003,-0.811,0.004,0.585,0.421,1.161,0.246
2016-12-01 01:45:59.166,98.785,0.003,-0.812,0.003,0.584,0.421,1.161,0.246
2016-12-01 01:45:59.177,98.807,0.003,-0.812,0.003,0.583,0.421,1.161,0.246
2016-12-01 01:45:59.188,98.828,0.003,-0.813,0.003,0.582,0.421,1.161,0.247
2016-12-01 01:45:59.199,98.828,0.002,-0.814,0.003,0.581,0.421,1.161,0.247
2016-12-01 01:45:59.210,98.828,0.002,-0.815,0.002,0.579,0.421,1.161,0.247
2016-12-01 01:45:59.221,98.849,0.002,-0.816,0.002,0.578,0.421,1.161,0.247
2016-12-01 01:45:59.233,98.849,0.002,-0.817,0.002,0.577,0.421,1.161,0.247
2016-12-01 01:45:59.244,98.871,0.002,-0.817,0.002,0.576,0.421,1.161,0.247
2016-12-01 01:45:59.255,98.871,0.002,-0.818,0.002,0.575,0.421,1.161,0.247
2016-12-01 01:45:59.266,98.892,0.003,-0.819,0.002,0.574,0.421,1.161,0.247
2016-12-01 01:45:59.277,98.913,0.003,-0.820,0.002,0.572,0.421,1.161,0.247
2016-12-01 01:45:59.289,98.913,0.003,-0.821,0.002,0.571,0.421,1.161,0.247
2016-12-01 01:45:59.300,98.935,0.003,-0.822,0.002,0.570,0.421,1.161,0.247
2016-12-01 01:45:59.311,98.935,0.003,-0.823,0.002,0.569,0.421,1.161,0.247
2016-12-01 01:45:59.322,98.956,0.003,-0.823,0.002,0.568,0.421,1.161,0.247
2016-12-01 01:45:59.334,98.956,0.004,-0.824,0.002,0.566,0.421,1.161,0.247
2016-12-01 01:45:59.345,98.977,0.004,-0.825,0.002,0.565,0.421,1.161,0.247
2016-12-01 01:45:59.356,98.999,0.004,-0.826,0.002,0.564,0.421,1.161,0.248
2016-12-01 01:45:59.367,98.999,0.004,-0.826,0.002,0.563,0.421,1.161,0.248
2016-12-01 01:45:59.378,98.999,0.004,-0.827,0.001,0.562,0.421,1.161,0.248
2016-12-01 01:45:59.389,99.020,0.004,-0.828,0.001,0.561,0.421,1.161,0.248
2016-12-01 01:45:59.401,99.020,0.004,-0.828,0.001,0.560,0.421,1.161,0.248
2016-12-01 01:45:59.411,99.041,0.004,-0.829,0.001,0.559,0.420,1.161,0.248
2016-12-01 01:45:59.423,99.041,0.004,-0.830,0.000,0.558,0.420,1.161,0.248
2016-12-01 01:45:59.434,99.063,0.004,-0.830,0.000,0.557,0.420,1.161,0.248
2016-12-01 01:45:59.445,99.063,0.004,-0.831,0.000,0.556,0.420,1.162,0.248
2016-12-01 01:45:59.456,99.084,0.004,-0.832,-0.001,0.555,0.420,1.162,0.248
2016-12-01 01:45:59.467,99.105,0.004,-0.833,-0.002,0.553,0.420,1.162,0.248
2016-12-01 01:45:59.478,99.105,0.004,-0.834,-0.002,0.552,0.420,1.162,0.248
2016-12-01 01:45:59.489,99.127,0.004,-0.834,-0.003,0.551,0.420,1.162,0.248
2016-12-01 01:45:59.500,99.127,0.004,-0.835,-0.003,0.550,0.420,1.162,0.248
2016-12-01 01:45:59.512,99.148,0.004,-0.836,-0.003,0.549,0.421,1.162,0.248
2016-12-01 01:45:59.524,99.148,0.004,-0.836,-0.004,0.548,0.421,1.162,0.248
2016-12-01 01:45:59.534,99.148,0.005,-0.837,-0.004,0.547,0.421,1.162,0.249
2016-12-01 01:45:59.545,99.169,0.005,-0.838,-0.004,0.546,0.421,1.162,0.249
2016-12-01 01:45:59.557,99.191,0.005,-0.839,-0.004,0.545,0.421,1.162,0.249
2016-12-01 01:45:59.568,99.191,0.006,-0.840,-0.004,0.543,0.421,1.162,0.249
2016-12-01 01:45:59.579,99.212,0.006,-0.840,-0.004,0.542,0.421,1.162,0.249
2016-12-01 01:45:59.590,99.212,0.006,-0.841,-0.004,0.541,0.421,1.162,0.249
2016-12-01 01:45:59.601,99.233,0.006,-0.842,-0.004,0.540,0.421,1.162,0.249
2016-12-01 01:45:59.613,99.233,0.006,-0.842,-0.004,0.539,0.421,1.162,0.249
2016-12-01 01:45:59.623,99.255,0.006,-0.843,-0.004,0.538,0.421,1.162,0.249
2016-12-01 01:45:59.635,99.255,0.006,-0.844,-0.005,0.537,0.421,1.162,0.249
2016-12-01 01:45:59.646,99.276,0.007,-0.844,-0.005,0.535,0.421,1.162,0.249
2016-12-01 01:45:59.657,99.297,0.007,-0.845,-0.005,0.534,0.421,1.162,0.250
2016-12-01 01:45:59.668,99.297,0.007,-0.846,-0.005,0.533,0.421,1.162,0.250
2016-12-01 01:45:59.679,99.319,0.007,-0.846,-0.005,0.532,0.422,1.162,0.250
2016-12-01 01:45:59.691,99.319,0.007,-0.847,-0.005,0.531,0.422,1.162,0.250
2016-12-01 01:45:59.702,99.319,0.007,-0.848,-0.005,0.531,0.422,1.162,0.250
2016-12-01 01:45:59.713,99.340,0.007,-0.848,-0.005,0.530,0.422,1.162,0.250
2016-12-01 01:45:59.725,99.340,0.007,-0.849,-0.005,0.529,0.422,1.162,0.250
2016-12-01 01:45:59.735,99.361,0.007,-0.849,-0.006,0.528,0.422,1.162,0.250
2016-12-01 01:45:59.746,99.383,0.007,-0.850,-0.006,0.527,0.422,1.162,0.250
2016-12-01 01:45:59.758,99.383,0.006,-0.850,-0.006,0.527,0.422,1.162,0.250
2016-12-01 01:45:59.769,99.404,0.006,-0.851,-0.006,0.526,0.422,1.162,0.250
2016-12-01 01:45:59.780,99.404,0.006,-0.851,-0.007,0.525,0.422,1.162,0.251
2016-12-01 01:45:59.791,99.425,0.006,-0.851,-0.007,0.525,0.422,1.162,0.251
2016-12-01 01:45:59.802,99.425,0.006,-0.851,-0.007,0.524,0.422,1.162,0.251
2016-12-01 01:45:59.813,99.447,0.006,-0.852,-0.007,0.524,0.422,1.162,0.251
2016-12-01 01:45:59.825,99.447,0.006,-0.852,-0.008,0.524,0.422,1.163,0.251
2016-12-01 01:45:59.836,99.468,0.006,-0.852,-0.008,0.523,0.422,1.163,0.251
2016-12-01 01:45:59.847,99.468,0.006,-0.852,-0.008,0.523,0.422,1.163,0.251
2016-12-01 01:45:59.858,99.489,0.006,-0.852,-0.008,0.523,0.422,1.163,0.251
2016-12-01 01:45:59.869,99.489,0.006,-0.852,-0.009,0.523,0.422,1.163,0.251
2016-12-01 01:45:59.881,99.511,0.006,-0.852,-0.009,0.523,0.422,1.163,0.251
2016-12-01 01:45:59.892,99.511,0.006,-0.852,-0.009,0.523,0.422,1.163,0.251
2016-12-01 01:45:59.903,99.532,0.006,-0.852,-0.009,0.523,0.422,1.163,0.251
2016-12-01 01:45:59.914,99.532,0.006,-0.852,-0.010,0.523,0.422,1.163,0.252
2016-12-01 01:45:59.925,99.553,0.006,-0.852,-0.010,0.523,0.422,1.163,0.252
2016-12-01 01:45:59.937,99.575,0.006,-0.852,-0.010,0.524,0.422,1.163,0.252
2016-12-01 01:45:59.948,99.575,0.006,-0.852,-0.010,0.524,0.422,1.163,0.252
2016-12-01 01:45:59.959,99.596,0.006,-0.851,-0.010,0.524,0.422,1.163,0.252
2016-12-01 01:45:59.970,99.596,0.006,-0.851,-0.010,0.525,0.422,1.163,0.252
2016-12-01 01:45:59.981,99.617,0.006,-0.851,-0.010,0.525,0.422,1.163,0.252
2016-12-01 01:45:59.992,99.617,0.006,-0.851,-0.010,0.526,0.421,1.163,0.252
2016-12-01 01:46:00.003,99.639,0.006,-0.850,-0.010,0.526,0.421,1.163,0.252
2016-12-01 01:46:00.015,99.639,0.006,-0.850,-0.010,0.527,0.421,1.163,0.252
2016-12-01 01:46:00.025,99.639,0.006,-0.850,-0.010,0.527,0.421,1.163,0.252
2016-12-01 01:46:00.037,99.660,0.007,-0.850,-0.010,0.527,0.421,1.163,0.252
2016-12-01 01:46:00.048,99.681,0.007,-0.849,-0.010,0.528,0.421,1.163,0.253
2016-12-01 01:46:00.059,99.681,0.007,-0.849,-0.010,0.528,0.421,1.163,0.253
2016-12-01 01:46:00.071,99.703,0.007,-0.849,-0.010,0.529,0.421,1.163,0.253
2016-12-01 01:46:00.082,99.703,0.008,-0.848,-0.009,0.529,0.421,1.163,0.253
2016-12-01 01:46:00.093,99.724,0.008,-0.848,-0.009,0.530,0.421,1.162,0.253
2016-12-01 01:46:00.104,99.724,0.008,-0.848,-0.009,0.530,0.421,1.162,0.253
2016-12-01 01:46:00.115,99.745,0.009,-0.848,-0.009,0.530,0.420,1.162,0.253
2016-12-01 01:46:00.127,99.767,0.009,-0.847,-0.008,0.531,0.420,1.162,0.253
2016-12-01 01:46:00.138,99.767,0.009,-0.847,-0.008,0.531,0.420,1.162,0.253
2016-12-01 01:46:00.149,99.788,0.010,-0.847,-0.008,0.532,0.420,1.162,0.253
2016-12-01 01:46:00.160,99.788,0.010,-0.846,-0.007,0.532,0.420,1.162,0.252
2016-12-01 01:46:00.171,99.809,0.010,-0.846,-0.007,0.533,0.420,1.162,0.252
2016-12-01 01:46:00.183,99.809,0.011,-0.846,-0.007,0.533,0.420,1.162,0.252
2016-12-01 01:46:00.193,99.809,0.011,-0.845,-0.007,0.534,0.420,1.162,0.252
2016-12-01 01:46:00.204,99.831,0.011,-0.845,-0.006,0.535,0.420,1.162,0.252
2016-12-01 01:46:00.215,99.831,0.012,-0.845,-0.006,0.535,0.420,1.162,0.252
2016-12-01 01:46:00.226,99.852,0.012,-0.844,-0.006,0.536,0.420,1.162,0.252
2016-12-01 01:46:00.238,99.873,0.012,-0.843,-0.005,0.537,0.419,1.161,0.252
2016-12-01 01:46:00.250,99.873,0.013,-0.843,-0.005,0.538,0.419,1.161,0.252
2016-12-01 01:46:00.261,99.895,0.013,-0.842,-0.004,0.539,0.419,1.161,0.252
2016-12-01 01:46:00.272,99.895,0.014,-0.841,-0.004,0.540,0.419,1.161,0.252
2016-12-01 01:46:00.283,99.916,0.014,-0.841,-0.003,0.542,0.419,1.161,0.252
2016-12-01 01:46:00.294,99.916,0.015,-0.840,-0.002,0.543,0.419,1.161,0.252
2016-12-01 01:46:00.305,99.937,0.015,-0.839,-0.002,0.544,0.418,1.161,0.252
2016-12-01 01:46:00.316,99.959,0.016,-0.838,-0.001,0.545,0.418,1.161,0.252
2016-12-01 01:46:00.327,99.959,0.017,-0.837,-0.001,0.547,0.418,1.161,0.252
2016-12-01 01:46:00.338,99.959,0.017,-0.836,0.000,0.548,0.418,1.160,0.252
2016-12-01 01:46:00.350,99.980,0.018,-0.835,0.001,0.549,0.418,1.160,0.252
2016-12-01 01:46:00.361,99.980,0.018,-0.834,0.001,0.551,0.418,1.160,0.252
2016-12-01 01:46:00.372,100.001,0.019,-0.833,0.002,0.552,0.418,1.160,0.252
2016-12-01 01:46:00.383,100.001,0.019,-0.832,0.003,0.554,0.418,1.160,0.252
2016-12-01 01:46:00.394,100.023,0.020,-0.831,0.004,0.555,0.418,1.159,0.252
2016-12-01 01:46:00.405,100.023,0.021,-0.830,0.005,0.557,0.417,1.159,0.252
2016-12-01 01:46:00.416,100.044,0.021,-0.829,0.005,0.558,0.417,1.159,0.252
2016-12-01 01:46:00.428,100.065,0.021,-0.829,0.006,0.559,0.417,1.159,0.252
2016-12-01 01:46:00.439,100.065,0.022,-0.828,0.007,0.561,0.417,1.159,0.252
2016-12-01 01:46:00.450,100.087,0.022,-0.827,0.008,0.562,0.417,1.158,0.252
2016-12-01 01:46:00.462,100.087,0.023,-0.826,0.009,0.563,0.417,1.158,0.252
2016-12-01 01:46:00.473,100.108,0.023,-0.825,0.010,0.565,0.417,1.158,0.252
2016-12-01 01:46:00.485,100.108,0.023,-0.824,0.011,0.566,0.417,1.158,0.252
2016-12-01 01:46:00.495,100.129,0.024,-0.823,0.012,0.567,0.417,1.158,0.252
2016-12-01 01:46:00.506,100.129,0.024,-0.823,0.013,0.568,0.417,1.158,0.252
2016-12-01 01:46:00.517,100.151,0.025,-0.822,0.014,0.569,0.416,1.157,0.252
2016-12-01 01:46:00.529,100.151,0.025,-0.821,0.015,0.570,0.416,1.157,0.251
2016-12-01 01:46:00.539,100.172,0.026,-0.820,0.016,0.571,0.416,1.157,0.251
2016-12-01 01:46:00.551,100.172,0.026,-0.820,0.017,0.572,0.416,1.157,0.251
2016-12-01 01:46:00.562,100.193,0.027,-0.819,0.018,0.573,0.416,1.157,0.251
2016-12-01 01:46:00.573,100.193,0.027,-0.818,0.019,0.574,0.416,1.157,0.251
2016-12-01 01:46:00.584,100.215,0.027,-0.818,0.020,0.574,0.416,1.156,0.251
2016-12-01 01:46:00.596,100.215,0.028,-0.817,0.020,0.575,0.416,1.156,0.251
2016-12-01 01:46:00.606,100.236,0.028,-0.817,0.021,0.576,0.416,1.156,0.250
2016-12-01 01:46:00.618,100.257,0.028,-0.817,0.022,0.576,0.416,1.156,0.250
2016-12-01 01:46:00.628,100.257,0.028,-0.816,0.023,0.577,0.415,1.156,0.250
2016-12-01 01:46:00.640,100.279,0.028,-0.816,0.024,0.577,0.415,1.155,0.249
2016-12-01 01:46:00.652,100.279,0.029,-0.815,0.025,0.578,0.415,1.155,0.249
2016-12-01 01:46:00.662,100.279,0.029,-0.815,0.025,0.579,0.415,1.155,0.249
2016-12-01 01:46:00.674,100.300,0.029,-0.814,0.026,0.579,0.415,1.155,0.248
2016-12-01 01:46:00.685,100.300,0.029,-0.814,0.027,0.580,0.415,1.155,0.248
2016-12-01 01:46:00.696,100.321,0.029,-0.814,0.027,0.580,0.415,1.155,0.248
2016-12-01 01:46:00.707,100.343,0.029,-0.813,0.028,0.581,0.415,1.155,0.248
2016-12-01 01:46:00.719,100.343,0.029,-0.813,0.028,0.581,0.415,1.155,0.248
2016-12-01 01:46:00.729,100.364,0.029,-0.812,0.029,0.582,0.415,1.155,0.247
2016-12-01 01:46:00.740,100.364,0.029,-0.812,0.029,0.582,0.415,1.155,0.247
2016-12-01 01:46:00.752,100.385,0.028,-0.812,0.029,0.583,0.415,1.155,0.247
2016-12-01 01:46:00.763,100.385,0.028,-0.811,0.030,0.583,0.415,1.155,0.246
2016-12-01 01:46:00.774,100.407,0.028,-0.811,0.030,0.584,0.415,1.155,0.246
2016-12-01 01:46:00.785,100.407,0.028,-0.811,0.030,0.584,0.415,1.155,0.246
2016-12-01 01:46:00.796,100.428,0.027,-0.810,0.030,0.585,0.415,1.155,0.246
2016-12-01 01:46:00.807,100.449,0.027,-0.810,0.030,0.585,0.415,1.155,0.245
2016-12-01 01:46:00.819,100.449,0.027,-0.809,0.030,0.586,0.415,1.155,0.245
2016-12-01 01:46:00.830,100.449,0.026,-0.809,0.030,0.587,0.415,1.155,0.245
2016-12-01 01:46:00.841,100.471,0.026,-0.808,0.030,0.588,0.416,1.155,0.245
2016-12-01 01:46:00.853,100.471,0.026,-0.807,0.030,0.589,0.416,1.155,0.245
2016-12-01 01:46:00.863,100.492,0.026,-0.807,0.030,0.590,0.416,1.155,0.245
2016-12-01 01:46:00.875,100.492,0.025,-0.806,0.030,0.591,0.416,1.155,0.245
2016-12-01 01:46:00.886,100.513,0.025,-0.805,0.030,0.592,0.416,1.155,0.245
2016-12-01 01:46:00.897,100.535,0.025,-0.804,0.030,0.593,0.416,1.155,0.244
2016-12-01 01:46:00.908,100.535,0.025,-0.804,0.030,0.594,0.416,1.155,0.244
2016-12-01 01:46:00.919,100.556,0.025,-0.803,0.031,0.595,0.416,1.155,0.244
2016-12-01 01:46:00.930,100.556,0.025,-0.802,0.031,0.597,0.415,1.155,0.244
2016-12-01 01:46:00.941,100.577,0.025,-0.801,0.031,0.598,0.415,1.155,0.244
2016-12-01 01:46:00.953,100.577,0.025,-0.800,0.031,0.599,0.415,1.155,0.244
2016-12-01 01:46:00.964,100.599,0.025,-0.799,0.031,0.601,0.415,1.155,0.244
2016-12-01 01:46:00.975,100.599,0.025,-0.797,0.032,0.602,0.415,1.155,0.244
2016-12-01 01:46:00.986,100.620,0.026,-0.796,0.032,0.603,0.415,1.155,0.244
2016-12-01 01:46:00.997,100.620,0.026,-0.795,0.032,0.605,0.415,1.155,0.244
2016-12-01 01:46:01.009,100.641,0.026,-0.794,0.032,0.606,0.415,1.155,0.244
2016-12-01 01:46:01.020,100.641,0.026,-0.793,0.032,0.607,0.415,1.155,0.244
2016-12-01 01:46:01.031,100.663,0.026,-0.793,0.032,0.608,0.415,1.155,0.243
2016-12-01 01:46:01.042,100.663,0.027,-0.792,0.032,0.610,0.415,1.155,0.243
2016-12-01 01:46:01.053,100.684,0.027,-0.791,0.032,0.611,0.415,1.155,0.243
2016-12-01 01:46:01.065,100.684,0.027,-0.790,0.032,0.612,0.415,1.155,0.243
2016-12-01 01:46:01.076,100.705,0.027,-0.789,0.032,0.613,0.415,1.155,0.243
2016-12-01 01:46:01.087,100.727,0.027,-0.788,0.032,0.614,0.415,1.155,0.243
2016-12-01 01:46:01.098,100.727,0.027,-0.787,0.032,0.615,0.415,1.155,0.244
2016-12-01 01:46:01.109,100.748,0.027,-0.786,0.032,0.617,0.415,1.155,0.244
2016-12-01 01:46:01.120,100.748,0.027,-0.785,0.032,0.618,0.415,1.155,0.244
2016-12-01 01:46:01.131,100.769,0.027,-0.784,0.031,0.619,0.415,1.155,0.244
2016-12-01 01:46:01.143,100.769,0.027,-0.783,0.031,0.620,0.415,1.155,0.244
2016-12-01 01:46:01.154,100.769,0.027,-0.782,0.031,0.622,0.415,1.155,0.244
2016-12-01 01:46:01.165,100.791,0.027,-0.781,0.031,0.623,0.415,1.155,0.244
2016-12-01 01:46:01.176,100.812,0.027,-0.781,0.031,0.624,0.415,1.155,0.244
2016-12-01 01:46:01.187,100.812,0.027,-0.780,0.031,0.625,0.415,1.155,0.244
2016-12-01 01:46:01.199,100.833,0.027,-0.779,0.031,0.626,0.415,1.155,0.244
2016-12-01 01:46:01.210,100.833,0.026,-0.778,0.030,0.627,0.415,1.155,0.244
2016-12-01 01:46:01.221,100.855,0.026,-0.777,0.030,0.628,0.415,1.155,0.244
2016-12-01 01:46:01.233,100.855,0.026,-0.777,0.030,0.629,0.415,1.155,0.244
2016-12-01 01:46:01.243,100.876,0.026,-0.776,0.030,0.630,0.415,1.155,0.244
2016-12-01 01:46:01.255,100.876,0.026,-0.775,0.030,0.631,0.415,1.156,0.244
2016-12-01 01:46:01.265,100.897,0.027,-0.774,0.030,0.632,0.415,1.156,0.245
2016-12-01 01:46:01.277,100.919,0.026,-0.773,0.029,0.633,0.416,1.155,0.245
2016-12-01 01:46:01.288,100.919,0.027,-0.772,0.029,0.634,0.416,1.155,0.245
2016-12-01 01:46:01.299,100.940,0.027,-0.772,0.029,0.635,0.416,1.156,0.245
2016-12-01 01:46:01.311,100.940,0.027,-0.771,0.029,0.636,0.416,1.156,0.245
2016-12-01 01:46:01.321,100.940,0.027,-0.770,0.029,0.637,0.416,1.156,0.245
2016-12-01 01:46:01.333,100.961,0.026,-0.770,0.029,0.637,0.416,1.156,0.245
2016-12-01 01:46:01.344,100.961,0.026,-0.769,0.028,0.638,0.416,1.156,0.245
2016-12-01 01:46:01.355,100.983,0.026,-0.768,0.028,0.639,0.416,1.156,0.245
2016-12-01 01:46:01.366,101.004,0.026,-0.768,0.028,0.640,0.416,1.156,0.245
2016-12-01 01:46:01.378,101.004,0.025,-0.767,0.027,0.641,0.416,1.156,0.245
2016-12-01 01:46:01.389,101.025,0.025,-0.766,0.027,0.641,0.416,1.156,0.246
2016-12-01 01:46:01.400,101.025,0.025,-0.766,0.027,0.642,0.416,1.156,0.246
2016-12-01 01:46:01.411,101.047,0.025,-0.765,0.027,0.643,0.416,1.156,0.246
2016-12-01 01:46:01.423,101.047,0.025,-0.764,0.027,0.644,0.416,1.156,0.246
2016-12-01 01:46:01.433,101.068,0.025,-0.764,0.027,0.645,0.416,1.156,0.246
2016-12-01 01:46:01.445,101.068,0.025,-0.763,0.027,0.645,0.416,1.156,0.246
2016-12-01 01:46:01.456,101.089,0.025,-0.763,0.027,0.646,0.417,1.156,0.246
2016-12-01 01:46:01.467,101.089,0.025,-0.762,0.027,0.646,0.417,1.156,0.246
2016-12-01 01:46:01.478,101.111,0.025,-0.762,0.027,0.647,0.417,1.156,0.246
2016-12-01 01:46:01.489,101.111,0.025,-0.761,0.027,0.647,0.416,1.155,0.246
2016-12-01 01:46:01.500,101.132,0.025,-0.761,0.027,0.648,0.417,1.155,0.246
2016-12-01 01:46:01.511,101.132,0.025,-0.761,0.027,0.648,0.416,1.156,0.246
2016-12-01 01:46:01.522,101.153,0.025,-0.761,0.027,0.648,0.416,1.156,0.246
2016-12-01 01:46:01.534,101.153,0.025,-0.760,0.027,0.648,0.416,1.155,0.246
2016-12-01 01:46:01.545,101.175,0.025,-0.760,0.027,0.649,0.416,1.156,0.245
2016-12-01 01:46:01.556,101.196,0.025,-0.760,0.027,0.649,0.416,1.156,0.246
2016-12-01 01:46:01.567,101.196,0.025,-0.760,0.027,0.649,0.417,1.156,0.246
2016-12-01 01:46:01.579,101.217,0.025,-0.760,0.027,0.649,0.417,1.156,0.246
2016-12-01 01:46:01.590,101.217,0.025,-0.760,0.027,0.649,0.417,1.156,0.246
2016-12-01 01:46:01.601,101.239,0.025,-0.760,0.027,0.649,0.417,1.156,0.246
2016-12-01 01:46:01.612,101.239,0.025,-0.760,0.027,0.649,0.417,1.156,0.246
2016-12-01 01:46:01.623,101.260,0.025,-0.760,0.026,0.649,0.417,1.156,0.245
2016-12-01 01:46:01.634,101.260,0.025,-0.760,0.026,0.649,0.417,1.156,0.245
2016-12-01 01:46:01.645,101.260,0.024,-0.760,0.026,0.649,0.417,1.156,0.245
2016-12-01 01:46:01.656,101.281,0.024,-0.760,0.026,0.648,0.417,1.156,0.245
2016-12-01 01:46:01.668,101.303,0.024,-0.761,0.026,0.648,0.417,1.156,0.245
2016-12-01 01:46:01.679,101.303,0.024,-0.761,0.026,0.648,0.417,1.156,0.245
2016-12-01 01:46:01.690,101.324,0.023,-0.761,0.026,0.647,0.417,1.156,0.245
2016-12-01 01:46:01.701,101.324,0.023,-0.762,0.026,0.647,0.417,1.156,0.245
2016-12-01 01:46:01.712,101.345,0.023,-0.762,0.026,0.647,0.417,1.156,0.245
2016-12-01 01:46:01.724,101.345,0.022,-0.763,0.026,0.646,0.417,1.157,0.245
2016-12-01 01:46:01.734,101.367,0.022,-0.763,0.026,0.645,0.417,1.157,0.245
2016-12-01 01:46:01.746,101.367,0.022,-0.764,0.026,0.645,0.417,1.157,0.245
2016-12-01 01:46:01.757,101.388,0.022,-0.764,0.026,0.644,0.417,1.157,0.245
2016-12-01 01:46:01.769,101.409,0.022,-0.764,0.026,0.644,0.417,1.157,0.245
2016-12-01 01:46:01.780,101.409,0.022,-0.765,0.026,0.643,0.417,1.157,0.245
2016-12-01 01:46:01.791,101.431,0.022,-0.766,0.026,0.642,0.417,1.157,0.244
2016-12-01 01:46:01.802,101.431,0.022,-0.766,0.026,0.642,0.417,1.157,0.244
2016-12-01 01:46:01.813,101.431,0.022,-0.767,0.026,0.641,0.417,1.157,0.244
2016-12-01 01:46:01.824,101.452,0.022,-0.767,0.026,0.640,0.416,1.157,0.244
2016-12-01 01:46:01.835,101.452,0.022,-0.768,0.026,0.640,0.416,1.157,0.244
2016-12-01 01:46:01.846,101.473,0.022,-0.769,0.026,0.639,0.416,1.156,0.244
2016-12-01 01:46:01.858,101.495,0.022,-0.769,0.027,0.638,0.416,1.156,0.244
2016-12-01 01:46:01.869,101.495,0.023,-0.770,0.027,0.637,0.416,1.156,0.244
2016-12-01 01:46:01.880,101.516,0.023,-0.771,0.027,0.636,0.416,1.156,0.244
2016-12-01 01:46:01.891,101.516,0.023,-0.772,0.027,0.635,0.416,1.156,0.244
2016-12-01 01:46:01.902,101.537,0.023,-0.772,0.028,0.634,0.416,1.156,0.244
2016-12-01 01:46:01.914,101.537,0.023,-0.773,0.028,0.633,0.416,1.156,0.244
2016-12-01 01:46:01.924,101.559,0.023,-0.774,0.028,0.632,0.416,1.156,0.244
2016-12-01 01:46:01.935,101.559,0.024,-0.775,0.029,0.631,0.416,1.156,0.244
2016-12-01 01:46:01.947,101.580,0.024,-0.776,0.029,0.629,0.416,1.156,0.244
2016-12-01 01:46:01.959,101.580,0.024,-0.777,0.029,0.628,0.415,1.155,0.243
2016-12-01 01:46:01.969,101.601,0.024,-0.778,0.030,0.627,0.415,1.155,0.243
2016-12-01 01:46:01.980,101.601,0.025,-0.779,0.030,0.625,0.415,1.155,0.243
2016-12-01 01:46:01.992,101.623,0.025,-0.780,0.030,0.624,0.415,1.155,0.243
2016-12-01 01:46:02.003,101.623,0.025,-0.781,0.030,0.623,0.415,1.155,0.243
2016-12-01 01:46:02.014,101.644,0.025,-0.783,0.030,0.621,0.415,1.155,0.243
2016-12-01 01:46:02.026,101.644,0.025,-0.784,0.030,0.620,0.415,1.155,0.243
2016-12-01 01:46:02.036,101.665,0.025,-0.785,0.030,0.618,0.415,1.155,0.243
2016-12-01 01:46:02.047,101.687,0.025,-0.786,0.030,0.617,0.415,1.155,0.243
2016-12-01 01:46:02.059,101.687,0.025,-0.788,0.030,0.615,0.415,1.155,0.243
2016-12-01 01:46:02.070,101.708,0.025,-0.789,0.030,0.613,0.415,1.155,0.243
2016-12-01 01:46:02.081,101.708,0.024,-0.790,0.029,0.612,0.415,1.155,0.243
2016-12-01 01:46:02.092,101.729,0.024,-0.791,0.029,0.610,0.415,1.156,0.243
2016-12-01 01:46:02.103,101.729,0.024,-0.793,0.028,0.609,0.415,1.156,0.243
2016-12-01 01:46:02.114,101.751,0.023,-0.794,0.028,0.607,0.415,1.156,0.243
2016-12-01 01:46:02.126,101.751,0.023,-0.795,0.028,0.606,0.415,1.156,0.243
2016-12-01 01:46:02.137,101.772,0.023,-0.796,0.027,0.604,0.416,1.156,0.243
2016-12-01 01:46:02.149,101.772,0.022,-0.797,0.027,0.603,0.416,1.156,0.243
2016-12-01 01:46:02.159,101.793,0.022,-0.798,0.027,0.601,0.415,1.156,0.243
2016-12-01 01:46:02.170,101.793,0.022,-0.799,0.027,0.600,0.415,1.156,0.243
2016-12-01 01:46:02.182,101.815,0.022,-0.801,0.027,0.598,0.415,1.156,0.243
2016-12-01 01:46:02.193,101.815,0.021,-0.802,0.027,0.597,0.416,1.156,0.243
2016-12-01 01:46:02.204,101.836,0.021,-0.803,0.026,0.595,0.416,1.156,0.243
2016-12-01 01:46:02.215,101.836,0.021,-0.804,0.026,0.594,0.416,1.156,0.243
2016-12-01 01:46:02.226,101.857,0.021,-0.805,0.026,0.592,0.416,1.156,0.243
2016-12-01 01:46:02.237,101.879,0.021,-0.806,0.026,0.590,0.416,1.156,0.243
2016-12-01 01:46:02.249,101.879,0.022,-0.808,0.027,0.589,0.416,1.156,0.243
2016-12-01 01:46:02.260,101.900,0.022,-0.809,0.027,0.587,0.416,1.156,0.243
2016-12-01 01:46:02.271,101.900,0.022,-0.810,0.027,0.585,0.416,1.156,0.243
2016-12-01 01:46:02.282,101.900,0.022,-0.811,0.027,0.584,0.416,1.156,0.243
2016-12-01 01:46:02.293,101.921,0.023,-0.812,0.028,0.582,0.416,1.156,0.243
2016-12-01 01:46:02.304,101.921,0.023,-0.814,0.028,0.580,0.416,1.156,0.243
2016-12-01 01:46:02.315,101.943,0.023,-0.815,0.028,0.579,0.416,1.156,0.243
2016-12-01 01:46:02.328,101.964,0.024,-0.816,0.028,0.577,0.416,1.156,0.243
2016-12-01 01:46:02.338,101.964,0.024,-0.817,0.029,0.575,0.415,1.156,0.243
2016-12-01 01:46:02.349,101.985,0.025,-0.818,0.029,0.573,0.415,1.155,0.243
2016-12-01 01:46:02.361,101.985,0.025,-0.820,0.029,0.572,0.415,1.155,0.243
2016-12-01 01:46:02.371,102.007,0.025,-0.821,0.029,0.570,0.415,1.155,0.243
2016-12-01 01:46:02.383,102.007,0.025,-0.822,0.029,0.568,0.415,1.155,0.242
2016-12-01 01:46:02.394,102.028,0.026,-0.823,0.029,0.567,0.415,1.155,0.243
2016-12-01 01:46:02.405,102.028,0.026,-0.824,0.030,0.565,0.415,1.155,0.243
2016-12-01 01:46:02.416,102.049,0.026,-0.825,0.030,0.564,0.415,1.155,0.243
2016-12-01 01:46:02.428,102.071,0.026,-0.826,0.030,0.562,0.415,1.155,0.243
2016-12-01 01:46:02.439,102.071,0.026,-0.827,0.030,0.561,0.415,1.155,0.243
2016-12-01 01:46:02.449,102.071,0.026,-0.828,0.030,0.560,0.415,1.155,0.243
2016-12-01 01:46:02.461,102.092,0.026,-0.829,0.030,0.558,0.415,1.155,0.243
2016-12-01 01:46:02.472,102.092,0.026,-0.830,0.030,0.557,0.415,1.155,0.243
2016-12-01 01:46:02.483,102.113,0.026,-0.831,0.030,0.555,0.415,1.156,0.243
2016-12-01 01:46:02.495,102.113,0.026,-0.832,0.029,0.554,0.415,1.156,0.243
2016-12-01 01:46:02.505,102.135,0.026,-0.833,0.029,0.553,0.414,1.156,0.243
2016-12-01 01:46:02.517,102.156,0.026,-0.833,0.029,0.551,0.414,1.156,0.243
2016-12-01 01:46:02.528,102.156,0.026,-0.834,0.029,0.550,0.414,1.156,0.243
2016-12-01 01:46:02.539,102.177,0.026,-0.835,0.028,0.549,0.414,1.156,0.243
2016-12-01 01:46:02.551,102.177,0.026,-0.836,0.028,0.548,0.414,1.156,0.243
2016-12-01 01:46:02.561,102.199,0.026,-0.837,0.028,0.546,0.414,1.156,0.243
2016-12-01 01:46:02.572,102.199,0.026,-0.837,0.028,0.545,0.414,1.156,0.244
2016-12-01 01:46:02.584,102.220,0.026,-0.838,0.027,0.544,0.414,1.156,0.244
2016-12-01 01:46:02.595,102.220,0.026,-0.839,0.027,0.543,0.414,1.156,0.244
2016-12-01 01:46:02.606,102.241,0.026,-0.839,0.027,0.542,0.413,1.156,0.245
2016-12-01 01:46:02.617,102.241,0.027,-0.840,0.027,0.542,0.413,1.156,0.245
2016-12-01 01:46:02.628,102.263,0.027,-0.840,0.027,0.541,0.413,1.156,0.245
2016-12-01 01:46:02.640,102.263,0.028,-0.841,0.026,0.540,0.413,1.156,0.245
2016-12-01 01:46:02.650,102.284,0.028,-0.841,0.026,0.540,0.413,1.156,0.246
2016-12-01 01:46:02.662,102.284,0.029,-0.841,0.026,0.539,0.413,1.156,0.246
2016-12-01 01:46:02.673,102.305,0.029,-0.842,0.026,0.539,0.413,1.156,0.246
2016-12-01 01:46:02.684,102.305,0.030,-0.842,0.026,0.538,0.412,1.156,0.246
2016-12-01 01:46:02.695,102.327,0.030,-0.842,0.026,0.538,0.412,1.156,0.246
2016-12-01 01:46:02.707,102.348,0.031,-0.842,0.026,0.537,0.412,1.156,0.247
2016-12-01 01:46:02.718,102.348,0.032,-0.842,0.026,0.537,0.412,1.156,0.247
2016-12-01 01:46:02.729,102.369,0.032,-0.843,0.026,0.537,0.412,1.156,0.247
2016-12-01 01:46:02.740,102.369,0.032,-0.843,0.026,0.537,0.412,1.156,0.247
2016-12-01 01:46:02.751,102.391,0.033,-0.843,0.026,0.537,0.412,1.156,0.248
2016-12-01 01:46:02.762,102.391,0.033,-0.843,0.026,0.536,0.412,1.155,0.248
2016-12-01 01:46:02.773,102.391,0.033,-0.843,0.026,0.536,0.412,1.155,0.248
2016-12-01 01:46:02.785,102.412,0.033,-0.843,0.026,0.536,0.412,1.155,0.248
2016-12-01 01:46:02.796,102.433,0.033,-0.843,0.026,0.536,0.412,1.155,0.248
2016-12-01 01:46:02.807,102.433,0.034,-0.843,0.026,0.536,0.412,1.155,0.248
2016-12-01 01:46:02.818,102.455,0.034,-0.843,0.026,0.536,0.412,1.155,0.248
2016-12-01 01:46:02.830,102.455,0.034,-0.843,0.026,0.537,0.411,1.155,0.249
2016-12-01 01:46:02.840,102.476,0.034,-0.843,0.026,0.537,0.411,1.155,0.249
2016-12-01 01:46:02.852,102.476,0.034,-0.843,0.026,0.537,0.411,1.155,0.249
2016-12-01 01:46:02.863,102.497,0.035,-0.843,0.025,0.537,0.412,1.155,0.249
2016-12-01 01:46:02.874,102.497,0.035,-0.842,0.025,0.537,0.412,1.156,0.249
2016-12-01 01:46:02.885,102.519,0.035,-0.842,0.025,0.537,0.412,1.156,0.249
2016-12-01 01:46:02.897,102.540,0.035,-0.842,0.025,0.538,0.412,1.156,0.249
2016-12-01 01:46:02.908,102.540,0.035,-0.842,0.025,0.538,0.412,1.156,0.250
2016-12-01 01:46:02.919,102.561,0.035,-0.842,0.024,0.538,0.412,1.156,0.250
2016-12-01 01:46:02.930,102.561,0.035,-0.841,0.024,0.539,0.412,1.156,0.250
2016-12-01 01:46:02.941,102.561,0.035,-0.841,0.024,0.540,0.412,1.156,0.250
2016-12-01 01:46:02.952,102.583,0.035,-0.840,0.024,0.540,0.412,1.156,0.250
2016-12-01 01:46:02.964,102.583,0.035,-0.840,0.024,0.541,0.412,1.156,0.250
2016-12-01 01:46:02.975,102.604,0.035,-0.840,0.023,0.542,0.412,1.156,0.250
2016-12-01 01:46:02.986,102.625,0.035,-0.839,0.023,0.542,0.412,1.156,0.250
2016-12-01 01:46:02.997,102.625,0.035,-0.839,0.023,0.543,0.412,1.156,0.250
2016-12-01 01:46:03.008,102.647,0.035,-0.838,0.023,0.544,0.412,1.156,0.250
2016-12-01 01:46:03.020,102.647,0.035,-0.838,0.023,0.544,0.412,1.156,0.250
2016-12-01 01:46:03.030,102.668,0.035,-0.837,0.023,0.545,0.412,1.156,0.250
2016-12-01 01:46:03.042,102.668,0.035,-0.837,0.023,0.545,0.412,1.156,0.250
2016-12-01 01:46:03.053,102.689,0.035,-0.837,0.023,0.546,0.412,1.156,0.250
2016-12-01 01:46:03.064,102.689,0.035,-0.836,0.023,0.547,0.412,1.156,0.250
2016-12-01 01:46:03.075,102.711,0.035,-0.836,0.023,0.547,0.412,1.156,0.250
2016-12-01 01:46:03.087,102.711,0.035,-0.835,0.023,0.548,0.412,1.156,0.250
2016-12-01 01:46:03.097,102.732,0.035,-0.835,0.023,0.549,0.412,1.156,0.250
2016-12-01 01:46:03.109,102.732,0.035,-0.835,0.023,0.549,0.412,1.156,0.249
2016-12-01 01:46:03.120,102.753,0.035,-0.834,0.023,0.550,0.412,1.156,0.249
2016-12-01 01:46:03.131,102.753,0.035,-0.834,0.023,0.550,0.412,1.155,0.249
2016-12-01 01:46:03.142,102.775,0.034,-0.833,0.023,0.551,0.412,1.156,0.249
2016-12-01 01:46:03.154,102.775,0.034,-0.833,0.023,0.552,0.412,1.156,0.249
2016-12-01 01:46:03.164,102.796,0.034,-0.833,0.024,0.552,0.412,1.155,0.248
2016-12-01 01:46:03.175,102.796,0.034,-0.833,0.024,0.552,0.412,1.156,0.248
2016-12-01 01:46:03.187,102.817,0.034,-0.833,0.024,0.552,0.412,1.156,0.248
2016-12-01 01:46:03.198,102.839,0.033,-0.832,0.024,0.553,0.413,1.156,0.247
2016-12-01 01:46:03.209,102.839,0.033,-0.832,0.024,0.553,0.413,1.156,0.247
2016-12-01 01:46:03.220,102.860,0.033,-0.832,0.025,0.553,0.413,1.156,0.247
2016-12-01 01:46:03.231,102.860,0.033,-0.832,0.025,0.553,0.413,1.156,0.247
2016-12-01 01:46:03.243,102.881,0.033,-0.832,0.025,0.553,0.413,1.156,0.246
2016-12-01 01:46:03.254,102.881,0.033,-0.832,0.026,0.553,0.413,1.156,0.246
2016-12-01 01:46:03.265,102.881,0.032,-0.832,0.026,0.553,0.413,1.156,0.246
2016-12-01 01:46:03.276,102.903,0.032,-0.832,0.026,0.553,0.413,1.155,0.246
2016-12-01 01:46:03.287,102.924,0.032,-0.832,0.027,0.553,0.413,1.155,0.245
2016-12-01 01:46:03.299,102.924,0.032,-0.832,0.027,0.553,0.413,1.156,0.245
2016-12-01 01:46:03.310,102.945,0.032,-0.832,0.028,0.554,0.413,1.155,0.245
2016-12-01 01:46:03.321,102.945,0.031,-0.831,0.028,0.554,0.413,1.155,0.245
2016-12-01 01:46:03.332,102.967,0.031,-0.831,0.028,0.555,0.413,1.155,0.245
2016-12-01 01:46:03.344,102.967,0.031,-0.831,0.028,0.555,0.413,1.155,0.244
2016-12-01 01:46:03.354,102.988,0.031,-0.830,0.029,0.556,0.413,1.155,0.244
2016-12-01 01:46:03.366,103.009,0.030,-0.830,0.029,0.557,0.414,1.155,0.244
2016-12-01 01:46:03.377,103.009,0.030,-0.829,0.029,0.557,0.414,1.155,0.244
2016-12-01 01:46:03.388,103.031,0.030,-0.829,0.029,0.558,0.414,1.155,0.244
2016-12-01 01:46:03.399,103.031,0.030,-0.828,0.029,0.559,0.414,1.155,0.243
2016-12-01 01:46:03.410,103.052,0.030,-0.827,0.029,0.561,0.414,1.155,0.243
2016-12-01 01:46:03.422,103.052,0.030,-0.826,0.029,0.562,0.414,1.155,0.243
2016-12-01 01:46:03.432,103.052,0.030,-0.825,0.029,0.563,0.414,1.155,0.243
2016-12-01 01:46:03.444,103.073,0.030,-0.824,0.029,0.565,0.414,1.156,0.243
2016-12-01 01:46:03.455,103.073,0.030,-0.823,0.029,0.566,0.414,1.155,0.243
2016-12-01 01:46:03.466,103.095,0.030,-0.822,0.029,0.568,0.414,1.155,0.243
2016-12-01 01:46:03.477,103.116,0.030,-0.821,0.029,0.570,0.414,1.155,0.243
2016-12-01 01:46:03.489,103.116,0.030,-0.820,0.029,0.571,0.414,1.155,0.243
2016-12-01 01:46:03.500,103.137,0.029,-0.819,0.029,0.573,0.414,1.155,0.243
2016-12-01 01:46:03.511,103.137,0.029,-0.817,0.029,0.575,0.414,1.155,0.243
2016-12-01 01:46:03.522,103.159,0.029,-0.816,0.029,0.576,0.414,1.155,0.243
2016-12-01 01:46:03.533,103.159,0.030,-0.815,0.029,0.578,0.414,1.155,0.243
2016-12-01 01:46:03.544,103.180,0.030,-0.814,0.029,0.580,0.414,1.155,0.244
2016-12-01 01:46:03.556,103.180,0.030,-0.812,0.029,0.581,0.414,1.155,0.244
2016-12-01 01:46:03.566,103.201,0.030,-0.811,0.028,0.583,0.414,1.155,0.244
2016-12-01 01:46:03.578,103.201,0.031,-0.810,0.028,0.585,0.415,1.155,0.244
2016-12-01 01:46:03.589,103.223,0.031,-0.809,0.028,0.587,0.415,1.155,0.244
2016-12-01 01:46:03.600,103.223,0.031,-0.808,0.028,0.588,0.415,1.155,0.244
2016-12-01 01:46:03.611,103.244,0.031,-0.807,0.028,0.590,0.415,1.156,0.244
2016-12-01 01:46:03.623,103.244,0.031,-0.805,0.027,0.591,0.415,1.156,0.245
2016-12-01 01:46:03.633,103.265,0.031,-0.804,0.027,0.593,0.415,1.156,0.245
2016-12-01 01:46:03.645,103.265,0.031,-0.803,0.027,0.595,0.414,1.156,0.245
2016-12-01 01:46:03.656,103.287,0.031,-0.802,0.026,0.596,0.415,1.156,0.245
2016-12-01 01:46:03.668,103.308,0.030,-0.801,0.026,0.598,0.414,1.156,0.245
2016-12-01 01:46:03.679,103.308,0.030,-0.799,0.025,0.599,0.414,1.156,0.245
2016-12-01 01:46:03.690,103.329,0.030,-0.798,0.025,0.601,0.415,1.156,0.245
2016-12-01 01:46:03.701,103.329,0.030,-0.797,0.025,0.603,0.414,1.156,0.246
2016-12-01 01:46:03.712,103.351,0.030,-0.796,0.024,0.604,0.415,1.156,0.246
2016-12-01 01:46:03.724,103.351,0.030,-0.794,0.024,0.606,0.414,1.156,0.246
2016-12-01 01:46:03.734,103.372,0.031,-0.793,0.024,0.608,0.414,1.156,0.246
2016-12-01 01:46:03.746,103.372,0.031,-0.792,0.024,0.609,0.414,1.156,0.247
2016-12-01 01:46:03.756,103.393,0.031,-0.791,0.023,0.611,0.414,1.156,0.247
2016-12-01 01:46:03.767,103.393,0.031,-0.789,0.023,0.613,0.414,1.156,0.247
2016-12-01 01:46:03.779,103.415,0.031,-0.788,0.023,0.615,0.414,1.156,0.247
2016-12-01 01:46:03.790,103.415,0.032,-0.787,0.022,0.616,0.414,1.156,0.247
2016-12-01 01:46:03.801,103.436,0.032,-0.785,0.022,0.618,0.414,1.156,0.248
2016-12-01 01:46:03.813,103.436,0.032,-0.784,0.022,0.620,0.414,1.156,0.248
2016-12-01 01:46:03.823,103.457,0.032,-0.783,0.022,0.621,0.414,1.156,0.248
2016-12-01 01:46:03.835,103.457,0.032,-0.781,0.022,0.623,0.414,1.156,0.248
2016-12-01 01:46:03.846,103.479,0.032,-0.780,0.022,0.625,0.414,1.156,0.248
2016-12-01 01:46:03.857,103.500,0.033,-0.779,0.022,0.626,0.414,1.156,0.248
2016-12-01 01:46:03.868,103.500,0.033,-0.777,0.022,0.628,0.414,1.156,0.248
2016-12-01 01:46:03.879,103.521,0.033,-0.776,0.021,0.629,0.414,1.156,0.249
2016-12-01 01:46:03.891,103.521,0.033,-0.775,0.021,0.631,0.414,1.156,0.249
2016-12-01 01:46:03.902,103.521,0.033,-0.774,0.021,0.632,0.414,1.156,0.249
2016-12-01 01:46:03.913,103.543,0.033,-0.772,0.021,0.634,0.414,1.156,0.249
2016-12-01 01:46:03.924,103.543,0.033,-0.771,0.021,0.635,0.414,1.156,0.249
2016-12-01 01:46:03.935,103.564,0.033,-0.770,0.020,0.637,0.414,1.156,0.249
2016-12-01 01:46:03.946,103.585,0.033,-0.769,0.020,0.638,0.414,1.156,0.249
2016-12-01 01:46:03.958,103.585,0.033,-0.768,0.020,0.640,0.414,1.156,0.249
2016-12-01 01:46:03.968,103.607,0.033,-0.767,0.020,0.641,0.414,1.156,0.249
2016-12-01 01:46:03.980,103.607,0.033,-0.765,0.020,0.642,0.414,1.156,0.249
2016-12-01 01:46:03.991,103.628,0.034,-0.764,0.019,0.644,0.414,1.156,0.250
2016-12-01 01:46:04.002,103.628,0.034,-0.763,0.019,0.645,0.414,1.156,0.250
2016-12-01 01:46:04.013,103.649,0.034,-0.762,0.019,0.647,0.414,1.156,0.250
2016-12-01 01:46:04.025,103.649,0.034,-0.761,0.019,0.648,0.414,1.156,0.250
2016-12-01 01:46:04.036,103.671,0.034,-0.760,0.019,0.649,0.414,1.156,0.250
2016-12-01 01:46:04.048,103.692,0.034,-0.758,0.019,0.650,0.414,1.156,0.250
2016-12-01 01:46:04.058,103.692,0.034,-0.757,0.019,0.652,0.414,1.156,0.250
2016-12-01 01:46:04.069,103.692,0.035,-0.756,0.019,0.653,0.414,1.156,0.250
2016-12-01 01:46:04.080,103.713,0.035,-0.755,0.019,0.654,0.414,1.156,0.250
2016-12-01 01:46:04.092,103.713,0.035,-0.754,0.019,0.655,0.414,1.156,0.250
2016-12-01 01:46:04.103,103.735,0.035,-0.753,0.019,0.656,0.414,1.156,0.251
2016-12-01 01:46:04.114,103.735,0.035,-0.753,0.019,0.657,0.414,1.156,0.251
2016-12-01 01:46:04.125,103.756,0.035,-0.752,0.019,0.658,0.414,1.156,0.250
2016-12-01 01:46:04.137,103.777,0.035,-0.751,0.019,0.659,0.414,1.156,0.251
2016-12-01 01:46:04.147,103.777,0.035,-0.751,0.019,0.659,0.414,1.156,0.250
2016-12-01 01:46:04.158,103.799,0.035,-0.750,0.019,0.660,0.414,1.156,0.250
2016-12-01 01:46:04.169,103.799,0.035,-0.750,0.019,0.660,0.414,1.156,0.250
2016-12-01 01:46:04.181,103.820,0.035,-0.750,0.019,0.661,0.414,1.156,0.250
2016-12-01 01:46:04.192,103.820,0.035,-0.749,0.019,0.661,0.414,1.156,0.250
2016-12-01 01:46:04.203,103.841,0.035,-0.749,0.019,0.661,0.414,1.156,0.250
2016-12-01 01:46:04.215,103.841,0.034,-0.749,0.019,0.661,0.414,1.156,0.250
2016-12-01 01:46:04.226,103.863,0.034,-0.749,0.019,0.661,0.414,1.156,0.250
2016-12-01 01:46:04.237,103.863,0.034,-0.749,0.019,0.661,0.414,1.156,0.250
2016-12-01 01:46:04.248,103.884,0.034,-0.749,0.019,0.661,0.414,1.156,0.250
2016-12-01 01:46:04.260,103.884,0.033,-0.749,0.019,0.661,0.414,1.156,0.250
2016-12-01 01:46:04.270,103.905,0.033,-0.750,0.019,0.661,0.415,1.156,0.249
2016-12-01 01:46:04.282,103.905,0.033,-0.750,0.019,0.661,0.415,1.156,0.249
2016-12-01 01:46:04.293,103.927,0.033,-0.750,0.020,0.660,0.415,1.156,0.249
2016-12-01 01:46:04.304,103.927,0.033,-0.750,0.020,0.660,0.415,1.156,0.249
2016-12-01 01:46:04.315,103.948,0.033,-0.751,0.020,0.660,0.415,1.156,0.249
2016-12-01 01:46:04.326,103.969,0.033,-0.751,0.020,0.659,0.415,1.156,0.249
2016-12-01 01:46:04.337,103.969,0.032,-0.752,0.020,0.659,0.415,1.156,0.249
2016-12-01 01:46:04.348,103.991,0.032,-0.752,0.020,0.658,0.415,1.156,0.249
2016-12-01 01:46:04.360,103.991,0.032,-0.753,0.020,0.657,0.415,1.156,0.248
2016-12-01 01:46:04.371,104.012,0.032,-0.753,0.020,0.657,0.415,1.156,0.248
2016-12-01 01:46:04.382,104.012,0.031,-0.754,0.020,0.656,0.415,1.156,0.248
2016-12-01 01:46:04.393,104.012,0.031,-0.755,0.021,0.655,0.415,1.156,0.248
2016-12-01 01:46:04.404,104.033,0.031,-0.755,0.021,0.654,0.415,1.156,0.248
2016-12-01 01:46:04.416,104.033,0.031,-0.756,0.021,0.653,0.416,1.156,0.247
2016-12-01 01:46:04.427,104.055,0.030,-0.757,0.021,0.652,0.416,1.156,0.247
2016-12-01 01:46:04.438,104.076,0.030,-0.758,0.021,0.651,0.416,1.156,0.247
2016-12-01 01:46:04.449,104.076,0.030,-0.759,0.022,0.650,0.416,1.156,0.247
2016-12-01 01:46:04.460,104.097,0.030,-0.760,0.022,0.649,0.416,1.156,0.246
2016-12-01 01:46:04.471,104.097,0.029,-0.761,0.022,0.647,0.416,1.156,0.246
2016-12-01 01:46:04.482,104.119,0.029,-0.763,0.022,0.646,0.416,1.156,0.246
2016-12-01 01:46:04.494,104.119,0.028,-0.764,0.022,0.644,0.416,1.156,0.246
2016-12-01 01:46:04.505,104.140,0.028,-0.765,0.023,0.643,0.416,1.156,0.245
2016-12-01 01:46:04.516,104.161,0.028,-0.766,0.023,0.642,0.416,1.156,0.245
2016-12-01 01:46:04.527,104.161,0.028,-0.767,0.023,0.640,0.416,1.156,0.245
2016-12-01 01:46:04.538,104.183,0.027,-0.769,0.024,0.639,0.416,1.156,0.244
2016-12-01 01:46:04.550,104.183,0.027,-0.770,0.024,0.637,0.416,1.156,0.244
2016-12-01 01:46:04.560,104.183,0.027,-0.771,0.025,0.636,0.416,1.156,0.244
2016-12-01 01:46:04.572,104.204,0.027,-0.772,0.025,0.634,0.416,1.156,0.243
2016-12-01 01:46:04.584,104.204,0.027,-0.774,0.026,0.632,0.416,1.156,0.243
2016-12-01 01:46:04.594,104.225,0.026,-0.775,0.026,0.631,0.416,1.156,0.243
2016-12-01 01:46:04.606,104.225,0.026,-0.776,0.027,0.629,0.416,1.156,0.242
2016-12-01 01:46:04.617,104.247,0.026,-0.778,0.027,0.627,0.415,1.156,0.242
2016-12-01 01:46:04.628,104.268,0.026,-0.779,0.028,0.625,0.415,1.156,0.242
2016-12-01 01:46:04.639,104.268,0.026,-0.781,0.028,0.624,0.416,1.156,0.241
2016-12-01 01:46:04.650,104.289,0.026,-0.782,0.028,0.622,0.416,1.156,0.241
2016-12-01 01:46:04.662,104.289,0.025,-0.784,0.029,0.620,0.416,1.156,0.241
2016-12-01 01:46:04.672,104.311,0.025,-0.785,0.029,0.618,0.416,1.156,0.241
2016-12-01 01:46:04.684,104.311,0.025,-0.786,0.030,0.617,0.416,1.155,0.240
2016-12-01 01:46:04.695,104.332,0.025,-0.788,0.030,0.615,0.416,1.156,0.240
2016-12-01 01:46:04.706,104.332,0.024,-0.789,0.030,0.613,0.416,1.155,0.240
2016-12-01 01:46:04.717,104.353,0.024,-0.790,0.031,0.612,0.416,1.155,0.240
2016-12-01 01:46:04.728,104.353,0.024,-0.791,0.031,0.610,0.416,1.155,0.240
2016-12-01 01:46:04.739,104.375,0.024,-0.793,0.031,0.608,0.416,1.155,0.240
2016-12-01 01:46:04.751,104.375,0.024,-0.794,0.032,0.607,0.416,1.155,0.239
2016-12-01 01:46:04.761,104.396,0.023,-0.795,0.032,0.605,0.416,1.155,0.239
2016-12-01 01:46:04.773,104.396,0.023,-0.796,0.032,0.603,0.416,1.155,0.239
2016-12-01 01:46:04.784,104.417,0.023,-0.798,0.032,0.602,0.416,1.155,0.239
2016-12-01 01:46:04.796,104.417,0.023,-0.799,0.033,0.600,0.416,1.155,0.239
2016-12-01 01:46:04.806,104.439,0.023,-0.800,0.033,0.598,0.416,1.155,0.239
2016-12-01 01:46:04.818,104.460,0.023,-0.801,0.033,0.597,0.416,1.155,0.239
2016-12-01 01:46:04.829,104.460,0.023,-0.803,0.034,0.595,0.416,1.155,0.239
2016-12-01 01:46:04.840,104.481,0.023,-0.804,0.034,0.593,0.416,1.155,0.239
2016-12-01 01:46:04.852,104.481,0.023,-0.805,0.034,0.592,0.416,1.155,0.238
2016-12-01 01:46:04.862,104.503,0.023,-0.806,0.034,0.590,0.416,1.155,0.238
2016-12-01 01:46:04.874,104.503,0.023,-0.808,0.034,0.588,0.416,1.155,0.238
2016-12-01 01:46:04.885,104.503,0.023,-0.809,0.035,0.586,0.416,1.155,0.238
2016-12-01 01:46:04.896,104.524,0.023,-0.810,0.035,0.585,0.415,1.155,0.238
2016-12-01 01:46:04.907,104.545,0.022,-0.811,0.035,0.583,0.416,1.155,0.238
2016-12-01 01:46:04.919,104.545,0.022,-0.813,0.035,0.581,0.416,1.155,0.238
2016-12-01 01:46:04.929,104.567,0.022,-0.814,0.035,0.580,0.416,1.155,0.238
2016-12-01 01:46:04.940,104.567,0.022,-0.815,0.035,0.579,0.416,1.155,0.238
2016-12-01 01:46:04.952,104.588,0.022,-0.816,0.035,0.577,0.416,1.155,0.238
2016-12-01 01:46:04.964,104.588,0.023,-0.817,0.036,0.576,0.416,1.155,0.238
2016-12-01 01:46:04.974,104.609,0.023,-0.818,0.036,0.574,0.416,1.155,0.238
2016-12-01 01:46:04.986,104.609,0.023,-0.819,0.036,0.573,0.416,1.155,0.238
2016-12-01 01:46:04.996,104.631,0.023,-0.819,0.036,0.572,0.415,1.155,0.238
2016-12-01 01:46:05.008,104.652,0.023,-0.820,0.036,0.570,0.416,1.155,0.238
2016-12-01 01:46:05.019,104.652,0.023,-0.821,0.036,0.569,0.416,1.155,0.238
2016-12-01 01:46:05.030,104.673,0.023,-0.822,0.036,0.567,0.415,1.155,0.238
2016-12-01 01:46:05.041,104.673,0.023,-0.823,0.036,0.566,0.416,1.155,0.238
2016-12-01 01:46:05.052,104.673,0.023,-0.824,0.036,0.565,0.415,1.155,0.238
2016-12-01 01:46:05.063,104.695,0.023,-0.825,0.036,0.564,0.416,1.155,0.238
2016-12-01 01:46:05.075,104.695,0.023,-0.826,0.036,0.562,0.416,1.155,0.238
2016-12-01 01:46:05.085,104.716,0.024,-0.827,0.036,0.561,0.416,1.155,0.238
2016-12-01 01:46:05.097,104.737,0.024,-0.828,0.036,0.560,0.416,1.155,0.239
2016-12-01 01:46:05.108,104.737,0.024,-0.828,0.036,0.558,0.416,1.154,0.239
2016-12-01 01:46:05.119,104.759,0.024,-0.829,0.036,0.557,0.416,1.154,0.239
2016-12-01 01:46:05.130,104.759,0.024,-0.830,0.036,0.556,0.416,1.154,0.239
2016-12-01 01:46:05.141,104.780,0.025,-0.831,0.036,0.555,0.416,1.154,0.239
2016-12-01 01:46:05.153,104.780,0.025,-0.832,0.036,0.554,0.416,1.154,0.239
2016-12-01 01:46:05.164,104.801,0.026,-0.832,0.037,0.552,0.415,1.154,0.239
2016-12-01 01:46:05.175,104.801,0.026,-0.833,0.037,0.551,0.415,1.154,0.239
2016-12-01 01:46:05.186,104.823,0.026,-0.834,0.037,0.550,0.415,1.154,0.239
2016-12-01 01:46:05.198,104.823,0.027,-0.834,0.037,0.549,0.415,1.154,0.240
2016-12-01 01:46:05.208,104.844,0.027,-0.835,0.037,0.548,0.415,1.154,0.240
2016-12-01 01:46:05.220,104.844,0.027,-0.836,0.037,0.548,0.415,1.154,0.240
2016-12-01 01:46:05.231,104.865,0.028,-0.836,0.037,0.547,0.415,1.154,0.240
2016-12-01 01:46:05.242,104.865,0.028,-0.837,0.037,0.546,0.415,1.154,0.240
2016-12-01 01:46:05.253,104.887,0.028,-0.837,0.037,0.545,0.415,1.154,0.240
2016-12-01 01:46:05.265,104.887,0.029,-0.838,0.037,0.544,0.415,1.154,0.240
2016-12-01 01:46:05.275,104.908,0.029,-0.839,0.037,0.543,0.415,1.154,0.241
2016-12-01 01:46:05.287,104.929,0.029,-0.839,0.037,0.542,0.415,1.154,0.241
2016-12-01 01:46:05.298,104.929,0.029,-0.840,0.037,0.541,0.415,1.154,0.241
2016-12-01 01:46:05.309,104.951,0.029,-0.840,0.037,0.540,0.415,1.154,0.241
2016-12-01 01:46:05.320,104.951,0.029,-0.841,0.037,0.539,0.415,1.154,0.241
2016-12-01 01:46:05.331,104.972,0.029,-0.842,0.037,0.538,0.415,1.154,0.241
2016-12-01 01:46:05.343,104.972,0.030,-0.842,0.037,0.537,0.415,1.154,0.241
2016-12-01 01:46:05.354,104.993,0.030,-0.843,0.037,0.536,0.414,1.154,0.241
2016-12-01 01:46:05.365,104.993,0.030,-0.844,0.037,0.535,0.414,1.154,0.241
2016-12-01 01:46:05.377,105.015,0.030,-0.844,0.037,0.534,0.414,1.154,0.242
2016-12-01 01:46:05.388,105.015,0.030,-0.845,0.037,0.533,0.414,1.154,0.242
2016-12-01 01:46:05.399,105.036,0.030,-0.846,0.037,0.532,0.414,1.154,0.242
2016-12-01 01:46:05.410,105.036,0.030,-0.846,0.037,0.531,0.414,1.154,0.242
2016-12-01 01:46:05.421,105.057,0.031,-0.847,0.037,0.530,0.414,1.154,0.242
2016-12-01 01:46:05.432,105.057,0.031,-0.847,0.037,0.529,0.414,1.154,0.242
2016-12-01 01:46:05.443,105.079,0.031,-0.848,0.037,0.528,0.413,1.154,0.242
2016-12-01 01:46:05.455,105.079,0.031,-0.848,0.037,0.527,0.413,1.154,0.242
2016-12-01 01:46:05.465,105.100,0.032,-0.849,0.037,0.526,0.413,1.154,0.242
2016-12-01 01:46:05.477,105.121,0.032,-0.850,0.037,0.525,0.413,1.154,0.242
2016-12-01 01:46:05.488,105.121,0.032,-0.850,0.037,0.524,0.413,1.154,0.242
2016-12-01 01:46:05.499,105.143,0.032,-0.851,0.037,0.523,0.413,1.154,0.242
2016-12-01 01:46:05.510,105.143,0.032,-0.851,0.037,0.523,0.413,1.154,0.242
2016-12-01 01:46:05.521,105.143,0.033,-0.852,0.037,0.522,0.413,1.154,0.242
2016-12-01 01:46:05.533,105.164,0.033,-0.852,0.037,0.521,0.413,1.154,0.242
2016-12-01 01:46:05.544,105.164,0.033,-0.852,0.037,0.521,0.413,1.154,0.242
2016-12-01 01:46:05.555,105.185,0.034,-0.853,0.038,0.520,0.412,1.154,0.242
2016-12-01 01:46:05.566,105.207,0.034,-0.853,0.038,0.519,0.412,1.154,0.242
2016-12-01 01:46:05.578,105.207,0.034,-0.853,0.038,0.519,0.412,1.154,0.242
2016-12-01 01:46:05.589,105.228,0.035,-0.854,0.038,0.518,0.412,1.154,0.242
2016-12-01 01:46:05.599,105.228,0.035,-0.854,0.039,0.518,0.412,1.154,0.242
2016-12-01 01:46:05.611,105.249,0.036,-0.854,0.039,0.518,0.412,1.154,0.242
2016-12-01 01:46:05.622,105.249,0.036,-0.854,0.039,0.517,0.412,1.154,0.242
2016-12-01 01:46:05.633,105.271,0.036,-0.854,0.039,0.517,0.412,1.153,0.242
2016-12-01 01:46:05.644,105.271,0.036,-0.854,0.039,0.517,0.412,1.153,0.242
2016-12-01 01:46:05.655,105.292,0.037,-0.854,0.040,0.517,0.412,1.153,0.242
2016-12-01 01:46:05.667,105.313,0.037,-0.854,0.040,0.517,0.412,1.153,0.242
2016-12-01 01:46:05.678,105.313,0.037,-0.854,0.041,0.517,0.412,1.153,0.242
2016-12-01 01:46:05.688,105.313,0.037,-0.854,0.042,0.517,0.411,1.153,0.242
2016-12-01 01:46:05.700,105.335,0.037,-0.854,0.043,0.518,0.411,1.152,0.242
2016-12-01 01:46:05.711,105.335,0.036,-0.853,0.044,0.518,0.411,1.152,0.242
2016-12-01 01:46:05.723,105.356,0.036,-0.853,0.045,0.519,0.411,1.152,0.242
2016-12-01 01:46:05.734,105.356,0.036,-0.852,0.046,0.520,0.411,1.152,0.243
2016-12-01 01:46:05.745,105.377,0.036,-0.852,0.047,0.520,0.411,1.152,0.243
2016-12-01 01:46:05.756,105.399,0.036,-0.851,0.048,0.521,0.410,1.151,0.243
2016-12-01 01:46:05.767,105.399,0.037,-0.851,0.050,0.522,0.410,1.151,0.243
2016-12-01 01:46:05.778,105.420,0.037,-0.850,0.051,0.523,0.410,1.151,0.243
2016-12-01 01:46:05.790,105.420,0.037,-0.850,0.052,0.524,0.410,1.151,0.243
2016-12-01 01:46:05.800,105.441,0.037,-0.849,0.053,0.524,0.410,1.150,0.243
2016-12-01 01:46:05.812,105.441,0.038,-0.848,0.054,0.525,0.410,1.150,0.243
2016-12-01 01:46:05.823,105.463,0.038,-0.848,0.055,0.526,0.410,1.150,0.243
2016-12-01 01:46:05.834,105.463,0.039,-0.848,0.056,0.526,0.410,1.150,0.243
2016-12-01 01:46:05.845,105.484,0.039,-0.847,0.057,0.527,0.410,1.150,0.243
2016-12-01 01:46:05.857,105.484,0.039,-0.847,0.058,0.528,0.410,1.150,0.243
2016-12-01 01:46:05.867,105.505,0.040,-0.846,0.058,0.528,0.409,1.150,0.243
2016-12-01 01:46:05.878,105.505,0.040,-0.846,0.059,0.529,0.410,1.149,0.243
2016-12-01 01:46:05.890,105.527,0.041,-0.845,0.060,0.530,0.410,1.149,0.243
2016-12-01 01:46:05.902,105.527,0.041,-0.845,0.060,0.530,0.409,1.149,0.243
2016-12-01 01:46:05.912,105.548,0.042,-0.844,0.061,0.531,0.409,1.149,0.243
2016-12-01 01:46:05.924,105.548,0.042,-0.844,0.061,0.532,0.409,1.149,0.243
2016-12-01 01:46:05.935,105.569,0.042,-0.843,0.062,0.533,0.409,1.149,0.243
2016-12-01 01:46:05.946,105.569,0.043,-0.843,0.062,0.533,0.409,1.149,0.244
2016-12-01 01:46:05.957,105.591,0.043,-0.842,0.062,0.534,0.409,1.149,0.244
2016-12-01 01:46:05.968,105.612,0.044,-0.841,0.062,0.535,0.409,1.149,0.244
2016-12-01 01:46:05.980,105.612,0.044,-0.841,0.062,0.536,0.409,1.149,0.244
2016-12-01 01:46:05.990,105.633,0.044,-0.840,0.062,0.537,0.409,1.149,0.244
2016-12-01 01:46:06.002,105.633,0.045,-0.839,0.063,0.538,0.408,1.149,0.244
2016-12-01 01:46:06.013,105.633,0.045,-0.839,0.062,0.539,0.408,1.149,0.244
2016-12-01 01:46:06.024,105.655,0.045,-0.838,0.062,0.540,0.408,1.149,0.244
2016-12-01 01:46:06.035,105.655,0.045,-0.838,0.062,0.541,0.408,1.149,0.244
2016-12-01 01:46:06.046,105.676,0.045,-0.837,0.061,0.542,0.408,1.149,0.244
2016-12-01 01:46:06.058,105.697,0.046,-0.837,0.061,0.542,0.407,1.149,0.244
2016-12-01 01:46:06.068,105.697,0.046,-0.836,0.061,0.543,0.407,1.149,0.244
2016-12-01 01:46:06.080,105.719,0.046,-0.836,0.060,0.544,0.407,1.149,0.244
2016-12-01 01:46:06.091,105.719,0.047,-0.835,0.060,0.545,0.407,1.149,0.244
2016-12-01 01:46:06.102,105.740,0.048,-0.834,0.059,0.546,0.407,1.149,0.244
2016-12-01 01:46:06.114,105.740,0.049,-0.834,0.059,0.547,0.406,1.149,0.244
2016-12-01 01:46:06.125,105.761,0.050,-0.833,0.059,0.548,0.406,1.149,0.244
2016-12-01 01:46:06.136,105.761,0.050,-0.832,0.059,0.549,0.406,1.149,0.244
2016-12-01 01:46:06.147,105.783,0.051,-0.831,0.059,0.550,0.406,1.149,0.244
2016-12-01 01:46:06.159,105.804,0.052,-0.831,0.059,0.551,0.405,1.149,0.245
2016-12-01 01:46:06.169,105.804,0.052,-0.830,0.059,0.553,0.405,1.149,0.245
2016-12-01 01:46:06.180,105.804,0.053,-0.829,0.059,0.554,0.405,1.148,0.245
2016-12-01 01:46:06.191,105.825,0.053,-0.828,0.059,0.555,0.405,1.148,0.245
2016-12-01 01:46:06.203,105.825,0.054,-0.827,0.060,0.556,0.404,1.148,0.245
2016-12-01 01:46:06.214,105.847,0.054,-0.826,0.060,0.557,0.404,1.148,0.245
2016-12-01 01:46:06.225,105.847,0.055,-0.826,0.060,0.558,0.404,1.148,0.245
2016-12-01 01:46:06.236,105.868,0.055,-0.825,0.060,0.560,0.404,1.148,0.245
2016-12-01 01:46:06.247,105.889,0.056,-0.824,0.060,0.561,0.404,1.148,0.245
2016-12-01 01:46:06.258,105.889,0.056,-0.823,0.060,0.563,0.403,1.148,0.245
2016-12-01 01:46:06.269,105.911,0.057,-0.822,0.061,0.564,0.403,1.148,0.245
2016-12-01 01:46:06.281,105.911,0.058,-0.821,0.061,0.565,0.403,1.148,0.246
2016-12-01 01:46:06.292,105.932,0.058,-0.820,0.061,0.567,0.403,1.148,0.245
2016-12-01 01:46:06.303,105.932,0.058,-0.819,0.061,0.568,0.403,1.148,0.246
2016-12-01 01:46:06.314,105.953,0.059,-0.818,0.060,0.569,0.402,1.148,0.246
2016-12-01 01:46:06.326,105.953,0.059,-0.817,0.060,0.571,0.402,1.148,0.246
2016-12-01 01:46:06.337,105.975,0.059,-0.816,0.060,0.572,0.402,1.148,0.246
2016-12-01 01:46:06.348,105.975,0.059,-0.815,0.059,0.573,0.402,1.148,0.246
2016-12-01 01:46:06.359,105.996,0.059,-0.814,0.059,0.574,0.402,1.149,0.246
2016-12-01 01:46:06.370,105.996,0.059,-0.813,0.059,0.576,0.401,1.149,0.246
2016-12-01 01:46:06.381,106.017,0.060,-0.813,0.058,0.577,0.401,1.149,0.247
2016-12-01 01:46:06.393,106.017,0.060,-0.812,0.058,0.578,0.401,1.149,0.247
2016-12-01 01:46:06.404,106.039,0.060,-0.811,0.058,0.580,0.401,1.149,0.247
2016-12-01 01:46:06.415,106.039,0.061,-0.810,0.057,0.581,0.401,1.149,0.247
2016-12-01 01:46:06.426,106.060,0.061,-0.809,0.057,0.582,0.401,1.149,0.247
2016-12-01 01:46:06.437,106.081,0.061,-0.808,0.057,0.584,0.401,1.149,0.247
2016-12-01 01:46:06.449,106.081,0.061,-0.807,0.057,0.585,0.401,1.149,0.248
2016-12-01 01:46:06.459,106.103,0.061,-0.806,0.057,0.586,0.400,1.149,0.248
2016-12-01 01:46:06.471,106.103,0.061,-0.805,0.057,0.587,0.400,1.149,0.248
2016-12-01 01:46:06.482,106.124,0.061,-0.804,0.057,0.589,0.400,1.149,0.248
2016-12-01 01:46:06.494,106.124,0.062,-0.803,0.057,0.590,0.400,1.149,0.248
2016-12-01 01:46:06.504,106.124,0.062,-0.802,0.056,0.591,0.400,1.149,0.249
2016-12-01 01:46:06.515,106.145,0.062,-0.801,0.056,0.592,0.400,1.149,0.249
2016-12-01 01:46:06.527,106.167,0.063,-0.800,0.056,0.594,0.400,1.149,0.249
2016-12-01 01:46:06.538,106.167,0.063,-0.799,0.056,0.595,0.400,1.149,0.249
2016-12-01 01:46:06.549,106.188,0.063,-0.799,0.056,0.596,0.400,1.149,0.250
2016-12-01 01:46:06.560,106.188,0.063,-0.798,0.056,0.597,0.400,1.149,0.250
2016-12-01 01:46:06.571,106.209,0.064,-0.797,0.055,0.598,0.400,1.149,0.250
2016-12-01 01:46:06.583,106.209,0.064,-0.796,0.055,0.600,0.400,1.149,0.250
2016-12-01 01:46:06.594,106.231,0.064,-0.795,0.055,0.601,0.400,1.149,0.251
2016-12-01 01:46:06.605,106.231,0.064,-0.794,0.054,0.602,0.400,1.149,0.251
2016-12-01 01:46:06.616,106.252,0.064,-0.793,0.054,0.603,0.400,1.149,0.251
2016-12-01 01:46:06.627,106.273,0.064,-0.792,0.054,0.605,0.400,1.149,0.251
2016-12-01 01:46:06.638,106.273,0.063,-0.791,0.054,0.606,0.400,1.149,0.252
2016-12-01 01:46:06.649,106.295,0.063,-0.790,0.054,0.607,0.400,1.149,0.252
2016-12-01 01:46:06.661,106.295,0.063,-0.789,0.053,0.609,0.400,1.149,0.252
2016-12-01 01:46:06.672,106.295,0.064,-0.788,0.053,0.610,0.400,1.149,0.253
2016-12-01 01:46:06.683,106.316,0.064,-0.787,0.053,0.612,0.400,1.149,0.253
2016-12-01 01:46:06.695,106.316,0.064,-0.786,0.052,0.613,0.400,1.149,0.253
2016-12-01 01:46:06.705,106.337,0.063,-0.785,0.052,0.614,0.400,1.149,0.253
2016-12-01 01:46:06.717,106.359,0.063,-0.784,0.052,0.616,0.400,1.149,0.253
2016-12-01 01:46:06.728,106.359,0.063,-0.783,0.051,0.617,0.400,1.149,0.253
2016-12-01 01:46:06.739,106.380,0.063,-0.782,0.051,0.618,0.400,1.149,0.253
2016-12-01 01:46:06.751,106.380,0.063,-0.781,0.051,0.619,0.400,1.149,0.254
2016-12-01 01:46:06.761,106.401,0.063,-0.780,0.050,0.621,0.400,1.149,0.254
2016-12-01 01:46:06.772,106.401,0.063,-0.779,0.050,0.622,0.400,1.149,0.254
2016-12-01 01:46:06.784,106.423,0.062,-0.778,0.050,0.623,0.400,1.149,0.254
2016-12-01 01:46:06.795,106.423,0.062,-0.777,0.049,0.624,0.399,1.149,0.254
2016-12-01 01:46:06.806,106.444,0.062,-0.776,0.049,0.626,0.399,1.149,0.254
2016-12-01 01:46:06.817,106.444,0.061,-0.775,0.048,0.627,0.399,1.149,0.254
2016-12-01 01:46:06.828,106.465,0.061,-0.774,0.048,0.629,0.399,1.150,0.254
2016-12-01 01:46:06.839,106.465,0.060,-0.773,0.047,0.630,0.399,1.150,0.255
2016-12-01 01:46:06.851,106.487,0.060,-0.772,0.047,0.632,0.399,1.150,0.255
2016-12-01 01:46:06.862,106.487,0.059,-0.770,0.047,0.633,0.399,1.150,0.255
2016-12-01 01:46:06.873,106.508,0.058,-0.769,0.046,0.634,0.399,1.150,0.255
2016-12-01 01:46:06.884,106.508,0.057,-0.768,0.046,0.636,0.399,1.150,0.255
2016-12-01 01:46:06.895,106.529,0.057,-0.767,0.046,0.637,0.399,1.150,0.255
2016-12-01 01:46:06.906,106.551,0.056,-0.766,0.046,0.638,0.399,1.151,0.255
2016-12-01 01:46:06.918,106.551,0.055,-0.765,0.046,0.640,0.399,1.151,0.255
2016-12-01 01:46:06.929,106.572,0.055,-0.764,0.046,0.641,0.398,1.151,0.255
2016-12-01 01:46:06.940,106.572,0.055,-0.763,0.046,0.642,0.398,1.151,0.255
2016-12-01 01:46:06.951,106.593,0.055,-0.763,0.046,0.643,0.398,1.151,0.255
2016-12-01 01:46:06.962,106.593,0.055,-0.762,0.046,0.644,0.398,1.151,0.255
2016-12-01 01:46:06.973,106.615,0.055,-0.761,0.046,0.645,0.398,1.151,0.255
2016-12-01 01:46:06.985,106.615,0.055,-0.760,0.046,0.646,0.398,1.151,0.254
2016-12-01 01:46:06.995,106.615,0.055,-0.759,0.046,0.647,0.398,1.151,0.254
2016-12-01 01:46:07.007,106.636,0.055,-0.758,0.046,0.648,0.398,1.150,0.254
2016-12-01 01:46:07.018,106.657,0.055,-0.758,0.046,0.649,0.398,1.150,0.254
2016-12-01 01:46:07.030,106.657,0.055,-0.757,0.046,0.650,0.398,1.150,0.254
2016-12-01 01:46:07.040,106.679,0.056,-0.756,0.046,0.651,0.398,1.150,0.254
2016-12-01 01:46:07.052,106.679,0.056,-0.755,0.046,0.652,0.398,1.150,0.254
2016-12-01 01:46:07.063,106.700,0.056,-0.754,0.046,0.653,0.398,1.150,0.254
2016-12-01 01:46:07.074,106.700,0.056,-0.753,0.046,0.654,0.398,1.150,0.254
2016-12-01 01:46:07.085,106.721,0.056,-0.752,0.046,0.655,0.398,1.150,0.254
2016-12-01 01:46:07.097,106.743,0.056,-0.751,0.047,0.656,0.397,1.150,0.254
2016-12-01 01:46:07.108,106.743,0.057,-0.750,0.047,0.657,0.397,1.150,0.254
2016-12-01 01:46:07.119,106.764,0.057,-0.749,0.047,0.658,0.397,1.150,0.254
2016-12-01 01:46:07.130,106.764,0.057,-0.749,0.047,0.659,0.397,1.150,0.254
2016-12-01 01:46:07.141,106.764,0.057,-0.748,0.047,0.660,0.397,1.150,0.253
2016-12-01 01:46:07.152,106.785,0.057,-0.747,0.048,0.661,0.397,1.150,0.253
2016-12-01 01:46:07.163,106.785,0.057,-0.746,0.048,0.662,0.396,1.149,0.253
2016-12-01 01:46:07.174,106.807,0.058,-0.745,0.048,0.663,0.396,1.149,0.253
2016-12-01 01:46:07.185,106.807,0.058,-0.744,0.048,0.664,0.396,1.149,0.253
2016-12-01 01:46:07.197,106.828,0.058,-0.743,0.048,0.665,0.396,1.149,0.253
2016-12-01 01:46:07.208,106.849,0.058,-0.743,0.048,0.666,0.396,1.149,0.253
2016-12-01 01:46:07.220,106.849,0.058,-0.742,0.048,0.667,0.396,1.149,0.253
2016-12-01 01:46:07.231,106.871,0.057,-0.741,0.047,0.667,0.396,1.149,0.253
2016-12-01 01:46:07.242,106.871,0.057,-0.740,0.047,0.668,0.395,1.149,0.253
2016-12-01 01:46:07.253,106.892,0.057,-0.740,0.047,0.669,0.395,1.149,0.252
2016-12-01 01:46:07.264,106.892,0.056,-0.739,0.048,0.669,0.395,1.149,0.252
2016-12-01 01:46:07.275,106.913,0.056,-0.739,0.047,0.670,0.395,1.149,0.252
2016-12-01 01:46:07.287,106.935,0.056,-0.738,0.047,0.671,0.394,1.149,0.252
2016-12-01 01:46:07.297,106.935,0.056,-0.737,0.047,0.672,0.394,1.149,0.252
2016-12-01 01:46:07.309,106.935,0.056,-0.737,0.047,0.672,0.394,1.149,0.252
2016-12-01 01:46:07.320,106.956,0.056,-0.736,0.046,0.673,0.394,1.149,0.252
2016-12-01 01:46:07.331,106.956,0.057,-0.735,0.046,0.674,0.394,1.149,0.252
2016-12-01 01:46:07.342,106.977,0.057,-0.735,0.046,0.675,0.394,1.149,0.252
2016-12-01 01:46:07.354,106.977,0.057,-0.734,0.046,0.675,0.394,1.149,0.252
2016-12-01 01:46:07.364,106.999,0.058,-0.733,0.046,0.676,0.393,1.149,0.252
2016-12-01 01:46:07.375,106.999,0.058,-0.732,0.045,0.677,0.393,1.149,0.252
2016-12-01 01:46:07.387,107.020,0.058,-0.732,0.045,0.678,0.393,1.149,0.252
2016-12-01 01:46:07.398,107.041,0.058,-0.731,0.046,0.678,0.393,1.149,0.252
2016-12-01 01:46:07.410,107.041,0.057,-0.730,0.046,0.679,0.392,1.149,0.251
2016-12-01 01:46:07.421,107.063,0.057,-0.730,0.046,0.680,0.392,1.149,0.251
2016-12-01 01:46:07.432,107.063,0.057,-0.729,0.047,0.681,0.392,1.148,0.251
2016-12-01 01:46:07.443,107.084,0.056,-0.728,0.047,0.681,0.392,1.148,0.251
2016-12-01 01:46:07.454,107.084,0.056,-0.727,0.048,0.682,0.392,1.148,0.251
2016-12-01 01:46:07.465,107.105,0.056,-0.727,0.049,0.683,0.391,1.148,0.251
2016-12-01 01:46:07.476,107.105,0.055,-0.726,0.050,0.684,0.391,1.148,0.251
2016-12-01 01:46:07.487,107.127,0.055,-0.725,0.051,0.684,0.391,1.148,0.250
2016-12-01 01:46:07.499,107.127,0.054,-0.725,0.052,0.685,0.391,1.148,0.250
2016-12-01 01:46:07.510,107.148,0.054,-0.724,0.054,0.686,0.390,1.148,0.250
2016-12-01 01:46:07.521,107.148,0.054,-0.723,0.055,0.686,0.390,1.147,0.250
2016-12-01 01:46:07.532,107.169,0.054,-0.723,0.057,0.687,0.390,1.147,0.250
2016-12-01 01:46:07.543,107.169,0.054,-0.722,0.058,0.687,0.390,1.147,0.250
2016-12-01 01:46:07.554,107.191,0.055,-0.722,0.060,0.687,0.389,1.147,0.250
2016-12-01 01:46:07.566,107.191,0.055,-0.721,0.061,0.688,0.389,1.146,0.249
2016-12-01 01:46:07.576,107.212,0.056,-0.721,0.062,0.688,0.389,1.146,0.249
2016-12-01 01:46:07.588,107.233,0.056,-0.720,0.063,0.688,0.388,1.146,0.249
2016-12-01 01:46:07.599,107.233,0.057,-0.720,0.064,0.689,0.388,1.145,0.249
2016-12-01 01:46:07.610,107.255,0.058,-0.720,0.066,0.689,0.388,1.145,0.249
2016-12-01 01:46:07.622,107.255,0.059,-0.719,0.067,0.689,0.387,1.145,0.249
2016-12-01 01:46:07.632,107.255,0.060,-0.719,0.068,0.689,0.387,1.144,0.249
2016-12-01 01:46:07.644,107.276,0.061,-0.719,0.069,0.689,0.386,1.144,0.249
2016-12-01 01:46:07.655,107.276,0.063,-0.719,0.070,0.689,0.386,1.143,0.248
2016-12-01 01:46:07.666,107.297,0.064,-0.718,0.071,0.689,0.385,1.142,0.248
2016-12-01 01:46:07.677,107.319,0.067,-0.718,0.072,0.689,0.385,1.142,0.249
2016-12-01 01:46:07.689,107.319,0.069,-0.717,0.073,0.690,0.384,1.141,0.249
2016-12-01 01:46:07.699,107.340,0.072,-0.716,0.074,0.690,0.383,1.141,0.249
2016-12-01 01:46:07.711,107.340,0.074,-0.716,0.076,0.690,0.383,1.140,0.249
2016-12-01 01:46:07.722,107.361,0.077,-0.715,0.077,0.691,0.383,1.139,0.249
2016-12-01 01:46:07.733,107.361,0.080,-0.714,0.079,0.692,0.382,1.138,0.249
2016-12-01 01:46:07.744,107.383,0.083,-0.712,0.081,0.692,0.381,1.138,0.249
2016-12-01 01:46:07.756,107.383,0.085,-0.711,0.082,0.693,0.381,1.137,0.250
2016-12-01 01:46:07.766,107.404,0.088,-0.711,0.083,0.693,0.380,1.137,0.250
2016-12-01 01:46:07.777,107.425,0.090,-0.710,0.083,0.694,0.380,1.136,0.250
2016-12-01 01:46:07.789,107.425,0.091,-0.709,0.084,0.694,0.380,1.136,0.250
2016-12-01 01:46:07.800,107.425,0.093,-0.708,0.084,0.695,0.379,1.136,0.251
2016-12-01 01:46:07.811,107.447,0.094,-0.707,0.084,0.696,0.379,1.136,0.251
2016-12-01 01:46:07.823,107.447,0.095,-0.707,0.084,0.696,0.378,1.136,0.251
2016-12-01 01:46:07.834,107.468,0.095,-0.707,0.084,0.696,0.378,1.136,0.251
2016-12-01 01:46:07.845,107.468,0.096,-0.706,0.083,0.696,0.378,1.136,0.251
2016-12-01 01:46:07.856,107.489,0.096,-0.706,0.083,0.697,0.377,1.136,0.252
2016-12-01 01:46:07.867,107.511,0.096,-0.706,0.082,0.697,0.377,1.136,0.252
2016-12-01 01:46:07.879,107.511,0.097,-0.706,0.082,0.697,0.377,1.136,0.252
2016-12-01 01:46:07.889,107.532,0.097,-0.707,0.081,0.696,0.376,1.137,0.252
2016-12-01 01:46:07.900,107.532,0.097,-0.707,0.081,0.696,0.376,1.137,0.253
2016-12-01 01:46:07.911,107.553,0.097,-0.707,0.081,0.696,0.376,1.137,0.253
2016-12-01 01:46:07.923,107.553,0.097,-0.708,0.080,0.695,0.376,1.137,0.253
2016-12-01 01:46:07.934,107.575,0.097,-0.708,0.080,0.695,0.376,1.137,0.253
2016-12-01 01:46:07.946,107.575,0.098,-0.709,0.080,0.694,0.375,1.137,0.254
2016-12-01 01:46:07.956,107.596,0.098,-0.709,0.080,0.693,0.375,1.137,0.254
2016-12-01 01:46:07.967,107.596,0.098,-0.710,0.080,0.693,0.375,1.137,0.254
2016-12-01 01:46:07.979,107.617,0.098,-0.711,0.080,0.692,0.375,1.137,0.254
2016-12-01 01:46:07.990,107.617,0.099,-0.712,0.079,0.691,0.375,1.137,0.254
2016-12-01 01:46:08.001,107.639,0.099,-0.713,0.079,0.690,0.374,1.137,0.254
2016-12-01 01:46:08.012,107.639,0.099,-0.713,0.079,0.689,0.375,1.136,0.255
2016-12-01 01:46:08.024,107.660,0.100,-0.714,0.079,0.688,0.374,1.136,0.255
2016-12-01 01:46:08.035,107.660,0.100,-0.715,0.079,0.687,0.374,1.136,0.255
2016-12-01 01:46:08.046,107.681,0.100,-0.716,0.079,0.686,0.374,1.136,0.255
2016-12-01 01:46:08.057,107.703,0.101,-0.717,0.079,0.685,0.374,1.136,0.255
2016-12-01 01:46:08.068,107.703,0.101,-0.718,0.079,0.684,0.374,1.136,0.256
2016-12-01 01:46:08.079,107.724,0.102,-0.719,0.079,0.683,0.374,1.136,0.256
2016-12-01 01:46:08.091,107.724,0.102,-0.720,0.078,0.682,0.374,1.136,0.256
2016-12-01 01:46:08.101,107.745,0.103,-0.721,0.078,0.681,0.374,1.136,0.256
2016-12-01 01:46:08.113,107.745,0.104,-0.722,0.077,0.680,0.374,1.136,0.257
2016-12-01 01:46:08.124,107.745,0.104,-0.723,0.077,0.679,0.374,1.136,0.257
2016-12-01 01:46:08.135,107.767,0.105,-0.723,0.076,0.678,0.374,1.136,0.257
2016-12-01 01:46:08.146,107.788,0.105,-0.724,0.075,0.677,0.374,1.136,0.257
2016-12-01 01:46:08.158,107.788,0.105,-0.725,0.075,0.677,0.374,1.136,0.258
2016-12-01 01:46:08.169,107.809,0.105,-0.725,0.074,0.676,0.375,1.136,0.258
2016-12-01 01:46:08.180,107.809,0.105,-0.726,0.073,0.676,0.375,1.136,0.258
2016-12-01 01:46:08.191,107.831,0.105,-0.727,0.073,0.675,0.375,1.136,0.258
2016-12-01 01:46:08.202,107.831,0.104,-0.727,0.072,0.675,0.375,1.136,0.259
2016-12-01 01:46:08.213,107.852,0.104,-0.728,0.071,0.674,0.375,1.136,0.259
2016-12-01 01:46:08.225,107.852,0.104,-0.728,0.071,0.674,0.375,1.136,0.259
2016-12-01 01:46:08.236,107.873,0.103,-0.729,0.071,0.673,0.375,1.137,0.259
2016-12-01 01:46:08.247,107.895,0.103,-0.729,0.070,0.673,0.375,1.137,0.260
2016-12-01 01:46:08.258,107.895,0.103,-0.729,0.070,0.673,0.375,1.137,0.260
2016-12-01 01:46:08.269,107.916,0.103,-0.729,0.070,0.673,0.375,1.137,0.260
2016-12-01 01:46:08.281,107.916,0.103,-0.730,0.070,0.672,0.375,1.137,0.260
2016-12-01 01:46:08.291,107.916,0.103,-0.730,0.070,0.672,0.376,1.137,0.261
2016-12-01 01:46:08.302,107.937,0.102,-0.730,0.070,0.672,0.376,1.137,0.261
2016-12-01 01:46:08.314,107.937,0.102,-0.730,0.072,0.672,0.376,1.136,0.261
2016-12-01 01:46:08.325,107.959,0.102,-0.729,0.073,0.673,0.376,1.136,0.261
2016-12-01 01:46:08.336,107.980,0.102,-0.729,0.074,0.673,0.376,1.136,0.262
2016-12-01 01:46:08.348,107.980,0.103,-0.728,0.075,0.673,0.376,1.136,0.262
2016-12-01 01:46:08.359,108.001,0.104,-0.728,0.077,0.674,0.376,1.136,0.262
2016-12-01 01:46:08.370,108.001,0.104,-0.727,0.078,0.674,0.376,1.135,0.262
2016-12-01 01:46:08.381,108.023,0.104,-0.727,0.079,0.675,0.376,1.135,0.263
2016-12-01 01:46:08.393,108.023,0.104,-0.726,0.080,0.675,0.376,1.135,0.263
2016-12-01 01:46:08.403,108.044,0.104,-0.725,0.081,0.676,0.376,1.135,0.263
2016-12-01 01:46:08.415,108.044,0.104,-0.725,0.082,0.676,0.376,1.135,0.263
2016-12-01 01:46:08.426,108.065,0.104,-0.724,0.083,0.676,0.376,1.135,0.264
2016-12-01 01:46:08.437,108.065,0.104,-0.724,0.084,0.677,0.375,1.135,0.264
2016-12-01 01:46:08.448,108.087,0.105,-0.723,0.085,0.677,0.376,1.134,0.264
2016-12-01 01:46:08.459,108.087,0.105,-0.723,0.085,0.678,0.376,1.134,0.265
2016-12-01 01:46:08.470,108.108,0.106,-0.722,0.086,0.678,0.376,1.134,0.265
2016-12-01 01:46:08.481,108.108,0.106,-0.722,0.086,0.679,0.376,1.134,0.265
2016-12-01 01:46:08.492,108.129,0.107,-0.721,0.086,0.679,0.375,1.134,0.266
2016-12-01 01:46:08.504,108.129,0.107,-0.721,0.087,0.679,0.375,1.134,0.266
2016-12-01 01:46:08.515,108.151,0.107,-0.721,0.087,0.680,0.375,1.134,0.266
2016-12-01 01:46:08.526,108.172,0.108,-0.720,0.086,0.680,0.375,1.134,0.266
2016-12-01 01:46:08.538,108.172,0.108,-0.720,0.086,0.680,0.375,1.134,0.266
2016-12-01 01:46:08.549,108.193,0.109,-0.721,0.086,0.679,0.375,1.134,0.267
2016-12-01 01:46:08.560,108.193,0.109,-0.721,0.086,0.679,0.375,1.134,0.267
2016-12-01 01:46:08.571,108.215,0.109,-0.721,0.086,0.679,0.375,1.134,0.267
2016-12-01 01:46:08.582,108.215,0.110,-0.722,0.085,0.678,0.375,1.134,0.267
2016-12-01 01:46:08.593,108.236,0.110,-0.722,0.085,0.677,0.375,1.134,0.267
2016-12-01 01:46:08.604,108.236,0.110,-0.723,0.085,0.677,0.375,1.134,0.267
2016-12-01 01:46:08.615,108.236,0.111,-0.724,0.085,0.676,0.374,1.134,0.267
2016-12-01 01:46:08.626,108.257,0.111,-0.725,0.085,0.675,0.374,1.134,0.267
2016-12-01 01:46:08.638,108.279,0.111,-0.726,0.084,0.674,0.374,1.134,0.267
2016-12-01 01:46:08.649,108.279,0.111,-0.727,0.084,0.673,0.374,1.134,0.267
2016-12-01 01:46:08.660,108.300,0.111,-0.728,0.084,0.671,0.374,1.134,0.267
2016-12-01 01:46:08.671,108.300,0.111,-0.729,0.084,0.670,0.374,1.134,0.267
2016-12-01 01:46:08.682,108.321,0.110,-0.731,0.085,0.668,0.374,1.134,0.267
2016-12-01 01:46:08.694,108.321,0.110,-0.732,0.085,0.667,0.374,1.134,0.266
2016-12-01 01:46:08.704,108.343,0.109,-0.734,0.085,0.665,0.374,1.134,0.266
2016-12-01 01:46:08.716,108.364,0.109,-0.735,0.085,0.664,0.374,1.134,0.266
2016-12-01 01:46:08.727,108.364,0.109,-0.736,0.085,0.662,0.373,1.134,0.266
2016-12-01 01:46:08.738,108.385,0.109,-0.738,0.086,0.661,0.373,1.134,0.266
2016-12-01 01:46:08.750,108.385,0.109,-0.739,0.086,0.659,0.373,1.134,0.265
2016-12-01 01:46:08.761,108.407,0.109,-0.741,0.086,0.657,0.373,1.134,0.265
2016-12-01 01:46:08.772,108.407,0.109,-0.742,0.087,0.656,0.373,1.134,0.265
2016-12-01 01:46:08.783,108.407,0.109,-0.743,0.087,0.654,0.373,1.134,0.265
2016-12-01 01:46:08.794,108.428,0.109,-0.745,0.088,0.653,0.373,1.134,0.265
2016-12-01 01:46:08.806,108.428,0.109,-0.746,0.088,0.651,0.373,1.134,0.264
2016-12-01 01:46:08.817,108.449,0.109,-0.747,0.089,0.650,0.373,1.134,0.264
2016-12-01 01:46:08.828,108.471,0.109,-0.748,0.089,0.648,0.373,1.134,0.264
2016-12-01 01:46:08.839,108.471,0.110,-0.749,0.090,0.647,0.373,1.134,0.264
2016-12-01 01:46:08.850,108.492,0.110,-0.750,0.090,0.646,0.373,1.133,0.264
2016-12-01 01:46:08.861,108.492,0.110,-0.752,0.091,0.644,0.373,1.133,0.263
2016-12-01 01:46:08.872,108.513,0.110,-0.753,0.091,0.643,0.372,1.133,0.263
2016-12-01 01:46:08.884,108.513,0.110,-0.754,0.091,0.642,0.372,1.133,0.263
2016-12-01 01:46:08.894,108.535,0.110,-0.755,0.092,0.640,0.372,1.133,0.263
2016-12-01 01:46:08.906,108.556,0.110,-0.756,0.092,0.639,0.372,1.133,0.262
2016-12-01 01:46:08.918,108.556,0.110,-0.757,0.093,0.638,0.372,1.133,0.262
2016-12-01 01:46:08.928,108.556,0.110,-0.757,0.093,0.637,0.372,1.133,0.262
2016-12-01 01:46:08.939,108.577,0.110,-0.758,0.093,0.636,0.372,1.133,0.262
2016-12-01 01:46:08.951,108.577,0.110,-0.759,0.094,0.635,0.373,1.133,0.261
2016-12-01 01:46:08.962,108.599,0.110,-0.760,0.094,0.634,0.372,1.133,0.261
2016-12-01 01:46:08.973,108.599,0.110,-0.761,0.094,0.632,0.373,1.133,0.261
2016-12-01 01:46:08.984,108.620,0.111,-0.762,0.094,0.632,0.373,1.133,0.261
2016-12-01 01:46:08.995,108.620,0.110,-0.762,0.095,0.630,0.373,1.133,0.260
2016-12-01 01:46:09.006,108.641,0.110,-0.763,0.095,0.629,0.373,1.133,0.260
2016-12-01 01:46:09.017,108.663,0.110,-0.764,0.095,0.629,0.373,1.133,0.260
2016-12-01 01:46:09.029,108.663,0.110,-0.765,0.095,0.628,0.373,1.133,0.260
2016-12-01 01:46:09.040,108.684,0.110,-0.765,0.096,0.627,0.373,1.133,0.260
2016-12-01 01:46:09.051,108.684,0.110,-0.766,0.096,0.626,0.373,1.133,0.259
2016-12-01 01:46:09.062,108.705,0.110,-0.767,0.096,0.625,0.373,1.133,0.259
2016-12-01 01:46:09.073,108.705,0.109,-0.768,0.096,0.624,0.373,1.133,0.259
2016-12-01 01:46:09.084,108.727,0.109,-0.768,0.097,0.623,0.373,1.133,0.258
2016-12-01 01:46:09.096,108.727,0.109,-0.769,0.097,0.622,0.373,1.133,0.258
2016-12-01 01:46:09.107,108.748,0.109,-0.770,0.097,0.621,0.374,1.133,0.258
2016-12-01 01:46:09.119,108.748,0.109,-0.771,0.097,0.620,0.374,1.133,0.258
2016-12-01 01:46:09.129,108.769,0.109,-0.771,0.098,0.619,0.374,1.133,0.257
2016-12-01 01:46:09.141,108.769,0.109,-0.772,0.098,0.618,0.374,1.133,0.257
2016-12-01 01:46:09.151,108.791,0.109,-0.773,0.098,0.617,0.374,1.133,0.257
2016-12-01 01:46:09.163,108.791,0.109,-0.774,0.098,0.616,0.374,1.133,0.257
2016-12-01 01:46:09.174,108.812,0.108,-0.774,0.099,0.615,0.374,1.133,0.256
2016-12-01 01:46:09.185,108.812,0.108,-0.775,0.099,0.615,0.374,1.133,0.256
2016-12-01 01:46:09.196,108.833,0.108,-0.776,0.099,0.614,0.374,1.133,0.256
2016-12-01 01:46:09.208,108.855,0.108,-0.777,0.099,0.612,0.374,1.133,0.256
2016-12-01 01:46:09.219,108.855,0.107,-0.778,0.099,0.611,0.374,1.133,0.255
2016-12-01 01:46:09.230,108.876,0.107,-0.779,0.099,0.610,0.374,1.134,0.255
2016-12-01 01:46:09.241,108.876,0.107,-0.779,0.099,0.609,0.374,1.134,0.255
2016-12-01 01:46:09.252,108.876,0.107,-0.780,0.099,0.608,0.374,1.134,0.255
2016-12-01 01:46:09.263,108.897,0.106,-0.781,0.099,0.607,0.374,1.134,0.254
2016-12-01 01:46:09.274,108.897,0.106,-0.782,0.099,0.606,0.374,1.134,0.254
2016-12-01 01:46:09.285,108.919,0.106,-0.783,0.098,0.605,0.374,1.134,0.254
2016-12-01 01:46:09.297,108.940,0.106,-0.784,0.098,0.604,0.374,1.134,0.253
2016-12-01 01:46:09.308,108.940,0.105,-0.785,0.098,0.602,0.374,1.134,0.253
2016-12-01 01:46:09.319,108.961,0.105,-0.786,0.098,0.601,0.374,1.134,0.253
2016-12-01 01:46:09.331,108.961,0.104,-0.787,0.098,0.600,0.374,1.134,0.252
2016-12-01 01:46:09.341,108.983,0.104,-0.788,0.098,0.598,0.375,1.134,0.252
2016-12-01 01:46:09.353,108.983,0.103,-0.790,0.097,0.597,0.375,1.134,0.252
2016-12-01 01:46:09.364,109.004,0.103,-0.791,0.097,0.596,0.375,1.135,0.252
2016-12-01 01:46:09.375,109.004,0.103,-0.792,0.096,0.594,0.375,1.134,0.252
2016-12-01 01:46:09.386,109.025,0.102,-0.793,0.096,0.593,0.375,1.135,0.251
2016-12-01 01:46:09.398,109.047,0.101,-0.795,0.096,0.591,0.376,1.135,0.251
2016-12-01 01:46:09.409,109.047,0.101,-0.796,0.095,0.589,0.376,1.135,0.251
2016-12-01 01:46:09.419,109.047,0.100,-0.797,0.095,0.588,0.376,1.135,0.251
2016-12-01 01:46:09.431,109.068,0.100,-0.799,0.095,0.586,0.376,1.135,0.250
2016-12-01 01:46:09.442,109.068,0.100,-0.800,0.095,0.584,0.376,1.135,0.250
2016-12-01 01:46:09.453,109.089,0.099,-0.801,0.094,0.582,0.376,1.135,0.249
2016-12-01 01:46:09.465,109.089,0.099,-0.803,0.094,0.581,0.376,1.136,0.249
2016-12-01 01:46:09.476,109.111,0.099,-0.804,0.093,0.579,0.377,1.136,0.249
2016-12-01 01:46:09.488,109.132,0.099,-0.805,0.093,0.577,0.377,1.136,0.248
2016-12-01 01:46:09.498,109.132,0.099,-0.807,0.093,0.575,0.377,1.136,0.248
2016-12-01 01:46:09.509,109.153,0.099,-0.808,0.092,0.573,0.377,1.136,0.247
2016-12-01 01:46:09.521,109.153,0.099,-0.810,0.092,0.571,0.377,1.136,0.247
2016-12-01 01:46:09.531,109.175,0.099,-0.811,0.092,0.569,0.377,1.136,0.247
2016-12-01 01:46:09.542,109.175,0.099,-0.812,0.091,0.568,0.377,1.136,0.246
2016-12-01 01:46:09.554,109.196,0.099,-0.813,0.092,0.566,0.378,1.136,0.246
2016-12-01 01:46:09.565,109.196,0.099,-0.814,0.091,0.564,0.378,1.136,0.246
2016-12-01 01:46:09.576,109.217,0.099,-0.816,0.092,0.563,0.378,1.136,0.245
2016-12-01 01:46:09.588,109.217,0.099,-0.817,0.092,0.561,0.378,1.136,0.245
2016-12-01 01:46:09.598,109.239,0.099,-0.817,0.092,0.560,0.378,1.136,0.245
2016-12-01 01:46:09.609,109.239,0.099,-0.818,0.092,0.559,0.379,1.137,0.244
2016-12-01 01:46:09.620,109.260,0.099,-0.819,0.092,0.558,0.379,1.137,0.244
2016-12-01 01:46:09.632,109.260,0.098,-0.820,0.092,0.557,0.379,1.137,0.244
2016-12-01 01:46:09.643,109.281,0.098,-0.820,0.092,0.556,0.379,1.137,0.244
2016-12-01 01:46:09.654,109.281,0.097,-0.821,0.092,0.555,0.379,1.137,0.244
2016-12-01 01:46:09.666,109.303,0.097,-0.822,0.092,0.554,0.379,1.137,0.243
2016-12-01 01:46:09.677,109.324,0.096,-0.822,0.092,0.554,0.379,1.137,0.243
2016-12-01 01:46:09.688,109.324,0.096,-0.823,0.091,0.553,0.379,1.137,0.243
2016-12-01 01:46:09.699,109.345,0.095,-0.823,0.091,0.552,0.379,1.137,0.243
2016-12-01 01:46:09.711,109.345,0.095,-0.823,0.091,0.552,0.380,1.137,0.243
2016-12-01 01:46:09.721,109.367,0.094,-0.824,0.091,0.552,0.380,1.137,0.242
2016-12-01 01:46:09.732,109.367,0.094,-0.824,0.092,0.551,0.380,1.137,0.242
2016-12-01 01:46:09.744,109.367,0.094,-0.824,0.092,0.551,0.380,1.137,0.242
2016-12-01 01:46:09.755,109.388,0.094,-0.824,0.092,0.551,0.380,1.137,0.242
2016-12-01 01:46:09.766,109.409,0.093,-0.824,0.092,0.551,0.380,1.137,0.242
2016-12-01 01:46:09.777,109.409,0.093,-0.824,0.092,0.551,0.380,1.137,0.242
2016-12-01 01:46:09.788,109.431,0.093,-0.825,0.092,0.551,0.381,1.137,0.242
2016-12-01 01:46:09.800,109.431,0.093,-0.825,0.092,0.550,0.381,1.137,0.241
2016-12-01 01:46:09.810,109.452,0.092,-0.825,0.092,0.550,0.381,1.137,0.241
2016-12-01 01:46:09.822,109.452,0.092,-0.825,0.092,0.550,0.381,1.137,0.241
2016-12-01 01:46:09.833,109.473,0.092,-0.825,0.092,0.550,0.381,1.137,0.241
2016-12-01 01:46:09.844,109.473,0.092,-0.825,0.092,0.550,0.381,1.137,0.241
2016-12-01 01:46:09.856,109.495,0.092,-0.825,0.092,0.550,0.381,1.137,0.241
2016-12-01 01:46:09.867,109.516,0.092,-0.825,0.093,0.551,0.381,1.137,0.241
2016-12-01 01:46:09.878,109.516,0.092,-0.824,0.093,0.551,0.382,1.137,0.241
2016-12-01 01:46:09.889,109.537,0.092,-0.824,0.093,0.551,0.382,1.137,0.241
2016-12-01 01:46:09.900,109.537,0.092,-0.824,0.093,0.551,0.382,1.137,0.241
2016-12-01 01:46:09.911,109.537,0.092,-0.824,0.093,0.551,0.382,1.137,0.241
2016-12-01 01:46:09.922,109.559,0.092,-0.824,0.093,0.551,0.382,1.137,0.241
2016-12-01 01:46:09.934,109.559,0.092,-0.824,0.093,0.552,0.382,1.137,0.241
2016-12-01 01:46:09.945,109.580,0.092,-0.824,0.093,0.552,0.382,1.137,0.241
2016-12-01 01:46:09.956,109.601,0.091,-0.824,0.092,0.552,0.382,1.137,0.241
2016-12-01 01:46:09.967,109.601,0.091,-0.824,0.092,0.552,0.382,1.137,0.241
2016-12-01 01:46:09.978,109.623,0.091,-0.823,0.092,0.553,0.382,1.138,0.241
2016-12-01 01:46:09.990,109.623,0.091,-0.823,0.092,0.553,0.382,1.138,0.241
2016-12-01 01:46:10.000,109.644,0.091,-0.823,0.092,0.553,0.383,1.138,0.241
2016-12-01 01:46:10.012,109.644,0.091,-0.822,0.091,0.554,0.383,1.138,0.241
2016-12-01 01:46:10.023,109.665,0.091,-0.822,0.091,0.555,0.383,1.138,0.241
2016-12-01 01:46:10.034,109.665,0.091,-0.822,0.091,0.555,0.383,1.138,0.241
2016-12-01 01:46:10.045,109.687,0.091,-0.821,0.091,0.556,0.383,1.138,0.241
2016-12-01 01:46:10.057,109.687,0.091,-0.820,0.090,0.557,0.383,1.138,0.242
2016-12-01 01:46:10.068,109.708,0.091,-0.820,0.090,0.558,0.383,1.138,0.242
2016-12-01 01:46:10.079,109.708,0.091,-0.819,0.090,0.559,0.383,1.138,0.242
2016-12-01 01:46:10.090,109.729,0.091,-0.819,0.090,0.560,0.383,1.138,0.242
2016-12-01 01:46:10.101,109.729,0.091,-0.818,0.089,0.561,0.383,1.138,0.242
2016-12-01 01:46:10.112,109.751,0.091,-0.817,0.089,0.562,0.383,1.138,0.243
2016-12-01 01:46:10.124,109.751,0.092,-0.816,0.089,0.564,0.383,1.138,0.243
2016-12-01 01:46:10.134,109.772,0.092,-0.815,0.089,0.565,0.383,1.138,0.243
2016-12-01 01:46:10.146,109.793,0.092,-0.814,0.088,0.567,0.383,1.139,0.244
2016-12-01 01:46:10.157,109.793,0.092,-0.813,0.088,0.568,0.383,1.139,0.244
2016-12-01 01:46:10.168,109.815,0.092,-0.812,0.088,0.570,0.383,1.139,0.244
2016-12-01 01:46:10.179,109.815,0.091,-0.811,0.088,0.571,0.383,1.139,0.244
2016-12-01 01:46:10.190,109.836,0.091,-0.810,0.087,0.573,0.383,1.139,0.245
2016-12-01 01:46:10.201,109.836,0.091,-0.809,0.087,0.574,0.383,1.139,0.245
2016-12-01 01:46:10.212,109.857,0.091,-0.808,0.086,0.576,0.384,1.139,0.245
2016-12-01 01:46:10.224,109.857,0.091,-0.807,0.086,0.577,0.384,1.139,0.246
2016-12-01 01:46:10.235,109.857,0.091,-0.806,0.085,0.579,0.384,1.139,0.246
2016-12-01 01:46:10.246,109.879,0.091,-0.805,0.085,0.580,0.384,1.139,0.246
2016-12-01 01:46:10.258,109.900,0.091,-0.804,0.085,0.582,0.384,1.139,0.247
2016-12-01 01:46:10.269,109.900,0.091,-0.803,0.084,0.583,0.384,1.139,0.247
2016-12-01 01:46:10.280,109.921,0.092,-0.802,0.084,0.584,0.384,1.139,0.247
2016-12-01 01:46:10.291,109.921,0.092,-0.801,0.084,0.586,0.384,1.139,0.247
2016-12-01 01:46:10.302,109.943,0.093,-0.800,0.084,0.587,0.384,1.139,0.248
2016-12-01 01:46:10.313,109.943,0.093,-0.799,0.084,0.589,0.384,1.139,0.248
2016-12-01 01:46:10.324,109.964,0.094,-0.798,0.084,0.590,0.384,1.139,0.248
2016-12-01 01:46:10.336,109.985,0.094,-0.796,0.084,0.591,0.384,1.139,0.248
2016-12-01 01:46:10.347,109.985,0.095,-0.795,0.084,0.593,0.384,1.139,0.249
2016-12-01 01:46:10.358,110.007,0.096,-0.794,0.084,0.594,0.384,1.139,0.249
2016-12-01 01:46:10.369,110.007,0.097,-0.793,0.084,0.595,0.384,1.139,0.249
2016-12-01 01:46:10.380,110.028,0.097,-0.792,0.084,0.597,0.384,1.139,0.249
2016-12-01 01:46:10.392,110.028,0.098,-0.791,0.084,0.598,0.384,1.139,0.250
2016-12-01 01:46:10.402,110.028,0.099,-0.790,0.083,0.600,0.384,1.139,0.250
2016-12-01 01:46:10.413,110.049,0.099,-0.788,0.083,0.602,0.384,1.139,0.250
2016-12-01 01:46:10.425,110.049,0.099,-0.787,0.083,0.603,0.383,1.139,0.251
2016-12-01 01:46:10.436,110.071,0.099,-0.786,0.083,0.605,0.383,1.139,0.251
2016-12-01 01:46:10.447,110.092,0.100,-0.784,0.082,0.607,0.383,1.139,0.251
2016-12-01 01:46:10.459,110.092,0.100,-0.783,0.082,0.609,0.383,1.139,0.252
2016-12-01 01:46:10.470,110.113,0.100,-0.781,0.081,0.611,0.383,1.139,0.252
2016-12-01 01:46:10.481,110.113,0.101,-0.780,0.081,0.613,0.383,1.139,0.252
2016-12-01 01:46:10.492,110.135,0.101,-0.778,0.081,0.615,0.383,1.139,0.253
2016-12-01 01:46:10.503,110.135,0.101,-0.776,0.080,0.617,0.383,1.139,0.253
2016-12-01 01:46:10.514,110.156,0.101,-0.775,0.080,0.619,0.383,1.139,0.253
2016-12-01 01:46:10.526,110.177,0.100,-0.773,0.079,0.621,0.383,1.139,0.254
2016-12-01 01:46:10.536,110.177,0.101,-0.771,0.079,0.623,0.383,1.139,0.254
2016-12-01 01:46:10.548,110.177,0.101,-0.770,0.078,0.625,0.383,1.139,0.254
2016-12-01 01:46:10.559,110.199,0.101,-0.768,0.078,0.627,0.382,1.139,0.254
2016-12-01 01:46:10.570,110.199,0.101,-0.767,0.077,0.629,0.382,1.139,0.255
2016-12-01 01:46:10.581,110.220,0.101,-0.765,0.077,0.631,0.382,1.139,0.255
2016-12-01 01:46:10.593,110.220,0.101,-0.763,0.076,0.633,0.382,1.139,0.255
2016-12-01 01:46:10.604,110.241,0.101,-0.762,0.076,0.635,0.382,1.139,0.256
2016-12-01 01:46:10.615,110.241,0.101,-0.760,0.075,0.637,0.382,1.139,0.256
2016-12-01 01:46:10.626,110.263,0.101,-0.759,0.074,0.639,0.382,1.139,0.256
2016-12-01 01:46:10.637,110.284,0.101,-0.757,0.074,0.641,0.381,1.139,0.256
2016-12-01 01:46:10.649,110.284,0.101,-0.755,0.073,0.643,0.381,1.139,0.256
2016-12-01 01:46:10.659,110.305,0.101,-0.754,0.072,0.645,0.381,1.139,0.257
2016-12-01 01:46:10.671,110.305,0.102,-0.752,0.071,0.647,0.381,1.140,0.257
2016-12-01 01:46:10.682,110.327,0.102,-0.750,0.070,0.649,0.381,1.140,0.257
2016-12-01 01:46:10.693,110.327,0.102,-0.749,0.070,0.651,0.381,1.140,0.257
2016-12-01 01:46:10.704,110.348,0.102,-0.747,0.069,0.653,0.381,1.140,0.257
2016-12-01 01:46:10.716,110.348,0.102,-0.746,0.069,0.655,0.381,1.139,0.258
2016-12-01 01:46:10.726,110.369,0.103,-0.744,0.069,0.657,0.381,1.139,0.258
2016-12-01 01:46:10.738,110.369,0.103,-0.742,0.069,0.658,0.381,1.139,0.258
2016-12-01 01:46:10.749,110.391,0.103,-0.741,0.069,0.660,0.381,1.139,0.258
2016-12-01 01:46:10.760,110.391,0.103,-0.739,0.069,0.662,0.381,1.139,0.259
2016-12-01 01:46:10.771,110.412,0.103,-0.738,0.069,0.664,0.381,1.139,0.259
2016-12-01 01:46:10.782,110.412,0.103,-0.736,0.069,0.666,0.381,1.139,0.259
2016-12-01 01:46:10.794,110.433,0.103,-0.734,0.068,0.668,0.381,1.139,0.259
2016-12-01 01:46:10.805,110.433,0.103,-0.733,0.068,0.669,0.381,1.139,0.260
2016-12-01 01:46:10.816,110.455,0.103,-0.731,0.068,0.671,0.381,1.139,0.260
2016-12-01 01:46:10.828,110.476,0.103,-0.729,0.067,0.673,0.381,1.139,0.260
2016-12-01 01:46:10.838,110.476,0.103,-0.728,0.067,0.675,0.381,1.139,0.260
2016-12-01 01:46:10.849,110.497,0.103,-0.726,0.067,0.677,0.381,1.139,0.260
2016-12-01 01:46:10.861,110.497,0.103,-0.724,0.066,0.678,0.381,1.139,0.261
2016-12-01 01:46:10.872,110.497,0.103,-0.723,0.066,0.680,0.381,1.140,0.261
2016-12-01 01:46:10.883,110.519,0.103,-0.721,0.065,0.682,0.381,1.140,0.261
2016-12-01 01:46:10.895,110.519,0.104,-0.720,0.064,0.684,0.381,1.140,0.261
2016-12-01 01:46:10.905,110.540,0.104,-0.718,0.064,0.685,0.381,1.140,0.262
2016-12-01 01:46:10.916,110.561,0.104,-0.717,0.063,0.687,0.381,1.140,0.262
2016-12-01 01:46:10.928,110.561,0.104,-0.715,0.062,0.689,0.381,1.140,0.262
2016-12-01 01:46:10.939,110.583,0.103,-0.714,0.062,0.690,0.381,1.140,0.262
2016-12-01 01:46:10.950,110.583,0.103,-0.712,0.061,0.692,0.381,1.140,0.262
2016-12-01 01:46:10.961,110.604,0.103,-0.711,0.061,0.693,0.381,1.140,0.262
2016-12-01 01:46:10.972,110.604,0.103,-0.709,0.060,0.695,0.381,1.140,0.262
2016-12-01 01:46:10.984,110.604,0.103,-0.707,0.060,0.697,0.381,1.140,0.263
2016-12-01 01:46:10.995,110.604,0.102,-0.706,0.059,0.699,0.382,1.141,0.263
2016-12-01 01:46:11.006,110.625,0.102,-0.704,0.059,0.700,0.382,1.141,0.263
2016-12-01 01:46:11.017,110.647,0.102,-0.703,0.058,0.702,0.382,1.141,0.263
2016-12-01 01:46:11.029,110.647,0.101,-0.701,0.058,0.703,0.382,1.141,0.263
2016-12-01 01:46:11.039,110.647,0.101,-0.700,0.057,0.705,0.382,1.141,0.263
2016-12-01 01:46:11.050,110.668,0.100,-0.698,0.057,0.707,0.382,1.141,0.263
2016-12-01 01:46:11.062,110.668,0.100,-0.697,0.057,0.708,0.382,1.141,0.263
2016-12-01 01:46:11.073,110.689,0.099,-0.695,0.056,0.710,0.382,1.141,0.264
2016-12-01 01:46:11.084,110.689,0.099,-0.694,0.056,0.711,0.383,1.141,0.264
2016-12-01 01:46:11.095,110.711,0.098,-0.693,0.056,0.712,0.383,1.141,0.264
2016-12-01 01:46:11.106,110.711,0.098,-0.691,0.056,0.714,0.383,1.141,0.264
2016-12-01 01:46:11.117,110.732,0.097,-0.690,0.055,0.715,0.383,1.141,0.264
2016-12-01 01:46:11.129,110.753,0.097,-0.689,0.055,0.716,0.383,1.141,0.264
2016-12-01 01:46:11.140,110.753,0.097,-0.687,0.055,0.718,0.383,1.141,0.264
2016-12-01 01:46:11.151,110.775,0.096,-0.686,0.055,0.719,0.383,1.141,0.264
2016-12-01 01:46:11.162,110.775,0.096,-0.685,0.055,0.720,0.383,1.142,0.264
2016-12-01 01:46:11.174,110.796,0.096,-0.684,0.055,0.721,0.383,1.141,0.264
2016-12-01 01:46:11.185,110.796,0.096,-0.683,0.055,0.722,0.383,1.141,0.264
2016-12-01 01:46:11.196,110.817,0.095,-0.682,0.055,0.723,0.383,1.142,0.264
2016-12-01 01:46:11.207,110.817,0.095,-0.681,0.055,0.724,0.383,1.142,0.264
2016-12-01 01:46:11.218,110.839,0.095,-0.680,0.056,0.725,0.384,1.142,0.264
2016-12-01 01:46:11.229,110.839,0.095,-0.679,0.056,0.726,0.384,1.142,0.264
2016-12-01 01:46:11.240,110.860,0.095,-0.678,0.056,0.726,0.384,1.142,0.264
2016-12-01 01:46:11.252,110.860,0.095,-0.678,0.056,0.727,0.384,1.142,0.264
2016-12-01 01:46:11.263,110.881,0.095,-0.677,0.056,0.728,0.384,1.141,0.264
2016-12-01 01:46:11.274,110.881,0.095,-0.676,0.056,0.728,0.384,1.142,0.264
2016-12-01 01:46:11.285,110.903,0.095,-0.675,0.056,0.729,0.384,1.142,0.264
2016-12-01 01:46:11.296,110.903,0.095,-0.675,0.057,0.730,0.384,1.142,0.264
2016-12-01 01:46:11.307,110.924,0.095,-0.674,0.057,0.730,0.384,1.142,0.264
2016-12-01 01:46:11.319,110.945,0.095,-0.674,0.057,0.731,0.384,1.142,0.263
2016-12-01 01:46:11.330,110.945,0.095,-0.673,0.057,0.731,0.384,1.142,0.263
2016-12-01 01:46:11.341,110.967,0.095,-0.673,0.056,0.732,0.384,1.142,0.263
2016-12-01 01:46:11.352,110.967,0.094,-0.672,0.056,0.732,0.384,1.142,0.263
2016-12-01 01:46:11.364,110.967,0.094,-0.672,0.056,0.732,0.384,1.142,0.263
2016-12-01 01:46:11.375,110.988,0.094,-0.672,0.056,0.733,0.384,1.142,0.263
2016-12-01 01:46:11.386,111.009,0.093,-0.672,0.056,0.733,0.384,1.142,0.263
2016-12-01 01:46:11.397,111.009,0.093,-0.672,0.056,0.733,0.384,1.142,0.263
2016-12-01 01:46:11.408,111.031,0.092,-0.672,0.056,0.733,0.384,1.142,0.263
2016-12-01 01:46:11.419,111.031,0.092,-0.672,0.055,0.733,0.384,1.142,0.263
2016-12-01 01:46:11.430,111.052,0.091,-0.672,0.055,0.733,0.384,1.142,0.263
2016-12-01 01:46:11.442,111.052,0.091,-0.672,0.055,0.733,0.384,1.142,0.263
2016-12-01 01:46:11.452,111.073,0.090,-0.672,0.055,0.733,0.384,1.142,0.263
2016-12-01 01:46:11.464,111.073,0.090,-0.672,0.055,0.733,0.384,1.142,0.263
2016-12-01 01:46:11.475,111.095,0.089,-0.673,0.055,0.732,0.384,1.143,0.262
2016-12-01 01:46:11.486,111.116,0.088,-0.673,0.054,0.732,0.385,1.143,0.262
2016-12-01 01:46:11.497,111.116,0.088,-0.674,0.054,0.732,0.385,1.143,0.262
2016-12-01 01:46:11.508,111.137,0.087,-0.674,0.054,0.732,0.385,1.143,0.263
2016-12-01 01:46:11.519,111.137,0.086,-0.674,0.053,0.731,0.385,1.143,0.262
2016-12-01 01:46:11.531,111.137,0.085,-0.675,0.053,0.731,0.385,1.143,0.262
2016-12-01 01:46:11.542,111.159,0.085,-0.675,0.052,0.731,0.385,1.144,0.262
2016-12-01 01:46:11.554,111.159,0.084,-0.675,0.052,0.731,0.385,1.144,0.262
2016-12-01 01:46:11.564,111.180,0.083,-0.676,0.052,0.731,0.386,1.144,0.263
2016-12-01 01:46:11.576,111.180,0.083,-0.676,0.051,0.730,0.386,1.144,0.263
2016-12-01 01:46:11.587,111.201,0.082,-0.676,0.051,0.730,0.386,1.144,0.263
2016-12-01 01:46:11.598,111.223,0.082,-0.677,0.051,0.730,0.386,1.145,0.263
2016-12-01 01:46:11.609,111.223,0.081,-0.677,0.051,0.730,0.386,1.145,0.263
2016-12-01 01:46:11.620,111.244,0.081,-0.677,0.050,0.730,0.386,1.145,0.263
2016-12-01 01:46:11.631,111.244,0.080,-0.678,0.050,0.729,0.387,1.145,0.263
2016-12-01 01:46:11.643,111.265,0.080,-0.678,0.050,0.729,0.387,1.145,0.263
2016-12-01 01:46:11.654,111.265,0.079,-0.678,0.050,0.729,0.387,1.145,0.263
2016-12-01 01:46:11.665,111.287,0.079,-0.678,0.050,0.729,0.387,1.146,0.263
2016-12-01 01:46:11.676,111.287,0.079,-0.679,0.050,0.728,0.387,1.146,0.263
2016-12-01 01:46:11.687,111.308,0.078,-0.679,0.050,0.728,0.388,1.146,0.263
2016-12-01 01:46:11.698,111.308,0.078,-0.679,0.049,0.728,0.388,1.146,0.263
2016-12-01 01:46:11.709,111.329,0.077,-0.680,0.049,0.728,0.388,1.146,0.263
2016-12-01 01:46:11.721,111.329,0.076,-0.680,0.049,0.727,0.388,1.146,0.264
2016-12-01 01:46:11.732,111.351,0.076,-0.681,0.049,0.727,0.388,1.146,0.264
2016-12-01 01:46:11.743,111.351,0.075,-0.681,0.049,0.727,0.388,1.146,0.264
2016-12-01 01:46:11.754,111.372,0.075,-0.682,0.048,0.726,0.389,1.147,0.264
2016-12-01 01:46:11.765,111.372,0.074,-0.682,0.048,0.726,0.389,1.147,0.264
2016-12-01 01:46:11.777,111.393,0.074,-0.683,0.048,0.725,0.389,1.147,0.264
2016-12-01 01:46:11.788,111.415,0.073,-0.684,0.047,0.725,0.389,1.147,0.264
2016-12-01 01:46:11.799,111.415,0.073,-0.684,0.047,0.724,0.389,1.147,0.264
2016-12-01 01:46:11.810,111.436,0.072,-0.685,0.046,0.723,0.390,1.147,0.264
2016-12-01 01:46:11.821,111.436,0.072,-0.686,0.046,0.723,0.390,1.147,0.264
2016-12-01 01:46:11.832,111.457,0.071,-0.687,0.045,0.722,0.390,1.148,0.264
2016-12-01 01:46:11.844,111.457,0.071,-0.688,0.044,0.721,0.390,1.148,0.264
2016-12-01 01:46:11.855,111.457,0.070,-0.689,0.044,0.720,0.390,1.148,0.264
2016-12-01 01:46:11.866,111.479,0.070,-0.690,0.043,0.719,0.390,1.148,0.264
2016-12-01 01:46:11.877,111.500,0.069,-0.691,0.042,0.718,0.391,1.148,0.264
2016-12-01 01:46:11.888,111.500,0.069,-0.692,0.041,0.717,0.391,1.149,0.264
2016-12-01 01:46:11.899,111.521,0.068,-0.693,0.040,0.716,0.391,1.149,0.264
2016-12-01 01:46:11.911,111.521,0.067,-0.695,0.039,0.715,0.391,1.149,0.265
2016-12-01 01:46:11.923,111.543,0.067,-0.696,0.038,0.714,0.391,1.149,0.264
2016-12-01 01:46:11.933,111.543,0.066,-0.697,0.037,0.713,0.392,1.149,0.264
2016-12-01 01:46:11.945,111.564,0.065,-0.698,0.036,0.712,0.392,1.150,0.264
2016-12-01 01:46:11.956,111.564,0.065,-0.700,0.035,0.711,0.392,1.150,0.264
2016-12-01 01:46:11.966,111.585,0.064,-0.701,0.033,0.710,0.392,1.150,0.264
2016-12-01 01:46:11.978,111.607,0.064,-0.702,0.032,0.708,0.392,1.150,0.264
2016-12-01 01:46:11.989,111.607,0.063,-0.704,0.031,0.707,0.393,1.151,0.264
2016-12-01 01:46:12.000,111.628,0.062,-0.705,0.030,0.706,0.393,1.151,0.264
2016-12-01 01:46:12.012,111.628,0.061,-0.706,0.029,0.705,0.393,1.151,0.264
2016-12-01 01:46:12.022,111.628,0.060,-0.708,0.028,0.703,0.393,1.152,0.264
2016-12-01 01:46:12.033,111.649,0.059,-0.709,0.027,0.702,0.394,1.152,0.265
2016-12-01 01:46:12.045,111.649,0.058,-0.710,0.026,0.701,0.394,1.152,0.264
2016-12-01 01:46:12.056,111.671,0.058,-0.712,0.025,0.700,0.394,1.153,0.264
2016-12-01 01:46:12.067,111.692,0.057,-0.713,0.024,0.698,0.394,1.153,0.264
2016-12-01 01:46:12.078,111.692,0.056,-0.714,0.023,0.697,0.394,1.153,0.264
2016-12-01 01:46:12.089,111.713,0.056,-0.716,0.023,0.696,0.395,1.153,0.264
2016-12-01 01:46:12.101,111.713,0.055,-0.717,0.022,0.694,0.395,1.153,0.264
2016-12-01 01:46:12.112,111.735,0.054,-0.719,0.021,0.693,0.395,1.154,0.264
2016-12-01 01:46:12.123,111.735,0.054,-0.720,0.020,0.692,0.396,1.154,0.264
2016-12-01 01:46:12.134,111.756,0.053,-0.721,0.020,0.690,0.396,1.154,0.264
2016-12-01 01:46:12.146,111.756,0.052,-0.723,0.019,0.689,0.396,1.154,0.264
2016-12-01 01:46:12.156,111.777,0.052,-0.724,0.018,0.687,0.396,1.154,0.264
2016-12-01 01:46:12.167,111.777,0.051,-0.726,0.018,0.686,0.396,1.154,0.264
2016-12-01 01:46:12.179,111.799,0.051,-0.727,0.017,0.684,0.397,1.155,0.264
2016-12-01 01:46:12.190,111.799,0.050,-0.729,0.017,0.683,0.397,1.155,0.264
2016-12-01 01:46:12.201,111.820,0.049,-0.731,0.017,0.681,0.397,1.155,0.264
2016-12-01 01:46:12.212,111.820,0.048,-0.732,0.017,0.679,0.398,1.155,0.264
2016-12-01 01:46:12.223,111.841,0.046,-0.734,0.017,0.677,0.398,1.155,0.264
2016-12-01 01:46:12.234,111.841,0.045,-0.736,0.017,0.675,0.398,1.155,0.263
2016-12-01 01:46:12.245,111.863,0.044,-0.738,0.017,0.674,0.399,1.155,0.263
2016-12-01 01:46:12.257,111.884,0.043,-0.739,0.018,0.672,0.399,1.155,0.263
2016-12-01 01:46:12.268,111.884,0.042,-0.741,0.018,0.670,0.399,1.155,0.263
2016-12-01 01:46:12.279,111.905,0.042,-0.743,0.019,0.668,0.400,1.155,0.262
2016-12-01 01:46:12.290,111.905,0.041,-0.745,0.020,0.666,0.400,1.155,0.262
2016-12-01 01:46:12.302,111.927,0.040,-0.747,0.021,0.664,0.400,1.155,0.262
2016-12-01 01:46:12.313,111.927,0.039,-0.749,0.021,0.661,0.401,1.155,0.262
2016-12-01 01:46:12.324,111.948,0.038,-0.751,0.022,0.659,0.401,1.155,0.261
2016-12-01 01:46:12.336,111.948,0.037,-0.753,0.022,0.656,0.401,1.155,0.261
2016-12-01 01:46:12.346,111.969,0.036,-0.756,0.021,0.654,0.401,1.155,0.260
2016-12-01 01:46:12.357,111.969,0.035,-0.758,0.021,0.651,0.402,1.155,0.260
2016-12-01 01:46:12.368,111.991,0.034,-0.761,0.021,0.648,0.402,1.155,0.260
2016-12-01 01:46:12.380,111.991,0.033,-0.763,0.020,0.645,0.402,1.156,0.259
2016-12-01 01:46:12.391,112.012,0.033,-0.766,0.020,0.642,0.402,1.156,0.259
2016-12-01 01:46:12.402,112.012,0.032,-0.769,0.019,0.638,0.402,1.156,0.259
2016-12-01 01:46:12.413,112.033,0.031,-0.772,0.018,0.635,0.402,1.156,0.258
2016-12-01 01:46:12.425,112.033,0.031,-0.774,0.017,0.632,0.402,1.156,0.258
2016-12-01 01:46:12.435,112.055,0.030,-0.777,0.015,0.628,0.403,1.156,0.257
2016-12-01 01:46:12.447,112.076,0.030,-0.780,0.014,0.625,0.403,1.156,0.257
2016-12-01 01:46:12.458,112.076,0.029,-0.783,0.013,0.621,0.403,1.157,0.256
2016-12-01 01:46:12.469,112.097,0.029,-0.786,0.012,0.618,0.403,1.157,0.256
2016-12-01 01:46:12.480,112.097,0.030,-0.789,0.011,0.614,0.403,1.157,0.256
2016-12-01 01:46:12.492,112.097,0.030,-0.791,0.010,0.611,0.403,1.157,0.255
2016-12-01 01:46:12.503,112.119,0.030,-0.794,0.009,0.607,0.403,1.157,0.255
2016-12-01 01:46:12.514,112.119,0.031,-0.797,0.008,0.604,0.404,1.157,0.254
2016-12-01 01:46:12.525,112.140,0.031,-0.799,0.007,0.600,0.404,1.157,0.254
2016-12-01 01:46:12.536,112.161,0.030,-0.802,0.007,0.597,0.404,1.157,0.254
2016-12-01 01:46:12.548,112.161,0.030,-0.805,0.006,0.593,0.404,1.158,0.253
2016-12-01 01:46:12.558,112.183,0.029,-0.807,0.006,0.589,0.404,1.158,0.253
2016-12-01 01:46:12.570,112.183,0.029,-0.810,0.005,0.586,0.404,1.158,0.252
2016-12-01 01:46:12.581,112.204,0.029,-0.813,0.005,0.582,0.405,1.158,0.252
2016-12-01 01:46:12.592,112.204,0.029,-0.815,0.005,0.578,0.405,1.158,0.251
2016-12-01 01:46:12.603,112.225,0.028,-0.818,0.005,0.575,0.405,1.158,0.251
2016-12-01 01:46:12.614,112.225,0.028,-0.821,0.005,0.571,0.405,1.158,0.251
2016-12-01 01:46:12.625,112.247,0.027,-0.823,0.005,0.567,0.405,1.158,0.250
2016-12-01 01:46:12.637,112.268,0.027,-0.826,0.005,0.563,0.406,1.158,0.250
2016-12-01 01:46:12.647,112.268,0.027,-0.829,0.005,0.559,0.406,1.158,0.249
2016-12-01 01:46:12.659,112.268,0.027,-0.832,0.004,0.555,0.406,1.158,0.249
2016-12-01 01:46:12.670,112.289,0.026,-0.834,0.004,0.551,0.406,1.158,0.248
2016-12-01 01:46:12.682,112.289,0.026,-0.837,0.003,0.547,0.406,1.158,0.248
2016-12-01 01:46:12.692,112.311,0.026,-0.839,0.002,0.543,0.407,1.158,0.247
2016-12-01 01:46:12.704,112.311,0.026,-0.842,0.001,0.539,0.407,1.158,0.247
2016-12-01 01:46:12.715,112.332,0.025,-0.844,0.000,0.535,0.407,1.159,0.246
2016-12-01 01:46:12.726,112.353,0.025,-0.847,-0.002,0.531,0.407,1.159,0.246
2016-12-01 01:46:12.737,112.353,0.025,-0.850,-0.005,0.527,0.407,1.159,0.245
2016-12-01 01:46:12.748,112.375,0.024,-0.852,-0.008,0.522,0.407,1.159,0.245
2016-12-01 01:46:12.759,112.375,0.023,-0.855,-0.012,0.518,0.407,1.160,0.244
2016-12-01 01:46:12.771,112.396,0.022,-0.858,-0.016,0.513,0.407,1.160,0.243
2016-12-01 01:46:12.782,112.396,0.022,-0.861,-0.020,0.507,0.407,1.161,0.243
2016-12-01 01:46:12.793,112.417,0.023,-0.864,-0.024,0.502,0.408,1.161,0.242
2016-12-01 01:46:12.804,112.417,-0.023,0.867,0.027,-0.498,0.408,1.162,0.242
2016-12-01 01:46:12.815,112.439,-0.023,0.869,0.030,-0.493,0.409,1.162,0.242
2016-12-01 01:46:12.826,112.439,-0.024,0.872,0.033,-0.488,0.409,1.162,0.241
2016-12-01 01:46:12.837,112.460,-0.024,0.874,0.035,-0.484,0.409,1.162,0.241
2016-12-01 01:46:12.849,112.460,-0.025,0.876,0.036,-0.480,0.410,1.163,0.241
2016-12-01 01:46:12.860,112.481,-0.026,0.878,0.037,-0.476,0.410,1.163,0.240
2016-12-01 01:46:12.872,112.481,-0.026,0.880,0.038,-0.473,0.410,1.163,0.240
2016-12-01 01:46:12.883,112.503,-0.027,0.882,0.038,-0.469,0.411,1.163,0.240
2016-12-01 01:46:12.894,112.503,-0.027,0.883,0.038,-0.466,0.411,1.163,0.240
2016-12-01 01:46:12.905,112.524,-0.028,0.885,0.038,-0.464,0.411,1.164,0.240
2016-12-01 01:46:12.916,112.545,-0.028,0.886,0.037,-0.461,0.411,1.164,0.239
2016-12-01 01:46:12.927,112.545,-0.028,0.887,0.037,-0.459,0.412,1.164,0.239
2016-12-01 01:46:12.939,112.567,-0.028,0.888,0.036,-0.457,0.412,1.164,0.239
2016-12-01 01:46:12.950,112.567,-0.027,0.889,0.036,-0.456,0.412,1.164,0.239
2016-12-01 01:46:12.961,112.588,-0.027,0.890,0.035,-0.455,0.412,1.164,0.239
2016-12-01 01:46:12.972,112.588,-0.027,0.890,0.034,-0.454,0.412,1.163,0.239
2016-12-01 01:46:12.983,112.588,-0.026,0.891,0.034,-0.453,0.412,1.163,0.239
2016-12-01 01:46:12.994,112.609,-0.026,0.891,0.033,-0.452,0.412,1.163,0.239
2016-12-01 01:46:13.005,112.609,-0.026,0.892,0.033,-0.451,0.412,1.163,0.239
2016-12-01 01:46:13.016,112.631,-0.026,0.892,0.032,-0.450,0.412,1.163,0.238
2016-12-01 01:46:13.028,112.652,-0.025,0.893,0.032,-0.449,0.412,1.163,0.238
2016-12-01 01:46:13.039,112.652,-0.025,0.893,0.031,-0.448,0.412,1.163,0.238
2016-12-01 01:46:13.050,112.673,-0.025,0.894,0.030,-0.447,0.412,1.163,0.238
2016-12-01 01:46:13.061,112.673,-0.025,0.894,0.029,-0.446,0.412,1.163,0.238
2016-12-01 01:46:13.072,112.695,-0.024,0.895,0.029,-0.445,0.412,1.162,0.238
2016-12-01 01:46:13.084,112.695,-0.024,0.895,0.028,-0.444,0.412,1.162,0.238
2016-12-01 01:46:13.095,112.716,-0.024,0.896,0.027,-0.442,0.412,1.162,0.238
2016-12-01 01:46:13.106,112.737,-0.024,0.897,0.027,-0.440,0.412,1.162,0.237
2016-12-01 01:46:13.117,112.737,-0.023,0.898,0.026,-0.439,0.412,1.162,0.237
2016-12-01 01:46:13.128,112.759,-0.023,0.899,0.025,-0.437,0.412,1.162,0.237
2016-12-01 01:46:13.140,112.759,-0.024,0.900,0.024,-0.435,0.412,1.162,0.237
2016-12-01 01:46:13.150,112.759,-0.024,0.901,0.023,-0.433,0.412,1.161,0.237
2016-12-01 01:46:13.161,112.780,-0.024,0.902,0.022,-0.431,0.412,1.161,0.237
2016-12-01 01:46:13.173,112.780,-0.024,0.903,0.020,-0.429,0.412,1.161,0.237
2016-12-01 01:46:13.184,112.801,-0.025,0.904,0.019,-0.427,0.412,1.161,0.237
2016-12-01 01:46:13.195,112.801,-0.025,0.905,0.017,-0.425,0.412,1.161,0.237
2016-12-01 01:46:13.206,112.823,-0.025,0.905,0.016,-0.424,0.412,1.161,0.237
2016-12-01 01:46:13.218,112.844,-0.025,0.906,0.015,-0.422,0.412,1.160,0.238
2016-12-01 01:46:13.228,112.844,-0.026,0.907,0.014,-0.420,0.412,1.160,0.238
2016-12-01 01:46:13.240,112.865,-0.026,0.908,0.013,-0.419,0.412,1.160,0.238
2016-12-01 01:46:13.251,112.865,-0.027,0.908,0.012,-0.417,0.412,1.160,0.239
2016-12-01 01:46:13.262,112.887,-0.028,0.909,0.010,-0.416,0.412,1.160,0.239
2016-12-01 01:46:13.274,112.887,-0.029,0.909,0.009,-0.415,0.412,1.159,0.239
2016-12-01 01:46:13.285,112.908,-0.030,0.910,0.009,-0.414,0.412,1.159,0.239
2016-12-01 01:46:13.296,112.908,-0.031,0.910,0.008,-0.413,0.412,1.159,0.240
2016-12-01 01:46:13.307,112.929,-0.032,0.911,0.008,-0.412,0.412,1.159,0.240
2016-12-01 01:46:13.318,112.929,-0.033,0.911,0.008,-0.410,0.412,1.159,0.240
2016-12-01 01:46:13.329,112.951,-0.033,0.912,0.008,-0.409,0.412,1.159,0.241
2016-12-01 01:46:13.340,112.951,-0.034,0.912,0.009,-0.408,0.412,1.159,0.241
2016-12-01 01:46:13.351,112.972,-0.035,0.913,0.009,-0.406,0.412,1.159,0.241
2016-12-01 01:46:13.362,112.972,-0.035,0.914,0.010,-0.405,0.412,1.159,0.241
2016-12-01 01:46:13.374,112.993,-0.035,0.915,0.010,-0.403,0.412,1.160,0.241
2016-12-01 01:46:13.385,112.993,-0.034,0.915,0.011,-0.401,0.412,1.160,0.241
2016-12-01 01:46:13.396,113.015,-0.034,0.916,0.012,-0.399,0.413,1.160,0.241
2016-12-01 01:46:13.408,113.036,-0.034,0.917,0.012,-0.396,0.413,1.160,0.241
2016-12-01 01:46:13.418,113.036,-0.035,0.918,0.013,-0.394,0.413,1.160,0.241
2016-12-01 01:46:13.430,113.057,-0.035,0.919,0.013,-0.391,0.413,1.161,0.242
2016-12-01 01:46:13.441,113.057,-0.035,0.920,0.014,-0.389,0.413,1.161,0.242
2016-12-01 01:46:13.452,113.079,-0.035,0.921,0.014,-0.387,0.414,1.161,0.242
2016-12-01 01:46:13.463,113.079,-0.035,0.922,0.014,-0.385,0.414,1.161,0.242
2016-12-01 01:46:13.474,113.079,-0.034,0.923,0.014,-0.382,0.414,1.161,0.242
2016-12-01 01:46:13.486,113.100,-0.033,0.924,0.014,-0.380,0.414,1.161,0.242
2016-12-01 01:46:13.497,113.121,-0.033,0.925,0.014,-0.378,0.415,1.161,0.242
2016-12-01 01:46:13.508,113.121,-0.032,0.926,0.014,-0.375,0.415,1.161,0.243
2016-12-01 01:46:13.519,113.143,-0.032,0.927,0.015,-0.373,0.416,1.161,0.243
2016-12-01 01:46:13.530,113.143,-0.032,0.928,0.016,-0.371,0.416,1.161,0.243
2016-12-01 01:46:13.541,113.164,-0.032,0.929,0.017,-0.369,0.416,1.161,0.243
2016-12-01 01:46:13.553,113.164,-0.032,0.929,0.019,-0.367,0.417,1.162,0.243
2016-12-01 01:46:13.564,113.185,-0.033,0.930,0.020,-0.366,0.417,1.162,0.244
2016-12-01 01:46:13.575,113.185,-0.033,0.931,0.022,-0.364,0.417,1.162,0.244
2016-12-01 01:46:13.586,113.207,-0.033,0.931,0.023,-0.362,0.418,1.162,0.244
2016-12-01 01:46:13.597,113.228,-0.032,0.932,0.024,-0.361,0.418,1.162,0.245
2016-12-01 01:46:13.608,113.228,-0.032,0.932,0.025,-0.359,0.419,1.163,0.245
2016-12-01 01:46:13.620,113.249,-0.032,0.933,0.026,-0.358,0.419,1.163,0.245
2016-12-01 01:46:13.631,113.249,-0.032,0.933,0.028,-0.356,0.420,1.163,0.245
2016-12-01 01:46:13.642,113.249,-0.032,0.934,0.029,-0.355,0.420,1.163,0.246
2016-12-01 01:46:13.653,113.271,-0.032,0.934,0.030,-0.354,0.420,1.163,0.246
2016-12-01 01:46:13.664,113.271,-0.032,0.934,0.031,-0.353,0.421,1.163,0.246
2016-12-01 01:46:13.675,113.292,-0.032,0.935,0.032,-0.352,0.421,1.163,0.246
2016-12-01 01:46:13.687,113.313,-0.032,0.935,0.033,-0.351,0.422,1.164,0.246
2016-12-01 01:46:13.698,113.313,-0.032,0.935,0.034,-0.350,0.421,1.164,0.247
2016-12-01 01:46:13.709,113.335,-0.033,0.936,0.035,-0.349,0.421,1.164,0.247
2016-12-01 01:46:13.720,113.335,-0.033,0.936,0.036,-0.348,0.422,1.164,0.247
2016-12-01 01:46:13.731,113.356,-0.034,0.936,0.037,-0.348,0.422,1.164,0.247
2016-12-01 01:46:13.743,113.356,-0.034,0.937,0.037,-0.347,0.422,1.164,0.247
2016-12-01 01:46:13.753,113.377,-0.035,0.937,0.039,-0.346,0.422,1.164,0.247
2016-12-01 01:46:13.765,113.377,-0.036,0.937,0.040,-0.345,0.423,1.164,0.247
2016-12-01 01:46:13.776,113.399,-0.037,0.937,0.041,-0.344,0.423,1.164,0.247
2016-12-01 01:46:13.787,113.399,-0.038,0.938,0.043,-0.343,0.423,1.164,0.247
2016-12-01 01:46:13.798,113.420,-0.039,0.938,0.045,-0.342,0.423,1.164,0.247
2016-12-01 01:46:13.810,113.420,-0.039,0.938,0.046,-0.341,0.423,1.165,0.247
2016-12-01 01:46:13.821,113.441,-0.039,0.938,0.048,-0.340,0.424,1.165,0.247
2016-12-01 01:46:13.832,113.441,-0.039,0.938,0.049,-0.340,0.424,1.165,0.247
2016-12-01 01:46:13.843,113.463,-0.040,0.938,0.050,-0.340,0.424,1.165,0.247
2016-12-01 01:46:13.855,113.463,-0.040,0.938,0.051,-0.340,0.424,1.165,0.247
2016-12-01 01:46:13.865,113.484,-0.040,0.938,0.051,-0.340,0.424,1.165,0.247
2016-12-01 01:46:13.877,113.505,-0.039,0.938,0.051,-0.340,0.424,1.165,0.247
2016-12-01 01:46:13.888,113.505,-0.039,0.938,0.051,-0.340,0.424,1.165,0.247
2016-12-01 01:46:13.899,113.527,-0.039,0.938,0.051,-0.341,0.425,1.165,0.247
2016-12-01 01:46:13.910,113.527,-0.039,0.938,0.052,-0.341,0.425,1.165,0.247
2016-12-01 01:46:13.921,113.548,-0.039,0.938,0.052,-0.342,0.425,1.165,0.247
2016-12-01 01:46:13.933,113.548,-0.039,0.937,0.052,-0.343,0.425,1.165,0.247
2016-12-01 01:46:13.943,113.569,-0.038,0.937,0.052,-0.344,0.425,1.165,0.247
2016-12-01 01:46:13.954,113.569,-0.038,0.936,0.053,-0.345,0.425,1.166,0.247
2016-12-01 01:46:13.966,113.591,-0.038,0.936,0.053,-0.346,0.425,1.166,0.247
2016-12-01 01:46:13.977,113.591,-0.037,0.936,0.054,-0.347,0.425,1.166,0.247
2016-12-01 01:46:13.988,113.612,-0.036,0.935,0.054,-0.348,0.425,1.166,0.247
2016-12-01 01:46:13.999,113.612,-0.035,0.935,0.055,-0.349,0.425,1.166,0.247
2016-12-01 01:46:14.011,113.633,-0.034,0.935,0.055,-0.349,0.425,1.166,0.247
2016-12-01 01:46:14.022,113.633,-0.033,0.935,0.056,-0.350,0.425,1.166,0.248
2016-12-01 01:46:14.033,113.655,-0.033,0.934,0.056,-0.350,0.425,1.166,0.248
2016-12-01 01:46:14.045,113.655,-0.033,0.934,0.056,-0.351,0.425,1.166,0.248
2016-12-01 01:46:14.055,113.676,-0.033,0.934,0.056,-0.351,0.425,1.166,0.248
2016-12-01 01:46:14.066,113.676,-0.033,0.934,0.055,-0.351,0.425,1.166,0.248
2016-12-01 01:46:14.078,113.697,-0.033,0.934,0.054,-0.352,0.425,1.166,0.248
2016-12-01 01:46:14.089,113.719,-0.033,0.933,0.054,-0.353,0.425,1.166,0.249
2016-12-01 01:46:14.100,113.719,-0.034,0.933,0.052,-0.354,0.425,1.166,0.249
2016-12-01 01:46:14.111,113.719,-0.035,0.933,0.051,-0.356,0.425,1.166,0.249
2016-12-01 01:46:14.122,113.740,-0.036,0.932,0.050,-0.357,0.425,1.165,0.249
2016-12-01 01:46:14.133,113.740,-0.037,0.931,0.050,-0.359,0.425,1.165,0.250
2016-12-01 01:46:14.145,113.761,-0.037,0.931,0.049,-0.360,0.425,1.165,0.250
2016-12-01 01:46:14.156,113.783,-0.037,0.930,0.049,-0.362,0.425,1.165,0.251
2016-12-01 01:46:14.167,113.783,-0.037,0.930,0.049,-0.364,0.425,1.165,0.251
2016-12-01 01:46:14.178,113.804,-0.038,0.929,0.048,-0.365,0.425,1.165,0.251
2016-12-01 01:46:14.190,113.804,-0.038,0.928,0.048,-0.367,0.425,1.164,0.252
2016-12-01 01:46:14.201,113.825,-0.038,0.927,0.048,-0.369,0.425,1.164,0.252
2016-12-01 01:46:14.212,113.825,-0.038,0.927,0.048,-0.371,0.425,1.164,0.253
2016-12-01 01:46:14.223,113.847,-0.037,0.926,0.048,-0.373,0.425,1.164,0.253
2016-12-01 01:46:14.234,113.847,-0.037,0.925,0.049,-0.375,0.425,1.164,0.254
2016-12-01 01:46:14.245,113.868,-0.037,0.924,0.049,-0.377,0.424,1.164,0.254
2016-12-01 01:46:14.257,113.889,-0.038,0.923,0.049,-0.379,0.424,1.164,0.255
2016-12-01 01:46:14.268,113.889,-0.039,0.922,0.049,-0.381,0.424,1.164,0.255
2016-12-01 01:46:14.279,113.889,-0.040,0.921,0.049,-0.384,0.424,1.164,0.255
2016-12-01 01:46:14.290,113.911,-0.041,0.920,0.049,-0.387,0.424,1.164,0.256
2016-12-01 01:46:14.301,113.911,-0.041,0.918,0.049,-0.390,0.424,1.163,0.256
2016-12-01 01:46:14.312,113.932,-0.042,0.917,0.049,-0.394,0.424,1.164,0.257
2016-12-01 01:46:14.324,113.932,-0.041,0.915,0.050,-0.398,0.424,1.164,0.257
2016-12-01 01:46:14.334,113.953,-0.041,0.913,0.050,-0.402,0.424,1.164,0.258
2016-12-01 01:46:14.346,113.975,-0.040,0.912,0.050,-0.406,0.423,1.164,0.258
2016-12-01 01:46:14.357,113.975,-0.040,0.909,0.051,-0.411,0.423,1.164,0.258
2016-12-01 01:46:14.368,113.996,-0.040,0.907,0.051,-0.416,0.423,1.164,0.259
2016-12-01 01:46:14.380,113.996,-0.039,0.904,0.052,-0.422,0.422,1.164,0.259
2016-12-01 01:46:14.391,114.017,-0.039,0.901,0.052,-0.429,0.422,1.164,0.260
2016-12-01 01:46:14.402,114.017,-0.038,0.898,0.052,-0.436,0.422,1.164,0.260
2016-12-01 01:46:14.413,114.039,-0.038,0.894,0.052,-0.443,0.421,1.164,0.261
2016-12-01 01:46:14.424,114.039,-0.038,0.890,0.052,-0.451,0.421,1.164,0.262
2016-12-01 01:46:14.435,114.060,-0.038,0.886,0.052,-0.458,0.421,1.165,0.263
2016-12-01 01:46:14.447,114.060,-0.038,0.882,0.052,-0.466,0.420,1.165,0.263
2016-12-01 01:46:14.457,114.081,-0.038,0.878,0.052,-0.474,0.420,1.165,0.264
2016-12-01 01:46:14.469,114.081,-0.039,0.874,0.052,-0.482,0.419,1.165,0.265
2016-12-01 01:46:14.479,114.103,-0.039,0.870,0.052,-0.489,0.419,1.165,0.265
2016-12-01 01:46:14.491,114.103,-0.040,0.865,0.052,-0.497,0.418,1.165,0.266
2016-12-01 01:46:14.502,114.124,0.041,-0.860,-0.052,0.505,0.418,1.164,0.267
2016-12-01 01:46:14.513,114.124,0.041,-0.856,-0.052,0.513,0.418,1.164,0.267
2016-12-01 01:46:14.524,114.145,0.042,-0.851,-0.052,0.521,0.417,1.164,0.268
2016-12-01 01:46:14.535,114.145,0.043,-0.846,-0.051,0.528,0.417,1.164,0.269
2016-12-01 01:46:14.546,114.167,0.043,-0.842,-0.051,0.535,0.416,1.164,0.270
2016-12-01 01:46:14.559,114.188,0.043,-0.838,-0.051,0.542,0.416,1.164,0.270
2016-12-01 01:46:14.569,114.188,0.044,-0.834,-0.051,0.548,0.415,1.163,0.271
2016-12-01 01:46:14.580,114.209,0.044,-0.830,-0.050,0.554,0.415,1.163,0.271
2016-12-01 01:46:14.592,114.209,0.045,-0.826,-0.050,0.560,0.415,1.163,0.272
2016-12-01 01:46:14.602,114.209,0.046,-0.822,-0.049,0.565,0.415,1.162,0.272
2016-12-01 01:46:14.614,114.231,0.046,-0.818,-0.048,0.571,0.414,1.162,0.273
2016-12-01 01:46:14.625,114.231,0.047,-0.815,-0.047,0.576,0.414,1.162,0.273
2016-12-01 01:46:14.636,114.252,0.048,-0.811,-0.046,0.582,0.414,1.161,0.273
2016-12-01 01:46:14.647,114.273,0.049,-0.807,-0.045,0.587,0.413,1.161,0.274
2016-12-01 01:46:14.658,114.273,0.050,-0.803,-0.043,0.592,0.413,1.161,0.274
2016-12-01 01:46:14.669,114.295,0.051,-0.800,-0.042,0.597,0.413,1.160,0.274
2016-12-01 01:46:14.681,114.295,0.051,-0.797,-0.041,0.601,0.413,1.160,0.275
2016-12-01 01:46:14.692,114.316,0.052,-0.793,-0.039,0.605,0.413,1.160,0.275
2016-12-01 01:46:14.703,114.316,0.052,-0.790,-0.038,0.609,0.413,1.160,0.275
2016-12-01 01:46:14.714,114.337,0.052,-0.787,-0.036,0.613,0.413,1.159,0.275
2016-12-01 01:46:14.725,114.337,0.053,-0.784,-0.035,0.617,0.413,1.159,0.276
2016-12-01 01:46:14.736,114.359,0.052,-0.782,-0.034,0.621,0.413,1.159,0.276
2016-12-01 01:46:14.748,114.380,0.052,-0.779,-0.033,0.624,0.412,1.159,0.276
2016-12-01 01:46:14.759,114.380,0.051,-0.776,-0.032,0.627,0.412,1.159,0.276
2016-12-01 01:46:14.770,114.380,0.051,-0.774,-0.031,0.630,0.412,1.159,0.277
2016-12-01 01:46:14.781,114.401,0.051,-0.772,-0.031,0.633,0.412,1.159,0.277
2016-12-01 01:46:14.793,114.401,0.050,-0.769,-0.030,0.636,0.412,1.159,0.277
2016-12-01 01:46:14.804,114.423,0.050,-0.767,-0.029,0.639,0.412,1.159,0.277
2016-12-01 01:46:14.815,114.423,0.050,-0.765,-0.028,0.641,0.412,1.159,0.277
2016-12-01 01:46:14.826,114.444,0.049,-0.763,-0.028,0.644,0.413,1.159,0.277
2016-12-01 01:46:14.837,114.465,0.048,-0.761,-0.027,0.646,0.413,1.159,0.277
2016-12-01 01:46:14.848,114.465,0.047,-0.760,-0.027,0.648,0.413,1.159,0.277
2016-12-01 01:46:14.859,114.487,0.047,-0.758,-0.026,0.650,0.413,1.159,0.278
2016-12-01 01:46:14.871,114.487,0.046,-0.756,-0.026,0.652,0.413,1.159,0.277
2016-12-01 01:46:14.882,114.508,0.046,-0.755,-0.025,0.654,0.413,1.159,0.277
2016-12-01 01:46:14.893,114.508,0.045,-0.754,-0.025,0.655,0.413,1.159,0.277
2016-12-01 01:46:14.904,114.529,0.045,-0.752,-0.024,0.657,0.413,1.159,0.277
2016-12-01 01:46:14.915,114.529,0.045,-0.751,-0.024,0.658,0.414,1.159,0.277
2016-12-01 01:46:14.926,114.551,0.044,-0.750,-0.024,0.660,0.414,1.159,0.277
2016-12-01 01:46:14.938,114.551,0.044,-0.748,-0.023,0.662,0.414,1.159,0.277
2016-12-01 01:46:14.949,114.572,0.044,-0.747,-0.023,0.663,0.414,1.159,0.277
2016-12-01 01:46:14.960,114.572,0.044,-0.746,-0.023,0.665,0.414,1.159,0.277
2016-12-01 01:46:14.971,114.593,0.043,-0.744,-0.022,0.666,0.414,1.158,0.277
2016-12-01 01:46:14.983,114.593,0.043,-0.743,-0.022,0.667,0.414,1.158,0.277
2016-12-01 01:46:14.993,114.615,0.043,-0.742,-0.022,0.669,0.414,1.158,0.277
2016-12-01 01:46:15.005,114.615,0.043,-0.740,-0.021,0.671,0.415,1.158,0.277
2016-12-01 01:46:15.016,114.636,0.043,-0.739,-0.021,0.672,0.415,1.158,0.277
2016-12-01 01:46:15.027,114.657,0.043,-0.737,-0.020,0.674,0.415,1.158,0.276
2016-12-01 01:46:15.038,114.657,0.042,-0.736,-0.020,0.675,0.415,1.158,0.276
2016-12-01 01:46:15.049,114.679,0.042,-0.734,-0.020,0.677,0.415,1.158,0.276
2016-12-01 01:46:15.060,114.679,0.042,-0.733,-0.019,0.679,0.415,1.158,0.276
2016-12-01 01:46:15.071,114.700,0.042,-0.731,-0.019,0.681,0.416,1.158,0.276
2016-12-01 01:46:15.083,114.700,0.042,-0.730,-0.019,0.682,0.416,1.158,0.276
2016-12-01 01:46:15.094,114.700,0.041,-0.728,-0.019,0.684,0.416,1.158,0.275
2016-12-01 01:46:15.105,114.721,0.041,-0.726,-0.018,0.686,0.416,1.158,0.275
2016-12-01 01:46:15.116,114.743,0.041,-0.725,-0.018,0.687,0.416,1.158,0.275
2016-12-01 01:46:15.128,114.743,0.041,-0.723,-0.018,0.689,0.417,1.158,0.275
2016-12-01 01:46:15.139,114.764,0.040,-0.722,-0.018,0.691,0.417,1.158,0.275
2016-12-01 01:46:15.150,114.764,0.040,-0.720,-0.018,0.693,0.417,1.158,0.274
2016-12-01 01:46:15.161,114.785,0.039,-0.718,-0.018,0.694,0.417,1.158,0.274
2016-12-01 01:46:15.173,114.785,0.039,-0.717,-0.018,0.696,0.417,1.158,0.274
2016-12-01 01:46:15.183,114.807,0.039,-0.715,-0.018,0.698,0.418,1.158,0.274
2016-12-01 01:46:15.195,114.807,0.038,-0.713,-0.018,0.700,0.418,1.158,0.274
2016-12-01 01:46:15.206,114.828,0.038,-0.711,-0.018,0.701,0.418,1.158,0.273
2016-12-01 01:46:15.217,114.849,0.038,-0.710,-0.018,0.703,0.418,1.158,0.273
2016-12-01 01:46:15.228,114.849,0.037,-0.708,-0.017,0.705,0.418,1.158,0.273
2016-12-01 01:46:15.239,114.871,0.037,-0.706,-0.017,0.707,0.418,1.158,0.273
2016-12-01 01:46:15.250,114.871,0.037,-0.705,-0.017,0.708,0.418,1.158,0.273
2016-12-01 01:46:15.261,114.871,0.036,-0.703,-0.017,0.710,0.419,1.158,0.273
2016-12-01 01:46:15.272,114.892,0.036,-0.702,-0.017,0.712,0.419,1.158,0.272
2016-12-01 01:46:15.284,114.892,0.036,-0.700,-0.017,0.713,0.419,1.158,0.272
2016-12-01 01:46:15.295,114.913,0.036,-0.698,-0.017,0.715,0.419,1.159,0.272
2016-12-01 01:46:15.306,114.935,0.035,-0.697,-0.016,0.716,0.419,1.158,0.272
2016-12-01 01:46:15.318,114.935,0.035,-0.695,-0.016,0.718,0.419,1.159,0.272
2016-12-01 01:46:15.329,114.956,0.035,-0.694,-0.016,0.719,0.419,1.159,0.272
2016-12-01 01:46:15.340,114.956,0.035,-0.693,-0.017,0.720,0.419,1.159,0.271
2016-12-01 01:46:15.351,114.977,0.034,-0.691,-0.017,0.722,0.420,1.159,0.271
2016-12-01 01:46:15.362,114.977,0.034,-0.690,-0.016,0.723,0.420,1.159,0.271
2016-12-01 01:46:15.373,114.999,0.034,-0.689,-0.016,0.724,0.420,1.159,0.271
2016-12-01 01:46:15.385,114.999,0.033,-0.688,-0.016,0.725,0.420,1.159,0.271
2016-12-01 01:46:15.396,115.020,0.033,-0.687,-0.016,0.726,0.420,1.159,0.270
2016-12-01 01:46:15.407,115.020,0.032,-0.685,-0.016,0.727,0.420,1.159,0.270
2016-12-01 01:46:15.418,115.041,0.032,-0.684,-0.016,0.728,0.420,1.159,0.270
2016-12-01 01:46:15.429,115.041,0.031,-0.683,-0.016,0.729,0.420,1.159,0.270
2016-12-01 01:46:15.440,115.063,0.031,-0.682,-0.016,0.730,0.420,1.159,0.270
2016-12-01 01:46:15.452,115.063,0.030,-0.681,-0.016,0.731,0.421,1.159,0.270
2016-12-01 01:46:15.462,115.084,0.030,-0.680,-0.016,0.732,0.420,1.159,0.269
2016-12-01 01:46:15.474,115.084,0.030,-0.679,-0.016,0.733,0.420,1.159,0.269
2016-12-01 01:46:15.485,115.105,0.030,-0.678,-0.016,0.734,0.420,1.159,0.269
2016-12-01 01:46:15.496,115.127,0.030,-0.677,-0.015,0.735,0.420,1.159,0.269
2016-12-01 01:46:15.508,115.127,0.030,-0.676,-0.015,0.736,0.420,1.159,0.269
2016-12-01 01:46:15.519,115.148,0.030,-0.675,-0.015,0.737,0.420,1.159,0.269
2016-12-01 01:46:15.530,115.148,0.030,-0.674,-0.015,0.738,0.420,1.159,0.269
2016-12-01 01:46:15.541,115.169,0.030,-0.673,-0.015,0.739,0.420,1.159,0.269
2016-12-01 01:46:15.553,115.169,0.030,-0.672,-0.015,0.739,0.420,1.159,0.269
2016-12-01 01:46:15.563,115.191,0.030,-0.671,-0.015,0.740,0.420,1.159,0.269
2016-12-01 01:46:15.575,115.191,0.030,-0.671,-0.015,0.741,0.421,1.159,0.269
2016-12-01 01:46:15.586,115.191,0.030,-0.670,-0.015,0.742,0.421,1.159,0.269
2016-12-01 01:46:15.597,115.212,0.030,-0.669,-0.015,0.743,0.421,1.159,0.269
2016-12-01 01:46:15.608,115.233,0.030,-0.668,-0.015,0.743,0.421,1.159,0.269
2016-12-01 01:46:15.619,115.233,0.030,-0.667,-0.015,0.744,0.421,1.159,0.269
2016-12-01 01:46:15.630,115.255,0.030,-0.666,-0.015,0.745,0.421,1.159,0.269
2016-12-01 01:46:15.641,115.255,0.030,-0.666,-0.015,0.746,0.421,1.159,0.269
2016-12-01 01:46:15.652,115.276,0.031,-0.665,-0.015,0.746,0.421,1.159,0.269
2016-12-01 01:46:15.663,115.276,0.030,-0.664,-0.015,0.747,0.421,1.159,0.269
2016-12-01 01:46:15.674,115.297,0.031,-0.664,-0.015,0.747,0.421,1.159,0.269
2016-12-01 01:46:15.687,115.319,0.031,-0.663,-0.015,0.748,0.420,1.159,0.269
2016-12-01 01:46:15.698,115.319,0.031,-0.662,-0.014,0.748,0.420,1.159,0.269
2016-12-01 01:46:15.708,115.340,0.031,-0.662,-0.015,0.749,0.420,1.158,0.269
2016-12-01 01:46:15.719,115.340,0.031,-0.662,-0.015,0.749,0.420,1.158,0.269
2016-12-01 01:46:15.731,115.340,0.031,-0.661,-0.015,0.750,0.420,1.159,0.270
2016-12-01 01:46:15.742,115.361,0.031,-0.661,-0.015,0.750,0.420,1.159,0.270
2016-12-01 01:46:15.754,115.361,0.031,-0.661,-0.015,0.750,0.420,1.159,0.270
2016-12-01 01:46:15.764,115.383,0.032,-0.660,-0.015,0.750,0.420,1.158,0.270
2016-12-01 01:46:15.776,115.383,0.032,-0.660,-0.014,0.750,0.420,1.158,0.270
2016-12-01 01:46:15.786,115.404,0.032,-0.660,-0.014,0.751,0.420,1.158,0.270
2016-12-01 01:46:15.797,115.425,0.032,-0.660,-0.014,0.751,0.420,1.158,0.270
2016-12-01 01:46:15.809,115.425,0.032,-0.660,-0.014,0.751,0.420,1.158,0.270
2016-12-01 01:46:15.820,115.447,0.032,-0.660,-0.014,0.751,0.420,1.158,0.270
2016-12-01 01:46:15.831,115.447,0.032,-0.660,-0.014,0.750,0.420,1.158,0.270
2016-12-01 01:46:15.842,115.468,0.032,-0.660,-0.014,0.750,0.420,1.158,0.270
2016-12-01 01:46:15.854,115.468,0.032,-0.660,-0.014,0.750,0.420,1.158,0.270
2016-12-01 01:46:15.864,115.489,0.032,-0.660,-0.014,0.750,0.420,1.159,0.270
2016-12-01 01:46:15.876,115.511,0.032,-0.661,-0.013,0.750,0.420,1.159,0.270
2016-12-01 01:46:15.887,115.511,0.032,-0.661,-0.013,0.750,0.420,1.159,0.270
2016-12-01 01:46:15.898,115.511,0.032,-0.661,-0.013,0.749,0.420,1.158,0.270
2016-12-01 01:46:15.909,115.532,0.032,-0.661,-0.013,0.749,0.420,1.158,0.270
2016-12-01 01:46:15.921,115.532,0.032,-0.662,-0.013,0.749,0.420,1.158,0.270
2016-12-01 01:46:15.932,115.553,0.032,-0.662,-0.013,0.749,0.420,1.158,0.270
2016-12-01 01:46:15.943,115.553,0.032,-0.662,-0.013,0.749,0.420,1.158,0.270
2016-12-01 01:46:15.954,115.575,0.032,-0.662,-0.013,0.748,0.419,1.158,0.270
2016-12-01 01:46:15.965,115.575,0.032,-0.663,-0.013,0.748,0.419,1.158,0.270
2016-12-01 01:46:15.976,115.596,0.032,-0.663,-0.013,0.748,0.419,1.158,0.270
2016-12-01 01:46:15.988,115.617,0.033,-0.663,-0.013,0.748,0.419,1.158,0.270
2016-12-01 01:46:15.999,115.617,0.033,-0.663,-0.013,0.748,0.419,1.158,0.270
2016-12-01 01:46:16.010,115.639,0.033,-0.663,-0.013,0.748,0.419,1.158,0.270
2016-12-01 01:46:16.021,115.639,0.034,-0.663,-0.013,0.747,0.419,1.158,0.270
2016-12-01 01:46:16.032,115.660,0.034,-0.664,-0.013,0.747,0.419,1.158,0.270
2016-12-01 01:46:16.044,115.660,0.034,-0.664,-0.013,0.747,0.419,1.158,0.270
2016-12-01 01:46:16.054,115.681,0.035,-0.664,-0.014,0.747,0.419,1.158,0.270
2016-12-01 01:46:16.066,115.681,0.035,-0.664,-0.014,0.747,0.419,1.158,0.270
2016-12-01 01:46:16.077,115.703,0.036,-0.664,-0.014,0.747,0.419,1.158,0.271
2016-12-01 01:46:16.089,115.703,0.036,-0.664,-0.014,0.746,0.419,1.158,0.271
2016-12-01 01:46:16.099,115.724,0.037,-0.665,-0.014,0.746,0.419,1.158,0.271
2016-12-01 01:46:16.111,115.724,0.037,-0.665,-0.014,0.746,0.418,1.158,0.271
2016-12-01 01:46:16.122,115.745,0.038,-0.665,-0.014,0.745,0.418,1.158,0.271
2016-12-01 01:46:16.133,115.745,0.038,-0.666,-0.015,0.745,0.418,1.158,0.271
2016-12-01 01:46:16.144,115.767,0.039,-0.666,-0.015,0.744,0.418,1.158,0.271
2016-12-01 01:46:16.156,115.767,0.039,-0.667,-0.015,0.744,0.418,1.158,0.271
2016-12-01 01:46:16.166,115.788,0.039,-0.667,-0.015,0.743,0.418,1.158,0.271
2016-12-01 01:46:16.178,115.809,0.039,-0.668,-0.015,0.743,0.418,1.157,0.271
2016-12-01 01:46:16.189,115.809,0.040,-0.669,-0.016,0.742,0.418,1.157,0.271
2016-12-01 01:46:16.200,115.831,0.040,-0.670,-0.016,0.742,0.417,1.157,0.271
2016-12-01 01:46:16.211,115.831,0.040,-0.670,-0.016,0.741,0.417,1.157,0.271
2016-12-01 01:46:16.222,115.831,0.040,-0.671,-0.016,0.740,0.417,1.158,0.272
2016-12-01 01:46:16.233,115.852,0.039,-0.672,-0.017,0.739,0.417,1.158,0.272
2016-12-01 01:46:16.245,115.852,0.039,-0.673,-0.017,0.738,0.417,1.158,0.272
2016-12-01 01:46:16.256,115.873,0.038,-0.674,-0.018,0.738,0.418,1.158,0.272
2016-12-01 01:46:16.267,115.895,0.038,-0.675,-0.018,0.737,0.418,1.158,0.272
2016-12-01 01:46:16.278,115.895,0.037,-0.676,-0.019,0.736,0.418,1.158,0.272
2016-12-01 01:46:16.289,115.916,0.037,-0.677,-0.019,0.735,0.418,1.158,0.272
2016-12-01 01:46:16.301,115.916,0.036,-0.678,-0.020,0.734,0.418,1.158,0.272
2016-12-01 01:46:16.312,115.937,0.035,-0.680,-0.020,0.732,0.418,1.158,0.272
2016-12-01 01:46:16.323,115.937,0.034,-0.681,-0.020,0.731,0.418,1.159,0.272
2016-12-01 01:46:16.334,115.959,0.033,-0.682,-0.020,0.730,0.418,1.159,0.271
2016-12-01 01:46:16.345,115.959,0.032,-0.684,-0.020,0.729,0.418,1.159,0.271
2016-12-01 01:46:16.356,115.980,0.030,-0.685,-0.021,0.727,0.419,1.159,0.271
2016-12-01 01:46:16.367,116.001,0.029,-0.687,-0.021,0.726,0.419,1.159,0.271
2016-12-01 01:46:16.379,116.001,0.028,-0.688,-0.021,0.724,0.419,1.159,0.271
2016-12-01 01:46:16.389,116.001,0.027,-0.690,-0.021,0.723,0.419,1.160,0.271
2016-12-01 01:46:16.401,116.023,0.026,-0.692,-0.021,0.722,0.419,1.160,0.271
2016-12-01 01:46:16.412,116.023,0.026,-0.693,-0.021,0.720,0.419,1.160,0.271
2016-12-01 01:46:16.423,116.044,0.025,-0.695,-0.022,0.719,0.419,1.160,0.271
2016-12-01 01:46:16.434,116.044,0.025,-0.696,-0.022,0.717,0.419,1.160,0.271
2016-12-01 01:46:16.446,116.065,0.025,-0.698,-0.022,0.716,0.419,1.160,0.271
2016-12-01 01:46:16.457,116.087,0.024,-0.699,-0.022,0.714,0.420,1.160,0.271
2016-12-01 01:46:16.469,116.087,0.024,-0.701,-0.022,0.713,0.420,1.160,0.271
2016-12-01 01:46:16.479,116.108,0.025,-0.702,-0.022,0.712,0.420,1.160,0.271
2016-12-01 01:46:16.490,116.108,0.025,-0.703,-0.022,0.711,0.420,1.160,0.271
2016-12-01 01:46:16.501,116.129,0.026,-0.704,-0.022,0.710,0.420,1.160,0.271
2016-12-01 01:46:16.513,116.129,0.027,-0.705,-0.022,0.709,0.420,1.159,0.272
2016-12-01 01:46:16.524,116.151,0.028,-0.705,-0.022,0.708,0.420,1.159,0.272
2016-12-01 01:46:16.535,116.151,0.029,-0.706,-0.022,0.708,0.420,1.159,0.272
2016-12-01 01:46:16.546,116.172,0.030,-0.706,-0.022,0.707,0.420,1.159,0.272
2016-12-01 01:46:16.557,116.172,0.030,-0.706,-0.022,0.707,0.420,1.159,0.273
2016-12-01 01:46:16.568,116.193,0.031,-0.706,-0.022,0.707,0.420,1.159,0.273
2016-12-01 01:46:16.580,116.193,0.032,-0.706,-0.021,0.708,0.420,1.159,0.273
2016-12-01 01:46:16.591,116.215,0.033,-0.705,-0.022,0.708,0.420,1.158,0.274
2016-12-01 01:46:16.602,116.215,0.033,-0.705,-0.021,0.708,0.420,1.158,0.274
2016-12-01 01:46:16.613,116.236,0.034,-0.705,-0.022,0.709,0.420,1.159,0.274
2016-12-01 01:46:16.625,116.236,0.034,-0.704,-0.022,0.709,0.420,1.158,0.275
2016-12-01 01:46:16.636,116.257,0.034,-0.704,-0.022,0.709,0.420,1.159,0.275
2016-12-01 01:46:16.647,116.279,0.034,-0.703,-0.022,0.710,0.420,1.159,0.275
2016-12-01 01:46:16.658,116.279,0.035,-0.703,-0.023,0.710,0.420,1.159,0.275
2016-12-01 01:46:16.669,116.300,0.035,-0.702,-0.023,0.711,0.420,1.159,0.276
2016-12-01 01:46:16.681,116.300,0.035,-0.701,-0.024,0.712,0.420,1.159,0.276
2016-12-01 01:46:16.691,116.321,0.035,-0.701,-0.024,0.712,0.420,1.159,0.277
2016-12-01 01:46:16.703,116.321,0.036,-0.700,-0.025,0.713,0.420,1.159,0.277
2016-12-01 01:46:16.714,116.321,0.036,-0.700,-0.026,0.713,0.421,1.159,0.277
2016-12-01 01:46:16.725,116.343,0.036,-0.699,-0.027,0.714,0.421,1.159,0.278
2016-12-01 01:46:16.736,116.364,0.036,-0.698,-0.028,0.714,0.421,1.159,0.278
2016-12-01 01:46:16.747,116.364,0.036,-0.698,-0.029,0.715,0.421,1.159,0.279
2016-12-01 01:46:16.758,116.385,0.036,-0.697,-0.029,0.715,0.421,1.159,0.279
2016-12-01 01:46:16.770,116.385,0.036,-0.697,-0.030,0.715,0.421,1.159,0.280
2016-12-01 01:46:16.780,116.407,0.036,-0.697,-0.031,0.716,0.422,1.159,0.280
2016-12-01 01:46:16.791,116.407,0.035,-0.697,-0.032,0.716,0.422,1.159,0.281
2016-12-01 01:46:16.803,116.428,0.035,-0.696,-0.033,0.716,0.422,1.159,0.281
2016-12-01 01:46:16.815,116.428,0.036,-0.696,-0.034,0.717,0.422,1.160,0.282
2016-12-01 01:46:16.825,116.449,0.036,-0.695,-0.035,0.717,0.422,1.159,0.282
2016-12-01 01:46:16.837,116.471,0.037,-0.695,-0.036,0.717,0.422,1.159,0.283
2016-12-01 01:46:16.848,116.471,0.038,-0.694,-0.037,0.718,0.422,1.159,0.283
2016-12-01 01:46:16.859,116.492,0.039,-0.693,-0.039,0.718,0.422,1.159,0.284
2016-12-01 01:46:16.870,116.492,0.040,-0.693,-0.040,0.719,0.422,1.159,0.285
2016-12-01 01:46:16.881,116.492,0.042,-0.692,-0.040,0.720,0.423,1.159,0.286
2016-12-01 01:46:16.892,116.513,0.043,-0.691,-0.041,0.721,0.423,1.159,0.286
2016-12-01 01:46:16.903,116.513,0.043,-0.690,-0.041,0.721,0.423,1.159,0.287
2016-12-01 01:46:16.915,116.535,0.044,-0.689,-0.042,0.723,0.423,1.159,0.288
2016-12-01 01:46:16.926,116.535,0.045,-0.688,-0.042,0.724,0.423,1.159,0.288
2016-12-01 01:46:16.937,116.556,0.045,-0.686,-0.042,0.725,0.423,1.159,0.289
2016-12-01 01:46:16.948,116.577,0.046,-0.685,-0.042,0.726,0.423,1.159,0.289
2016-12-01 01:46:16.959,116.577,0.046,-0.683,-0.043,0.727,0.423,1.159,0.290
2016-12-01 01:46:16.971,116.599,0.047,-0.682,-0.043,0.729,0.423,1.159,0.291
2016-12-01 01:46:16.982,116.599,0.047,-0.680,-0.044,0.730,0.423,1.159,0.291
2016-12-01 01:46:16.993,116.620,0.047,-0.678,-0.044,0.732,0.423,1.158,0.292
2016-12-01 01:46:17.005,116.620,0.047,-0.677,-0.045,0.733,0.424,1.159,0.293
2016-12-01 01:46:17.015,116.641,0.047,-0.674,-0.046,0.735,0.424,1.159,0.293
2016-12-01 01:46:17.026,116.641,0.047,-0.672,-0.047,0.738,0.424,1.159,0.294
2016-12-01 01:46:17.038,116.663,0.046,-0.669,-0.048,0.741,0.424,1.159,0.295
2016-12-01 01:46:17.049,116.663,0.046,-0.665,-0.049,0.744,0.424,1.160,0.296
2016-12-01 01:46:17.060,116.684,0.045,-0.661,-0.050,0.748,0.424,1.160,0.297
2016-12-01 01:46:17.071,116.684,0.045,-0.656,-0.051,0.752,0.424,1.160,0.298
2016-12-01 01:46:17.082,116.705,0.045,-0.651,-0.052,0.756,0.425,1.160,0.299
2016-12-01 01:46:17.093,116.705,0.044,-0.645,-0.053,0.761,0.425,1.160,0.300
2016-12-01 01:46:17.104,116.727,0.044,-0.637,-0.054,0.767,0.425,1.160,0.301
2016-12-01 01:46:17.116,116.748,0.043,-0.630,-0.055,0.774,0.425,1.160,0.303
2016-12-01 01:46:17.127,116.748,0.043,-0.620,-0.056,0.781,0.426,1.160,0.304
2016-12-01 01:46:17.138,116.769,0.042,-0.611,-0.056,0.788,0.426,1.160,0.305
2016-12-01 01:46:17.149,116.769,0.041,-0.601,-0.057,0.796,0.427,1.161,0.306
2016-12-01 01:46:17.160,116.791,0.039,-0.591,-0.056,0.804,0.427,1.161,0.308
2016-12-01 01:46:17.172,116.791,0.038,-0.580,-0.056,0.811,0.427,1.161,0.309
2016-12-01 01:46:17.182,116.812,0.037,-0.569,-0.055,0.819,0.428,1.161,0.310
2016-12-01 01:46:17.194,116.812,0.036,-0.558,-0.055,0.827,0.428,1.161,0.312
2016-12-01 01:46:17.205,116.812,0.036,-0.546,-0.055,0.835,0.429,1.161,0.313
2016-12-01 01:46:17.216,116.833,0.035,-0.535,-0.054,0.842,0.429,1.161,0.314
2016-12-01 01:46:17.228,116.855,0.035,-0.524,-0.052,0.849,0.430,1.160,0.315
2016-12-01 01:46:17.239,116.855,0.035,-0.513,-0.051,0.856,0.430,1.160,0.315
2016-12-01 01:46:17.250,116.876,0.034,-0.503,-0.051,0.862,0.431,1.160,0.316
2016-12-01 01:46:17.261,116.876,0.034,-0.493,-0.050,0.868,0.431,1.160,0.317
2016-12-01 01:46:17.272,116.897,0.034,-0.483,-0.049,0.874,0.432,1.159,0.317
2016-12-01 01:46:17.284,116.897,0.034,-0.474,-0.047,0.879,0.432,1.159,0.318
2016-12-01 01:46:17.295,116.919,0.033,-0.465,-0.046,0.884,0.433,1.159,0.318
2016-12-01 01:46:17.306,116.940,0.033,-0.457,-0.044,0.888,0.433,1.159,0.318
2016-12-01 01:46:17.317,116.940,0.033,-0.449,-0.043,0.892,0.434,1.159,0.319
2016-12-01 01:46:17.328,116.961,0.033,-0.441,-0.042,0.896,0.434,1.159,0.319
2016-12-01 01:46:17.339,116.961,0.033,-0.434,-0.041,0.900,0.434,1.158,0.319
2016-12-01 01:46:17.350,116.983,0.033,-0.426,-0.040,0.903,0.434,1.158,0.319
2016-12-01 01:46:17.361,116.983,0.033,-0.420,-0.038,0.906,0.435,1.158,0.319
2016-12-01 01:46:17.372,116.983,0.033,-0.414,-0.036,0.909,0.435,1.158,0.319
2016-12-01 01:46:17.384,117.004,0.033,-0.408,-0.035,0.912,0.436,1.158,0.319
2016-12-01 01:46:17.396,117.004,0.033,-0.403,-0.034,0.914,0.436,1.157,0.318
2016-12-01 01:46:17.406,117.025,0.032,-0.397,-0.032,0.916,0.436,1.157,0.318
2016-12-01 01:46:17.418,117.047,0.032,-0.392,-0.031,0.919,0.436,1.157,0.318
2016-12-01 01:46:17.429,117.047,0.031,-0.387,-0.030,0.921,0.437,1.157,0.318
2016-12-01 01:46:17.440,117.068,0.031,-0.383,-0.028,0.923,0.437,1.157,0.318
2016-12-01 01:46:17.451,117.068,0.031,-0.379,-0.027,0.925,0.437,1.157,0.317
2016-12-01 01:46:17.462,117.089,0.031,-0.375,-0.026,0.926,0.437,1.157,0.317
2016-12-01 01:46:17.473,117.089,0.030,-0.371,-0.025,0.928,0.438,1.157,0.316
2016-12-01 01:46:17.484,117.111,0.030,-0.367,-0.024,0.929,0.438,1.157,0.316
2016-12-01 01:46:17.495,117.111,0.029,-0.363,-0.023,0.931,0.438,1.157,0.316
2016-12-01 01:46:17.507,117.132,0.029,-0.359,-0.022,0.933,0.438,1.157,0.315
2016-12-01 01:46:17.518,117.132,0.028,-0.355,-0.022,0.934,0.439,1.157,0.315
2016-12-01 01:46:17.529,117.153,0.028,-0.351,-0.021,0.936,0.439,1.157,0.315
2016-12-01 01:46:17.540,117.153,0.028,-0.347,-0.020,0.937,0.439,1.157,0.314
2016-12-01 01:46:17.551,117.175,0.026,-0.343,-0.020,0.939,0.439,1.157,0.314
2016-12-01 01:46:17.562,117.175,0.025,-0.338,-0.019,0.941,0.440,1.157,0.314
2016-12-01 01:46:17.574,117.196,0.024,-0.332,-0.018,0.943,0.440,1.157,0.313
2016-12-01 01:46:17.585,117.196,0.022,-0.327,-0.017,0.945,0.440,1.157,0.313
2016-12-01 01:46:17.596,117.217,0.021,-0.322,-0.016,0.946,0.441,1.158,0.312
2016-12-01 01:46:17.608,117.239,0.020,-0.316,-0.014,0.948,0.441,1.158,0.312
2016-12-01 01:46:17.618,117.239,0.019,-0.312,-0.012,0.950,0.441,1.158,0.311
2016-12-01 01:46:17.630,117.260,0.017,-0.307,-0.011,0.952,0.442,1.158,0.311
2016-12-01 01:46:17.641,117.260,0.016,-0.302,-0.010,0.953,0.442,1.158,0.310
2016-12-01 01:46:17.652,117.281,0.014,-0.298,-0.009,0.954,0.442,1.158,0.310
2016-12-01 01:46:17.663,117.281,0.012,-0.293,-0.008,0.956,0.442,1.158,0.309
2016-12-01 01:46:17.674,117.303,0.010,-0.289,-0.008,0.957,0.443,1.158,0.309
2016-12-01 01:46:17.686,117.303,0.008,-0.284,-0.008,0.959,0.443,1.159,0.308
2016-12-01 01:46:17.696,117.324,0.007,-0.279,-0.007,0.960,0.444,1.159,0.308
2016-12-01 01:46:17.708,117.324,0.005,-0.275,-0.006,0.962,0.444,1.159,0.307
2016-12-01 01:46:17.719,117.345,0.003,-0.270,-0.006,0.963,0.444,1.159,0.306
2016-12-01 01:46:17.730,117.345,0.000,-0.266,-0.005,0.964,0.444,1.160,0.305
2016-12-01 01:46:17.741,117.367,-0.004,-0.261,-0.005,0.965,0.445,1.160,0.304
2016-12-01 01:46:17.753,117.367,-0.007,-0.256,-0.004,0.967,0.445,1.160,0.304
2016-12-01 01:46:17.764,117.388,-0.010,-0.250,-0.003,0.968,0.446,1.161,0.303
2016-12-01 01:46:17.776,117.388,-0.014,-0.245,-0.002,0.969,0.447,1.162,0.302
2016-12-01 01:46:17.786,117.409,-0.018,-0.239,-0.001,0.971,0.447,1.162,0.301
2016-12-01 01:46:17.797,117.431,-0.022,-0.233,0.000,0.972,0.448,1.163,0.300
2016-12-01 01:46:17.809,117.431,-0.026,-0.228,0.001,0.973,0.448,1.163,0.300
2016-12-01 01:46:17.819,117.452,-0.030,-0.223,0.002,0.974,0.449,1.164,0.299
2016-12-01 01:46:17.831,117.452,-0.035,-0.217,0.003,0.976,0.449,1.165,0.298
2016-12-01 01:46:17.842,117.452,-0.040,-0.212,0.003,0.977,0.450,1.166,0.297
2016-12-01 01:46:17.853,117.473,-0.044,-0.206,0.003,0.978,0.450,1.166,0.296
2016-12-01 01:46:17.864,117.473,-0.049,-0.200,0.003,0.978,0.451,1.167,0.295
2016-12-01 01:46:17.875,117.495,-0.054,-0.195,0.002,0.979,0.451,1.168,0.295
2016-12-01 01:46:17.887,117.516,-0.059,-0.189,0.002,0.980,0.452,1.169,0.294
2016-12-01 01:46:17.898,117.516,-0.064,-0.183,0.002,0.981,0.452,1.169,0.293
2016-12-01 01:46:17.909,117.537,-0.068,-0.177,0.002,0.982,0.452,1.170,0.292
2016-12-01 01:46:17.920,117.537,-0.072,-0.172,0.001,0.982,0.453,1.171,0.292
2016-12-01 01:46:17.931,117.559,-0.077,-0.166,0.001,0.983,0.453,1.171,0.291
2016-12-01 01:46:17.943,117.559,-0.081,-0.160,0.000,0.984,0.454,1.172,0.290
2016-12-01 01:46:17.954,117.580,-0.085,-0.153,-0.002,0.985,0.454,1.172,0.289
2016-12-01 01:46:17.965,117.580,-0.089,-0.146,-0.004,0.985,0.455,1.173,0.289
2016-12-01 01:46:17.976,117.601,-0.093,-0.137,-0.007,0.986,0.456,1.173,0.288
2016-12-01 01:46:17.987,117.623,-0.097,-0.128,-0.011,0.987,0.457,1.174,0.288
2016-12-01 01:46:17.999,117.623,-0.101,-0.118,-0.015,0.988,0.458,1.174,0.287
2016-12-01 01:46:18.009,117.623,-0.104,-0.105,-0.020,0.989,0.460,1.175,0.287
2016-12-01 01:46:18.020,117.644,-0.107,-0.092,-0.024,0.990,0.461,1.175,0.287
2016-12-01 01:46:18.032,117.644,-0.109,-0.079,-0.026,0.991,0.463,1.175,0.286
2016-12-01 01:46:18.043,117.665,-0.110,-0.066,-0.029,0.991,0.465,1.175,0.286
2016-12-01 01:46:18.054,117.665,-0.111,-0.052,-0.031,0.992,0.467,1.175,0.286
2016-12-01 01:46:18.065,117.687,-0.111,-0.040,-0.033,0.993,0.469,1.175,0.285
2016-12-01 01:46:18.077,117.708,-0.110,-0.027,-0.034,0.993,0.470,1.175,0.285
2016-12-01 01:46:18.087,117.708,-0.109,-0.016,-0.035,0.993,0.472,1.175,0.285
2016-12-01 01:46:18.098,117.729,-0.107,-0.005,-0.036,0.994,0.474,1.175,0.285
2016-12-01 01:46:18.110,117.729,-0.104,0.005,-0.036,0.994,0.475,1.174,0.284
2016-12-01 01:46:18.121,117.751,-0.102,0.014,-0.036,0.994,0.477,1.174,0.284
2016-12-01 01:46:18.132,117.751,-0.099,0.023,-0.037,0.994,0.478,1.173,0.284
2016-12-01 01:46:18.144,117.772,-0.097,0.031,-0.039,0.994,0.479,1.173,0.284
2016-12-01 01:46:18.155,117.772,-0.094,0.038,-0.041,0.994,0.480,1.173,0.283
2016-12-01 01:46:18.166,117.793,-0.092,0.046,-0.044,0.994,0.482,1.172,0.284
2016-12-01 01:46:18.177,117.793,-0.089,0.053,-0.047,0.994,0.483,1.172,0.283
2016-12-01 01:46:18.188,117.815,-0.087,0.059,-0.050,0.993,0.484,1.171,0.283
2016-12-01 01:46:18.199,117.815,-0.084,0.064,-0.052,0.993,0.485,1.171,0.284
2016-12-01 01:46:18.210,117.836,-0.082,0.069,-0.055,0.993,0.486,1.170,0.284
2016-12-01 01:46:18.222,117.836,-0.080,0.074,-0.057,0.992,0.487,1.170,0.284
2016-12-01 01:46:18.233,117.857,-0.078,0.077,-0.059,0.992,0.488,1.169,0.284
2016-12-01 01:46:18.244,117.857,-0.077,0.081,-0.060,0.992,0.489,1.169,0.284
2016-12-01 01:46:18.255,117.879,-0.075,0.083,-0.062,0.992,0.490,1.169,0.284
2016-12-01 01:46:18.266,117.900,-0.073,0.085,-0.064,0.992,0.491,1.168,0.284
2016-12-01 01:46:18.278,117.900,-0.072,0.086,-0.065,0.992,0.491,1.168,0.284
2016-12-01 01:46:18.288,117.921,-0.072,0.087,-0.066,0.991,0.492,1.168,0.284
2016-12-01 01:46:18.300,117.921,-0.071,0.087,-0.067,0.991,0.492,1.168,0.284
2016-12-01 01:46:18.311,117.943,-0.071,0.086,-0.068,0.991,0.492,1.168,0.284
2016-12-01 01:46:18.322,117.943,-0.071,0.085,-0.068,0.991,0.493,1.168,0.285
2016-12-01 01:46:18.333,117.943,-0.071,0.084,-0.069,0.992,0.493,1.168,0.285
2016-12-01 01:46:18.345,117.964,-0.071,0.082,-0.069,0.992,0.493,1.169,0.285
2016-12-01 01:46:18.356,117.964,-0.071,0.080,-0.070,0.992,0.493,1.169,0.285
2016-12-01 01:46:18.367,117.985,-0.072,0.077,-0.070,0.992,0.493,1.169,0.285
2016-12-01 01:46:18.378,118.007,-0.072,0.073,-0.069,0.992,0.493,1.169,0.285
2016-12-01 01:46:18.389,118.007,-0.072,0.070,-0.069,0.993,0.493,1.169,0.285
2016-12-01 01:46:18.400,118.028,-0.073,0.066,-0.068,0.993,0.492,1.169,0.285
2016-12-01 01:46:18.412,118.028,-0.073,0.061,-0.067,0.993,0.492,1.170,0.286
2016-12-01 01:46:18.423,118.049,-0.074,0.055,-0.065,0.994,0.491,1.170,0.286
2016-12-01 01:46:18.434,118.049,-0.074,0.048,-0.064,0.994,0.490,1.170,0.286
2016-12-01 01:46:18.445,118.071,-0.074,0.040,-0.062,0.994,0.489,1.170,0.286
2016-12-01 01:46:18.456,118.092,-0.074,0.032,-0.059,0.995,0.488,1.171,0.286
2016-12-01 01:46:18.467,118.092,-0.074,0.021,-0.057,0.995,0.487,1.171,0.286
2016-12-01 01:46:18.478,118.113,-0.073,0.010,-0.053,0.996,0.485,1.171,0.286
2016-12-01 01:46:18.489,118.113,-0.071,-0.003,-0.049,0.996,0.483,1.171,0.286
2016-12-01 01:46:18.500,118.113,-0.069,-0.018,-0.046,0.996,0.481,1.171,0.286
2016-12-01 01:46:18.512,118.135,-0.067,-0.034,-0.042,0.996,0.479,1.171,0.286
2016-12-01 01:46:18.524,118.135,-0.064,-0.054,-0.039,0.996,0.476,1.171,0.286
2016-12-01 01:46:18.535,118.156,-0.061,-0.077,-0.035,0.995,0.473,1.170,0.286
2016-12-01 01:46:18.546,118.156,-0.059,-0.100,-0.033,0.993,0.470,1.170,0.286
2016-12-01 01:46:18.557,118.177,-0.056,-0.125,-0.031,0.990,0.467,1.170,0.286
2016-12-01 01:46:18.568,118.199,-0.053,-0.151,-0.030,0.987,0.464,1.170,0.286
2016-12-01 01:46:18.579,118.199,-0.050,-0.178,-0.027,0.982,0.461,1.169,0.285
2016-12-01 01:46:18.590,118.220,-0.047,-0.206,-0.024,0.977,0.457,1.169,0.284
2016-12-01 01:46:18.602,118.220,-0.044,-0.236,-0.020,0.971,0.453,1.168,0.283
2016-12-01 01:46:18.612,118.241,-0.041,-0.266,-0.018,0.963,0.450,1.167,0.282
2016-12-01 01:46:18.624,118.241,-0.037,-0.297,-0.018,0.954,0.446,1.167,0.281
2016-12-01 01:46:18.635,118.263,-0.034,-0.328,-0.017,0.944,0.443,1.166,0.279
2016-12-01 01:46:18.646,118.263,-0.030,-0.359,-0.018,0.933,0.439,1.166,0.277
2016-12-01 01:46:18.657,118.284,-0.027,-0.389,-0.018,0.921,0.436,1.165,0.275
2016-12-01 01:46:18.668,118.284,-0.023,-0.418,-0.018,0.908,0.433,1.165,0.273
2016-12-01 01:46:18.679,118.305,-0.019,-0.447,-0.018,0.894,0.431,1.164,0.270
2016-12-01 01:46:18.691,118.305,-0.015,-0.475,-0.019,0.880,0.428,1.164,0.268
2016-12-01 01:46:18.702,118.327,-0.011,-0.501,-0.019,0.865,0.426,1.163,0.265
2016-12-01 01:46:18.714,118.327,-0.008,-0.527,-0.019,0.850,0.424,1.162,0.262
2016-12-01 01:46:18.724,118.348,-0.004,-0.551,-0.019,0.834,0.422,1.162,0.260
2016-12-01 01:46:18.736,118.348,-0.001,-0.575,-0.019,0.818,0.421,1.162,0.257
2016-12-01 01:46:18.747,118.369,0.001,-0.596,-0.018,0.803,0.419,1.161,0.254
2016-12-01 01:46:18.758,118.391,0.003,-0.616,-0.017,0.787,0.418,1.161,0.252
2016-12-01 01:46:18.769,118.391,0.003,-0.634,-0.017,0.773,0.418,1.161,0.249
2016-12-01 01:46:18.780,118.412,0.003,-0.650,-0.016,0.760,0.417,1.161,0.247
2016-12-01 01:46:18.791,118.412,0.003,-0.664,-0.015,0.747,0.416,1.161,0.245
2016-12-01 01:46:18.802,118.433,0.003,-0.677,-0.014,0.736,0.416,1.161,0.243
2016-12-01 01:46:18.814,118.433,0.002,-0.688,-0.013,0.725,0.416,1.162,0.241
2016-12-01 01:46:18.825,118.433,0.002,-0.698,-0.012,0.716,0.415,1.162,0.239
2016-12-01 01:46:18.836,118.455,0.002,-0.706,-0.011,0.708,0.415,1.162,0.238
2016-12-01 01:46:18.847,118.476,0.001,-0.714,-0.010,0.700,0.415,1.162,0.237
2016-12-01 01:46:18.858,118.476,0.000,-0.720,-0.009,0.693,0.415,1.162,0.236
2016-12-01 01:46:18.869,118.497,-0.001,-0.727,-0.007,0.687,0.415,1.162,0.234
2016-12-01 01:46:18.881,118.497,-0.002,-0.732,-0.005,0.682,0.415,1.162,0.234
2016-12-01 01:46:18.892,118.519,-0.004,-0.737,-0.004,0.676,0.414,1.162,0.233
2016-12-01 01:46:18.904,118.519,-0.005,-0.741,-0.002,0.672,0.414,1.162,0.232
2016-12-01 01:46:18.914,118.540,-0.006,-0.744,-0.002,0.669,0.414,1.162,0.232
2016-12-01 01:46:18.925,118.540,-0.008,-0.746,-0.001,0.666,0.414,1.162,0.232
2016-12-01 01:46:18.937,118.561,-0.009,-0.748,0.000,0.663,0.414,1.162,0.232
2016-12-01 01:46:18.948,118.583,-0.010,-0.750,0.000,0.661,0.414,1.162,0.232
2016-12-01 01:46:18.959,118.583,-0.011,-0.752,0.000,0.660,0.414,1.162,0.232
2016-12-01 01:46:18.970,118.604,-0.012,-0.753,0.001,0.658,0.414,1.162,0.232
2016-12-01 01:46:18.982,118.604,-0.012,-0.754,0.001,0.656,0.414,1.162,0.232
2016-12-01 01:46:18.992,118.604,-0.012,-0.756,0.002,0.655,0.414,1.162,0.233
2016-12-01 01:46:19.003,118.625,-0.011,-0.757,0.002,0.654,0.413,1.161,0.233
2016-12-01 01:46:19.015,118.625,-0.011,-0.758,0.002,0.652,0.413,1.161,0.234
2016-12-01 01:46:19.026,118.647,-0.010,-0.759,0.002,0.651,0.413,1.161,0.234
2016-12-01 01:46:19.037,118.668,-0.009,-0.761,0.003,0.649,0.413,1.161,0.235
2016-12-01 01:46:19.048,118.668,-0.008,-0.762,0.003,0.647,0.413,1.161,0.235
2016-12-01 01:46:19.059,118.689,-0.006,-0.764,0.002,0.645,0.413,1.161,0.236
2016-12-01 01:46:19.071,118.689,-0.004,-0.765,0.002,0.644,0.413,1.161,0.237
2016-12-01 01:46:19.082,118.711,-0.003,-0.767,0.002,0.642,0.413,1.161,0.238
2016-12-01 01:46:19.094,118.711,-0.001,-0.769,0.001,0.640,0.413,1.161,0.238
2016-12-01 01:46:19.105,118.732,0.001,-0.770,0.001,0.638,0.413,1.161,0.239
2016-12-01 01:46:19.116,118.732,0.003,-0.772,0.001,0.636,0.413,1.161,0.240
2016-12-01 01:46:19.127,118.753,0.005,-0.773,0.001,0.634,0.412,1.161,0.241
2016-12-01 01:46:19.138,118.753,0.007,-0.775,0.000,0.632,0.412,1.160,0.242
2016-12-01 01:46:19.149,118.775,0.009,-0.777,0.000,0.629,0.412,1.160,0.242
2016-12-01 01:46:19.160,118.775,0.010,-0.779,-0.001,0.626,0.412,1.160,0.243
2016-12-01 01:46:19.171,118.796,0.012,-0.781,-0.001,0.624,0.412,1.160,0.244
2016-12-01 01:46:19.183,118.796,0.014,-0.783,-0.002,0.621,0.412,1.160,0.245
2016-12-01 01:46:19.193,118.817,0.015,-0.785,-0.002,0.619,0.412,1.160,0.245
2016-12-01 01:46:19.205,118.817,0.017,-0.787,-0.002,0.616,0.411,1.160,0.246
2016-12-01 01:46:19.216,118.839,0.018,-0.789,-0.002,0.614,0.411,1.160,0.247
2016-12-01 01:46:19.227,118.860,0.020,-0.791,-0.001,0.612,0.411,1.159,0.248
2016-12-01 01:46:19.238,118.860,0.021,-0.792,-0.001,0.610,0.411,1.159,0.248
2016-12-01 01:46:19.249,118.881,0.022,-0.794,0.000,0.607,0.410,1.159,0.249
2016-12-01 01:46:19.261,118.881,0.022,-0.796,0.001,0.605,0.410,1.159,0.250
2016-12-01 01:46:19.272,118.903,0.023,-0.798,0.002,0.602,0.410,1.159,0.250
2016-12-01 01:46:19.283,118.903,0.023,-0.800,0.003,0.600,0.410,1.159,0.251
2016-12-01 01:46:19.294,118.924,0.023,-0.802,0.003,0.597,0.409,1.159,0.251
2016-12-01 01:46:19.306,118.924,0.023,-0.804,0.004,0.595,0.409,1.159,0.252
2016-12-01 01:46:19.316,118.945,0.024,-0.805,0.005,0.592,0.408,1.158,0.252
2016-12-01 01:46:19.328,118.945,0.024,-0.807,0.006,0.590,0.408,1.158,0.253
2016-12-01 01:46:19.339,118.967,0.024,-0.808,0.006,0.588,0.408,1.158,0.253
2016-12-01 01:46:19.350,118.967,0.024,-0.810,0.007,0.586,0.407,1.158,0.254
2016-12-01 01:46:19.361,118.988,0.024,-0.811,0.007,0.584,0.407,1.158,0.255
2016-12-01 01:46:19.372,118.988,0.025,-0.813,0.007,0.582,0.407,1.158,0.255
2016-12-01 01:46:19.383,119.009,0.025,-0.814,0.007,0.580,0.406,1.159,0.256
2016-12-01 01:46:19.394,119.009,0.026,-0.815,0.007,0.579,0.406,1.159,0.256
2016-12-01 01:46:19.405,119.031,0.026,-0.816,0.006,0.577,0.406,1.159,0.257
2016-12-01 01:46:19.417,119.052,0.026,-0.817,0.006,0.576,0.405,1.159,0.257
2016-12-01 01:46:19.428,119.052,0.026,-0.818,0.006,0.574,0.405,1.159,0.258
2016-12-01 01:46:19.439,119.073,0.027,-0.819,0.006,0.573,0.405,1.159,0.258
2016-12-01 01:46:19.451,119.073,0.027,-0.820,0.006,0.572,0.404,1.159,0.259
2016-12-01 01:46:19.461,119.073,0.027,-0.821,0.005,0.571,0.404,1.159,0.259
2016-12-01 01:46:19.473,119.095,0.027,-0.822,0.005,0.569,0.404,1.159,0.260
2016-12-01 01:46:19.484,119.095,0.027,-0.822,0.004,0.568,0.403,1.159,0.260
2016-12-01 01:46:19.495,119.116,0.027,-0.823,0.004,0.567,0.403,1.159,0.261
2016-12-01 01:46:19.506,119.137,0.027,-0.824,0.003,0.566,0.402,1.159,0.261
2016-12-01 01:46:19.518,119.137,0.027,-0.825,0.003,0.565,0.402,1.159,0.261
2016-12-01 01:46:19.529,119.159,0.027,-0.826,0.002,0.564,0.402,1.159,0.262
2016-12-01 01:46:19.540,119.159,0.027,-0.826,0.002,0.562,0.401,1.159,0.262
2016-12-01 01:46:19.551,119.180,0.026,-0.828,0.001,0.561,0.401,1.159,0.262
2016-12-01 01:46:19.562,119.180,0.026,-0.829,0.001,0.559,0.401,1.159,0.262
2016-12-01 01:46:19.573,119.201,0.026,-0.830,0.001,0.557,0.401,1.159,0.262
2016-12-01 01:46:19.585,119.201,0.026,-0.831,0.001,0.556,0.400,1.159,0.263
2016-12-01 01:46:19.595,119.223,0.026,-0.832,0.001,0.553,0.400,1.159,0.263
2016-12-01 01:46:19.607,119.244,0.027,-0.834,0.002,0.551,0.400,1.159,0.263
2016-12-01 01:46:19.617,119.244,0.027,-0.836,0.002,0.549,0.400,1.159,0.262
2016-12-01 01:46:19.629,119.244,0.027,-0.837,0.002,0.546,0.400,1.159,0.262
2016-12-01 01:46:19.640,119.265,0.027,-0.839,0.002,0.543,0.400,1.159,0.262
2016-12-01 01:46:19.652,119.265,0.028,-0.842,0.002,0.540,0.400,1.159,0.262
2016-12-01 01:46:19.663,119.287,0.028,-0.844,0.002,0.536,0.400,1.159,0.262
2016-12-01 01:46:19.674,119.287,0.029,-0.846,0.002,0.532,0.400,1.159,0.261
2016-12-01 01:46:19.685,119.308,0.029,-0.849,0.002,0.528,0.400,1.159,0.261
2016-12-01 01:46:19.696,119.308,0.029,-0.852,0.002,0.524,0.400,1.159,0.261
2016-12-01 01:46:19.707,119.329,0.030,-0.854,0.002,0.519,0.400,1.159,0.260
2016-12-01 01:46:19.719,119.351,0.030,-0.858,0.002,0.513,0.400,1.159,0.260
2016-12-01 01:46:19.729,119.351,0.031,-0.861,0.002,0.508,0.401,1.159,0.259
2016-12-01 01:46:19.741,119.372,0.031,-0.864,0.003,0.502,0.401,1.159,0.259
2016-12-01 01:46:19.752,119.372,-0.032,0.868,-0.003,-0.495,0.401,1.159,0.258
2016-12-01 01:46:19.763,119.393,-0.033,0.872,-0.003,-0.489,0.401,1.159,0.258
2016-12-01 01:46:19.775,119.393,-0.033,0.876,-0.003,-0.481,0.402,1.159,0.257
2016-12-01 01:46:19.785,119.415,-0.033,0.880,-0.004,-0.474,0.402,1.159,0.256
2016-12-01 01:46:19.796,119.415,-0.033,0.884,-0.005,-0.467,0.403,1.159,0.256
2016-12-01 01:46:19.807,119.436,-0.032,0.888,-0.006,-0.459,0.403,1.159,0.255
2016-12-01 01:46:19.819,119.436,-0.031,0.892,-0.007,-0.451,0.404,1.159,0.254
2016-12-01 01:46:19.830,119.457,-0.031,0.896,-0.008,-0.444,0.404,1.159,0.254
2016-12-01 01:46:19.842,119.457,-0.031,0.900,-0.010,-0.435,0.404,1.159,0.253
2016-12-01 01:46:19.853,119.479,-0.031,0.904,-0.011,-0.427,0.405,1.159,0.252
2016-12-01 01:46:19.864,119.479,-0.031,0.908,-0.012,-0.418,0.405,1.159,0.251
2016-12-01 01:46:19.875,119.500,-0.030,0.912,-0.013,-0.409,0.406,1.159,0.251
2016-12-01 01:46:19.886,119.521,-0.030,0.916,-0.013,-0.400,0.407,1.158,0.250
2016-12-01 01:46:19.897,119.521,-0.030,0.921,-0.013,-0.389,0.407,1.158,0.249
2016-12-01 01:46:19.908,119.543,-0.029,0.925,-0.013,-0.379,0.408,1.158,0.248
2016-12-01 01:46:19.919,119.543,-0.029,0.929,-0.014,-0.368,0.409,1.158,0.247
2016-12-01 01:46:19.930,119.564,-0.029,0.933,-0.014,-0.357,0.409,1.158,0.246
2016-12-01 01:46:19.942,119.564,-0.029,0.938,-0.013,-0.346,0.410,1.158,0.246
2016-12-01 01:46:19.953,119.564,-0.028,0.942,-0.012,-0.335,0.411,1.158,0.245
2016-12-01 01:46:19.964,119.585,-0.027,0.946,-0.010,-0.323,0.412,1.158,0.244
2016-12-01 01:46:19.975,119.585,-0.026,0.951,-0.008,-0.309,0.414,1.158,0.244
2016-12-01 01:46:19.986,119.607,-0.027,0.955,-0.006,-0.296,0.415,1.158,0.243
2016-12-01 01:46:19.998,119.628,-0.028,0.959,-0.003,-0.282,0.416,1.159,0.242
2016-12-01 01:46:20.009,119.628,-0.029,0.963,0.000,-0.266,0.418,1.160,0.242
2016-12-01 01:46:20.020,119.649,-0.031,0.968,0.004,-0.250,0.419,1.160,0.241
2016-12-01 01:46:20.031,119.649,-0.032,0.972,0.009,-0.232,0.421,1.161,0.240
2016-12-01 01:46:20.042,119.671,-0.032,0.976,0.015,-0.214,0.423,1.161,0.240
2016-12-01 01:46:20.054,119.671,-0.033,0.980,0.020,-0.195,0.425,1.162,0.239
2016-12-01 01:46:20.065,119.692,-0.034,0.983,0.026,-0.176,0.427,1.163,0.238
2016-12-01 01:46:20.076,119.713,-0.036,0.987,0.032,-0.156,0.429,1.164,0.238
2016-12-01 01:46:20.087,119.713,-0.036,0.989,0.038,-0.136,0.431,1.165,0.238
2016-12-01 01:46:20.098,119.735,-0.036,0.992,0.045,-0.116,0.433,1.166,0.238
2016-12-01 01:46:20.109,119.735,-0.037,0.993,0.050,-0.097,0.435,1.166,0.238
2016-12-01 01:46:20.120,119.735,-0.038,0.995,0.055,-0.078,0.437,1.167,0.238
2016-12-01 01:46:20.131,119.756,-0.039,0.996,0.060,-0.060,0.439,1.168,0.238
2016-12-01 01:46:20.143,119.756,-0.041,0.996,0.063,-0.043,0.441,1.168,0.238
2016-12-01 01:46:20.154,119.777,-0.043,0.997,0.066,-0.027,0.443,1.169,0.239
2016-12-01 01:46:20.165,119.777,-0.043,0.997,0.068,-0.012,0.445,1.169,0.239
2016-12-01 01:46:20.176,119.799,-0.043,0.997,0.068,0.002,0.447,1.170,0.239
2016-12-01 01:46:20.188,119.820,-0.041,0.997,0.068,0.015,0.449,1.170,0.239
2016-12-01 01:46:20.199,119.820,-0.040,0.997,0.067,0.027,0.450,1.170,0.240
2016-12-01 01:46:20.210,119.841,-0.040,0.996,0.065,0.038,0.452,1.170,0.240
2016-12-01 01:46:20.221,119.841,-0.039,0.996,0.063,0.048,0.454,1.170,0.240
2016-12-01 01:46:20.232,119.863,-0.038,0.996,0.060,0.057,0.455,1.170,0.240
2016-12-01 01:46:20.244,119.863,-0.036,0.996,0.056,0.064,0.456,1.169,0.241
2016-12-01 01:46:20.255,119.884,-0.033,0.996,0.053,0.071,0.457,1.169,0.241
2016-12-01 01:46:20.266,119.884,-0.030,0.995,0.051,0.077,0.458,1.168,0.241
2016-12-01 01:46:20.277,119.905,-0.027,0.995,0.048,0.082,0.459,1.168,0.242
2016-12-01 01:46:20.288,119.905,-0.025,0.995,0.046,0.087,0.460,1.168,0.242
2016-12-01 01:46:20.299,119.927,-0.022,0.995,0.044,0.090,0.461,1.167,0.242
2016-12-01 01:46:20.311,119.927,-0.019,0.995,0.043,0.093,0.461,1.167,0.242
2016-12-01 01:46:20.322,119.948,-0.016,0.995,0.042,0.094,0.462,1.167,0.243
2016-12-01 01:46:20.333,119.948,-0.013,0.994,0.042,0.095,0.462,1.167,0.243
2016-12-01 01:46:20.345,119.969,-0.011,0.994,0.042,0.097,0.462,1.167,0.243
2016-12-01 01:46:20.355,119.969,-0.008,0.994,0.044,0.098,0.462,1.167,0.243
2016-12-01 01:46:20.366,119.991,-0.006,0.994,0.045,0.099,0.463,1.167,0.243
2016-12-01 01:46:20.378,120.012,-0.005,0.994,0.046,0.099,0.462,1.167,0.244
2016-12-01 01:46:20.389,120.012,-0.003,0.994,0.047,0.099,0.462,1.167,0.244
2016-12-01 01:46:20.400,120.033,-0.002,0.994,0.049,0.099,0.462,1.167,0.244
2016-12-01 01:46:20.411,120.033,-0.002,0.994,0.050,0.098,0.462,1.168,0.244
2016-12-01 01:46:20.422,120.055,-0.001,0.994,0.051,0.097,0.462,1.168,0.244
2016-12-01 01:46:20.434,120.055,0.000,0.994,0.053,0.096,0.461,1.168,0.245
2016-12-01 01:46:20.445,120.055,0.000,0.994,0.055,0.094,0.460,1.168,0.245
2016-12-01 01:46:20.456,120.076,0.001,0.994,0.057,0.092,0.460,1.169,0.245
2016-12-01 01:46:20.467,120.097,0.002,0.994,0.059,0.091,0.459,1.169,0.246
2016-12-01 01:46:20.478,120.097,0.002,0.994,0.062,0.089,0.459,1.169,0.246
2016-12-01 01:46:20.489,120.119,0.003,0.994,0.064,0.086,0.458,1.170,0.247
2016-12-01 01:46:20.500,120.119,0.003,0.994,0.067,0.083,0.457,1.170,0.247
2016-12-01 01:46:20.511,120.140,0.004,0.994,0.069,0.079,0.456,1.170,0.247
2016-12-01 01:46:20.523,120.140,0.005,0.995,0.072,0.075,0.455,1.171,0.248
2016-12-01 01:46:20.534,120.161,0.006,0.995,0.075,0.070,0.454,1.171,0.248
2016-12-01 01:46:20.545,120.161,0.007,0.995,0.078,0.065,0.453,1.172,0.248
2016-12-01 01:46:20.556,120.183,0.007,0.995,0.081,0.061,0.452,1.172,0.249
2016-12-01 01:46:20.567,120.204,0.007,0.995,0.083,0.056,0.451,1.173,0.249
2016-12-01 01:46:20.579,120.204,0.007,0.995,0.086,0.052,0.450,1.173,0.250
2016-12-01 01:46:20.590,120.225,0.007,0.995,0.088,0.046,0.449,1.173,0.250
2016-12-01 01:46:20.601,120.225,0.007,0.995,0.089,0.041,0.448,1.174,0.251
2016-12-01 01:46:20.612,120.225,0.007,0.995,0.090,0.035,0.446,1.174,0.251
2016-12-01 01:46:20.623,120.247,0.008,0.995,0.092,0.028,0.445,1.174,0.251
2016-12-01 01:46:20.634,120.247,0.009,0.995,0.093,0.022,0.444,1.174,0.251
2016-12-01 01:46:20.645,120.268,0.010,0.995,0.094,0.017,0.443,1.174,0.252
2016-12-01 01:46:20.657,120.289,0.010,0.995,0.095,0.011,0.441,1.174,0.252
2016-12-01 01:46:20.668,120.289,0.011,0.995,0.096,0.006,0.440,1.174,0.252
2016-12-01 01:46:20.679,120.311,0.011,0.995,0.095,0.001,0.439,1.174,0.252
2016-12-01 01:46:20.690,120.311,0.011,0.995,0.095,-0.005,0.438,1.174,0.252
2016-12-01 01:46:20.701,120.332,0.011,0.996,0.093,-0.011,0.437,1.174,0.252
2016-12-01 01:46:20.713,120.332,0.011,0.996,0.092,-0.018,0.436,1.174,0.252
2016-12-01 01:46:20.723,120.353,0.011,0.996,0.090,-0.024,0.435,1.174,0.253
2016-12-01 01:46:20.735,120.353,0.011,0.996,0.088,-0.030,0.433,1.173,0.252
2016-12-01 01:46:20.746,120.375,0.011,0.996,0.086,-0.035,0.432,1.173,0.252
2016-12-01 01:46:20.757,120.375,0.011,0.996,0.084,-0.040,0.431,1.173,0.253
2016-12-01 01:46:20.768,120.396,0.011,0.996,0.081,-0.045,0.430,1.172,0.252
2016-12-01 01:46:20.780,120.396,0.010,0.996,0.078,-0.050,0.429,1.172,0.253
2016-12-01 01:46:20.791,120.417,0.009,0.996,0.075,-0.055,0.428,1.171,0.252
2016-12-01 01:46:20.802,120.417,0.009,0.996,0.072,-0.061,0.427,1.170,0.252
2016-12-01 01:46:20.813,120.439,0.009,0.995,0.069,-0.065,0.426,1.170,0.252
2016-12-01 01:46:20.825,120.439,0.007,0.995,0.066,-0.070,0.425,1.170,0.252
2016-12-01 01:46:20.835,120.460,0.006,0.995,0.064,-0.074,0.424,1.169,0.252
2016-12-01 01:46:20.847,120.481,0.004,0.995,0.062,-0.078,0.423,1.169,0.252
2016-12-01 01:46:20.858,120.481,0.002,0.995,0.059,-0.081,0.422,1.168,0.252
2016-12-01 01:46:20.869,120.503,-0.001,0.995,0.057,-0.084,0.421,1.168,0.252
2016-12-01 01:46:20.880,120.503,-0.003,0.995,0.054,-0.087,0.421,1.167,0.252
2016-12-01 01:46:20.891,120.524,-0.005,0.995,0.052,-0.090,0.420,1.167,0.252
2016-12-01 01:46:20.903,120.524,-0.007,0.994,0.049,-0.093,0.419,1.166,0.252
2016-12-01 01:46:20.913,120.545,-0.009,0.994,0.046,-0.096,0.418,1.166,0.252
2016-12-01 01:46:20.924,120.545,-0.012,0.994,0.043,-0.099,0.418,1.166,0.252
2016-12-01 01:46:20.936,120.567,-0.014,0.994,0.041,-0.103,0.417,1.165,0.251
2016-12-01 01:46:20.947,120.567,-0.017,0.993,0.038,-0.106,0.416,1.165,0.251
2016-12-01 01:46:20.958,120.588,-0.019,0.993,0.036,-0.110,0.416,1.164,0.251
2016-12-01 01:46:20.970,120.588,-0.021,0.993,0.034,-0.113,0.415,1.164,0.251
2016-12-01 01:46:20.981,120.609,-0.022,0.992,0.032,-0.116,0.415,1.164,0.251
2016-12-01 01:46:20.992,120.609,-0.024,0.992,0.030,-0.120,0.414,1.163,0.250
2016-12-01 01:46:21.003,120.631,-0.027,0.992,0.028,-0.124,0.414,1.163,0.250
2016-12-01 01:46:21.014,120.631,-0.028,0.991,0.026,-0.128,0.414,1.163,0.250
2016-12-01 01:46:21.025,120.652,-0.030,0.991,0.024,-0.131,0.414,1.162,0.249
2016-12-01 01:46:21.036,120.673,-0.032,0.990,0.022,-0.134,0.414,1.162,0.249
2016-12-01 01:46:21.048,120.673,-0.033,0.990,0.020,-0.136,0.414,1.162,0.248
2016-12-01 01:46:21.059,120.695,-0.034,0.990,0.017,-0.139,0.414,1.162,0.247
2016-12-01 01:46:21.070,120.695,-0.035,0.989,0.015,-0.140,0.414,1.161,0.246
2016-12-01 01:46:21.081,120.695,-0.035,0.989,0.012,-0.142,0.414,1.161,0.246
2016-12-01 01:46:21.092,120.716,-0.036,0.989,0.010,-0.143,0.415,1.161,0.245
2016-12-01 01:46:21.103,120.716,-0.036,0.989,0.007,-0.144,0.415,1.160,0.244
2016-12-01 01:46:21.114,120.737,-0.037,0.989,0.005,-0.146,0.416,1.160,0.243
2016-12-01 01:46:21.126,120.759,-0.038,0.988,0.003,-0.148,0.416,1.159,0.242
2016-12-01 01:46:21.138,120.759,-0.038,0.988,0.001,-0.151,0.416,1.159,0.242
2016-12-01 01:46:21.148,120.780,-0.039,0.987,-0.001,-0.154,0.416,1.159,0.241
2016-12-01 01:46:21.159,120.780,-0.039,0.987,-0.003,-0.157,0.416,1.158,0.240
2016-12-01 01:46:21.171,120.801,-0.039,0.986,-0.005,-0.160,0.417,1.158,0.239
2016-12-01 01:46:21.182,120.801,-0.039,0.986,-0.007,-0.164,0.417,1.158,0.238
2016-12-01 01:46:21.193,120.823,-0.039,0.985,-0.009,-0.167,0.417,1.158,0.237
2016-12-01 01:46:21.204,120.823,-0.039,0.984,-0.011,-0.171,0.417,1.157,0.236
2016-12-01 01:46:21.215,120.844,-0.039,0.984,-0.013,-0.174,0.418,1.157,0.236
2016-12-01 01:46:21.226,120.865,-0.039,0.983,-0.015,-0.178,0.418,1.157,0.235
2016-12-01 01:46:21.238,120.865,-0.039,0.982,-0.017,-0.182,0.418,1.157,0.234
2016-12-01 01:46:21.248,120.865,-0.039,0.982,-0.018,-0.186,0.418,1.156,0.234
2016-12-01 01:46:21.260,120.887,-0.039,0.981,-0.020,-0.190,0.419,1.156,0.233
2016-12-01 01:46:21.271,120.887,-0.039,0.980,-0.021,-0.194,0.419,1.156,0.232
2016-12-01 01:46:21.282,120.908,-0.039,0.979,-0.022,-0.198,0.419,1.156,0.232
2016-12-01 01:46:21.293,120.908,-0.039,0.978,-0.023,-0.202,0.419,1.156,0.231
2016-12-01 01:46:21.304,120.929,-0.039,0.977,-0.024,-0.206,0.419,1.156,0.231
2016-12-01 01:46:21.316,120.951,-0.040,0.976,-0.025,-0.211,0.419,1.155,0.230
2016-12-01 01:46:21.327,120.951,-0.040,0.975,-0.026,-0.215,0.419,1.155,0.230
2016-12-01 01:46:21.338,120.972,-0.040,0.974,-0.027,-0.220,0.419,1.155,0.229
2016-12-01 01:46:21.350,120.972,-0.041,0.973,-0.028,-0.225,0.420,1.155,0.229
2016-12-01 01:46:21.361,120.993,-0.041,0.972,-0.029,-0.230,0.420,1.154,0.229
2016-12-01 01:46:21.372,120.993,-0.041,0.971,-0.029,-0.235,0.420,1.154,0.228
2016-12-01 01:46:21.383,121.015,-0.041,0.969,-0.031,-0.240,0.420,1.154,0.228
2016-12-01 01:46:21.394,121.015,-0.041,0.968,-0.032,-0.245,0.420,1.153,0.228
2016-12-01 01:46:21.405,121.036,-0.041,0.967,-0.033,-0.251,0.420,1.153,0.227
2016-12-01 01:46:21.417,121.036,-0.041,0.965,-0.034,-0.257,0.420,1.153,0.227
2016-12-01 01:46:21.427,121.057,-0.041,0.963,-0.034,-0.264,0.420,1.153,0.227
2016-12-01 01:46:21.439,121.057,-0.040,0.961,-0.035,-0.271,0.420,1.153,0.227
2016-12-01 01:46:21.450,121.079,-0.040,0.959,-0.036,-0.279,0.420,1.153,0.227
2016-12-01 01:46:21.461,121.079,-0.039,0.956,-0.036,-0.288,0.420,1.153,0.227
2016-12-01 01:46:21.472,121.100,-0.038,0.954,-0.036,-0.296,0.420,1.153,0.228
2016-12-01 01:46:21.483,121.100,-0.038,0.951,-0.036,-0.306,0.419,1.153,0.228
2016-12-01 01:46:21.494,121.121,-0.037,0.947,-0.036,-0.316,0.419,1.153,0.229
2016-12-01 01:46:21.506,121.143,-0.036,0.944,-0.036,-0.327,0.418,1.153,0.229
2016-12-01 01:46:21.517,121.143,-0.034,0.940,-0.035,-0.337,0.418,1.153,0.230
2016-12-01 01:46:21.528,121.164,-0.032,0.936,-0.034,-0.348,0.417,1.154,0.230
2016-12-01 01:46:21.540,121.164,-0.030,0.933,-0.032,-0.358,0.417,1.154,0.231
2016-12-01 01:46:21.550,121.185,-0.029,0.929,-0.030,-0.367,0.417,1.154,0.232
2016-12-01 01:46:21.562,121.185,-0.028,0.926,-0.029,-0.376,0.416,1.155,0.233
2016-12-01 01:46:21.573,121.185,-0.028,0.922,-0.027,-0.385,0.416,1.155,0.233
2016-12-01 01:46:21.584,121.207,-0.028,0.918,-0.026,-0.395,0.415,1.155,0.234
2016-12-01 01:46:21.596,121.207,-0.028,0.914,-0.025,-0.405,0.415,1.155,0.235
2016-12-01 01:46:21.606,121.228,-0.028,0.909,-0.024,-0.414,0.414,1.155,0.236
2016-12-01 01:46:21.618,121.249,-0.027,0.905,-0.023,-0.423,0.414,1.155,0.237
2016-12-01 01:46:21.628,121.249,-0.026,0.902,-0.022,-0.431,0.413,1.155,0.238
2016-12-01 01:46:21.639,121.271,-0.025,0.898,-0.021,-0.438,0.413,1.155,0.238
2016-12-01 01:46:21.651,121.271,-0.025,0.896,-0.019,-0.444,0.413,1.155,0.239
2016-12-01 01:46:21.662,121.292,-0.025,0.893,-0.018,-0.449,0.413,1.155,0.239
2016-12-01 01:46:21.673,121.292,-0.025,0.891,-0.018,-0.454,0.413,1.155,0.240
2016-12-01 01:46:21.684,121.313,-0.025,0.888,-0.017,-0.458,0.413,1.155,0.241
2016-12-01 01:46:21.695,121.313,-0.025,0.886,-0.017,-0.462,0.413,1.155,0.241
2016-12-01 01:46:21.707,121.335,-0.025,0.885,-0.016,-0.465,0.413,1.155,0.242
2016-12-01 01:46:21.719,121.356,-0.025,0.883,-0.016,-0.468,0.413,1.155,0.242
2016-12-01 01:46:21.729,121.356,-0.026,0.883,-0.015,-0.469,0.413,1.155,0.242
2016-12-01 01:46:21.740,121.356,-0.026,0.882,-0.014,-0.470,0.413,1.155,0.243
2016-12-01 01:46:21.751,121.377,-0.027,0.882,-0.013,-0.470,0.414,1.155,0.243
2016-12-01 01:46:21.763,121.377,-0.027,0.882,-0.012,-0.470,0.414,1.155,0.243
2016-12-01 01:46:21.773,121.399,-0.028,0.883,-0.011,-0.468,0.414,1.155,0.243
2016-12-01 01:46:21.785,121.399,-0.028,0.884,-0.010,-0.467,0.415,1.155,0.243
2016-12-01 01:46:21.796,121.420,-0.028,0.885,-0.009,-0.465,0.415,1.155,0.242
2016-12-01 01:46:21.807,121.441,-0.029,0.886,-0.008,-0.463,0.415,1.155,0.242
2016-12-01 01:46:21.818,121.441,-0.030,0.887,-0.007,-0.460,0.416,1.155,0.242
2016-12-01 01:46:21.829,121.463,-0.031,0.888,-0.006,-0.458,0.416,1.155,0.242
2016-12-01 01:46:21.841,121.463,-0.033,0.890,-0.005,-0.456,0.416,1.155,0.242
2016-12-01 01:46:21.852,121.484,-0.035,0.891,-0.005,-0.454,0.416,1.155,0.242
2016-12-01 01:46:21.863,121.484,-0.036,0.891,-0.004,-0.452,0.416,1.155,0.242
2016-12-01 01:46:21.874,121.505,-0.036,0.892,-0.004,-0.450,0.417,1.155,0.242
2016-12-01 01:46:21.885,121.505,-0.037,0.893,-0.003,-0.448,0.417,1.155,0.242
2016-12-01 01:46:21.897,121.527,-0.037,0.894,-0.003,-0.446,0.417,1.155,0.242
2016-12-01 01:46:21.908,121.527,-0.037,0.896,-0.002,-0.442,0.417,1.155,0.241
2016-12-01 01:46:21.919,121.548,-0.036,0.898,0.000,-0.438,0.417,1.156,0.241
2016-12-01 01:46:21.930,121.548,-0.036,0.901,0.001,-0.433,0.417,1.156,0.241
2016-12-01 01:46:21.941,121.569,-0.036,0.903,0.003,-0.428,0.417,1.156,0.241
2016-12-01 01:46:21.953,121.569,-0.037,0.906,0.005,-0.422,0.417,1.157,0.240
2016-12-01 01:46:21.964,121.591,-0.038,0.908,0.007,-0.417,0.418,1.157,0.240
2016-12-01 01:46:21.975,121.591,-0.038,0.911,0.010,-0.410,0.418,1.157,0.240
2016-12-01 01:46:21.986,121.612,-0.038,0.914,0.013,-0.403,0.418,1.158,0.240
2016-12-01 01:46:21.997,121.633,-0.037,0.918,0.017,-0.395,0.419,1.158,0.239
2016-12-01 01:46:22.008,121.633,-0.037,0.922,0.021,-0.386,0.419,1.159,0.239
2016-12-01 01:46:22.019,121.655,-0.037,0.925,0.025,-0.377,0.420,1.159,0.238
2016-12-01 01:46:22.030,121.655,-0.038,0.929,0.030,-0.368,0.420,1.160,0.238
2016-12-01 01:46:22.041,121.676,-0.040,0.932,0.035,-0.359,0.421,1.161,0.237
2016-12-01 01:46:22.053,121.676,-0.042,0.934,0.041,-0.351,0.421,1.161,0.237
2016-12-01 01:46:22.064,121.676,-0.043,0.937,0.048,-0.343,0.422,1.162,0.237
2016-12-01 01:46:22.075,121.697,-0.044,0.939,0.054,-0.336,0.423,1.163,0.237
2016-12-01 01:46:22.087,121.719,-0.044,0.942,0.060,-0.328,0.423,1.163,0.236
2016-12-01 01:46:22.098,121.719,-0.045,0.944,0.065,-0.321,0.424,1.164,0.236
2016-12-01 01:46:22.109,121.740,-0.046,0.946,0.069,-0.315,0.424,1.164,0.236
2016-12-01 01:46:22.120,121.740,-0.047,0.947,0.072,-0.309,0.425,1.165,0.236
2016-12-01 01:46:22.131,121.761,-0.048,0.949,0.074,-0.303,0.425,1.165,0.236
2016-12-01 01:46:22.143,121.761,-0.049,0.950,0.076,-0.298,0.426,1.166,0.236
2016-12-01 01:46:22.153,121.783,-0.049,0.952,0.078,-0.292,0.426,1.166,0.236
2016-12-01 01:46:22.165,121.783,-0.048,0.953,0.079,-0.288,0.427,1.166,0.236
2016-12-01 01:46:22.176,121.804,-0.048,0.954,0.080,-0.284,0.427,1.166,0.236
2016-12-01 01:46:22.187,121.825,-0.048,0.955,0.081,-0.280,0.427,1.166,0.236
2016-12-01 01:46:22.198,121.825,-0.047,0.956,0.081,-0.277,0.427,1.166,0.236
2016-12-01 01:46:22.209,121.847,-0.046,0.957,0.082,-0.274,0.427,1.166,0.236
2016-12-01 01:46:22.220,121.847,-0.045,0.958,0.082,-0.272,0.428,1.166,0.236
2016-12-01 01:46:22.232,121.847,-0.044,0.958,0.083,-0.269,0.428,1.166,0.236
2016-12-01 01:46:22.243,121.868,-0.042,0.959,0.083,-0.267,0.428,1.166,0.236
2016-12-01 01:46:22.254,121.868,-0.040,0.960,0.084,-0.266,0.428,1.166,0.236
2016-12-01 01:46:22.265,121.889,-0.038,0.960,0.084,-0.264,0.428,1.166,0.236
2016-12-01 01:46:22.277,121.911,-0.037,0.960,0.084,-0.263,0.428,1.166,0.236
2016-12-01 01:46:22.288,121.911,-0.036,0.961,0.084,-0.262,0.428,1.166,0.236
2016-12-01 01:46:22.299,121.932,-0.035,0.961,0.084,-0.261,0.429,1.166,0.236
2016-12-01 01:46:22.311,121.932,-0.034,0.961,0.084,-0.261,0.429,1.166,0.237
2016-12-01 01:46:22.321,121.953,-0.034,0.961,0.084,-0.260,0.429,1.166,0.237
2016-12-01 01:46:22.332,121.953,-0.034,0.961,0.084,-0.260,0.429,1.166,0.237
2016-12-01 01:46:22.343,121.975,-0.033,0.961,0.084,-0.260,0.429,1.166,0.237
2016-12-01 01:46:22.355,121.975,-0.033,0.961,0.084,-0.260,0.429,1.166,0.237
2016-12-01 01:46:22.366,121.996,-0.034,0.961,0.084,-0.260,0.429,1.166,0.237
2016-12-01 01:46:22.377,121.996,-0.034,0.961,0.084,-0.260,0.429,1.166,0.238
2016-12-01 01:46:22.388,122.017,-0.034,0.961,0.084,-0.260,0.429,1.166,0.238
2016-12-01 01:46:22.399,122.017,-0.035,0.961,0.084,-0.260,0.429,1.166,0.238
2016-12-01 01:46:22.410,122.039,-0.035,0.961,0.084,-0.260,0.429,1.166,0.238
2016-12-01 01:46:22.422,122.039,-0.035,0.961,0.084,-0.261,0.429,1.165,0.238
2016-12-01 01:46:22.432,122.060,-0.035,0.961,0.084,-0.261,0.429,1.165,0.239
2016-12-01 01:46:22.444,122.060,-0.036,0.961,0.084,-0.261,0.429,1.165,0.239
2016-12-01 01:46:22.455,122.081,-0.036,0.961,0.084,-0.262,0.429,1.165,0.239
2016-12-01 01:46:22.466,122.103,-0.036,0.961,0.084,-0.262,0.429,1.165,0.240
2016-12-01 01:46:22.478,122.103,-0.036,0.961,0.084,-0.263,0.429,1.165,0.240
2016-12-01 01:46:22.489,122.124,-0.036,0.960,0.084,-0.263,0.429,1.165,0.240
2016-12-01 01:46:22.500,122.124,-0.036,0.960,0.083,-0.264,0.429,1.165,0.240
2016-12-01 01:46:22.511,122.145,-0.035,0.960,0.083,-0.265,0.429,1.164,0.240
2016-12-01 01:46:22.522,122.145,-0.035,0.960,0.082,-0.266,0.429,1.164,0.241
2016-12-01 01:46:22.533,122.167,-0.035,0.960,0.082,-0.267,0.428,1.164,0.241
2016-12-01 01:46:22.545,122.167,-0.035,0.959,0.081,-0.268,0.428,1.164,0.241
2016-12-01 01:46:22.555,122.188,-0.035,0.959,0.081,-0.270,0.428,1.164,0.242
2016-12-01 01:46:22.567,122.188,-0.035,0.959,0.080,-0.271,0.428,1.163,0.242
2016-12-01 01:46:22.578,122.209,-0.035,0.958,0.080,-0.272,0.428,1.163,0.242
2016-12-01 01:46:22.589,122.209,-0.034,0.958,0.080,-0.273,0.428,1.163,0.242
2016-12-01 01:46:22.600,122.231,-0.035,0.958,0.079,-0.273,0.428,1.163,0.243
2016-12-01 01:46:22.612,122.231,-0.035,0.958,0.079,-0.273,0.428,1.163,0.243
2016-12-01 01:46:22.623,122.252,-0.035,0.958,0.079,-0.273,0.428,1.162,0.243
2016-12-01 01:46:22.634,122.252,-0.036,0.958,0.079,-0.273,0.428,1.162,0.243
2016-12-01 01:46:22.645,122.273,-0.036,0.958,0.079,-0.273,0.428,1.162,0.243
2016-12-01 01:46:22.657,122.295,-0.036,0.958,0.079,-0.273,0.428,1.162,0.243
2016-12-01 01:46:22.668,122.295,-0.037,0.958,0.078,-0.272,0.428,1.162,0.243
2016-12-01 01:46:22.679,122.316,-0.037,0.959,0.078,-0.271,0.428,1.162,0.243
2016-12-01 01:46:22.690,122.316,-0.037,0.959,0.078,-0.271,0.429,1.162,0.243
2016-12-01 01:46:22.701,122.316,-0.037,0.959,0.078,-0.270,0.429,1.162,0.243
2016-12-01 01:46:22.712,122.337,-0.038,0.959,0.078,-0.269,0.429,1.162,0.243
2016-12-01 01:46:22.723,122.337,-0.038,0.959,0.078,-0.268,0.429,1.162,0.244
2016-12-01 01:46:22.735,122.359,-0.039,0.960,0.078,-0.268,0.429,1.162,0.244
2016-12-01 01:46:22.746,122.380,-0.039,0.960,0.078,-0.268,0.429,1.162,0.244
2016-12-01 01:46:22.756,122.380,-0.039,0.960,0.078,-0.267,0.429,1.162,0.244
2016-12-01 01:46:22.768,122.401,-0.039,0.960,0.077,-0.267,0.429,1.162,0.244
2016-12-01 01:46:22.779,122.401,-0.039,0.960,0.077,-0.267,0.429,1.162,0.244
2016-12-01 01:46:22.790,122.423,-0.039,0.960,0.077,-0.267,0.430,1.162,0.244
2016-12-01 01:46:22.801,122.423,-0.039,0.960,0.077,-0.267,0.430,1.162,0.244
2016-12-01 01:46:22.812,122.444,-0.039,0.960,0.076,-0.268,0.430,1.162,0.244
2016-12-01 01:46:22.823,122.444,-0.039,0.960,0.076,-0.268,0.430,1.162,0.244
2016-12-01 01:46:22.835,122.465,-0.039,0.960,0.075,-0.269,0.430,1.162,0.244
2016-12-01 01:46:22.847,122.487,-0.039,0.959,0.075,-0.269,0.430,1.162,0.244
2016-12-01 01:46:22.857,122.487,-0.039,0.959,0.074,-0.270,0.430,1.162,0.244
2016-12-01 01:46:22.868,122.487,-0.039,0.959,0.073,-0.271,0.429,1.162,0.244
2016-12-01 01:46:22.879,122.508,-0.039,0.959,0.073,-0.272,0.429,1.162,0.244
2016-12-01 01:46:22.891,122.508,-0.039,0.958,0.072,-0.273,0.429,1.161,0.244
2016-12-01 01:46:22.902,122.529,-0.039,0.958,0.071,-0.275,0.429,1.161,0.244
2016-12-01 01:46:22.913,122.529,-0.039,0.958,0.070,-0.276,0.428,1.161,0.244
2016-12-01 01:46:22.924,122.551,-0.039,0.957,0.069,-0.278,0.428,1.161,0.244
2016-12-01 01:46:22.935,122.551,-0.040,0.957,0.068,-0.280,0.428,1.161,0.244
2016-12-01 01:46:22.946,122.572,-0.041,0.956,0.067,-0.283,0.427,1.161,0.244
2016-12-01 01:46:22.958,122.593,-0.041,0.955,0.066,-0.286,0.427,1.161,0.245
2016-12-01 01:46:22.969,122.593,-0.042,0.954,0.064,-0.289,0.427,1.161,0.245
2016-12-01 01:46:22.980,122.615,-0.042,0.953,0.063,-0.292,0.426,1.161,0.245
2016-12-01 01:46:22.991,122.615,-0.043,0.952,0.062,-0.297,0.425,1.161,0.245
2016-12-01 01:46:23.002,122.636,-0.043,0.951,0.061,-0.301,0.425,1.161,0.245
2016-12-01 01:46:23.014,122.636,-0.043,0.949,0.060,-0.306,0.424,1.161,0.245
2016-12-01 01:46:23.025,122.657,-0.043,0.948,0.059,-0.310,0.423,1.161,0.246
2016-12-01 01:46:23.036,122.657,-0.043,0.946,0.058,-0.316,0.423,1.161,0.246
2016-12-01 01:46:23.047,122.679,-0.043,0.944,0.058,-0.322,0.422,1.161,0.246
2016-12-01 01:46:23.058,122.679,-0.043,0.941,0.057,-0.330,0.421,1.161,0.246
2016-12-01 01:46:23.069,122.700,-0.044,0.939,0.056,-0.338,0.420,1.160,0.247
2016-12-01 01:46:23.081,122.700,-0.044,0.935,0.054,-0.347,0.419,1.160,0.247
2016-12-01 01:46:23.092,122.721,-0.044,0.931,0.052,-0.357,0.418,1.160,0.248
2016-12-01 01:46:23.103,122.721,-0.043,0.927,0.051,-0.368,0.417,1.160,0.249
2016-12-01 01:46:23.114,122.743,-0.043,0.923,0.050,-0.379,0.416,1.159,0.249
2016-12-01 01:46:23.125,122.743,-0.042,0.918,0.048,-0.392,0.414,1.159,0.250
2016-12-01 01:46:23.136,122.764,-0.042,0.912,0.047,-0.404,0.413,1.159,0.251
2016-12-01 01:46:23.148,122.785,-0.040,0.907,0.046,-0.417,0.412,1.159,0.252
2016-12-01 01:46:23.158,122.785,-0.038,0.901,0.046,-0.430,0.411,1.159,0.253
2016-12-01 01:46:23.170,122.807,-0.037,0.895,0.045,-0.442,0.410,1.159,0.254
2016-12-01 01:46:23.181,122.807,-0.036,0.889,0.045,-0.454,0.409,1.159,0.255
2016-12-01 01:46:23.192,122.807,-0.036,0.883,0.044,-0.466,0.408,1.159,0.256
2016-12-01 01:46:23.203,122.828,-0.035,0.877,0.043,-0.477,0.407,1.158,0.257
2016-12-01 01:46:23.215,122.828,-0.035,0.872,0.042,-0.487,0.406,1.158,0.258
2016-12-01 01:46:23.226,122.849,-0.035,0.866,0.041,-0.497,0.406,1.158,0.259
2016-12-01 01:46:23.237,122.871,0.035,-0.861,-0.040,0.507,0.405,1.158,0.260
2016-12-01 01:46:23.249,122.871,0.035,-0.855,-0.039,0.516,0.405,1.157,0.261
2016-12-01 01:46:23.259,122.892,0.035,-0.850,-0.038,0.524,0.404,1.157,0.262
2016-12-01 01:46:23.271,122.892,0.036,-0.845,-0.038,0.533,0.404,1.157,0.262
2016-12-01 01:46:23.282,122.913,0.036,-0.840,-0.037,0.540,0.403,1.157,0.263
2016-12-01 01:46:23.293,122.913,0.037,-0.835,-0.037,0.548,0.403,1.157,0.263
2016-12-01 01:46:23.304,122.935,0.037,-0.830,-0.037,0.555,0.402,1.156,0.263
2016-12-01 01:46:23.316,122.956,0.038,-0.825,-0.036,0.562,0.402,1.156,0.264
2016-12-01 01:46:23.326,122.956,0.038,-0.821,-0.036,0.568,0.402,1.156,0.265
2016-12-01 01:46:23.337,122.977,0.039,-0.817,-0.036,0.574,0.402,1.156,0.265
2016-12-01 01:46:23.349,122.977,0.039,-0.814,-0.036,0.579,0.401,1.156,0.266
2016-12-01 01:46:23.360,122.977,0.039,-0.810,-0.036,0.584,0.401,1.156,0.266
2016-12-01 01:46:23.371,122.999,0.039,-0.806,-0.035,0.589,0.401,1.156,0.267
2016-12-01 01:46:23.382,122.999,0.039,-0.803,-0.035,0.594,0.401,1.156,0.267
2016-12-01 01:46:23.393,123.020,0.037,-0.799,-0.033,0.599,0.400,1.156,0.268
2016-12-01 01:46:23.405,123.020,0.036,-0.796,-0.032,0.603,0.400,1.156,0.268
2016-12-01 01:46:23.416,123.041,0.033,-0.793,-0.029,0.608,0.400,1.156,0.269
2016-12-01 01:46:23.428,123.063,0.030,-0.790,-0.027,0.612,0.400,1.156,0.269
2016-12-01 01:46:23.438,123.063,0.027,-0.787,-0.024,0.617,0.400,1.156,0.269
2016-12-01 01:46:23.449,123.084,0.024,-0.783,-0.022,0.621,0.400,1.157,0.270
2016-12-01 01:46:23.460,123.084,0.022,-0.779,-0.020,0.626,0.399,1.157,0.270
2016-12-01 01:46:23.471,123.105,0.020,-0.776,-0.019,0.631,0.399,1.157,0.270
2016-12-01 01:46:23.483,123.105,0.018,-0.772,-0.018,0.635,0.399,1.157,0.271
2016-12-01 01:46:23.494,123.127,0.017,-0.769,-0.017,0.639,0.399,1.157,0.271
2016-12-01 01:46:23.505,123.127,0.016,-0.766,-0.016,0.642,0.399,1.157,0.271
2016-12-01 01:46:23.516,123.148,0.014,-0.763,-0.016,0.646,0.399,1.157,0.271
2016-12-01 01:46:23.527,123.148,0.013,-0.761,-0.015,0.649,0.399,1.157,0.271
2016-12-01 01:46:23.538,123.169,0.012,-0.758,-0.014,0.652,0.399,1.157,0.271
2016-12-01 01:46:23.550,123.169,0.011,-0.756,-0.014,0.654,0.399,1.157,0.271
2016-12-01 01:46:23.561,123.191,0.010,-0.754,-0.013,0.657,0.399,1.157,0.271
2016-12-01 01:46:23.572,123.191,0.009,-0.752,-0.012,0.659,0.399,1.157,0.271
2016-12-01 01:46:23.583,123.212,0.009,-0.750,-0.011,0.661,0.399,1.157,0.271
2016-12-01 01:46:23.595,123.212,0.008,-0.749,-0.011,0.663,0.399,1.157,0.271
2016-12-01 01:46:23.606,123.233,0.008,-0.747,-0.011,0.664,0.399,1.157,0.271
2016-12-01 01:46:23.617,123.255,0.007,-0.746,-0.010,0.666,0.399,1.157,0.270
2016-12-01 01:46:23.628,123.255,0.007,-0.745,-0.010,0.667,0.400,1.157,0.270
2016-12-01 01:46:23.639,123.276,0.006,-0.744,-0.010,0.668,0.399,1.157,0.270
2016-12-01 01:46:23.651,123.276,0.005,-0.743,-0.010,0.669,0.400,1.157,0.270
2016-12-01 01:46:23.661,123.297,0.005,-0.742,-0.010,0.670,0.400,1.157,0.270
2016-12-01 01:46:23.674,123.297,0.005,-0.741,-0.009,0.671,0.400,1.157,0.270
2016-12-01 01:46:23.684,123.297,0.004,-0.741,-0.009,0.672,0.400,1.157,0.270
2016-12-01 01:46:23.695,123.319,0.004,-0.740,-0.009,0.673,0.400,1.157,0.269
2016-12-01 01:46:23.706,123.340,0.004,-0.739,-0.008,0.673,0.400,1.157,0.269
2016-12-01 01:46:23.717,123.340,0.005,-0.739,-0.008,0.674,0.401,1.157,0.269
2016-12-01 01:46:23.728,123.361,0.006,-0.739,-0.008,0.674,0.401,1.156,0.269
2016-12-01 01:46:23.740,123.361,0.006,-0.738,-0.007,0.674,0.401,1.156,0.269
2016-12-01 01:46:23.751,123.383,0.007,-0.738,-0.007,0.675,0.401,1.156,0.268
2016-12-01 01:46:23.762,123.383,0.007,-0.738,-0.007,0.675,0.402,1.156,0.268
2016-12-01 01:46:23.773,123.404,0.008,-0.738,-0.007,0.675,0.402,1.156,0.268
2016-12-01 01:46:23.785,123.404,0.008,-0.738,-0.007,0.675,0.402,1.156,0.268
2016-12-01 01:46:23.796,123.425,0.009,-0.737,-0.007,0.676,0.402,1.156,0.268
2016-12-01 01:46:23.807,123.447,0.009,-0.737,-0.007,0.676,0.403,1.156,0.268
2016-12-01 01:46:23.818,123.447,0.009,-0.737,-0.008,0.676,0.403,1.156,0.267
2016-12-01 01:46:23.829,123.468,0.009,-0.736,-0.008,0.676,0.403,1.156,0.267
2016-12-01 01:46:23.840,123.468,0.008,-0.736,-0.008,0.677,0.404,1.156,0.267
2016-12-01 01:46:23.851,123.468,0.008,-0.736,-0.009,0.677,0.404,1.156,0.267
2016-12-01 01:46:23.862,123.489,0.008,-0.736,-0.009,0.677,0.404,1.156,0.267
2016-12-01 01:46:23.874,123.489,0.007,-0.736,-0.008,0.677,0.404,1.156,0.267
2016-12-01 01:46:23.885,123.511,0.007,-0.736,-0.008,0.677,0.405,1.156,0.266
2016-12-01 01:46:23.896,123.532,0.007,-0.736,-0.008,0.677,0.405,1.156,0.266
2016-12-01 01:46:23.907,123.532,0.007,-0.736,-0.008,0.677,0.405,1.156,0.266
2016-12-01 01:46:23.918,123.553,0.007,-0.736,-0.007,0.677,0.405,1.156,0.266
2016-12-01 01:46:23.929,123.553,0.007,-0.736,-0.007,0.677,0.405,1.156,0.265
2016-12-01 01:46:23.940,123.575,0.007,-0.736,-0.007,0.677,0.406,1.156,0.265
2016-12-01 01:46:23.952,123.575,0.007,-0.736,-0.007,0.677,0.406,1.155,0.265
2016-12-01 01:46:23.963,123.596,0.006,-0.736,-0.007,0.677,0.406,1.155,0.264
2016-12-01 01:46:23.975,123.596,0.006,-0.736,-0.006,0.677,0.406,1.155,0.264
2016-12-01 01:46:23.985,123.617,0.006,-0.736,-0.006,0.677,0.407,1.155,0.264
2016-12-01 01:46:23.997,123.617,0.005,-0.736,-0.006,0.677,0.407,1.155,0.263
2016-12-01 01:46:24.008,123.639,0.004,-0.736,-0.005,0.677,0.407,1.155,0.263
2016-12-01 01:46:24.019,123.639,0.004,-0.736,-0.005,0.677,0.407,1.155,0.262
2016-12-01 01:46:24.030,123.660,0.003,-0.736,-0.005,0.677,0.407,1.155,0.262
2016-12-01 01:46:24.042,123.660,0.002,-0.737,-0.004,0.676,0.408,1.156,0.262
2016-12-01 01:46:24.052,123.681,0.001,-0.737,-0.004,0.676,0.408,1.156,0.261
2016-12-01 01:46:24.064,123.681,0.001,-0.737,-0.004,0.676,0.408,1.156,0.261
2016-12-01 01:46:24.075,123.703,0.000,-0.737,-0.004,0.676,0.408,1.156,0.261
2016-12-01 01:46:24.086,123.724,-0.001,-0.737,-0.004,0.676,0.408,1.156,0.260
2016-12-01 01:46:24.097,123.724,-0.001,-0.737,-0.005,0.676,0.409,1.156,0.260
2016-12-01 01:46:24.108,123.745,-0.002,-0.737,-0.005,0.676,0.409,1.156,0.260
2016-12-01 01:46:24.119,123.745,-0.002,-0.737,-0.005,0.676,0.409,1.156,0.260
2016-12-01 01:46:24.130,123.767,-0.002,-0.736,-0.005,0.676,0.410,1.156,0.260
2016-12-01 01:46:24.142,123.767,-0.003,-0.736,-0.005,0.677,0.410,1.157,0.260
2016-12-01 01:46:24.153,123.788,-0.003,-0.736,-0.005,0.677,0.410,1.157,0.259
2016-12-01 01:46:24.164,123.788,-0.003,-0.736,-0.006,0.677,0.410,1.157,0.259
2016-12-01 01:46:24.175,123.788,-0.004,-0.736,-0.006,0.677,0.410,1.157,0.259
2016-12-01 01:46:24.186,123.809,-0.004,-0.736,-0.006,0.677,0.410,1.157,0.259
2016-12-01 01:46:24.198,123.831,-0.004,-0.736,-0.006,0.677,0.410,1.157,0.259
2016-12-01 01:46:24.209,123.831,-0.004,-0.735,-0.006,0.678,0.410,1.157,0.259
2016-12-01 01:46:24.220,123.852,-0.003,-0.735,-0.006,0.678,0.411,1.157,0.258
2016-12-01 01:46:24.231,123.852,-0.003,-0.734,-0.006,0.679,0.411,1.157,0.259
2016-12-01 01:46:24.242,123.873,-0.002,-0.734,-0.006,0.679,0.411,1.157,0.258
2016-12-01 01:46:24.254,123.873,-0.001,-0.733,-0.006,0.680,0.411,1.157,0.258
2016-12-01 01:46:24.265,123.895,-0.001,-0.733,-0.006,0.681,0.411,1.157,0.258
2016-12-01 01:46:24.276,123.916,0.000,-0.732,-0.006,0.682,0.411,1.157,0.259
2016-12-01 01:46:24.287,123.916,0.001,-0.731,-0.006,0.683,0.411,1.157,0.259
2016-12-01 01:46:24.298,123.937,0.002,-0.730,-0.006,0.684,0.411,1.157,0.258
2016-12-01 01:46:24.309,123.937,0.002,-0.729,-0.006,0.685,0.412,1.157,0.259
2016-12-01 01:46:24.320,123.937,0.003,-0.727,-0.005,0.686,0.412,1.157,0.259
2016-12-01 01:46:24.331,123.959,0.003,-0.726,-0.005,0.688,0.412,1.156,0.259
2016-12-01 01:46:24.343,123.959,0.004,-0.725,-0.004,0.689,0.412,1.156,0.259
2016-12-01 01:46:24.354,123.980,0.004,-0.723,-0.003,0.690,0.412,1.156,0.259
2016-12-01 01:46:24.365,123.980,0.005,-0.722,-0.003,0.692,0.412,1.156,0.259
2016-12-01 01:46:24.376,124.001,0.005,-0.721,-0.002,0.693,0.411,1.156,0.259
2016-12-01 01:46:24.388,124.023,0.006,-0.720,-0.001,0.694,0.411,1.155,0.259
2016-12-01 01:46:24.399,124.023,0.007,-0.718,-0.001,0.696,0.411,1.155,0.259
2016-12-01 01:46:24.410,124.044,0.008,-0.717,0.000,0.697,0.411,1.155,0.260
2016-12-01 01:46:24.421,124.044,0.008,-0.715,0.001,0.699,0.411,1.155,0.260
2016-12-01 01:46:24.432,124.065,0.009,-0.714,0.002,0.700,0.411,1.155,0.260
2016-12-01 01:46:24.443,124.065,0.010,-0.713,0.003,0.701,0.411,1.154,0.260
2016-12-01 01:46:24.454,124.087,0.010,-0.712,0.004,0.702,0.411,1.154,0.260
2016-12-01 01:46:24.465,124.087,0.010,-0.710,0.004,0.704,0.411,1.154,0.260
2016-12-01 01:46:24.477,124.108,0.011,-0.709,0.005,0.705,0.411,1.154,0.260
2016-12-01 01:46:24.488,124.108,0.011,-0.708,0.006,0.706,0.411,1.154,0.261
2016-12-01 01:46:24.499,124.129,0.011,-0.707,0.006,0.708,0.411,1.154,0.261
2016-12-01 01:46:24.510,124.129,0.011,-0.705,0.007,0.709,0.411,1.154,0.261
2016-12-01 01:46:24.521,124.151,0.011,-0.704,0.007,0.710,0.411,1.154,0.261
2016-12-01 01:46:24.533,124.151,0.011,-0.703,0.008,0.711,0.410,1.154,0.261
2016-12-01 01:46:24.544,124.172,0.011,-0.703,0.008,0.711,0.410,1.154,0.261
2016-12-01 01:46:24.555,124.172,0.011,-0.702,0.008,0.712,0.410,1.154,0.261
2016-12-01 01:46:24.566,124.193,0.011,-0.701,0.008,0.713,0.410,1.154,0.261
2016-12-01 01:46:24.578,124.215,0.011,-0.700,0.008,0.714,0.410,1.154,0.262
2016-12-01 01:46:24.588,124.215,0.011,-0.700,0.007,0.714,0.410,1.154,0.262
2016-12-01 01:46:24.600,124.236,0.011,-0.699,0.007,0.715,0.410,1.154,0.262
2016-12-01 01:46:24.612,124.236,0.011,-0.699,0.007,0.715,0.410,1.155,0.262
2016-12-01 01:46:24.622,124.257,0.010,-0.698,0.007,0.716,0.410,1.155,0.262
2016-12-01 01:46:24.633,124.257,0.010,-0.698,0.006,0.716,0.410,1.155,0.262
2016-12-01 01:46:24.644,124.279,0.010,-0.698,0.006,0.716,0.410,1.155,0.262
2016-12-01 01:46:24.656,124.279,0.010,-0.698,0.006,0.716,0.410,1.155,0.262
2016-12-01 01:46:24.666,124.300,0.010,-0.698,0.006,0.716,0.410,1.155,0.263
2016-12-01 01:46:24.678,124.300,0.010,-0.698,0.005,0.716,0.410,1.155,0.263
2016-12-01 01:46:24.689,124.321,0.010,-0.698,0.005,0.716,0.410,1.155,0.263
2016-12-01 01:46:24.700,124.321,0.010,-0.698,0.005,0.716,0.410,1.155,0.263
2016-12-01 01:46:24.711,124.343,0.011,-0.698,0.005,0.716,0.409,1.155,0.263
2016-12-01 01:46:24.723,124.343,0.011,-0.698,0.005,0.716,0.409,1.155,0.263
2016-12-01 01:46:24.734,124.364,0.011,-0.698,0.006,0.716,0.409,1.155,0.263
2016-12-01 01:46:24.745,124.364,0.011,-0.698,0.006,0.716,0.409,1.154,0.263
2016-12-01 01:46:24.756,124.385,0.011,-0.698,0.006,0.716,0.409,1.154,0.263
2016-12-01 01:46:24.767,124.407,0.011,-0.698,0.007,0.716,0.409,1.154,0.263
2016-12-01 01:46:24.779,124.407,0.012,-0.699,0.007,0.715,0.409,1.154,0.263
2016-12-01 01:46:24.790,124.428,0.012,-0.699,0.007,0.715,0.409,1.154,0.263
2016-12-01 01:46:24.801,124.428,0.013,-0.699,0.008,0.715,0.408,1.154,0.263
2016-12-01 01:46:24.812,124.428,0.013,-0.699,0.008,0.715,0.408,1.154,0.263
2016-12-01 01:46:24.823,124.449,0.013,-0.699,0.009,0.715,0.408,1.154,0.263
2016-12-01 01:46:24.834,124.449,0.014,-0.699,0.009,0.715,0.408,1.154,0.263
2016-12-01 01:46:24.845,124.471,0.014,-0.699,0.009,0.714,0.408,1.154,0.263
2016-12-01 01:46:24.857,124.492,0.015,-0.700,0.010,0.714,0.408,1.154,0.264
2016-12-01 01:46:24.868,124.492,0.015,-0.700,0.010,0.714,0.408,1.154,0.264
2016-12-01 01:46:24.879,124.513,0.016,-0.700,0.010,0.714,0.408,1.154,0.264
2016-12-01 01:46:24.890,124.513,0.016,-0.701,0.010,0.713,0.408,1.154,0.264
2016-12-01 01:46:24.901,124.535,0.016,-0.701,0.010,0.713,0.408,1.154,0.264
2016-12-01 01:46:24.913,124.535,0.016,-0.701,0.010,0.713,0.408,1.154,0.264
2016-12-01 01:46:24.924,124.556,0.016,-0.701,0.010,0.712,0.408,1.153,0.264
2016-12-01 01:46:24.935,124.556,0.016,-0.702,0.009,0.712,0.408,1.153,0.264
2016-12-01 01:46:24.946,124.577,0.016,-0.702,0.009,0.712,0.408,1.153,0.264
2016-12-01 01:46:24.958,124.599,0.016,-0.703,0.009,0.711,0.408,1.154,0.264
2016-12-01 01:46:24.969,124.599,0.016,-0.703,0.008,0.711,0.408,1.154,0.264
2016-12-01 01:46:24.979,124.599,0.016,-0.703,0.008,0.711,0.408,1.154,0.264
2016-12-01 01:46:24.991,124.620,0.016,-0.704,0.007,0.710,0.408,1.154,0.264
2016-12-01 01:46:25.002,124.620,0.016,-0.704,0.007,0.710,0.408,1.154,0.264
2016-12-01 01:46:25.013,124.641,0.016,-0.705,0.006,0.709,0.408,1.154,0.264
2016-12-01 01:46:25.025,124.641,0.015,-0.706,0.006,0.708,0.408,1.154,0.264
2016-12-01 01:46:25.035,124.663,0.015,-0.707,0.005,0.707,0.408,1.154,0.264
2016-12-01 01:46:25.047,124.684,0.015,-0.708,0.005,0.706,0.408,1.154,0.264
2016-12-01 01:46:25.057,124.684,0.015,-0.709,0.004,0.705,0.409,1.154,0.264
2016-12-01 01:46:25.068,124.705,0.015,-0.710,0.003,0.704,0.409,1.154,0.264
2016-12-01 01:46:25.080,124.705,0.016,-0.711,0.003,0.703,0.409,1.154,0.264
2016-12-01 01:46:25.091,124.727,0.016,-0.712,0.002,0.702,0.409,1.154,0.264
2016-12-01 01:46:25.103,124.727,0.016,-0.713,0.002,0.701,0.409,1.154,0.263
2016-12-01 01:46:25.113,124.748,0.016,-0.714,0.002,0.700,0.409,1.154,0.263
2016-12-01 01:46:25.125,124.748,0.017,-0.715,0.001,0.699,0.409,1.154,0.263
2016-12-01 01:46:25.136,124.748,0.017,-0.716,0.001,0.698,0.409,1.154,0.263
2016-12-01 01:46:25.147,124.769,0.017,-0.717,0.001,0.696,0.409,1.154,0.263
2016-12-01 01:46:25.158,124.791,0.017,-0.718,0.001,0.695,0.410,1.154,0.263
2016-12-01 01:46:25.169,124.791,0.017,-0.719,0.001,0.694,0.410,1.154,0.263
2016-12-01 01:46:25.180,124.812,0.018,-0.720,0.001,0.693,0.410,1.154,0.263
2016-12-01 01:46:25.192,124.812,0.018,-0.721,0.001,0.693,0.410,1.154,0.263
2016-12-01 01:46:25.203,124.833,0.018,-0.722,0.001,0.692,0.410,1.154,0.263
2016-12-01 01:46:25.214,124.833,0.019,-0.723,0.000,0.691,0.410,1.154,0.263
2016-12-01 01:46:25.225,124.855,0.019,-0.723,0.000,0.690,0.410,1.154,0.263
2016-12-01 01:46:25.236,124.876,0.019,-0.724,0.000,0.690,0.411,1.154,0.262
2016-12-01 01:46:25.248,124.876,0.020,-0.725,0.000,0.689,0.411,1.154,0.262
2016-12-01 01:46:25.258,124.897,0.020,-0.725,0.000,0.689,0.411,1.154,0.262
2016-12-01 01:46:25.270,124.897,0.020,-0.725,0.000,0.688,0.411,1.154,0.262
2016-12-01 01:46:25.281,124.919,0.020,-0.726,0.000,0.688,0.411,1.154,0.262
2016-12-01 01:46:25.292,124.919,0.021,-0.726,0.000,0.688,0.411,1.154,0.263
2016-12-01 01:46:25.304,124.919,0.021,-0.726,0.001,0.687,0.411,1.154,0.263
2016-12-01 01:46:25.315,124.940,0.021,-0.726,0.001,0.687,0.411,1.154,0.263
2016-12-01 01:46:25.326,124.940,0.021,-0.726,0.001,0.687,0.411,1.154,0.263
2016-12-01 01:46:25.337,124.961,0.021,-0.726,0.001,0.687,0.412,1.154,0.263
2016-12-01 01:46:25.348,124.983,0.022,-0.726,0.001,0.688,0.412,1.154,0.263
2016-12-01 01:46:25.359,124.983,0.022,-0.725,0.001,0.688,0.412,1.154,0.263
2016-12-01 01:46:25.370,125.004,0.022,-0.725,0.001,0.688,0.412,1.154,0.263
2016-12-01 01:46:25.382,125.004,0.022,-0.725,0.001,0.688,0.412,1.154,0.263
2016-12-01 01:46:25.393,125.025,0.022,-0.725,0.001,0.689,0.412,1.154,0.263
2016-12-01 01:46:25.404,125.025,0.021,-0.725,0.001,0.689,0.412,1.154,0.263
2016-12-01 01:46:25.415,125.047,0.021,-0.724,0.000,0.689,0.412,1.154,0.263
2016-12-01 01:46:25.426,125.068,0.021,-0.724,0.000,0.689,0.412,1.154,0.263
2016-12-01 01:46:25.437,125.068,0.021,-0.724,0.000,0.690,0.412,1.154,0.263
2016-12-01 01:46:25.448,125.089,0.020,-0.724,0.000,0.690,0.412,1.154,0.263
2016-12-01 01:46:25.459,125.089,0.020,-0.723,0.000,0.690,0.412,1.154,0.263
2016-12-01 01:46:25.471,125.089,0.019,-0.723,0.000,0.690,0.412,1.154,0.263
2016-12-01 01:46:25.482,125.111,0.019,-0.723,-0.001,0.691,0.412,1.154,0.263
2016-12-01 01:46:25.494,125.111,0.019,-0.723,-0.001,0.691,0.412,1.154,0.263
2016-12-01 01:46:25.505,125.132,0.018,-0.723,-0.001,0.691,0.412,1.154,0.263
2016-12-01 01:46:25.516,125.132,0.018,-0.723,-0.001,0.691,0.412,1.154,0.263
2016-12-01 01:46:25.527,125.153,0.018,-0.723,-0.001,0.691,0.412,1.154,0.263
2016-12-01 01:46:25.538,125.175,0.017,-0.723,-0.001,0.691,0.412,1.155,0.263
2016-12-01 01:46:25.549,125.175,0.017,-0.723,-0.001,0.691,0.412,1.154,0.263
2016-12-01 01:46:25.560,125.196,0.017,-0.723,-0.001,0.691,0.412,1.154,0.263
2016-12-01 01:46:25.572,125.196,0.017,-0.723,-0.001,0.691,0.412,1.155,0.263
2016-12-01 01:46:25.583,125.217,0.016,-0.723,-0.001,0.691,0.412,1.154,0.263
2016-12-01 01:46:25.594,125.217,0.016,-0.723,0.000,0.691,0.412,1.155,0.263
2016-12-01 01:46:25.605,125.239,0.016,-0.723,0.000,0.691,0.412,1.155,0.263
2016-12-01 01:46:25.616,125.239,0.016,-0.722,0.000,0.691,0.412,1.155,0.263
2016-12-01 01:46:25.627,125.260,0.016,-0.722,0.000,0.691,0.412,1.154,0.263
2016-12-01 01:46:25.639,125.260,0.016,-0.722,0.001,0.691,0.412,1.154,0.263
2016-12-01 01:46:25.649,125.281,0.016,-0.723,0.001,0.691,0.411,1.154,0.263
2016-12-01 01:46:25.661,125.281,0.016,-0.722,0.001,0.691,0.411,1.154,0.263
2016-12-01 01:46:25.672,125.303,0.016,-0.723,0.002,0.691,0.411,1.154,0.263
2016-12-01 01:46:25.684,125.303,0.016,-0.723,0.002,0.691,0.411,1.154,0.262
2016-12-01 01:46:25.694,125.324,0.016,-0.723,0.002,0.691,0.411,1.154,0.262
2016-12-01 01:46:25.705,125.324,0.017,-0.723,0.003,0.691,0.411,1.154,0.262
2016-12-01 01:46:25.717,125.345,0.017,-0.723,0.003,0.690,0.411,1.154,0.262
2016-12-01 01:46:25.728,125.367,0.017,-0.724,0.003,0.690,0.411,1.154,0.262
2016-12-01 01:46:25.739,125.367,0.017,-0.725,0.004,0.689,0.411,1.154,0.261
2016-12-01 01:46:25.750,125.388,0.016,-0.726,0.004,0.688,0.411,1.154,0.261
2016-12-01 01:46:25.761,125.388,0.016,-0.727,0.004,0.687,0.411,1.154,0.261
2016-12-01 01:46:25.772,125.409,0.016,-0.728,0.004,0.686,0.411,1.154,0.261
2016-12-01 01:46:25.784,125.409,0.016,-0.729,0.004,0.684,0.410,1.154,0.260
2016-12-01 01:46:25.795,125.409,0.016,-0.731,0.004,0.683,0.411,1.154,0.260
2016-12-01 01:46:25.806,125.431,0.016,-0.732,0.005,0.681,0.411,1.154,0.260
2016-12-01 01:46:25.817,125.452,0.016,-0.734,0.005,0.679,0.411,1.154,0.259
2016-12-01 01:46:25.828,125.452,0.016,-0.736,0.005,0.677,0.411,1.154,0.259
2016-12-01 01:46:25.839,125.473,0.016,-0.738,0.005,0.675,0.411,1.154,0.259
2016-12-01 01:46:25.851,125.473,0.016,-0.740,0.005,0.673,0.411,1.154,0.258
2016-12-01 01:46:25.862,125.495,0.016,-0.742,0.005,0.671,0.411,1.154,0.258
2016-12-01 01:46:25.874,125.495,0.016,-0.744,0.005,0.668,0.411,1.154,0.257
2016-12-01 01:46:25.884,125.516,0.016,-0.746,0.006,0.666,0.411,1.154,0.257
2016-12-01 01:46:25.895,125.516,0.016,-0.748,0.006,0.664,0.411,1.154,0.257
2016-12-01 01:46:25.907,125.537,0.017,-0.750,0.006,0.662,0.411,1.154,0.256
2016-12-01 01:46:25.918,125.559,0.017,-0.752,0.006,0.659,0.411,1.154,0.256
2016-12-01 01:46:25.929,125.559,0.017,-0.754,0.006,0.657,0.411,1.154,0.255
2016-12-01 01:46:25.940,125.559,0.017,-0.756,0.006,0.655,0.411,1.154,0.255
2016-12-01 01:46:25.951,125.580,0.017,-0.758,0.007,0.652,0.411,1.154,0.255
2016-12-01 01:46:25.963,125.580,0.017,-0.760,0.007,0.650,0.411,1.154,0.254
2016-12-01 01:46:25.973,125.601,0.017,-0.762,0.007,0.648,0.411,1.154,0.254
2016-12-01 01:46:25.985,125.601,0.017,-0.764,0.007,0.645,0.411,1.154,0.253
2016-12-01 01:46:25.996,125.623,0.017,-0.766,0.007,0.643,0.411,1.154,0.253
2016-12-01 01:46:26.007,125.644,0.017,-0.768,0.008,0.640,0.412,1.154,0.252
2016-12-01 01:46:26.018,125.644,0.018,-0.770,0.008,0.638,0.412,1.154,0.252
2016-12-01 01:46:26.029,125.665,0.018,-0.772,0.008,0.635,0.412,1.154,0.251
2016-12-01 01:46:26.041,125.665,0.018,-0.774,0.009,0.633,0.412,1.154,0.251
2016-12-01 01:46:26.052,125.687,0.018,-0.776,0.009,0.630,0.412,1.154,0.250
2016-12-01 01:46:26.063,125.687,0.018,-0.778,0.009,0.627,0.412,1.154,0.250
2016-12-01 01:46:26.074,125.708,0.018,-0.780,0.010,0.625,0.412,1.154,0.249
2016-12-01 01:46:26.086,125.708,0.018,-0.782,0.010,0.622,0.413,1.154,0.249
2016-12-01 01:46:26.096,125.729,0.018,-0.785,0.011,0.620,0.413,1.154,0.248
2016-12-01 01:46:26.108,125.729,0.018,-0.787,0.011,0.617,0.413,1.154,0.248
2016-12-01 01:46:26.119,125.751,0.019,-0.789,0.012,0.614,0.413,1.154,0.248
2016-12-01 01:46:26.130,125.751,0.019,-0.791,0.012,0.612,0.413,1.154,0.247
2016-12-01 01:46:26.141,125.772,0.018,-0.793,0.012,0.609,0.413,1.154,0.247
2016-12-01 01:46:26.153,125.772,0.018,-0.795,0.013,0.606,0.413,1.153,0.246
2016-12-01 01:46:26.163,125.793,0.018,-0.797,0.013,0.603,0.413,1.153,0.246
2016-12-01 01:46:26.175,125.793,0.018,-0.799,0.013,0.600,0.414,1.153,0.245
2016-12-01 01:46:26.185,125.815,0.017,-0.802,0.013,0.598,0.414,1.153,0.244
2016-12-01 01:46:26.197,125.836,0.017,-0.804,0.013,0.595,0.414,1.153,0.244
2016-12-01 01:46:26.208,125.836,0.016,-0.806,0.013,0.592,0.414,1.153,0.243
2016-12-01 01:46:26.219,125.857,0.016,-0.808,0.013,0.589,0.414,1.153,0.243
2016-12-01 01:46:26.231,125.857,0.016,-0.810,0.013,0.586,0.414,1.153,0.242
2016-12-01 01:46:26.242,125.879,0.016,-0.813,0.013,0.582,0.414,1.153,0.242
2016-12-01 01:46:26.253,125.879,0.016,-0.815,0.013,0.579,0.415,1.153,0.241
2016-12-01 01:46:26.264,125.900,0.015,-0.817,0.014,0.576,0.415,1.153,0.241
2016-12-01 01:46:26.275,125.900,0.015,-0.819,0.014,0.573,0.415,1.153,0.240
2016-12-01 01:46:26.286,125.921,0.015,-0.821,0.014,0.570,0.415,1.153,0.240
2016-12-01 01:46:26.297,125.921,0.015,-0.823,0.013,0.567,0.415,1.153,0.239
2016-12-01 01:46:26.309,125.943,0.015,-0.825,0.013,0.564,0.415,1.153,0.238
2016-12-01 01:46:26.320,125.943,0.015,-0.828,0.013,0.561,0.415,1.153,0.238
2016-12-01 01:46:26.331,125.964,0.015,-0.830,0.012,0.558,0.416,1.153,0.237
2016-12-01 01:46:26.342,125.964,0.015,-0.832,0.012,0.555,0.416,1.153,0.237
2016-12-01 01:46:26.353,125.985,0.015,-0.834,0.012,0.552,0.416,1.154,0.236
2016-12-01 01:46:26.364,125.985,0.015,-0.836,0.011,0.549,0.416,1.154,0.236
2016-12-01 01:46:26.376,126.007,0.015,-0.838,0.011,0.546,0.416,1.154,0.236
2016-12-01 01:46:26.387,126.028,0.015,-0.840,0.011,0.543,0.416,1.154,0.235
2016-12-01 01:46:26.398,126.028,0.015,-0.841,0.010,0.540,0.416,1.154,0.234
2016-12-01 01:46:26.409,126.049,0.015,-0.843,0.010,0.537,0.417,1.154,0.234
2016-12-01 01:46:26.420,126.049,0.015,-0.845,0.010,0.534,0.417,1.154,0.233
2016-12-01 01:46:26.431,126.049,0.015,-0.847,0.010,0.532,0.417,1.154,0.233
2016-12-01 01:46:26.443,126.071,0.015,-0.849,0.010,0.529,0.417,1.154,0.232
2016-12-01 01:46:26.454,126.071,0.015,-0.850,0.010,0.526,0.417,1.154,0.232
2016-12-01 01:46:26.465,126.092,0.014,-0.852,0.010,0.524,0.418,1.154,0.231
2016-12-01 01:46:26.476,126.113,0.014,-0.853,0.010,0.521,0.418,1.154,0.231
2016-12-01 01:46:26.488,126.113,0.014,-0.854,0.010,0.519,0.418,1.154,0.230
2016-12-01 01:46:26.498,126.135,0.014,-0.856,0.010,0.517,0.418,1.154,0.230
2016-12-01 01:46:26.510,126.135,0.014,-0.857,0.010,0.515,0.418,1.154,0.230
2016-12-01 01:46:26.521,126.156,0.014,-0.858,0.010,0.513,0.419,1.154,0.229
2016-12-01 01:46:26.532,126.156,0.013,-0.859,0.011,0.511,0.419,1.154,0.229
2016-12-01 01:46:26.543,126.177,0.013,-0.860,0.011,0.510,0.419,1.154,0.229
2016-12-01 01:46:26.555,126.177,0.013,-0.861,0.011,0.508,0.419,1.154,0.228
2016-12-01 01:46:26.565,126.199,0.013,-0.862,0.011,0.507,0.419,1.154,0.228
2016-12-01 01:46:26.577,126.220,0.013,-0.863,0.011,0.505,0.420,1.154,0.228
2016-12-01 01:46:26.588,126.220,0.014,-0.863,0.011,0.505,0.420,1.154,0.227
2016-12-01 01:46:26.599,126.220,0.014,-0.864,0.011,0.504,0.420,1.154,0.227
2016-12-01 01:46:26.610,126.241,0.014,-0.864,0.011,0.503,0.420,1.154,0.227
2016-12-01 01:46:26.622,126.241,0.014,-0.864,0.011,0.502,0.420,1.154,0.227
2016-12-01 01:46:26.633,126.263,0.014,-0.865,0.011,0.502,0.421,1.154,0.227
2016-12-01 01:46:26.644,126.263,0.014,-0.865,0.011,0.502,0.421,1.154,0.227
2016-12-01 01:46:26.655,126.284,0.014,-0.865,0.010,0.502,0.421,1.154,0.227
2016-12-01 01:46:26.666,126.305,0.014,-0.865,0.010,0.502,0.421,1.154,0.227
2016-12-01 01:46:26.677,126.305,0.013,-0.865,0.010,0.502,0.421,1.154,0.227
2016-12-01 01:46:26.689,126.327,0.013,-0.865,0.010,0.502,0.421,1.154,0.227
2016-12-01 01:46:26.700,126.327,0.013,-0.865,0.010,0.502,0.421,1.154,0.227
2016-12-01 01:46:26.711,126.348,0.013,-0.864,0.010,0.503,0.421,1.154,0.227
2016-12-01 01:46:26.722,126.348,0.013,-0.864,0.009,0.503,0.421,1.154,0.227
2016-12-01 01:46:26.733,126.369,0.013,-0.864,0.009,0.504,0.421,1.154,0.227
2016-12-01 01:46:26.745,126.369,0.012,-0.863,0.009,0.505,0.421,1.154,0.227
2016-12-01 01:46:26.755,126.391,0.012,-0.863,0.009,0.506,0.421,1.154,0.227
2016-12-01 01:46:26.767,126.391,0.012,-0.862,0.008,0.506,0.421,1.154,0.227
2016-12-01 01:46:26.777,126.412,0.012,-0.862,0.008,0.507,0.421,1.154,0.228
2016-12-01 01:46:26.789,126.412,0.012,-0.861,0.008,0.508,0.421,1.154,0.228
2016-12-01 01:46:26.800,126.433,0.012,-0.861,0.008,0.509,0.421,1.154,0.228
2016-12-01 01:46:26.812,126.433,0.012,-0.860,0.008,0.510,0.421,1.154,0.228
2016-12-01 01:46:26.822,126.455,0.012,-0.860,0.008,0.511,0.421,1.155,0.228
2016-12-01 01:46:26.834,126.455,0.012,-0.859,0.007,0.512,0.421,1.155,0.229
2016-12-01 01:46:26.845,126.476,0.012,-0.859,0.007,0.513,0.421,1.155,0.229
2016-12-01 01:46:26.856,126.497,0.012,-0.858,0.007,0.514,0.421,1.155,0.229
2016-12-01 01:46:26.868,126.497,0.012,-0.858,0.007,0.514,0.421,1.155,0.229
2016-12-01 01:46:26.878,126.519,0.012,-0.857,0.007,0.515,0.421,1.155,0.229
2016-12-01 01:46:26.890,126.519,0.012,-0.857,0.007,0.516,0.421,1.155,0.230
2016-12-01 01:46:26.900,126.540,0.012,-0.856,0.007,0.517,0.422,1.155,0.230
2016-12-01 01:46:26.912,126.540,0.012,-0.856,0.007,0.517,0.422,1.155,0.230
2016-12-01 01:46:26.923,126.540,0.012,-0.855,0.006,0.518,0.422,1.155,0.230
2016-12-01 01:46:26.934,126.561,0.011,-0.855,0.006,0.518,0.422,1.155,0.230
2016-12-01 01:46:26.946,126.583,0.011,-0.855,0.006,0.519,0.422,1.155,0.231
2016-12-01 01:46:26.956,126.583,0.011,-0.855,0.006,0.519,0.422,1.156,0.231
2016-12-01 01:46:26.967,126.604,0.011,-0.854,0.005,0.520,0.422,1.156,0.231
2016-12-01 01:46:26.979,126.604,0.011,-0.854,0.005,0.520,0.422,1.156,0.231
2016-12-01 01:46:26.990,126.625,0.011,-0.854,0.005,0.520,0.422,1.156,0.231
2016-12-01 01:46:27.001,126.625,0.010,-0.853,0.005,0.521,0.422,1.156,0.232
2016-12-01 01:46:27.012,126.647,0.010,-0.853,0.005,0.521,0.422,1.156,0.232
2016-12-01 01:46:27.024,126.647,0.010,-0.853,0.005,0.522,0.422,1.156,0.232
2016-12-01 01:46:27.035,126.668,0.010,-0.853,0.005,0.522,0.423,1.156,0.232
2016-12-01 01:46:27.046,126.689,0.010,-0.852,0.005,0.523,0.423,1.156,0.232
2016-12-01 01:46:27.057,126.689,0.010,-0.852,0.005,0.523,0.422,1.156,0.233
2016-12-01 01:46:27.068,126.711,0.010,-0.852,0.005,0.524,0.423,1.156,0.233
2016-12-01 01:46:27.079,126.711,0.010,-0.852,0.005,0.524,0.423,1.156,0.233
2016-12-01 01:46:27.090,126.711,0.010,-0.851,0.005,0.525,0.422,1.155,0.233
2016-12-01 01:46:27.101,126.732,0.010,-0.851,0.005,0.525,0.422,1.155,0.233
2016-12-01 01:46:27.113,126.732,0.011,-0.851,0.005,0.525,0.422,1.155,0.233
2016-12-01 01:46:27.124,126.753,0.011,-0.850,0.005,0.526,0.422,1.155,0.234
2016-12-01 01:46:27.135,126.753,0.011,-0.850,0.004,0.526,0.422,1.155,0.234
2016-12-01 01:46:27.146,126.775,0.011,-0.850,0.004,0.526,0.422,1.155,0.234
2016-12-01 01:46:27.158,126.796,0.012,-0.850,0.004,0.527,0.422,1.155,0.234
2016-12-01 01:46:27.169,126.796,0.012,-0.850,0.004,0.527,0.422,1.155,0.234
2016-12-01 01:46:27.180,126.817,0.013,-0.850,0.005,0.527,0.422,1.155,0.234
2016-12-01 01:46:27.191,126.817,0.013,-0.849,0.005,0.528,0.422,1.155,0.235
2016-12-01 01:46:27.202,126.839,0.013,-0.849,0.004,0.528,0.422,1.155,0.235
2016-12-01 01:46:27.214,126.839,0.013,-0.849,0.005,0.528,0.422,1.155,0.235
2016-12-01 01:46:27.225,126.860,0.013,-0.849,0.004,0.528,0.422,1.155,0.235
2016-12-01 01:46:27.236,126.860,0.013,-0.849,0.004,0.528,0.422,1.155,0.235
2016-12-01 01:46:27.247,126.881,0.012,-0.849,0.004,0.528,0.422,1.155,0.235
2016-12-01 01:46:27.258,126.881,0.012,-0.849,0.004,0.528,0.422,1.155,0.235
2016-12-01 01:46:27.269,126.903,0.012,-0.849,0.004,0.529,0.422,1.155,0.235
2016-12-01 01:46:27.281,126.903,0.012,-0.849,0.003,0.529,0.422,1.155,0.235
2016-12-01 01:46:27.291,126.924,0.011,-0.849,0.003,0.529,0.423,1.155,0.235
2016-12-01 01:46:27.303,126.924,0.011,-0.849,0.003,0.529,0.422,1.156,0.236
2016-12-01 01:46:27.314,126.945,0.011,-0.849,0.003,0.529,0.422,1.156,0.236
2016-12-01 01:46:27.325,126.945,0.010,-0.849,0.002,0.529,0.422,1.156,0.236
2016-12-01 01:46:27.336,126.967,0.010,-0.849,0.002,0.529,0.422,1.156,0.236
2016-12-01 01:46:27.348,126.988,0.009,-0.849,0.002,0.529,0.422,1.156,0.236
2016-12-01 01:46:27.359,126.988,0.009,-0.849,0.002,0.529,0.422,1.156,0.236
2016-12-01 01:46:27.370,127.009,0.009,-0.849,0.001,0.529,0.422,1.156,0.236
2016-12-01 01:46:27.382,127.009,0.008,-0.848,0.001,0.529,0.422,1.156,0.236
2016-12-01 01:46:27.392,127.031,0.008,-0.848,0.001,0.529,0.422,1.156,0.236
2016-12-01 01:46:27.404,127.031,0.008,-0.848,0.001,0.529,0.422,1.156,0.236
2016-12-01 01:46:27.415,127.031,0.007,-0.848,0.001,0.529,0.422,1.156,0.236
2016-12-01 01:46:27.426,127.052,0.007,-0.848,0.002,0.529,0.422,1.156,0.236
2016-12-01 01:46:27.437,127.073,0.007,-0.848,0.002,0.530,0.422,1.156,0.236
2016-12-01 01:46:27.448,127.073,0.007,-0.848,0.002,0.530,0.422,1.156,0.236
2016-12-01 01:46:27.459,127.095,0.007,-0.848,0.002,0.530,0.422,1.156,0.236
2016-12-01 01:46:27.471,127.095,0.006,-0.848,0.002,0.530,0.422,1.156,0.236
2016-12-01 01:46:27.481,127.116,0.006,-0.848,0.001,0.530,0.422,1.156,0.236
2016-12-01 01:46:27.492,127.116,0.006,-0.848,0.001,0.530,0.422,1.156,0.236
2016-12-01 01:46:27.504,127.137,0.006,-0.848,0.002,0.530,0.422,1.156,0.236
2016-12-01 01:46:27.515,127.137,0.007,-0.848,0.002,0.530,0.422,1.156,0.236
2016-12-01 01:46:27.526,127.159,0.007,-0.848,0.002,0.531,0.423,1.156,0.236
2016-12-01 01:46:27.537,127.180,0.007,-0.847,0.002,0.531,0.422,1.156,0.236
2016-12-01 01:46:27.549,127.180,0.007,-0.847,0.002,0.531,0.423,1.156,0.236
2016-12-01 01:46:27.560,127.201,0.007,-0.847,0.002,0.531,0.423,1.156,0.236
2016-12-01 01:46:27.571,127.201,0.007,-0.847,0.002,0.532,0.423,1.156,0.236
2016-12-01 01:46:27.582,127.201,0.007,-0.846,0.002,0.533,0.422,1.156,0.236
2016-12-01 01:46:27.593,127.223,0.008,-0.846,0.002,0.533,0.422,1.156,0.236
2016-12-01 01:46:27.604,127.223,0.008,-0.845,0.002,0.534,0.422,1.156,0.236
2016-12-01 01:46:27.615,127.244,0.008,-0.845,0.002,0.535,0.422,1.156,0.236
2016-12-01 01:46:27.627,127.265,0.008,-0.844,0.002,0.536,0.422,1.156,0.236
2016-12-01 01:46:27.638,127.265,0.008,-0.843,0.002,0.538,0.422,1.156,0.236
2016-12-01 01:46:27.649,127.287,0.009,-0.842,0.002,0.539,0.422,1.156,0.236
2016-12-01 01:46:27.660,127.287,0.009,-0.841,0.002,0.541,0.422,1.156,0.236
2016-12-01 01:46:27.671,127.308,0.009,-0.839,0.001,0.543,0.422,1.156,0.237
2016-12-01 01:46:27.683,127.308,0.009,-0.838,0.001,0.546,0.422,1.156,0.237
2016-12-01 01:46:27.693,127.329,0.009,-0.836,0.001,0.549,0.421,1.157,0.237
2016-12-01 01:46:27.705,127.329,0.009,-0.834,0.000,0.552,0.421,1.157,0.238
2016-12-01 01:46:27.716,127.351,0.009,-0.832,0.000,0.555,0.421,1.157,0.238
2016-12-01 01:46:27.727,127.351,0.009,-0.830,-0.001,0.558,0.421,1.157,0.239
2016-12-01 01:46:27.738,127.372,0.009,-0.828,-0.001,0.561,0.421,1.157,0.239
2016-12-01 01:46:27.750,127.372,0.009,-0.826,-0.002,0.564,0.421,1.157,0.239
2016-12-01 01:46:27.761,127.393,0.009,-0.824,-0.002,0.566,0.421,1.157,0.240
2016-12-01 01:46:27.772,127.393,0.008,-0.822,-0.002,0.569,0.421,1.157,0.240
2016-12-01 01:46:27.783,127.415,0.008,-0.820,-0.003,0.572,0.421,1.157,0.241
2016-12-01 01:46:27.795,127.415,0.008,-0.818,-0.003,0.575,0.421,1.158,0.241
2016-12-01 01:46:27.805,127.436,0.008,-0.816,-0.004,0.578,0.420,1.158,0.242
2016-12-01 01:46:27.817,127.457,0.007,-0.815,-0.005,0.580,0.420,1.158,0.242
2016-12-01 01:46:27.828,127.457,0.006,-0.813,-0.006,0.582,0.420,1.158,0.242
2016-12-01 01:46:27.839,127.479,0.005,-0.812,-0.006,0.583,0.420,1.158,0.243
2016-12-01 01:46:27.850,127.479,0.004,-0.811,-0.007,0.585,0.420,1.158,0.243
2016-12-01 01:46:27.861,127.500,0.003,-0.810,-0.007,0.586,0.419,1.158,0.244
2016-12-01 01:46:27.873,127.500,0.003,-0.809,-0.007,0.588,0.419,1.158,0.244
2016-12-01 01:46:27.883,127.521,0.003,-0.808,-0.007,0.589,0.419,1.158,0.244
2016-12-01 01:46:27.895,127.521,0.003,-0.807,-0.008,0.591,0.419,1.158,0.245
2016-12-01 01:46:27.906,127.543,0.003,-0.806,-0.008,0.592,0.419,1.158,0.245
2016-12-01 01:46:27.918,127.543,0.003,-0.805,-0.008,0.593,0.419,1.158,0.246
2016-12-01 01:46:27.928,127.564,0.004,-0.804,-0.008,0.594,0.419,1.158,0.246
2016-12-01 01:46:27.940,127.564,0.004,-0.804,-0.008,0.595,0.419,1.158,0.246
2016-12-01 01:46:27.951,127.585,0.005,-0.803,-0.008,0.596,0.419,1.158,0.247
2016-12-01 01:46:27.962,127.585,0.006,-0.802,-0.008,0.597,0.419,1.158,0.247
2016-12-01 01:46:27.973,127.607,0.006,-0.802,-0.008,0.598,0.419,1.158,0.248
2016-12-01 01:46:27.984,127.607,0.007,-0.801,-0.008,0.599,0.419,1.158,0.248
2016-12-01 01:46:27.995,127.628,0.008,-0.800,-0.008,0.599,0.419,1.158,0.248
2016-12-01 01:46:28.007,127.649,0.008,-0.800,-0.009,0.600,0.419,1.158,0.249
2016-12-01 01:46:28.018,127.649,0.008,-0.799,-0.009,0.601,0.419,1.158,0.249
2016-12-01 01:46:28.029,127.671,0.008,-0.799,-0.009,0.602,0.419,1.158,0.249
2016-12-01 01:46:28.040,127.671,0.009,-0.798,-0.009,0.602,0.418,1.158,0.250
2016-12-01 01:46:28.051,127.671,0.009,-0.798,-0.009,0.603,0.418,1.158,0.250
2016-12-01 01:46:28.062,127.692,0.009,-0.797,-0.009,0.604,0.418,1.158,0.250
2016-12-01 01:46:28.073,127.692,0.010,-0.797,-0.009,0.604,0.418,1.158,0.250
2016-12-01 01:46:28.084,127.713,0.010,-0.796,-0.010,0.605,0.418,1.158,0.251
2016-12-01 01:46:28.096,127.735,0.010,-0.795,-0.010,0.606,0.418,1.158,0.251
2016-12-01 01:46:28.107,127.735,0.010,-0.795,-0.010,0.606,0.418,1.158,0.251
2016-12-01 01:46:28.118,127.756,0.010,-0.794,-0.010,0.607,0.418,1.158,0.252
2016-12-01 01:46:28.129,127.756,0.011,-0.794,-0.010,0.608,0.418,1.158,0.252
2016-12-01 01:46:28.141,127.777,0.011,-0.793,-0.010,0.608,0.418,1.158,0.252
2016-12-01 01:46:28.152,127.777,0.011,-0.793,-0.011,0.609,0.418,1.158,0.253
2016-12-01 01:46:28.163,127.799,0.011,-0.792,-0.011,0.610,0.418,1.158,0.253
2016-12-01 01:46:28.174,127.799,0.012,-0.792,-0.011,0.611,0.418,1.158,0.253
2016-12-01 01:46:28.185,127.820,0.012,-0.791,-0.011,0.611,0.418,1.158,0.254
2016-12-01 01:46:28.196,127.841,0.013,-0.791,-0.011,0.612,0.418,1.158,0.254
2016-12-01 01:46:28.208,127.841,0.013,-0.790,-0.012,0.613,0.418,1.158,0.254
2016-12-01 01:46:28.218,127.841,0.014,-0.789,-0.012,0.614,0.418,1.158,0.254
2016-12-01 01:46:28.230,127.863,0.014,-0.789,-0.012,0.615,0.418,1.158,0.255
2016-12-01 01:46:28.241,127.863,0.014,-0.788,-0.012,0.615,0.419,1.158,0.255
2016-12-01 01:46:28.252,127.884,0.015,-0.787,-0.012,0.616,0.419,1.158,0.255
2016-12-01 01:46:28.263,127.884,0.015,-0.787,-0.013,0.617,0.419,1.158,0.256
2016-12-01 01:46:28.275,127.905,0.015,-0.786,-0.013,0.618,0.419,1.158,0.256
2016-12-01 01:46:28.286,127.927,0.016,-0.785,-0.013,0.619,0.419,1.158,0.256
2016-12-01 01:46:28.297,127.927,0.016,-0.784,-0.013,0.620,0.419,1.158,0.256
2016-12-01 01:46:28.308,127.948,0.016,-0.784,-0.013,0.621,0.419,1.158,0.256
2016-12-01 01:46:28.320,127.948,0.017,-0.783,-0.013,0.622,0.419,1.158,0.257
2016-12-01 01:46:28.330,127.969,0.017,-0.782,-0.013,0.623,0.419,1.158,0.257
2016-12-01 01:46:28.342,127.969,0.017,-0.782,-0.013,0.623,0.419,1.158,0.257
2016-12-01 01:46:28.353,127.991,0.018,-0.781,-0.013,0.624,0.419,1.158,0.257
2016-12-01 01:46:28.364,127.991,0.018,-0.780,-0.013,0.625,0.419,1.157,0.257
2016-12-01 01:46:28.375,128.012,0.018,-0.780,-0.013,0.626,0.419,1.157,0.257
2016-12-01 01:46:28.386,128.012,0.019,-0.779,-0.012,0.627,0.418,1.157,0.257
2016-12-01 01:46:28.397,128.033,0.019,-0.778,-0.012,0.627,0.418,1.157,0.257
2016-12-01 01:46:28.409,128.033,0.020,-0.778,-0.012,0.628,0.418,1.157,0.257
2016-12-01 01:46:28.420,128.055,0.020,-0.777,-0.011,0.629,0.418,1.157,0.257
2016-12-01 01:46:28.431,128.055,0.020,-0.777,-0.011,0.629,0.418,1.157,0.257
2016-12-01 01:46:28.442,128.076,0.021,-0.776,-0.010,0.630,0.418,1.157,0.257
2016-12-01 01:46:28.454,128.076,0.021,-0.776,-0.010,0.630,0.418,1.157,0.257
2016-12-01 01:46:28.464,128.097,0.021,-0.776,-0.010,0.631,0.418,1.157,0.257
2016-12-01 01:46:28.476,128.119,0.021,-0.775,-0.010,0.631,0.418,1.157,0.257
2016-12-01 01:46:28.487,128.119,0.021,-0.775,-0.010,0.632,0.418,1.157,0.257
2016-12-01 01:46:28.498,128.140,0.021,-0.775,-0.010,0.632,0.418,1.157,0.257
2016-12-01 01:46:28.510,128.140,0.022,-0.774,-0.010,0.632,0.418,1.157,0.257
2016-12-01 01:46:28.520,128.161,0.022,-0.774,-0.010,0.633,0.418,1.157,0.257
2016-12-01 01:46:28.531,128.161,0.021,-0.774,-0.010,0.633,0.418,1.157,0.257
2016-12-01 01:46:28.543,128.161,0.021,-0.774,-0.010,0.633,0.418,1.157,0.258
2016-12-01 01:46:28.554,128.183,0.021,-0.773,-0.010,0.633,0.418,1.157,0.258
2016-12-01 01:46:28.565,128.183,0.021,-0.773,-0.010,0.634,0.418,1.157,0.258
2016-12-01 01:46:28.576,128.204,0.021,-0.773,-0.010,0.634,0.418,1.157,0.258
2016-12-01 01:46:28.588,128.225,0.021,-0.773,-0.010,0.634,0.418,1.157,0.258
2016-12-01 01:46:28.598,128.225,0.021,-0.773,-0.010,0.634,0.418,1.157,0.258
2016-12-01 01:46:28.610,128.247,0.021,-0.772,-0.010,0.635,0.418,1.157,0.258
2016-12-01 01:46:28.621,128.247,0.021,-0.772,-0.010,0.635,0.418,1.157,0.258
2016-12-01 01:46:28.632,128.268,0.021,-0.772,-0.010,0.635,0.418,1.157,0.258
2016-12-01 01:46:28.644,128.268,0.021,-0.772,-0.010,0.635,0.418,1.157,0.258
2016-12-01 01:46:28.654,128.289,0.021,-0.772,-0.010,0.636,0.418,1.157,0.258
2016-12-01 01:46:28.666,128.289,0.020,-0.772,-0.010,0.636,0.418,1.157,0.258
2016-12-01 01:46:28.677,128.311,0.020,-0.771,-0.009,0.636,0.418,1.157,0.258
2016-12-01 01:46:28.688,128.332,0.020,-0.771,-0.009,0.636,0.418,1.157,0.258
2016-12-01 01:46:28.699,128.332,0.020,-0.771,-0.009,0.636,0.419,1.157,0.258
2016-12-01 01:46:28.710,128.332,0.020,-0.771,-0.009,0.637,0.419,1.157,0.258
2016-12-01 01:46:28.721,128.353,0.020,-0.771,-0.009,0.637,0.419,1.157,0.258
2016-12-01 01:46:28.733,128.353,0.020,-0.770,-0.009,0.637,0.419,1.157,0.258
2016-12-01 01:46:28.744,128.375,0.020,-0.770,-0.008,0.638,0.419,1.157,0.258
2016-12-01 01:46:28.755,128.375,0.020,-0.770,-0.008,0.638,0.419,1.157,0.258
2016-12-01 01:46:28.766,128.396,0.020,-0.770,-0.008,0.638,0.418,1.157,0.258
2016-12-01 01:46:28.777,128.417,0.020,-0.769,-0.008,0.638,0.418,1.157,0.258
2016-12-01 01:46:28.788,128.417,0.020,-0.769,-0.008,0.639,0.418,1.157,0.258
2016-12-01 01:46:28.799,128.439,0.020,-0.769,-0.008,0.639,0.418,1.157,0.258
2016-12-01 01:46:28.811,128.439,0.020,-0.769,-0.008,0.639,0.418,1.157,0.258
2016-12-01 01:46:28.822,128.460,0.020,-0.769,-0.008,0.639,0.418,1.157,0.258
2016-12-01 01:46:28.833,128.460,0.020,-0.768,-0.008,0.640,0.418,1.157,0.258
2016-12-01 01:46:28.844,128.481,0.020,-0.768,-0.007,0.640,0.418,1.157,0.258
2016-12-01 01:46:28.856,128.481,0.020,-0.768,-0.007,0.640,0.418,1.157,0.258
2016-12-01 01:46:28.867,128.503,0.021,-0.768,-0.007,0.640,0.418,1.157,0.258
2016-12-01 01:46:28.878,128.503,0.021,-0.768,-0.007,0.640,0.418,1.156,0.258
2016-12-01 01:46:28.889,128.524,0.021,-0.768,-0.007,0.640,0.418,1.157,0.259
2016-12-01 01:46:28.900,128.524,0.021,-0.768,-0.007,0.640,0.418,1.157,0.259
2016-12-01 01:46:28.911,128.545,0.021,-0.768,-0.007,0.640,0.418,1.157,0.259
2016-12-01 01:46:28.923,128.545,0.022,-0.768,-0.007,0.640,0.418,1.157,0.259
2016-12-01 01:46:28.934,128.567,0.022,-0.768,-0.007,0.640,0.418,1.157,0.258
2016-12-01 01:46:28.945,128.567,0.022,-0.768,-0.007,0.640,0.418,1.157,0.259
2016-12-01 01:46:28.956,128.588,0.022,-0.768,-0.007,0.640,0.418,1.157,0.259
2016-12-01 01:46:28.967,128.609,0.021,-0.768,-0.007,0.640,0.418,1.157,0.259
2016-12-01 01:46:28.979,128.609,0.021,-0.768,-0.008,0.640,0.418,1.157,0.259
2016-12-01 01:46:28.989,128.631,0.021,-0.768,-0.008,0.640,0.419,1.157,0.259
2016-12-01 01:46:29.001,128.631,0.021,-0.768,-0.008,0.640,0.418,1.157,0.259
2016-12-01 01:46:29.012,128.652,0.021,-0.768,-0.008,0.640,0.418,1.157,0.259
2016-12-01 01:46:29.023,128.652,0.021,-0.768,-0.008,0.640,0.418,1.157,0.259
2016-12-01 01:46:29.034,128.652,0.020,-0.768,-0.008,0.640,0.418,1.157,0.259
2016-12-01 01:46:29.045,128.673,0.020,-0.768,-0.008,0.640,0.418,1.157,0.259
2016-12-01 01:46:29.057,128.695,0.020,-0.768,-0.008,0.641,0.418,1.157,0.259
2016-12-01 01:46:29.068,128.695,0.020,-0.767,-0.008,0.641,0.418,1.157,0.259
2016-12-01 01:46:29.079,128.716,0.020,-0.767,-0.007,0.641,0.418,1.157,0.259
2016-12-01 01:46:29.090,128.716,0.020,-0.767,-0.007,0.641,0.418,1.157,0.259
2016-12-01 01:46:29.101,128.737,0.021,-0.767,-0.007,0.641,0.418,1.157,0.259
2016-12-01 01:46:29.113,128.737,0.021,-0.767,-0.007,0.641,0.418,1.157,0.259
2016-12-01 01:46:29.123,128.759,0.021,-0.767,-0.007,0.641,0.418,1.157,0.259
2016-12-01 01:46:29.135,128.759,0.021,-0.767,-0.006,0.641,0.418,1.157,0.258
2016-12-01 01:46:29.146,128.780,0.021,-0.767,-0.006,0.641,0.418,1.157,0.259
2016-12-01 01:46:29.157,128.801,0.022,-0.767,-0.006,0.641,0.418,1.157,0.259
2016-12-01 01:46:29.168,128.801,0.022,-0.767,-0.006,0.641,0.418,1.157,0.259
2016-12-01 01:46:29.179,128.823,0.022,-0.767,-0.006,0.642,0.417,1.157,0.258
2016-12-01 01:46:29.190,128.823,0.022,-0.767,-0.006,0.642,0.417,1.157,0.258
2016-12-01 01:46:29.201,128.823,0.022,-0.767,-0.006,0.642,0.417,1.157,0.258
2016-12-01 01:46:29.213,128.844,0.022,-0.767,-0.006,0.642,0.417,1.157,0.258
2016-12-01 01:46:29.224,128.844,0.022,-0.767,-0.006,0.642,0.417,1.157,0.258
2016-12-01 01:46:29.235,128.865,0.022,-0.767,-0.006,0.642,0.417,1.157,0.258
2016-12-01 01:46:29.247,128.887,0.021,-0.767,-0.006,0.642,0.417,1.157,0.258
2016-12-01 01:46:29.258,128.887,0.021,-0.767,-0.006,0.642,0.417,1.157,0.258
2016-12-01 01:46:29.269,128.908,0.021,-0.767,-0.006,0.642,0.417,1.157,0.259
2016-12-01 01:46:29.280,128.908,0.021,-0.767,-0.006,0.642,0.417,1.157,0.259
2016-12-01 01:46:29.291,128.929,0.021,-0.767,-0.006,0.642,0.417,1.157,0.259
2016-12-01 01:46:29.303,128.929,0.021,-0.767,-0.006,0.642,0.417,1.157,0.259
2016-12-01 01:46:29.313,128.951,0.021,-0.766,-0.006,0.642,0.417,1.157,0.259
2016-12-01 01:46:29.324,128.951,0.021,-0.766,-0.006,0.642,0.417,1.157,0.259
2016-12-01 01:46:29.336,128.972,0.021,-0.766,-0.006,0.642,0.417,1.157,0.258
2016-12-01 01:46:29.347,128.972,0.021,-0.766,-0.006,0.642,0.417,1.157,0.259
2016-12-01 01:46:29.358,128.993,0.021,-0.766,-0.005,0.642,0.417,1.157,0.258
2016-12-01 01:46:29.369,128.993,0.022,-0.766,-0.005,0.642,0.417,1.157,0.258
2016-12-01 01:46:29.380,129.015,0.022,-0.766,-0.005,0.642,0.417,1.157,0.258
2016-12-01 01:46:29.392,129.015,0.022,-0.766,-0.005,0.643,0.417,1.157,0.258
2016-12-01 01:46:29.402,129.036,0.022,-0.766,-0.005,0.643,0.417,1.157,0.258
2016-12-01 01:46:29.414,129.036,0.022,-0.766,-0.005,0.643,0.417,1.157,0.258
2016-12-01 01:46:29.425,129.057,0.022,-0.766,-0.005,0.643,0.417,1.157,0.259
2016-12-01 01:46:29.436,129.079,0.022,-0.766,-0.005,0.643,0.417,1.157,0.259
2016-12-01 01:46:29.448,129.079,0.022,-0.766,-0.005,0.643,0.417,1.157,0.258
2016-12-01 01:46:29.459,129.100,0.022,-0.765,-0.004,0.643,0.417,1.157,0.258
2016-12-01 01:46:29.470,129.100,0.022,-0.765,-0.004,0.643,0.417,1.157,0.258
2016-12-01 01:46:29.481,129.121,0.022,-0.765,-0.004,0.643,0.417,1.157,0.258
2016-12-01 01:46:29.492,129.121,0.022,-0.765,-0.004,0.644,0.417,1.157,0.258
2016-12-01 01:46:29.503,129.143,0.022,-0.765,-0.004,0.644,0.417,1.157,0.258
2016-12-01 01:46:29.515,129.143,0.022,-0.765,-0.004,0.644,0.417,1.157,0.258
2016-12-01 01:46:29.525,129.143,0.022,-0.765,-0.004,0.644,0.417,1.157,0.259
2016-12-01 01:46:29.537,129.164,0.022,-0.765,-0.004,0.644,0.417,1.157,0.259
2016-12-01 01:46:29.548,129.185,0.022,-0.765,-0.004,0.644,0.418,1.157,0.259
2016-12-01 01:46:29.559,129.185,0.022,-0.764,-0.004,0.644,0.418,1.157,0.259
2016-12-01 01:46:29.570,129.207,0.022,-0.764,-0.004,0.644,0.418,1.157,0.259
2016-12-01 01:46:29.582,129.207,0.022,-0.764,-0.004,0.644,0.418,1.157,0.259
2016-12-01 01:46:29.592,129.228,0.022,-0.764,-0.005,0.645,0.418,1.157,0.259
2016-12-01 01:46:29.603,129.228,0.022,-0.764,-0.005,0.645,0.418,1.157,0.259
2016-12-01 01:46:29.615,129.249,0.022,-0.764,-0.005,0.645,0.418,1.157,0.259
2016-12-01 01:46:29.627,129.271,0.022,-0.764,-0.005,0.645,0.418,1.157,0.259
2016-12-01 01:46:29.638,129.271,0.022,-0.764,-0.004,0.645,0.418,1.157,0.259
2016-12-01 01:46:29.649,129.292,0.022,-0.763,-0.004,0.645,0.418,1.157,0.259
2016-12-01 01:46:29.660,129.292,0.022,-0.763,-0.004,0.646,0.418,1.157,0.259
2016-12-01 01:46:29.671,129.292,0.022,-0.763,-0.004,0.646,0.418,1.157,0.259
2016-12-01 01:46:29.682,129.313,0.022,-0.763,-0.004,0.646,0.418,1.157,0.259
2016-12-01 01:46:29.693,129.313,0.022,-0.763,-0.004,0.646,0.418,1.157,0.259
2016-12-01 01:46:29.704,129.335,0.022,-0.763,-0.004,0.646,0.418,1.157,0.259
2016-12-01 01:46:29.716,129.356,0.022,-0.763,-0.004,0.646,0.418,1.157,0.259
2016-12-01 01:46:29.727,129.356,0.022,-0.762,-0.004,0.647,0.418,1.157,0.259
2016-12-01 01:46:29.738,129.377,0.022,-0.762,-0.004,0.647,0.418,1.157,0.259
2016-12-01 01:46:29.749,129.377,0.022,-0.762,-0.004,0.647,0.418,1.157,0.259
2016-12-01 01:46:29.760,129.399,0.022,-0.762,-0.004,0.647,0.418,1.157,0.259
2016-12-01 01:46:29.772,129.399,0.023,-0.762,-0.004,0.647,0.418,1.157,0.259
2016-12-01 01:46:29.782,129.420,0.023,-0.762,-0.003,0.647,0.418,1.157,0.259
2016-12-01 01:46:29.794,129.420,0.023,-0.762,-0.003,0.647,0.418,1.157,0.259
2016-12-01 01:46:29.805,129.441,0.023,-0.762,-0.003,0.648,0.417,1.156,0.259
2016-12-01 01:46:29.817,129.463,0.023,-0.762,-0.003,0.648,0.417,1.156,0.259
2016-12-01 01:46:29.827,129.463,0.023,-0.762,-0.002,0.648,0.417,1.157,0.259
2016-12-01 01:46:29.838,129.463,0.024,-0.762,-0.002,0.648,0.417,1.157,0.259
2016-12-01 01:46:29.850,129.484,0.024,-0.762,-0.002,0.648,0.417,1.156,0.259
2016-12-01 01:46:29.861,129.484,0.024,-0.762,-0.002,0.648,0.417,1.156,0.259
2016-12-01 01:46:29.872,129.505,0.024,-0.762,-0.002,0.648,0.418,1.156,0.259
2016-12-01 01:46:29.884,129.505,0.024,-0.762,-0.002,0.648,0.418,1.156,0.259
2016-12-01 01:46:29.894,129.527,0.024,-0.762,-0.002,0.648,0.418,1.156,0.259
2016-12-01 01:46:29.905,129.527,0.024,-0.762,-0.002,0.647,0.417,1.156,0.259
2016-12-01 01:46:29.916,129.548,0.024,-0.762,-0.002,0.647,0.417,1.156,0.259
2016-12-01 01:46:29.928,129.569,0.024,-0.762,-0.002,0.647,0.417,1.156,0.259
2016-12-01 01:46:29.939,129.569,0.024,-0.762,-0.002,0.647,0.417,1.156,0.259
2016-12-01 01:46:29.950,129.591,0.024,-0.762,-0.002,0.648,0.417,1.156,0.259
2016-12-01 01:46:29.961,129.591,0.024,-0.762,-0.002,0.648,0.417,1.156,0.259
2016-12-01 01:46:29.972,129.612,0.024,-0.762,-0.002,0.648,0.417,1.156,0.259
2016-12-01 01:46:29.984,129.612,0.024,-0.762,-0.002,0.648,0.417,1.156,0.259
2016-12-01 01:46:29.995,129.633,0.024,-0.761,-0.002,0.648,0.417,1.156,0.259
2016-12-01 01:46:30.006,129.633,0.024,-0.761,-0.001,0.648,0.417,1.156,0.259
2016-12-01 01:46:30.017,129.655,0.024,-0.761,-0.001,0.648,0.417,1.156,0.259
2016-12-01 01:46:30.028,129.655,0.024,-0.761,-0.001,0.648,0.417,1.156,0.259
2016-12-01 01:46:30.039,129.676,0.024,-0.761,-0.001,0.648,0.417,1.156,0.259
2016-12-01 01:46:30.051,129.676,0.024,-0.761,-0.001,0.648,0.417,1.156,0.259
2016-12-01 01:46:30.062,129.697,0.024,-0.761,-0.001,0.648,0.416,1.156,0.259
2016-12-01 01:46:30.073,129.697,0.025,-0.761,-0.001,0.649,0.416,1.156,0.259
2016-12-01 01:46:30.084,129.719,0.024,-0.761,0.000,0.649,0.416,1.156,0.259
2016-12-01 01:46:30.095,129.719,0.024,-0.761,0.000,0.649,0.416,1.156,0.259
2016-12-01 01:46:30.106,129.740,0.025,-0.761,0.000,0.649,0.416,1.156,0.259
2016-12-01 01:46:30.118,129.761,0.025,-0.761,0.000,0.649,0.416,1.156,0.259
2016-12-01 01:46:30.128,129.761,0.025,-0.761,0.000,0.649,0.416,1.156,0.259
2016-12-01 01:46:30.140,129.783,0.025,-0.760,0.000,0.649,0.416,1.156,0.259
2016-12-01 01:46:30.151,129.783,0.025,-0.760,0.000,0.649,0.416,1.156,0.259
2016-12-01 01:46:30.162,129.783,0.025,-0.760,0.000,0.649,0.416,1.156,0.259
2016-12-01 01:46:30.174,129.804,0.026,-0.760,0.001,0.649,0.416,1.156,0.259
2016-12-01 01:46:30.185,129.804,0.026,-0.760,0.001,0.649,0.416,1.156,0.259
2016-12-01 01:46:30.196,129.825,0.026,-0.760,0.001,0.649,0.416,1.156,0.259
2016-12-01 01:46:30.207,129.847,0.026,-0.760,0.001,0.649,0.416,1.156,0.259
2016-12-01 01:46:30.219,129.847,0.026,-0.760,0.001,0.649,0.416,1.156,0.259
2016-12-01 01:46:30.229,129.868,0.026,-0.760,0.001,0.649,0.416,1.156,0.259
2016-12-01 01:46:30.241,129.868,0.027,-0.760,0.001,0.649,0.416,1.156,0.259
2016-12-01 01:46:30.252,129.889,0.027,-0.760,0.001,0.649,0.416,1.156,0.259
2016-12-01 01:46:30.263,129.889,0.027,-0.760,0.000,0.649,0.416,1.156,0.259
2016-12-01 01:46:30.274,129.911,0.027,-0.760,0.000,0.649,0.416,1.156,0.259
2016-12-01 01:46:30.285,129.911,0.027,-0.760,0.000,0.649,0.416,1.156,0.259
2016-12-01 01:46:30.296,129.932,0.027,-0.760,0.001,0.649,0.416,1.156,0.259
2016-12-01 01:46:30.308,129.953,0.027,-0.760,0.000,0.649,0.416,1.156,0.259
2016-12-01 01:46:30.318,129.953,0.027,-0.760,0.000,0.649,0.416,1.156,0.259
2016-12-01 01:46:30.330,129.953,0.027,-0.760,0.001,0.649,0.416,1.156,0.259
2016-12-01 01:46:30.341,129.975,0.028,-0.761,0.001,0.649,0.416,1.156,0.259
2016-12-01 01:46:30.352,129.975,0.028,-0.761,0.001,0.649,0.416,1.156,0.259
2016-12-01 01:46:30.364,129.996,0.028,-0.761,0.000,0.648,0.416,1.156,0.259
2016-12-01 01:46:30.375,129.996,0.028,-0.761,0.000,0.648,0.416,1.156,0.259
2016-12-01 01:46:30.386,130.017,0.028,-0.761,0.000,0.648,0.416,1.156,0.259
2016-12-01 01:46:30.397,130.039,0.028,-0.761,0.000,0.648,0.416,1.156,0.259
2016-12-01 01:46:30.409,130.039,0.028,-0.761,0.000,0.648,0.416,1.156,0.259
2016-12-01 01:46:30.419,130.060,0.028,-0.762,-0.001,0.647,0.416,1.156,0.259
2016-12-01 01:46:30.430,130.060,0.028,-0.762,-0.001,0.647,0.416,1.156,0.259
2016-12-01 01:46:30.441,130.081,0.027,-0.762,-0.001,0.647,0.416,1.156,0.259
2016-12-01 01:46:30.453,130.081,0.027,-0.762,-0.002,0.647,0.416,1.156,0.259
2016-12-01 01:46:30.464,130.103,0.027,-0.762,-0.002,0.647,0.416,1.156,0.259
2016-12-01 01:46:30.475,130.103,0.027,-0.762,-0.002,0.646,0.416,1.156,0.259
2016-12-01 01:46:30.486,130.103,0.027,-0.763,-0.002,0.646,0.417,1.156,0.259
2016-12-01 01:46:30.497,130.124,0.027,-0.763,-0.003,0.646,0.417,1.156,0.259
2016-12-01 01:46:30.508,130.145,0.027,-0.763,-0.003,0.646,0.417,1.156,0.259
2016-12-01 01:46:30.520,130.145,0.027,-0.763,-0.003,0.646,0.417,1.156,0.260
2016-12-01 01:46:30.531,130.167,0.027,-0.763,-0.003,0.646,0.417,1.156,0.260
2016-12-01 01:46:30.542,130.167,0.027,-0.763,-0.003,0.646,0.417,1.156,0.260
2016-12-01 01:46:30.553,130.188,0.026,-0.763,-0.003,0.646,0.417,1.156,0.260
2016-12-01 01:46:30.565,130.188,0.026,-0.763,-0.002,0.646,0.417,1.156,0.260
2016-12-01 01:46:30.576,130.209,0.026,-0.763,-0.002,0.646,0.417,1.156,0.260
2016-12-01 01:46:30.587,130.231,0.026,-0.762,-0.002,0.646,0.417,1.156,0.260
2016-12-01 01:46:30.598,130.231,0.026,-0.762,-0.002,0.647,0.417,1.156,0.260
2016-12-01 01:46:30.609,130.252,0.026,-0.762,-0.002,0.647,0.417,1.157,0.259
2016-12-01 01:46:30.620,130.252,0.026,-0.763,-0.002,0.646,0.417,1.157,0.260
2016-12-01 01:46:30.631,130.273,0.026,-0.763,-0.002,0.646,0.417,1.156,0.259
2016-12-01 01:46:30.643,130.273,0.026,-0.763,-0.002,0.646,0.417,1.157,0.259
2016-12-01 01:46:30.654,130.273,0.026,-0.763,-0.002,0.646,0.417,1.156,0.259
2016-12-01 01:46:30.665,130.295,0.026,-0.763,-0.002,0.646,0.417,1.157,0.259
2016-12-01 01:46:30.676,130.316,0.026,-0.763,-0.002,0.646,0.417,1.157,0.259
2016-12-01 01:46:30.687,130.316,0.026,-0.763,-0.002,0.646,0.417,1.157,0.259
2016-12-01 01:46:30.698,130.337,0.026,-0.763,-0.002,0.646,0.417,1.157,0.259
2016-12-01 01:46:30.710,130.337,0.027,-0.763,-0.002,0.646,0.417,1.157,0.259
2016-12-01 01:46:30.720,130.359,0.027,-0.763,-0.002,0.646,0.417,1.156,0.259
2016-12-01 01:46:30.732,130.359,0.027,-0.763,-0.002,0.646,0.417,1.156,0.259
2016-12-01 01:46:30.743,130.380,0.027,-0.763,-0.002,0.646,0.417,1.156,0.259
2016-12-01 01:46:30.755,130.380,0.027,-0.763,-0.001,0.646,0.417,1.156,0.259
2016-12-01 01:46:30.766,130.401,0.028,-0.763,-0.001,0.646,0.417,1.156,0.259
2016-12-01 01:46:30.777,130.423,0.028,-0.763,-0.001,0.646,0.417,1.156,0.259
2016-12-01 01:46:30.788,130.423,0.028,-0.763,-0.001,0.646,0.417,1.156,0.259
2016-12-01 01:46:30.799,130.444,0.028,-0.763,-0.001,0.646,0.416,1.156,0.259
2016-12-01 01:46:30.811,130.444,0.029,-0.762,0.000,0.646,0.416,1.156,0.259
2016-12-01 01:46:30.821,130.444,0.029,-0.762,0.000,0.646,0.416,1.156,0.259
2016-12-01 01:46:30.833,130.465,0.029,-0.762,0.000,0.646,0.416,1.156,0.259
2016-12-01 01:46:30.844,130.465,0.029,-0.762,0.001,0.646,0.417,1.155,0.259
2016-12-01 01:46:30.855,130.487,0.029,-0.762,0.001,0.646,0.416,1.156,0.259
2016-12-01 01:46:30.866,130.508,0.029,-0.762,0.001,0.647,0.417,1.156,0.259
2016-12-01 01:46:30.878,130.508,0.029,-0.762,0.001,0.646,0.417,1.156,0.259
2016-12-01 01:46:30.888,130.529,0.030,-0.762,0.001,0.646,0.417,1.156,0.259
2016-12-01 01:46:30.899,130.529,0.030,-0.762,0.001,0.646,0.416,1.156,0.259
2016-12-01 01:46:30.911,130.551,0.030,-0.762,0.000,0.646,0.416,1.156,0.259
2016-12-01 01:46:30.923,130.551,0.030,-0.763,0.000,0.646,0.416,1.156,0.259
2016-12-01 01:46:30.933,130.572,0.029,-0.763,0.000,0.646,0.416,1.156,0.259
2016-12-01 01:46:30.945,130.572,0.029,-0.763,0.000,0.646,0.416,1.156,0.259
2016-12-01 01:46:30.955,130.593,0.029,-0.763,0.000,0.646,0.416,1.156,0.259
2016-12-01 01:46:30.967,130.593,0.028,-0.763,0.000,0.646,0.416,1.156,0.259
2016-12-01 01:46:30.978,130.615,0.028,-0.763,0.000,0.646,0.416,1.156,0.259
2016-12-01 01:46:30.989,130.615,0.028,-0.763,0.000,0.646,0.416,1.156,0.259
2016-12-01 01:46:31.000,130.636,0.028,-0.763,0.000,0.646,0.416,1.156,0.259
2016-12-01 01:46:31.012,130.636,0.028,-0.763,0.000,0.646,0.416,1.156,0.259
2016-12-01 01:46:31.022,130.657,0.028,-0.763,0.001,0.646,0.416,1.156,0.259
2016-12-01 01:46:31.034,130.657,0.028,-0.763,0.001,0.646,0.416,1.156,0.259
2016-12-01 01:46:31.045,130.679,0.028,-0.763,0.001,0.646,0.416,1.156,0.259
2016-12-01 01:46:31.056,130.700,0.028,-0.763,0.001,0.646,0.416,1.156,0.259
2016-12-01 01:46:31.067,130.700,0.028,-0.763,0.001,0.646,0.416,1.156,0.259
2016-12-01 01:46:31.078,130.721,0.028,-0.763,0.001,0.646,0.416,1.156,0.259
2016-12-01 01:46:31.089,130.721,0.028,-0.763,0.002,0.646,0.416,1.156,0.259
2016-12-01 01:46:31.100,130.743,0.028,-0.763,0.001,0.646,0.416,1.156,0.259
2016-12-01 01:46:31.112,130.743,0.028,-0.763,0.001,0.646,0.416,1.156,0.259
2016-12-01 01:46:31.123,130.764,0.028,-0.763,0.002,0.646,0.416,1.156,0.259
2016-12-01 01:46:31.134,130.764,0.029,-0.763,0.002,0.645,0.416,1.156,0.259
2016-12-01 01:46:31.145,130.764,0.029,-0.763,0.002,0.645,0.416,1.156,0.259
2016-12-01 01:46:31.157,130.785,0.029,-0.763,0.002,0.645,0.416,1.156,0.259
2016-12-01 01:46:31.168,130.807,0.030,-0.763,0.002,0.645,0.416,1.156,0.259
2016-12-01 01:46:31.179,130.807,0.030,-0.763,0.003,0.645,0.416,1.156,0.259
2016-12-01 01:46:31.190,130.828,0.030,-0.763,0.003,0.645,0.416,1.156,0.259
2016-12-01 01:46:31.201,130.828,0.030,-0.764,0.003,0.645,0.416,1.156,0.259
2016-12-01 01:46:31.212,130.849,0.030,-0.764,0.002,0.645,0.416,1.156,0.259
2016-12-01 01:46:31.224,130.849,0.030,-0.764,0.002,0.645,0.416,1.156,0.259
2016-12-01 01:46:31.234,130.871,0.030,-0.763,0.002,0.645,0.416,1.156,0.259
2016-12-01 01:46:31.246,130.892,0.030,-0.763,0.002,0.645,0.416,1.156,0.259
2016-12-01 01:46:31.257,130.892,0.030,-0.763,0.002,0.645,0.416,1.156,0.259
2016-12-01 01:46:31.268,130.913,0.030,-0.763,0.002,0.645,0.416,1.156,0.259
2016-12-01 01:46:31.279,130.913,0.030,-0.763,0.002,0.645,0.416,1.156,0.259
2016-12-01 01:46:31.290,130.913,0.030,-0.763,0.002,0.645,0.416,1.156,0.259
2016-12-01 01:46:31.302,130.935,0.030,-0.763,0.002,0.646,0.416,1.156,0.259
2016-12-01 01:46:31.313,130.935,0.030,-0.763,0.002,0.646,0.416,1.156,0.259
2016-12-01 01:46:31.324,130.956,0.030,-0.763,0.002,0.646,0.416,1.156,0.259
2016-12-01 01:46:31.335,130.956,0.029,-0.763,0.002,0.646,0.416,1.156,0.259
2016-12-01 01:46:31.346,130.977,0.029,-0.763,0.002,0.646,0.416,1.156,0.259
2016-12-01 01:46:31.358,130.999,0.029,-0.763,0.002,0.646,0.416,1.156,0.259
2016-12-01 01:46:31.369,130.999,0.029,-0.763,0.002,0.646,0.416,1.156,0.259
2016-12-01 01:46:31.380,131.020,0.029,-0.763,0.001,0.646,0.416,1.156,0.259
2016-12-01 01:46:31.391,131.020,0.029,-0.763,0.001,0.645,0.416,1.156,0.259
2016-12-01 01:46:31.402,131.041,0.029,-0.763,0.001,0.645,0.416,1.156,0.259
2016-12-01 01:46:31.414,131.041,0.029,-0.763,0.002,0.645,0.416,1.156,0.259
2016-12-01 01:46:31.425,131.063,0.029,-0.763,0.002,0.645,0.416,1.156,0.259
2016-12-01 01:46:31.435,131.063,0.029,-0.763,0.002,0.645,0.416,1.156,0.259
2016-12-01 01:46:31.447,131.084,0.029,-0.763,0.002,0.645,0.416,1.156,0.259
2016-12-01 01:46:31.458,131.084,0.029,-0.764,0.002,0.645,0.416,1.156,0.259
2016-12-01 01:46:31.469,131.105,0.029,-0.763,0.002,0.645,0.416,1.156,0.259
2016-12-01 01:46:31.481,131.105,0.029,-0.764,0.002,0.645,0.416,1.156,0.259
2016-12-01 01:46:31.492,131.127,0.029,-0.764,0.002,0.645,0.416,1.156,0.259
2016-12-01 01:46:31.503,131.127,0.029,-0.764,0.002,0.645,0.416,1.156,0.259
2016-12-01 01:46:31.514,131.148,0.029,-0.764,0.002,0.645,0.416,1.156,0.259
2016-12-01 01:46:31.526,131.148,0.029,-0.764,0.002,0.645,0.416,1.156,0.259
2016-12-01 01:46:31.536,131.169,0.029,-0.764,0.002,0.645,0.416,1.156,0.259
2016-12-01 01:46:31.548,131.191,0.029,-0.764,0.002,0.644,0.416,1.156,0.259
2016-12-01 01:46:31.558,131.191,0.029,-0.764,0.002,0.644,0.416,1.156,0.259
2016-12-01 01:46:31.570,131.212,0.029,-0.764,0.002,0.644,0.416,1.156,0.259
2016-12-01 01:46:31.581,131.212,0.029,-0.765,0.002,0.644,0.416,1.156,0.259
2016-12-01 01:46:31.592,131.233,0.029,-0.765,0.003,0.644,0.416,1.156,0.259
2016-12-01 01:46:31.603,131.233,0.029,-0.765,0.003,0.643,0.416,1.156,0.259
2016-12-01 01:46:31.614,131.255,0.029,-0.765,0.003,0.643,0.416,1.156,0.259
2016-12-01 01:46:31.625,131.255,0.029,-0.765,0.004,0.643,0.416,1.156,0.258
2016-12-01 01:46:31.636,131.276,0.029,-0.766,0.004,0.642,0.416,1.156,0.258
2016-12-01 01:46:31.648,131.276,0.029,-0.766,0.004,0.642,0.416,1.156,0.258
2016-12-01 01:46:31.659,131.297,0.030,-0.767,0.004,0.641,0.416,1.156,0.258
2016-12-01 01:46:31.670,131.297,0.030,-0.767,0.004,0.641,0.416,1.156,0.258
2016-12-01 01:46:31.681,131.319,0.029,-0.767,0.004,0.640,0.416,1.156,0.258
2016-12-01 01:46:31.693,131.319,0.029,-0.768,0.005,0.640,0.416,1.156,0.258
2016-12-01 01:46:31.704,131.340,0.029,-0.769,0.005,0.639,0.416,1.156,0.258
2016-12-01 01:46:31.715,131.340,0.029,-0.769,0.005,0.639,0.416,1.156,0.258
2016-12-01 01:46:31.726,131.361,0.029,-0.770,0.005,0.638,0.416,1.156,0.258
2016-12-01 01:46:31.737,131.383,0.029,-0.770,0.005,0.637,0.416,1.156,0.257
2016-12-01 01:46:31.749,131.383,0.029,-0.771,0.005,0.637,0.416,1.156,0.257
2016-12-01 01:46:31.760,131.404,0.029,-0.771,0.005,0.636,0.416,1.156,0.257
2016-12-01 01:46:31.771,131.404,0.028,-0.772,0.004,0.635,0.416,1.156,0.257
2016-12-01 01:46:31.782,131.404,0.028,-0.773,0.004,0.634,0.416,1.156,0.257
2016-12-01 01:46:31.793,131.425,0.028,-0.773,0.004,0.633,0.416,1.156,0.257
2016-12-01 01:46:31.804,131.425,0.028,-0.774,0.004,0.632,0.416,1.157,0.257
2016-12-01 01:46:31.815,131.447,0.028,-0.775,0.004,0.631,0.416,1.157,0.257
2016-12-01 01:46:31.827,131.468,0.027,-0.776,0.003,0.630,0.416,1.157,0.257
2016-12-01 01:46:31.838,131.468,0.027,-0.777,0.003,0.629,0.416,1.157,0.257
2016-12-01 01:46:31.849,131.489,0.027,-0.778,0.002,0.628,0.416,1.157,0.257
2016-12-01 01:46:31.860,131.489,0.026,-0.779,0.002,0.627,0.416,1.157,0.257
2016-12-01 01:46:31.871,131.511,0.026,-0.779,0.002,0.626,0.416,1.157,0.257
2016-12-01 01:46:31.883,131.511,0.025,-0.780,0.002,0.625,0.416,1.157,0.257
2016-12-01 01:46:31.894,131.532,0.025,-0.781,0.002,0.624,0.416,1.157,0.256
2016-12-01 01:46:31.905,131.532,0.025,-0.782,0.002,0.623,0.416,1.158,0.256
2016-12-01 01:46:31.916,131.553,0.024,-0.783,0.002,0.622,0.416,1.157,0.256
2016-12-01 01:46:31.927,131.575,0.024,-0.784,0.001,0.620,0.416,1.158,0.256
2016-12-01 01:46:31.939,131.575,0.024,-0.785,0.001,0.619,0.416,1.158,0.256
2016-12-01 01:46:31.949,131.575,0.023,-0.786,0.001,0.618,0.416,1.158,0.256
2016-12-01 01:46:31.961,131.596,0.023,-0.787,0.001,0.616,0.416,1.158,0.256
2016-12-01 01:46:31.972,131.596,0.023,-0.788,0.001,0.615,0.416,1.158,0.256
2016-12-01 01:46:31.983,131.617,0.022,-0.789,0.001,0.614,0.416,1.158,0.256
2016-12-01 01:46:31.995,131.617,0.022,-0.790,0.002,0.612,0.416,1.158,0.256
2016-12-01 01:46:32.005,131.639,0.022,-0.792,0.002,0.611,0.416,1.158,0.256
2016-12-01 01:46:32.017,131.660,0.022,-0.793,0.002,0.609,0.416,1.158,0.256
2016-12-01 01:46:32.027,131.660,0.022,-0.794,0.002,0.607,0.416,1.158,0.255
2016-12-01 01:46:32.039,131.681,0.022,-0.795,0.002,0.606,0.416,1.158,0.255
2016-12-01 01:46:32.051,131.681,0.022,-0.797,0.003,0.604,0.416,1.158,0.255
2016-12-01 01:46:32.061,131.703,0.023,-0.798,0.003,0.602,0.416,1.158,0.255
2016-12-01 01:46:32.073,131.703,0.023,-0.799,0.003,0.601,0.416,1.158,0.255
2016-12-01 01:46:32.084,131.724,0.023,-0.800,0.003,0.599,0.416,1.157,0.255
2016-12-01 01:46:32.095,131.724,0.023,-0.802,0.004,0.597,0.416,1.157,0.255
2016-12-01 01:46:32.106,131.724,0.024,-0.803,0.004,0.596,0.416,1.157,0.255
2016-12-01 01:46:32.117,131.745,0.024,-0.804,0.004,0.594,0.416,1.157,0.255
2016-12-01 01:46:32.128,131.767,0.024,-0.805,0.004,0.592,0.416,1.157,0.255
2016-12-01 01:46:32.140,131.767,0.024,-0.807,0.005,0.591,0.416,1.157,0.255
2016-12-01 01:46:32.150,131.788,0.024,-0.808,0.005,0.589,0.416,1.157,0.255
2016-12-01 01:46:32.162,131.788,0.024,-0.809,0.005,0.587,0.416,1.157,0.255
2016-12-01 01:46:32.173,131.809,0.024,-0.810,0.005,0.586,0.416,1.157,0.255
2016-12-01 01:46:32.184,131.809,0.025,-0.811,0.005,0.585,0.416,1.157,0.255
2016-12-01 01:46:32.195,131.831,0.025,-0.812,0.005,0.583,0.416,1.156,0.255
2016-12-01 01:46:32.206,131.852,0.025,-0.813,0.006,0.582,0.416,1.156,0.254
2016-12-01 01:46:32.218,131.852,0.026,-0.814,0.006,0.581,0.416,1.156,0.255
2016-12-01 01:46:32.228,131.873,0.026,-0.815,0.006,0.579,0.416,1.156,0.254
2016-12-01 01:46:32.240,131.873,0.026,-0.815,0.006,0.578,0.416,1.156,0.254
2016-12-01 01:46:32.251,131.895,0.026,-0.816,0.005,0.577,0.416,1.156,0.254
2016-12-01 01:46:32.262,131.895,0.026,-0.817,0.005,0.576,0.416,1.157,0.254
2016-12-01 01:46:32.274,131.895,0.025,-0.818,0.005,0.575,0.416,1.157,0.255
2016-12-01 01:46:32.285,131.916,0.025,-0.818,0.004,0.574,0.416,1.157,0.255
2016-12-01 01:46:32.296,131.916,0.025,-0.819,0.004,0.573,0.416,1.157,0.255
2016-12-01 01:46:32.307,131.937,0.025,-0.820,0.004,0.572,0.416,1.157,0.255
2016-12-01 01:46:32.318,131.959,0.024,-0.821,0.004,0.571,0.416,1.157,0.255
2016-12-01 01:46:32.329,131.959,0.024,-0.821,0.003,0.570,0.416,1.157,0.255
2016-12-01 01:46:32.340,131.980,0.024,-0.822,0.003,0.569,0.416,1.157,0.255
2016-12-01 01:46:32.352,131.980,0.024,-0.822,0.003,0.569,0.416,1.157,0.255
2016-12-01 01:46:32.363,132.001,0.023,-0.823,0.002,0.568,0.416,1.157,0.255
2016-12-01 01:46:32.374,132.001,0.023,-0.823,0.002,0.568,0.416,1.157,0.255
2016-12-01 01:46:32.385,132.023,0.023,-0.823,0.002,0.567,0.416,1.157,0.255
2016-12-01 01:46:32.396,132.044,0.023,-0.823,0.002,0.567,0.416,1.158,0.255
2016-12-01 01:46:32.407,132.044,0.022,-0.824,0.002,0.567,0.416,1.158,0.255
2016-12-01 01:46:32.418,132.065,0.022,-0.824,0.001,0.567,0.416,1.158,0.255
2016-12-01 01:46:32.430,132.065,0.022,-0.824,0.001,0.567,0.416,1.158,0.255
2016-12-01 01:46:32.441,132.065,0.022,-0.824,0.001,0.566,0.416,1.158,0.256
2016-12-01 01:46:32.452,132.087,0.023,-0.824,0.001,0.567,0.416,1.158,0.256
2016-12-01 01:46:32.464,132.087,0.023,-0.824,0.001,0.567,0.416,1.158,0.256
2016-12-01 01:46:32.474,132.108,0.023,-0.824,0.001,0.567,0.416,1.158,0.256
2016-12-01 01:46:32.486,132.108,0.023,-0.824,0.001,0.567,0.416,1.158,0.256
2016-12-01 01:46:32.497,132.129,0.023,-0.823,0.001,0.567,0.415,1.158,0.256
2016-12-01 01:46:32.508,132.151,0.024,-0.823,0.001,0.567,0.416,1.158,0.256
2016-12-01 01:46:32.520,132.151,0.024,-0.823,0.001,0.568,0.415,1.158,0.257
2016-12-01 01:46:32.530,132.172,0.024,-0.823,0.001,0.568,0.416,1.158,0.257
2016-12-01 01:46:32.542,132.172,0.025,-0.822,0.000,0.568,0.416,1.158,0.257
2016-12-01 01:46:32.552,132.193,0.025,-0.822,0.000,0.569,0.416,1.158,0.257
2016-12-01 01:46:32.564,132.193,0.025,-0.822,0.000,0.569,0.416,1.158,0.257
2016-12-01 01:46:32.575,132.215,0.025,-0.821,0.000,0.570,0.416,1.158,0.258
2016-12-01 01:46:32.586,132.215,0.026,-0.821,0.000,0.571,0.416,1.158,0.258
2016-12-01 01:46:32.597,132.236,0.026,-0.820,0.000,0.571,0.416,1.158,0.258
2016-12-01 01:46:32.608,132.236,0.026,-0.820,0.000,0.572,0.416,1.158,0.258
2016-12-01 01:46:32.620,132.257,0.026,-0.820,0.000,0.572,0.416,1.158,0.258
2016-12-01 01:46:32.631,132.257,0.026,-0.819,0.000,0.573,0.416,1.158,0.258
2016-12-01 01:46:32.642,132.279,0.026,-0.819,-0.001,0.573,0.416,1.158,0.258
2016-12-01 01:46:32.653,132.279,0.026,-0.818,-0.001,0.574,0.417,1.158,0.258
2016-12-01 01:46:32.664,132.300,0.026,-0.818,-0.001,0.575,0.417,1.158,0.258
2016-12-01 01:46:32.676,132.300,0.025,-0.817,-0.001,0.575,0.417,1.158,0.258
2016-12-01 01:46:32.687,132.321,0.025,-0.817,-0.001,0.576,0.417,1.158,0.258
2016-12-01 01:46:32.698,132.343,0.026,-0.816,-0.001,0.577,0.417,1.158,0.258
2016-12-01 01:46:32.709,132.343,0.026,-0.815,-0.001,0.579,0.417,1.158,0.259
2016-12-01 01:46:32.721,132.364,0.026,-0.814,-0.001,0.580,0.417,1.158,0.259
2016-12-01 01:46:32.731,132.364,0.026,-0.814,-0.001,0.581,0.417,1.158,0.259
2016-12-01 01:46:32.742,132.385,0.026,-0.813,-0.001,0.582,0.417,1.158,0.259
2016-12-01 01:46:32.754,132.385,0.026,-0.812,-0.001,0.583,0.416,1.158,0.259
2016-12-01 01:46:32.765,132.385,0.027,-0.811,-0.001,0.585,0.416,1.157,0.259
2016-12-01 01:46:32.776,132.407,0.027,-0.810,-0.001,0.586,0.416,1.157,0.259
2016-12-01 01:46:32.787,132.428,0.028,-0.808,-0.001,0.588,0.416,1.157,0.259
2016-12-01 01:46:32.798,132.428,0.028,-0.807,-0.001,0.589,0.416,1.157,0.259
2016-12-01 01:46:32.810,132.449,0.028,-0.806,-0.001,0.591,0.416,1.157,0.259
2016-12-01 01:46:32.821,132.449,0.028,-0.805,-0.001,0.593,0.416,1.157,0.259
2016-12-01 01:46:32.832,132.471,0.029,-0.804,-0.001,0.594,0.416,1.157,0.260
2016-12-01 01:46:32.844,132.471,0.029,-0.802,-0.001,0.596,0.416,1.157,0.259
2016-12-01 01:46:32.854,132.492,0.029,-0.801,-0.001,0.598,0.416,1.157,0.260
2016-12-01 01:46:32.865,132.492,0.029,-0.800,-0.001,0.599,0.416,1.157,0.260
2016-12-01 01:46:32.876,132.513,0.029,-0.799,-0.001,0.601,0.416,1.157,0.260
2016-12-01 01:46:32.888,132.535,0.029,-0.798,-0.001,0.602,0.416,1.158,0.260
2016-12-01 01:46:32.899,132.535,0.029,-0.796,-0.001,0.604,0.416,1.158,0.260
2016-12-01 01:46:32.910,132.535,0.029,-0.795,-0.001,0.605,0.416,1.158,0.260
2016-12-01 01:46:32.921,132.556,0.029,-0.794,-0.001,0.607,0.416,1.158,0.260
2016-12-01 01:46:32.932,132.556,0.029,-0.793,-0.001,0.608,0.416,1.158,0.260
2016-12-01 01:46:32.943,132.577,0.028,-0.792,-0.002,0.610,0.416,1.158,0.260
2016-12-01 01:46:32.955,132.577,0.028,-0.791,-0.001,0.611,0.416,1.158,0.259
2016-12-01 01:46:32.966,132.599,0.028,-0.790,-0.001,0.613,0.416,1.158,0.260
2016-12-01 01:46:32.977,132.620,0.028,-0.788,-0.001,0.614,0.416,1.158,0.260
2016-12-01 01:46:32.989,132.620,0.028,-0.787,-0.001,0.616,0.416,1.158,0.260
2016-12-01 01:46:33.000,132.641,0.028,-0.786,-0.001,0.618,0.415,1.158,0.259
2016-12-01 01:46:33.011,132.641,0.028,-0.785,-0.001,0.619,0.415,1.158,0.259
2016-12-01 01:46:33.022,132.663,0.028,-0.783,-0.001,0.621,0.415,1.158,0.259
2016-12-01 01:46:33.033,132.663,0.028,-0.782,-0.001,0.623,0.415,1.158,0.259
2016-12-01 01:46:33.044,132.684,0.028,-0.781,0.000,0.624,0.415,1.158,0.259
2016-12-01 01:46:33.056,132.684,0.028,-0.779,0.000,0.626,0.415,1.157,0.259
2016-12-01 01:46:33.066,132.705,0.028,-0.778,0.000,0.628,0.415,1.157,0.259
2016-12-01 01:46:33.078,132.705,0.029,-0.776,0.000,0.629,0.415,1.157,0.259
2016-12-01 01:46:33.089,132.727,0.029,-0.775,0.001,0.631,0.415,1.157,0.259
2016-12-01 01:46:33.100,132.727,0.029,-0.773,0.001,0.633,0.415,1.157,0.259
2016-12-01 01:46:33.111,132.748,0.030,-0.772,0.002,0.635,0.414,1.157,0.259
2016-12-01 01:46:33.123,132.748,0.030,-0.770,0.002,0.637,0.414,1.157,0.259
2016-12-01 01:46:33.133,132.769,0.031,-0.769,0.003,0.639,0.414,1.157,0.259
2016-12-01 01:46:33.145,132.769,0.031,-0.767,0.003,0.640,0.414,1.157,0.259
2016-12-01 01:46:33.156,132.791,0.032,-0.766,0.003,0.642,0.414,1.157,0.259
2016-12-01 01:46:33.167,132.812,0.032,-0.764,0.003,0.644,0.414,1.157,0.259
2016-12-01 01:46:33.179,132.812,0.032,-0.763,0.003,0.646,0.414,1.157,0.259
2016-12-01 01:46:33.189,132.833,0.033,-0.761,0.003,0.648,0.414,1.157,0.259
2016-12-01 01:46:33.201,132.833,0.033,-0.760,0.003,0.649,0.414,1.157,0.259
2016-12-01 01:46:33.212,132.855,0.033,-0.758,0.003,0.651,0.415,1.156,0.259
2016-12-01 01:46:33.223,132.855,0.033,-0.757,0.002,0.652,0.415,1.156,0.259
2016-12-01 01:46:33.234,132.876,0.033,-0.756,0.002,0.654,0.415,1.157,0.259
2016-12-01 01:46:33.246,132.876,0.033,-0.755,0.002,0.655,0.415,1.156,0.260
2016-12-01 01:46:33.256,132.897,0.032,-0.753,0.002,0.657,0.415,1.157,0.260
2016-12-01 01:46:33.267,132.897,0.032,-0.752,0.002,0.658,0.415,1.157,0.259
2016-12-01 01:46:33.279,132.919,0.032,-0.751,0.001,0.660,0.415,1.157,0.260
2016-12-01 01:46:33.290,132.919,0.032,-0.749,0.001,0.661,0.415,1.157,0.259
2016-12-01 01:46:33.301,132.940,0.032,-0.748,0.001,0.663,0.416,1.157,0.259
2016-12-01 01:46:33.312,132.940,0.032,-0.747,0.001,0.664,0.416,1.157,0.259
2016-12-01 01:46:33.323,132.961,0.032,-0.746,0.001,0.666,0.416,1.157,0.259
2016-12-01 01:46:33.334,132.961,0.032,-0.744,0.001,0.667,0.416,1.157,0.259
2016-12-01 01:46:33.345,132.983,0.032,-0.743,0.001,0.668,0.416,1.157,0.259
2016-12-01 01:46:33.357,133.004,0.032,-0.742,0.001,0.670,0.416,1.157,0.260
2016-12-01 01:46:33.369,133.004,0.032,-0.741,0.001,0.671,0.416,1.157,0.260
2016-12-01 01:46:33.379,133.025,0.032,-0.740,0.001,0.672,0.416,1.157,0.259
2016-12-01 01:46:33.390,133.025,0.032,-0.739,0.001,0.673,0.416,1.157,0.259
2016-12-01 01:46:33.402,133.025,0.032,-0.738,0.001,0.675,0.416,1.157,0.259
2016-12-01 01:46:33.413,133.047,0.031,-0.736,0.001,0.676,0.416,1.157,0.259
2016-12-01 01:46:33.424,133.047,0.031,-0.735,0.001,0.677,0.416,1.157,0.259
2016-12-01 01:46:33.435,133.068,0.031,-0.734,0.001,0.678,0.417,1.157,0.259
2016-12-01 01:46:33.447,133.089,0.031,-0.733,0.001,0.679,0.417,1.157,0.259
2016-12-01 01:46:33.458,133.089,0.031,-0.732,0.001,0.680,0.417,1.157,0.259
2016-12-01 01:46:33.468,133.111,0.031,-0.731,0.001,0.681,0.417,1.157,0.259
2016-12-01 01:46:33.480,133.111,0.031,-0.730,0.001,0.682,0.417,1.157,0.259
2016-12-01 01:46:33.491,133.132,0.031,-0.729,0.001,0.683,0.417,1.156,0.259
2016-12-01 01:46:33.502,133.132,0.031,-0.728,0.001,0.684,0.417,1.156,0.259
2016-12-01 01:46:33.513,133.153,0.031,-0.728,0.001,0.685,0.417,1.156,0.259
2016-12-01 01:46:33.525,133.153,0.031,-0.727,0.001,0.686,0.417,1.156,0.259
2016-12-01 01:46:33.535,133.175,0.031,-0.726,0.001,0.687,0.417,1.156,0.259
2016-12-01 01:46:33.547,133.196,0.031,-0.725,0.001,0.688,0.417,1.156,0.259
2016-12-01 01:46:33.558,133.196,0.031,-0.724,0.001,0.689,0.417,1.156,0.259
2016-12-01 01:46:33.569,133.196,0.031,-0.724,0.001,0.690,0.417,1.156,0.259
2016-12-01 01:46:33.580,133.217,0.031,-0.723,0.001,0.690,0.417,1.156,0.259
2016-12-01 01:46:33.592,133.217,0.031,-0.722,0.001,0.691,0.417,1.156,0.259
2016-12-01 01:46:33.603,133.239,0.031,-0.721,0.001,0.692,0.417,1.156,0.259
2016-12-01 01:46:33.614,133.239,0.031,-0.721,0.001,0.692,0.417,1.156,0.259
2016-12-01 01:46:33.625,133.260,0.031,-0.720,0.001,0.693,0.417,1.156,0.259
2016-12-01 01:46:33.636,133.281,0.030,-0.720,0.001,0.693,0.417,1.156,0.259
2016-12-01 01:46:33.648,133.281,0.030,-0.720,0.001,0.694,0.417,1.156,0.259
2016-12-01 01:46:33.658,133.303,0.030,-0.719,0.001,0.694,0.417,1.157,0.259
2016-12-01 01:46:33.670,133.303,0.029,-0.719,0.001,0.694,0.417,1.157,0.259
2016-12-01 01:46:33.681,133.324,0.029,-0.719,0.001,0.695,0.417,1.157,0.259
2016-12-01 01:46:33.692,133.324,0.029,-0.718,0.001,0.695,0.417,1.157,0.259
2016-12-01 01:46:33.703,133.345,0.029,-0.718,0.001,0.696,0.417,1.157,0.259
2016-12-01 01:46:33.715,133.345,0.029,-0.717,0.001,0.696,0.417,1.157,0.258
2016-12-01 01:46:33.725,133.345,0.029,-0.717,0.001,0.696,0.417,1.157,0.258
2016-12-01 01:46:33.736,133.367,0.029,-0.716,0.001,0.697,0.417,1.157,0.258
2016-12-01 01:46:33.748,133.388,0.029,-0.716,0.001,0.698,0.417,1.157,0.258
2016-12-01 01:46:33.760,133.388,0.029,-0.715,0.001,0.698,0.417,1.157,0.259
2016-12-01 01:46:33.770,133.409,0.029,-0.715,0.001,0.699,0.417,1.157,0.259
2016-12-01 01:46:33.782,133.409,0.029,-0.714,0.001,0.699,0.417,1.157,0.259
2016-12-01 01:46:33.793,133.431,0.029,-0.714,0.001,0.700,0.417,1.157,0.259
2016-12-01 01:46:33.804,133.431,0.029,-0.713,0.001,0.701,0.417,1.157,0.259
2016-12-01 01:46:33.815,133.452,0.029,-0.712,0.002,0.701,0.417,1.157,0.259
2016-12-01 01:46:33.826,133.473,0.029,-0.712,0.002,0.702,0.416,1.157,0.259
2016-12-01 01:46:33.837,133.473,0.029,-0.711,0.002,0.703,0.416,1.157,0.259
2016-12-01 01:46:33.848,133.495,0.029,-0.710,0.003,0.703,0.417,1.156,0.259
2016-12-01 01:46:33.859,133.495,0.030,-0.710,0.003,0.704,0.416,1.156,0.259
2016-12-01 01:46:33.870,133.516,0.030,-0.709,0.003,0.704,0.416,1.156,0.259
2016-12-01 01:46:33.882,133.516,0.030,-0.709,0.003,0.705,0.416,1.156,0.259
2016-12-01 01:46:33.893,133.516,0.030,-0.708,0.003,0.705,0.416,1.156,0.259
2016-12-01 01:46:33.904,133.537,0.031,-0.708,0.003,0.706,0.416,1.156,0.259
2016-12-01 01:46:33.916,133.559,0.031,-0.707,0.003,0.706,0.416,1.156,0.259
2016-12-01 01:46:33.926,133.559,0.031,-0.707,0.003,0.707,0.416,1.156,0.259
2016-12-01 01:46:33.938,133.580,0.031,-0.706,0.003,0.707,0.416,1.156,0.259
2016-12-01 01:46:33.950,133.580,0.031,-0.706,0.003,0.708,0.416,1.157,0.259
2016-12-01 01:46:33.960,133.601,0.031,-0.706,0.003,0.708,0.416,1.157,0.259
2016-12-01 01:46:33.972,133.601,0.031,-0.705,0.003,0.708,0.416,1.157,0.259
2016-12-01 01:46:33.982,133.623,0.031,-0.705,0.003,0.709,0.416,1.157,0.259
2016-12-01 01:46:33.994,133.623,0.031,-0.705,0.003,0.709,0.416,1.157,0.259
2016-12-01 01:46:34.005,133.644,0.031,-0.704,0.003,0.709,0.416,1.157,0.259
2016-12-01 01:46:34.016,133.665,0.031,-0.704,0.003,0.709,0.416,1.156,0.259
2016-12-01 01:46:34.027,133.665,0.031,-0.704,0.002,0.709,0.416,1.156,0.259
2016-12-01 01:46:34.038,133.687,0.031,-0.704,0.002,0.710,0.416,1.156,0.259
2016-12-01 01:46:34.050,133.687,0.031,-0.704,0.003,0.710,0.416,1.156,0.259
2016-12-01 01:46:34.061,133.687,0.031,-0.704,0.002,0.710,0.416,1.156,0.259
2016-12-01 01:46:34.072,133.708,0.031,-0.704,0.003,0.710,0.416,1.156,0.260
2016-12-01 01:46:34.083,133.708,0.031,-0.704,0.003,0.710,0.416,1.156,0.260
2016-12-01 01:46:34.094,133.729,0.032,-0.704,0.003,0.710,0.416,1.156,0.259
2016-12-01 01:46:34.105,133.729,0.032,-0.704,0.003,0.710,0.416,1.156,0.259
2016-12-01 01:46:34.116,133.751,0.032,-0.704,0.003,0.710,0.416,1.156,0.259
2016-12-01 01:46:34.128,133.772,0.032,-0.704,0.003,0.709,0.416,1.156,0.259
2016-12-01 01:46:34.139,133.772,0.032,-0.704,0.004,0.709,0.416,1.156,0.259
2016-12-01 01:46:34.150,133.793,0.032,-0.705,0.004,0.709,0.416,1.156,0.259
2016-12-01 01:46:34.161,133.793,0.032,-0.705,0.004,0.708,0.416,1.156,0.259
2016-12-01 01:46:34.173,133.815,0.033,-0.705,0.004,0.708,0.416,1.156,0.259
2016-12-01 01:46:34.184,133.815,0.033,-0.706,0.004,0.708,0.416,1.155,0.259
2016-12-01 01:46:34.195,133.836,0.033,-0.706,0.004,0.707,0.416,1.156,0.260
2016-12-01 01:46:34.206,133.836,0.033,-0.706,0.004,0.707,0.416,1.156,0.260
2016-12-01 01:46:34.217,133.857,0.033,-0.707,0.004,0.707,0.416,1.156,0.260
2016-12-01 01:46:34.228,133.857,0.033,-0.707,0.004,0.706,0.416,1.156,0.259
2016-12-01 01:46:34.239,133.879,0.033,-0.708,0.004,0.706,0.417,1.156,0.259
2016-12-01 01:46:34.251,133.879,0.032,-0.708,0.004,0.706,0.417,1.156,0.259
2016-12-01 01:46:34.261,133.900,0.032,-0.708,0.004,0.705,0.417,1.156,0.259
2016-12-01 01:46:34.273,133.900,0.032,-0.709,0.003,0.705,0.417,1.156,0.259
2016-12-01 01:46:34.284,133.921,0.032,-0.709,0.003,0.704,0.417,1.156,0.259
2016-12-01 01:46:34.295,133.921,0.031,-0.710,0.003,0.704,0.417,1.156,0.259
2016-12-01 01:46:34.307,133.943,0.031,-0.710,0.003,0.703,0.417,1.156,0.259
2016-12-01 01:46:34.318,133.964,0.030,-0.711,0.003,0.703,0.417,1.156,0.259
2016-12-01 01:46:34.329,133.964,0.030,-0.711,0.003,0.702,0.417,1.156,0.259
2016-12-01 01:46:34.340,133.985,0.030,-0.712,0.003,0.702,0.417,1.156,0.259
2016-12-01 01:46:34.352,133.985,0.030,-0.713,0.003,0.701,0.417,1.156,0.259
2016-12-01 01:46:34.362,134.007,0.029,-0.713,0.003,0.700,0.418,1.157,0.259
2016-12-01 01:46:34.374,134.007,0.029,-0.714,0.003,0.700,0.418,1.156,0.259
2016-12-01 01:46:34.384,134.007,0.029,-0.715,0.003,0.699,0.418,1.156,0.259
2016-12-01 01:46:34.396,134.028,0.029,-0.715,0.003,0.698,0.418,1.156,0.259
2016-12-01 01:46:34.407,134.049,0.029,-0.716,0.003,0.697,0.417,1.156,0.259
2016-12-01 01:46:34.419,134.049,0.029,-0.717,0.003,0.697,0.417,1.156,0.259
2016-12-01 01:46:34.429,134.071,0.029,-0.718,0.003,0.696,0.417,1.156,0.259
2016-12-01 01:46:34.441,134.071,0.029,-0.719,0.004,0.695,0.417,1.156,0.259
2016-12-01 01:46:34.451,134.092,0.029,-0.719,0.004,0.694,0.417,1.156,0.259
2016-12-01 01:46:34.463,134.092,0.029,-0.720,0.004,0.693,0.417,1.156,0.259
2016-12-01 01:46:34.474,134.113,0.029,-0.721,0.004,0.692,0.417,1.156,0.258
2016-12-01 01:46:34.485,134.113,0.030,-0.722,0.004,0.691,0.417,1.156,0.258
2016-12-01 01:46:34.496,134.135,0.030,-0.723,0.005,0.690,0.417,1.156,0.258
2016-12-01 01:46:34.508,134.156,0.030,-0.724,0.005,0.689,0.417,1.156,0.258
2016-12-01 01:46:34.519,134.156,0.030,-0.724,0.005,0.689,0.417,1.156,0.258
2016-12-01 01:46:34.530,134.156,0.030,-0.725,0.005,0.688,0.417,1.156,0.258
2016-12-01 01:46:34.541,134.177,0.031,-0.726,0.005,0.687,0.418,1.156,0.258
2016-12-01 01:46:34.553,134.177,0.031,-0.727,0.005,0.686,0.417,1.156,0.258
2016-12-01 01:46:34.563,134.199,0.031,-0.728,0.005,0.685,0.417,1.156,0.258
2016-12-01 01:46:34.574,134.199,0.031,-0.728,0.005,0.684,0.417,1.156,0.258
2016-12-01 01:46:34.586,134.220,0.031,-0.729,0.005,0.684,0.417,1.156,0.258
2016-12-01 01:46:34.597,134.241,0.030,-0.730,0.005,0.683,0.417,1.156,0.258
2016-12-01 01:46:34.608,134.241,0.030,-0.731,0.005,0.682,0.417,1.156,0.259
2016-12-01 01:46:34.619,134.263,0.030,-0.732,0.005,0.681,0.417,1.156,0.259
2016-12-01 01:46:34.630,134.263,0.030,-0.733,0.005,0.680,0.417,1.156,0.259
2016-12-01 01:46:34.641,134.284,0.030,-0.734,0.004,0.679,0.417,1.156,0.258
2016-12-01 01:46:34.653,134.284,0.029,-0.735,0.004,0.678,0.417,1.156,0.258
2016-12-01 01:46:34.664,134.305,0.029,-0.735,0.004,0.677,0.417,1.156,0.259
2016-12-01 01:46:34.675,134.305,0.029,-0.736,0.004,0.676,0.417,1.157,0.259
2016-12-01 01:46:34.686,134.327,0.029,-0.737,0.004,0.675,0.417,1.157,0.259
2016-12-01 01:46:34.697,134.327,0.029,-0.738,0.004,0.674,0.417,1.157,0.258
2016-12-01 01:46:34.708,134.348,0.029,-0.739,0.004,0.673,0.417,1.157,0.258
2016-12-01 01:46:34.720,134.348,0.029,-0.740,0.004,0.672,0.417,1.157,0.259
2016-12-01 01:46:34.731,134.369,0.029,-0.740,0.004,0.672,0.417,1.157,0.259
2016-12-01 01:46:34.742,134.369,0.030,-0.741,0.004,0.671,0.417,1.157,0.259
2016-12-01 01:46:34.753,134.391,0.030,-0.742,0.005,0.670,0.417,1.156,0.259
2016-12-01 01:46:34.764,134.391,0.030,-0.743,0.005,0.669,0.417,1.156,0.259
2016-12-01 01:46:34.775,134.412,0.030,-0.744,0.005,0.668,0.417,1.156,0.259
2016-12-01 01:46:34.787,134.433,0.030,-0.745,0.005,0.667,0.417,1.156,0.259
2016-12-01 01:46:34.798,134.433,0.031,-0.745,0.005,0.666,0.417,1.156,0.259
2016-12-01 01:46:34.809,134.455,0.031,-0.746,0.005,0.665,0.417,1.156,0.259
2016-12-01 01:46:34.820,134.455,0.031,-0.747,0.005,0.664,0.417,1.156,0.259
2016-12-01 01:46:34.831,134.476,0.032,-0.748,0.006,0.663,0.417,1.156,0.259
2016-12-01 01:46:34.843,134.476,0.032,-0.749,0.006,0.662,0.417,1.156,0.259
2016-12-01 01:46:34.854,134.497,0.032,-0.750,0.006,0.661,0.417,1.156,0.259
2016-12-01 01:46:34.865,134.497,0.032,-0.750,0.006,0.660,0.417,1.156,0.259
2016-12-01 01:46:34.876,134.519,0.033,-0.751,0.007,0.659,0.417,1.156,0.259
2016-12-01 01:46:34.888,134.519,0.033,-0.752,0.007,0.658,0.417,1.156,0.259
2016-12-01 01:46:34.898,134.540,0.033,-0.753,0.007,0.658,0.417,1.156,0.259
2016-12-01 01:46:34.910,134.540,0.033,-0.753,0.007,0.657,0.417,1.156,0.259
2016-12-01 01:46:34.921,134.561,0.033,-0.754,0.007,0.656,0.417,1.156,0.259
2016-12-01 01:46:34.932,134.561,0.033,-0.755,0.007,0.655,0.417,1.156,0.259
2016-12-01 01:46:34.943,134.583,0.033,-0.756,0.006,0.654,0.417,1.156,0.259
2016-12-01 01:46:34.955,134.583,0.032,-0.756,0.006,0.653,0.417,1.156,0.259
2016-12-01 01:46:34.965,134.604,0.032,-0.757,0.006,0.653,0.417,1.156,0.259
2016-12-01 01:46:34.977,134.625,0.032,-0.758,0.006,0.652,0.417,1.156,0.259
2016-12-01 01:46:34.988,134.625,0.031,-0.758,0.006,0.651,0.417,1.156,0.259
2016-12-01 01:46:34.999,134.647,0.031,-0.759,0.006,0.650,0.417,1.156,0.258
2016-12-01 01:46:35.010,134.647,0.031,-0.759,0.006,0.650,0.417,1.156,0.258
2016-12-01 01:46:35.021,134.647,0.030,-0.760,0.006,0.649,0.417,1.156,0.258
2016-12-01 01:46:35.032,134.668,0.030,-0.761,0.006,0.649,0.417,1.156,0.258
2016-12-01 01:46:35.044,134.668,0.030,-0.761,0.006,0.648,0.417,1.156,0.258
2016-12-01 01:46:35.054,134.689,0.030,-0.762,0.006,0.647,0.417,1.156,0.258
2016-12-01 01:46:35.066,134.711,0.030,-0.762,0.006,0.647,0.417,1.156,0.258
2016-12-01 01:46:35.077,134.711,0.029,-0.763,0.006,0.646,0.417,1.157,0.258
2016-12-01 01:46:35.088,134.732,0.029,-0.763,0.006,0.646,0.417,1.157,0.258
2016-12-01 01:46:35.100,134.732,0.029,-0.763,0.006,0.645,0.417,1.157,0.258
2016-12-01 01:46:35.111,134.753,0.029,-0.764,0.006,0.645,0.417,1.156,0.258
2016-12-01 01:46:35.122,134.753,0.029,-0.764,0.006,0.644,0.417,1.156,0.258
2016-12-01 01:46:35.133,134.775,0.029,-0.765,0.007,0.644,0.417,1.156,0.258
2016-12-01 01:46:35.145,134.775,0.029,-0.765,0.007,0.643,0.417,1.156,0.258
2016-12-01 01:46:35.156,134.796,0.029,-0.765,0.007,0.643,0.417,1.156,0.258
2016-12-01 01:46:35.167,134.817,0.029,-0.765,0.007,0.643,0.417,1.156,0.258
2016-12-01 01:46:35.178,134.817,0.030,-0.766,0.007,0.643,0.417,1.156,0.258
2016-12-01 01:46:35.189,134.817,0.030,-0.766,0.008,0.642,0.417,1.156,0.258
2016-12-01 01:46:35.200,134.839,0.030,-0.766,0.008,0.642,0.417,1.156,0.257
2016-12-01 01:46:35.211,134.839,0.030,-0.766,0.008,0.642,0.417,1.156,0.257
2016-12-01 01:46:35.222,134.860,0.030,-0.766,0.009,0.642,0.417,1.156,0.257
2016-12-01 01:46:35.233,134.860,0.030,-0.766,0.009,0.642,0.417,1.155,0.257
2016-12-01 01:46:35.244,134.881,0.030,-0.766,0.009,0.642,0.417,1.155,0.257
2016-12-01 01:46:35.256,134.903,0.031,-0.766,0.009,0.642,0.417,1.156,0.257
2016-12-01 01:46:35.267,134.903,0.031,-0.766,0.009,0.642,0.417,1.156,0.257
2016-12-01 01:46:35.278,134.924,0.031,-0.766,0.009,0.642,0.417,1.156,0.257
2016-12-01 01:46:35.289,134.924,0.031,-0.766,0.009,0.642,0.417,1.156,0.257
2016-12-01 01:46:35.300,134.945,0.031,-0.766,0.009,0.642,0.417,1.156,0.257
2016-12-01 01:46:35.312,134.945,0.031,-0.766,0.008,0.642,0.418,1.156,0.257
2016-12-01 01:46:35.323,134.967,0.031,-0.766,0.008,0.643,0.418,1.156,0.257
2016-12-01 01:46:35.334,134.967,0.031,-0.765,0.008,0.643,0.418,1.156,0.257
2016-12-01 01:46:35.345,134.967,0.030,-0.765,0.007,0.643,0.418,1.156,0.257
2016-12-01 01:46:35.356,134.988,0.030,-0.765,0.007,0.644,0.418,1.156,0.258
2016-12-01 01:46:35.368,135.009,0.030,-0.764,0.007,0.644,0.418,1.156,0.258
2016-12-01 01:46:35.379,135.009,0.030,-0.764,0.007,0.644,0.418,1.156,0.258
2016-12-01 01:46:35.390,135.031,0.029,-0.764,0.006,0.645,0.418,1.156,0.258
2016-12-01 01:46:35.401,135.031,0.029,-0.764,0.006,0.645,0.418,1.156,0.258
2016-12-01 01:46:35.412,135.052,0.029,-0.763,0.006,0.645,0.418,1.156,0.258
2016-12-01 01:46:35.424,135.052,0.028,-0.763,0.006,0.646,0.418,1.156,0.258
2016-12-01 01:46:35.435,135.073,0.028,-0.763,0.006,0.646,0.418,1.156,0.258
2016-12-01 01:46:35.446,135.073,0.028,-0.763,0.006,0.646,0.418,1.157,0.258
2016-12-01 01:46:35.457,135.095,0.028,-0.762,0.006,0.646,0.418,1.157,0.258
2016-12-01 01:46:35.468,135.116,0.028,-0.762,0.006,0.647,0.418,1.157,0.258
2016-12-01 01:46:35.480,135.116,0.028,-0.762,0.006,0.647,0.418,1.157,0.258
2016-12-01 01:46:35.490,135.137,0.028,-0.762,0.006,0.647,0.418,1.157,0.257
2016-12-01 01:46:35.502,135.137,0.028,-0.761,0.007,0.648,0.418,1.157,0.258
2016-12-01 01:46:35.513,135.137,0.028,-0.761,0.007,0.648,0.418,1.157,0.258
2016-12-01 01:46:35.524,135.159,0.028,-0.761,0.007,0.648,0.418,1.157,0.257
2016-12-01 01:46:35.535,135.159,0.028,-0.761,0.007,0.648,0.418,1.157,0.257
2016-12-01 01:46:35.546,135.180,0.028,-0.761,0.007,0.648,0.418,1.157,0.257
2016-12-01 01:46:35.558,135.201,0.028,-0.761,0.007,0.649,0.418,1.157,0.257
2016-12-01 01:46:35.568,135.201,0.028,-0.761,0.007,0.649,0.418,1.157,0.257
2016-12-01 01:46:35.580,135.223,0.029,-0.761,0.007,0.649,0.418,1.157,0.258
2016-12-01 01:46:35.591,135.223,0.029,-0.761,0.007,0.649,0.418,1.157,0.257
2016-12-01 01:46:35.602,135.244,0.029,-0.760,0.007,0.649,0.418,1.157,0.257
2016-12-01 01:46:35.613,135.244,0.029,-0.760,0.007,0.649,0.418,1.157,0.257
2016-12-01 01:46:35.625,135.265,0.029,-0.760,0.007,0.649,0.418,1.156,0.257
2016-12-01 01:46:35.636,135.265,0.029,-0.760,0.008,0.649,0.418,1.156,0.257
2016-12-01 01:46:35.647,135.287,0.030,-0.760,0.008,0.649,0.418,1.156,0.257
2016-12-01 01:46:35.658,135.308,0.030,-0.760,0.008,0.649,0.418,1.156,0.257
2016-12-01 01:46:35.670,135.308,0.030,-0.760,0.008,0.649,0.418,1.156,0.257
2016-12-01 01:46:35.680,135.308,0.031,-0.760,0.008,0.649,0.418,1.156,0.257
2016-12-01 01:46:35.691,135.329,0.031,-0.760,0.008,0.649,0.418,1.156,0.257
2016-12-01 01:46:35.703,135.329,0.031,-0.760,0.008,0.649,0.418,1.156,0.257
2016-12-01 01:46:35.714,135.351,0.031,-0.760,0.008,0.649,0.418,1.156,0.257
2016-12-01 01:46:35.725,135.351,0.031,-0.760,0.009,0.650,0.418,1.156,0.257
2016-12-01 01:46:35.736,135.372,0.031,-0.760,0.009,0.650,0.418,1.156,0.257
2016-12-01 01:46:35.747,135.393,0.031,-0.759,0.009,0.650,0.418,1.156,0.257
2016-12-01 01:46:35.758,135.393,0.031,-0.759,0.009,0.650,0.418,1.156,0.257
2016-12-01 01:46:35.769,135.415,0.031,-0.759,0.009,0.650,0.418,1.156,0.257
2016-12-01 01:46:35.781,135.415,0.031,-0.759,0.009,0.651,0.418,1.156,0.257
2016-12-01 01:46:35.792,135.436,0.031,-0.758,0.009,0.651,0.418,1.156,0.257
2016-12-01 01:46:35.803,135.436,0.031,-0.758,0.009,0.651,0.418,1.156,0.257
2016-12-01 01:46:35.814,135.457,0.031,-0.758,0.009,0.651,0.418,1.156,0.257
2016-12-01 01:46:35.825,135.457,0.031,-0.758,0.009,0.651,0.418,1.156,0.258
2016-12-01 01:46:35.837,135.479,0.031,-0.758,0.009,0.651,0.418,1.156,0.258
2016-12-01 01:46:35.848,135.479,0.031,-0.758,0.008,0.651,0.418,1.156,0.258
2016-12-01 01:46:35.859,135.500,0.031,-0.758,0.008,0.652,0.418,1.156,0.258
2016-12-01 01:46:35.870,135.500,0.030,-0.758,0.008,0.652,0.418,1.156,0.258
2016-12-01 01:46:35.881,135.521,0.030,-0.758,0.008,0.652,0.418,1.156,0.258
2016-12-01 01:46:35.893,135.521,0.030,-0.758,0.008,0.652,0.418,1.156,0.258
2016-12-01 01:46:35.903,135.543,0.029,-0.758,0.008,0.652,0.418,1.156,0.258
2016-12-01 01:46:35.915,135.543,0.029,-0.758,0.008,0.652,0.418,1.156,0.258
2016-12-01 01:46:35.926,135.564,0.029,-0.757,0.008,0.652,0.418,1.156,0.258
2016-12-01 01:46:35.937,135.585,0.029,-0.757,0.008,0.652,0.418,1.156,0.257
2016-12-01 01:46:35.949,135.585,0.028,-0.757,0.008,0.653,0.418,1.156,0.258
2016-12-01 01:46:35.959,135.607,0.028,-0.757,0.008,0.653,0.418,1.156,0.258
2016-12-01 01:46:35.971,135.607,0.028,-0.757,0.008,0.653,0.418,1.156,0.258
2016-12-01 01:46:35.982,135.628,0.029,-0.757,0.008,0.653,0.418,1.156,0.258
2016-12-01 01:46:35.993,135.628,0.029,-0.757,0.008,0.653,0.418,1.156,0.258
2016-12-01 01:46:36.004,135.628,0.029,-0.756,0.009,0.653,0.418,1.156,0.257
2016-12-01 01:46:36.015,135.649,0.029,-0.756,0.009,0.653,0.418,1.156,0.258
2016-12-01 01:46:36.027,135.671,0.029,-0.756,0.009,0.654,0.418,1.156,0.258
2016-12-01 01:46:36.038,135.671,0.029,-0.756,0.009,0.654,0.418,1.156,0.257
2016-12-01 01:46:36.049,135.671,0.029,-0.756,0.009,0.654,0.418,1.156,0.258
2016-12-01 01:46:36.060,135.671,0.029,-0.756,0.009,0.654,0.418,1.156,0.257
2016-12-01 01:46:36.071,135.692,0.029,-0.756,0.009,0.654,0.418,1.156,0.257
2016-12-01 01:46:36.082,135.692,0.029,-0.756,0.009,0.654,0.418,1.156,0.257
2016-12-01 01:46:36.093,135.713,0.029,-0.756,0.009,0.654,0.418,1.156,0.257
2016-12-01 01:46:36.105,135.713,0.030,-0.756,0.009,0.654,0.418,1.156,0.257
2016-12-01 01:46:36.116,135.735,0.030,-0.756,0.009,0.654,0.417,1.156,0.257
2016-12-01 01:46:36.127,135.756,0.030,-0.756,0.009,0.654,0.417,1.156,0.257
2016-12-01 01:46:36.138,135.756,0.030,-0.756,0.010,0.654,0.417,1.156,0.257
2016-12-01 01:46:36.149,135.777,0.030,-0.756,0.010,0.654,0.417,1.156,0.257
2016-12-01 01:46:36.161,135.777,0.031,-0.756,0.010,0.654,0.417,1.156,0.257
2016-12-01 01:46:36.171,135.777,0.031,-0.755,0.010,0.654,0.417,1.156,0.257
2016-12-01 01:46:36.183,135.799,0.032,-0.755,0.011,0.654,0.416,1.156,0.257
2016-12-01 01:46:36.194,135.799,0.032,-0.755,0.011,0.655,0.416,1.155,0.257
2016-12-01 01:46:36.205,135.820,0.032,-0.755,0.011,0.655,0.416,1.155,0.257
2016-12-01 01:46:36.217,135.841,0.032,-0.755,0.012,0.655,0.416,1.155,0.257
2016-12-01 01:46:36.228,135.841,0.033,-0.755,0.012,0.655,0.416,1.155,0.257
2016-12-01 01:46:36.239,135.863,0.033,-0.755,0.012,0.655,0.416,1.155,0.257
2016-12-01 01:46:36.250,135.863,0.033,-0.755,0.012,0.655,0.416,1.155,0.257
2016-12-01 01:46:36.261,135.884,0.033,-0.755,0.012,0.655,0.416,1.155,0.257
2016-12-01 01:46:36.273,135.884,0.033,-0.755,0.012,0.655,0.416,1.155,0.257
2016-12-01 01:46:36.283,135.905,0.033,-0.755,0.012,0.655,0.416,1.155,0.257
2016-12-01 01:46:36.295,135.905,0.033,-0.755,0.012,0.655,0.416,1.155,0.257
2016-12-01 01:46:36.306,135.927,0.033,-0.755,0.012,0.655,0.416,1.155,0.257
2016-12-01 01:46:36.317,135.927,0.033,-0.755,0.012,0.655,0.416,1.155,0.257
2016-12-01 01:46:36.328,135.948,0.033,-0.755,0.012,0.655,0.416,1.156,0.257
2016-12-01 01:46:36.339,135.948,0.033,-0.755,0.011,0.655,0.416,1.156,0.257
2016-12-01 01:46:36.350,135.969,0.032,-0.755,0.011,0.655,0.416,1.156,0.257
2016-12-01 01:46:36.362,135.969,0.032,-0.755,0.011,0.655,0.416,1.156,0.257
2016-12-01 01:46:36.373,135.991,0.032,-0.755,0.011,0.655,0.416,1.156,0.257
2016-12-01 01:46:36.384,135.991,0.032,-0.755,0.011,0.655,0.416,1.156,0.257
2016-12-01 01:46:36.396,136.012,0.032,-0.755,0.010,0.655,0.417,1.156,0.258
2016-12-01 01:46:36.407,136.033,0.032,-0.755,0.010,0.655,0.417,1.156,0.258
2016-12-01 01:46:36.418,136.033,0.032,-0.754,0.010,0.656,0.417,1.156,0.258
2016-12-01 01:46:36.429,136.055,0.031,-0.754,0.010,0.656,0.417,1.156,0.258
2016-12-01 01:46:36.440,136.055,0.031,-0.754,0.010,0.656,0.417,1.156,0.258
2016-12-01 01:46:36.451,136.076,0.031,-0.754,0.009,0.656,0.417,1.156,0.258
2016-12-01 01:46:36.463,136.076,0.031,-0.754,0.009,0.656,0.417,1.156,0.258
2016-12-01 01:46:36.473,136.097,0.032,-0.754,0.009,0.656,0.417,1.156,0.258
2016-12-01 01:46:36.484,136.097,0.032,-0.754,0.009,0.656,0.417,1.156,0.258
2016-12-01 01:46:36.495,136.097,0.032,-0.754,0.009,0.657,0.417,1.156,0.258
2016-12-01 01:46:36.507,136.119,0.032,-0.753,0.009,0.657,0.417,1.156,0.258
2016-12-01 01:46:36.518,136.140,0.033,-0.753,0.010,0.657,0.417,1.156,0.259
2016-12-01 01:46:36.529,136.140,0.033,-0.753,0.009,0.657,0.417,1.156,0.259
2016-12-01 01:46:36.540,136.161,0.033,-0.753,0.009,0.657,0.417,1.156,0.259
2016-12-01 01:46:36.551,136.161,0.033,-0.753,0.009,0.657,0.417,1.156,0.259
2016-12-01 01:46:36.562,136.183,0.034,-0.753,0.009,0.657,0.417,1.156,0.259
2016-12-01 01:46:36.574,136.183,0.034,-0.753,0.009,0.657,0.417,1.156,0.259
2016-12-01 01:46:36.585,136.204,0.034,-0.753,0.010,0.657,0.417,1.156,0.259
2016-12-01 01:46:36.597,136.225,0.034,-0.753,0.010,0.658,0.417,1.155,0.259
2016-12-01 01:46:36.607,136.225,0.034,-0.753,0.010,0.658,0.417,1.155,0.259
2016-12-01 01:46:36.619,136.247,0.034,-0.752,0.010,0.658,0.417,1.155,0.259
2016-12-01 01:46:36.630,136.247,0.034,-0.752,0.010,0.658,0.417,1.155,0.259
2016-12-01 01:46:36.641,136.247,0.034,-0.752,0.010,0.658,0.417,1.155,0.259
2016-12-01 01:46:36.652,136.268,0.034,-0.752,0.010,0.658,0.417,1.155,0.259
2016-12-01 01:46:36.663,136.268,0.034,-0.752,0.010,0.658,0.417,1.155,0.259
2016-12-01 01:46:36.674,136.289,0.034,-0.752,0.010,0.658,0.417,1.155,0.259
2016-12-01 01:46:36.686,136.311,0.034,-0.752,0.010,0.658,0.417,1.156,0.259
2016-12-01 01:46:36.697,136.311,0.034,-0.752,0.010,0.658,0.417,1.156,0.259
2016-12-01 01:46:36.708,136.332,0.034,-0.753,0.009,0.658,0.418,1.155,0.259
2016-12-01 01:46:36.719,136.332,0.034,-0.753,0.009,0.658,0.418,1.155,0.259
2016-12-01 01:46:36.730,136.353,0.034,-0.753,0.009,0.657,0.418,1.156,0.259
2016-12-01 01:46:36.741,136.353,0.033,-0.753,0.009,0.657,0.418,1.156,0.259
2016-12-01 01:46:36.753,136.375,0.033,-0.753,0.009,0.657,0.418,1.156,0.259
2016-12-01 01:46:36.765,136.375,0.033,-0.753,0.009,0.657,0.418,1.156,0.259
2016-12-01 01:46:36.775,136.396,0.033,-0.753,0.009,0.657,0.418,1.156,0.259
2016-12-01 01:46:36.786,136.417,0.033,-0.753,0.008,0.658,0.418,1.156,0.259
2016-12-01 01:46:36.798,136.417,0.033,-0.753,0.008,0.658,0.418,1.155,0.259
2016-12-01 01:46:36.808,136.417,0.033,-0.753,0.009,0.658,0.418,1.156,0.259
2016-12-01 01:46:36.819,136.439,0.033,-0.753,0.009,0.658,0.418,1.156,0.259
2016-12-01 01:46:36.831,136.439,0.033,-0.753,0.009,0.658,0.418,1.156,0.259
2016-12-01 01:46:36.842,136.460,0.033,-0.753,0.009,0.658,0.417,1.156,0.259
2016-12-01 01:46:36.853,136.460,0.033,-0.753,0.009,0.658,0.417,1.156,0.259
2016-12-01 01:46:36.864,136.481,0.033,-0.753,0.009,0.658,0.417,1.156,0.259
2016-12-01 01:46:36.876,136.503,0.033,-0.753,0.010,0.658,0.417,1.155,0.259
2016-12-01 01:46:36.886,136.503,0.033,-0.753,0.010,0.657,0.417,1.155,0.259
2016-12-01 01:46:36.898,136.524,0.034,-0.753,0.010,0.657,0.417,1.155,0.259
2016-12-01 01:46:36.909,136.524,0.034,-0.753,0.010,0.657,0.417,1.155,0.259
2016-12-01 01:46:36.920,136.545,0.034,-0.753,0.010,0.657,0.417,1.155,0.259
2016-12-01 01:46:36.931,136.545,0.034,-0.753,0.010,0.657,0.417,1.155,0.259
2016-12-01 01:46:36.943,136.567,0.034,-0.753,0.011,0.657,0.417,1.156,0.259
2016-12-01 01:46:36.954,136.567,0.035,-0.753,0.011,0.657,0.417,1.156,0.259
2016-12-01 01:46:36.965,136.588,0.035,-0.753,0.011,0.657,0.417,1.156,0.259
2016-12-01 01:46:36.976,136.588,0.035,-0.753,0.011,0.657,0.417,1.155,0.259
2016-12-01 01:46:36.987,136.609,0.035,-0.753,0.011,0.657,0.417,1.156,0.259
2016-12-01 01:46:36.999,136.609,0.035,-0.753,0.011,0.657,0.417,1.156,0.259
2016-12-01 01:46:37.010,136.631,0.035,-0.753,0.011,0.656,0.417,1.155,0.259
2016-12-01 01:46:37.021,136.631,0.035,-0.754,0.011,0.656,0.417,1.155,0.259
2016-12-01 01:46:37.032,136.652,0.035,-0.754,0.011,0.656,0.417,1.155,0.259
2016-12-01 01:46:37.043,136.652,0.034,-0.754,0.011,0.656,0.417,1.155,0.259
2016-12-01 01:46:37.054,136.673,0.034,-0.754,0.011,0.656,0.417,1.155,0.259
2016-12-01 01:46:37.066,136.673,0.034,-0.754,0.011,0.656,0.417,1.155,0.258
2016-12-01 01:46:37.076,136.695,0.034,-0.754,0.011,0.656,0.417,1.155,0.258
2016-12-01 01:46:37.087,136.716,0.034,-0.754,0.011,0.656,0.417,1.155,0.258
2016-12-01 01:46:37.099,136.716,0.034,-0.754,0.011,0.656,0.417,1.155,0.258
2016-12-01 01:46:37.110,136.737,0.034,-0.754,0.011,0.656,0.417,1.155,0.258
2016-12-01 01:46:37.121,136.737,0.034,-0.754,0.011,0.656,0.417,1.155,0.258
2016-12-01 01:46:37.133,136.737,0.034,-0.754,0.011,0.656,0.417,1.155,0.258
2016-12-01 01:46:37.144,136.759,0.034,-0.754,0.011,0.656,0.418,1.155,0.258
2016-12-01 01:46:37.155,136.759,0.034,-0.754,0.011,0.656,0.418,1.155,0.258
2016-12-01 01:46:37.166,136.780,0.034,-0.754,0.011,0.656,0.418,1.155,0.259
2016-12-01 01:46:37.177,136.801,0.034,-0.754,0.011,0.656,0.418,1.156,0.258
2016-12-01 01:46:37.188,136.801,0.034,-0.754,0.011,0.656,0.418,1.156,0.258
2016-12-01 01:46:37.199,136.823,0.034,-0.754,0.011,0.656,0.418,1.156,0.258
2016-12-01 01:46:37.211,136.823,0.034,-0.754,0.011,0.656,0.418,1.156,0.258
2016-12-01 01:46:37.222,136.844,0.034,-0.754,0.011,0.656,0.418,1.156,0.258
2016-12-01 01:46:37.233,136.844,0.034,-0.754,0.011,0.656,0.418,1.156,0.258
2016-12-01 01:46:37.244,136.865,0.034,-0.754,0.011,0.656,0.418,1.156,0.258
2016-12-01 01:46:37.255,136.865,0.034,-0.754,0.011,0.656,0.418,1.156,0.259
2016-12-01 01:46:37.266,136.887,0.034,-0.754,0.011,0.656,0.418,1.156,0.259
2016-12-01 01:46:37.278,136.908,0.034,-0.754,0.011,0.656,0.418,1.156,0.259
2016-12-01 01:46:37.289,136.908,0.034,-0.754,0.011,0.656,0.418,1.156,0.259
2016-12-01 01:46:37.300,136.908,0.034,-0.754,0.011,0.656,0.418,1.156,0.259
2016-12-01 01:46:37.311,136.929,0.034,-0.754,0.011,0.656,0.418,1.156,0.259
2016-12-01 01:46:37.322,136.929,0.034,-0.754,0.010,0.656,0.418,1.156,0.259
2016-12-01 01:46:37.334,136.951,0.034,-0.754,0.010,0.656,0.418,1.156,0.259
2016-12-01 01:46:37.345,136.951,0.034,-0.754,0.010,0.656,0.418,1.156,0.259
2016-12-01 01:46:37.356,136.972,0.034,-0.754,0.010,0.656,0.418,1.156,0.259
2016-12-01 01:46:37.367,136.993,0.034,-0.754,0.010,0.656,0.418,1.156,0.259
2016-12-01 01:46:37.378,136.993,0.034,-0.754,0.010,0.656,0.419,1.156,0.259
2016-12-01 01:46:37.389,137.015,0.034,-0.754,0.010,0.656,0.419,1.156,0.259
2016-12-01 01:46:37.401,137.015,0.034,-0.754,0.010,0.656,0.419,1.156,0.259
2016-12-01 01:46:37.411,137.036,0.034,-0.754,0.010,0.656,0.419,1.156,0.259
2016-12-01 01:46:37.423,137.036,0.034,-0.754,0.010,0.656,0.419,1.156,0.259
2016-12-01 01:46:37.434,137.057,0.034,-0.754,0.010,0.656,0.419,1.156,0.259
2016-12-01 01:46:37.445,137.057,0.034,-0.754,0.010,0.656,0.419,1.156,0.259
2016-12-01 01:46:37.456,137.079,0.034,-0.754,0.010,0.656,0.419,1.156,0.259
2016-12-01 01:46:37.467,137.079,0.034,-0.754,0.009,0.656,0.419,1.156,0.259
2016-12-01 01:46:37.478,137.100,0.034,-0.754,0.009,0.656,0.419,1.156,0.259
2016-12-01 01:46:37.489,137.100,0.034,-0.754,0.009,0.656,0.419,1.156,0.259
2016-12-01 01:46:37.501,137.121,0.033,-0.754,0.009,0.656,0.419,1.156,0.259
2016-12-01 01:46:37.513,137.121,0.033,-0.754,0.009,0.656,0.419,1.156,0.259
2016-12-01 01:46:37.523,137.143,0.033,-0.754,0.009,0.656,0.419,1.156,0.259
2016-12-01 01:46:37.535,137.143,0.033,-0.754,0.008,0.656,0.419,1.156,0.259
2016-12-01 01:46:37.546,137.164,0.033,-0.754,0.008,0.656,0.419,1.156,0.260
2016-12-01 01:46:37.557,137.185,0.033,-0.754,0.008,0.656,0.419,1.156,0.260
2016-12-01 01:46:37.568,137.185,0.033,-0.754,0.008,0.656,0.419,1.156,0.260
2016-12-01 01:46:37.579,137.207,0.033,-0.754,0.008,0.656,0.419,1.156,0.260
2016-12-01 01:46:37.590,137.207,0.033,-0.754,0.008,0.656,0.419,1.156,0.260
2016-12-01 01:46:37.601,137.228,0.033,-0.754,0.008,0.656,0.419,1.156,0.260
2016-12-01 01:46:37.613,137.228,0.033,-0.754,0.008,0.656,0.419,1.156,0.260
2016-12-01 01:46:37.624,137.228,0.033,-0.754,0.008,0.656,0.419,1.156,0.260
2016-12-01 01:46:37.635,137.249,0.033,-0.754,0.008,0.656,0.419,1.156,0.260
2016-12-01 01:46:37.646,137.271,0.034,-0.754,0.008,0.656,0.419,1.156,0.260
2016-12-01 01:46:37.658,137.271,0.034,-0.754,0.009,0.657,0.419,1.156,0.260
2016-12-01 01:46:37.668,137.292,0.034,-0.754,0.009,0.657,0.419,1.156,0.260
2016-12-01 01:46:37.680,137.292,0.034,-0.754,0.009,0.656,0.419,1.156,0.260
2016-12-01 01:46:37.690,137.313,0.034,-0.754,0.009,0.656,0.419,1.156,0.260
2016-12-01 01:46:37.703,137.313,0.035,-0.753,0.009,0.657,0.419,1.156,0.260
2016-12-01 01:46:37.713,137.335,0.035,-0.753,0.009,0.656,0.419,1.156,0.260
2016-12-01 01:46:37.724,137.335,0.035,-0.753,0.010,0.656,0.419,1.156,0.260
2016-12-01 01:46:37.736,137.356,0.035,-0.753,0.010,0.656,0.419,1.156,0.260
2016-12-01 01:46:37.747,137.377,0.036,-0.754,0.010,0.656,0.419,1.156,0.260
2016-12-01 01:46:37.758,137.377,0.036,-0.754,0.010,0.656,0.419,1.156,0.260
2016-12-01 01:46:37.769,137.399,0.036,-0.754,0.010,0.656,0.419,1.156,0.260
2016-12-01 01:46:37.780,137.399,0.035,-0.754,0.010,0.656,0.419,1.156,0.260
2016-12-01 01:46:37.791,137.399,0.035,-0.754,0.009,0.656,0.419,1.156,0.259
2016-12-01 01:46:37.802,137.420,0.035,-0.754,0.009,0.656,0.419,1.156,0.259
2016-12-01 01:46:37.814,137.420,0.035,-0.754,0.009,0.655,0.419,1.156,0.259
2016-12-01 01:46:37.825,137.441,0.034,-0.754,0.009,0.655,0.419,1.156,0.259
2016-12-01 01:46:37.836,137.463,0.034,-0.755,0.009,0.655,0.419,1.156,0.259
2016-12-01 01:46:37.847,137.463,0.034,-0.755,0.009,0.655,0.419,1.156,0.259
2016-12-01 01:46:37.858,137.484,0.034,-0.755,0.009,0.655,0.419,1.156,0.259
2016-12-01 01:46:37.870,137.484,0.034,-0.755,0.009,0.655,0.419,1.156,0.259
2016-12-01 01:46:37.881,137.505,0.034,-0.755,0.010,0.655,0.419,1.156,0.259
2016-12-01 01:46:37.892,137.505,0.034,-0.755,0.010,0.655,0.419,1.156,0.259
2016-12-01 01:46:37.903,137.527,0.034,-0.755,0.010,0.655,0.419,1.156,0.259
2016-12-01 01:46:37.914,137.527,0.035,-0.755,0.010,0.655,0.419,1.156,0.259
2016-12-01 01:46:37.925,137.548,0.034,-0.755,0.010,0.655,0.419,1.156,0.259
2016-12-01 01:46:37.937,137.548,0.034,-0.755,0.010,0.655,0.419,1.156,0.259
2016-12-01 01:46:37.948,137.569,0.034,-0.755,0.010,0.655,0.419,1.156,0.259
2016-12-01 01:46:37.959,137.569,0.034,-0.755,0.010,0.655,0.419,1.156,0.259
2016-12-01 01:46:37.970,137.591,0.034,-0.755,0.010,0.655,0.419,1.156,0.259
2016-12-01 01:46:37.982,137.591,0.034,-0.755,0.010,0.655,0.419,1.156,0.259
2016-12-01 01:46:37.992,137.612,0.034,-0.755,0.010,0.655,0.419,1.156,0.259
2016-12-01 01:46:38.004,137.612,0.034,-0.755,0.010,0.655,0.419,1.156,0.259
2016-12-01 01:46:38.015,137.633,0.034,-0.755,0.010,0.655,0.419,1.157,0.259
2016-12-01 01:46:38.026,137.655,0.034,-0.755,0.010,0.655,0.419,1.157,0.259
2016-12-01 01:46:38.037,137.655,0.034,-0.755,0.010,0.655,0.419,1.157,0.259
2016-12-01 01:46:38.048,137.676,0.034,-0.755,0.010,0.654,0.419,1.157,0.258
2016-12-01 01:46:38.060,137.676,0.033,-0.755,0.010,0.654,0.419,1.157,0.258
2016-12-01 01:46:38.071,137.697,0.033,-0.756,0.010,0.654,0.419,1.157,0.258
2016-12-01 01:46:38.082,137.697,0.033,-0.756,0.009,0.654,0.420,1.157,0.258
2016-12-01 01:46:38.093,137.719,0.033,-0.756,0.009,0.654,0.420,1.157,0.258
2016-12-01 01:46:38.105,137.719,0.032,-0.756,0.009,0.654,0.420,1.157,0.258
2016-12-01 01:46:38.115,137.719,0.032,-0.756,0.009,0.654,0.420,1.157,0.258
2016-12-01 01:46:38.126,137.740,0.032,-0.756,0.009,0.654,0.420,1.157,0.258
2016-12-01 01:46:38.138,137.761,0.032,-0.756,0.009,0.654,0.420,1.157,0.258
2016-12-01 01:46:38.149,137.761,0.031,-0.756,0.009,0.654,0.420,1.157,0.258
2016-12-01 01:46:38.160,137.783,0.031,-0.756,0.009,0.654,0.420,1.157,0.258
2016-12-01 01:46:38.171,137.783,0.031,-0.756,0.009,0.654,0.420,1.157,0.258
2016-12-01 01:46:38.182,137.804,0.031,-0.756,0.009,0.654,0.421,1.157,0.258
2016-12-01 01:46:38.193,137.804,0.031,-0.756,0.009,0.654,0.421,1.157,0.258
2016-12-01 01:46:38.205,137.825,0.031,-0.756,0.009,0.654,0.421,1.157,0.258
2016-12-01 01:46:38.216,137.847,0.031,-0.756,0.009,0.653,0.421,1.157,0.258
2016-12-01 01:46:38.227,137.847,0.031,-0.756,0.009,0.653,0.421,1.157,0.258
2016-12-01 01:46:38.238,137.868,0.031,-0.756,0.009,0.653,0.421,1.157,0.258
2016-12-01 01:46:38.249,137.868,0.031,-0.757,0.010,0.653,0.421,1.157,0.258
2016-12-01 01:46:38.261,137.868,0.031,-0.757,0.010,0.653,0.421,1.157,0.258
2016-12-01 01:46:38.272,137.889,0.031,-0.757,0.010,0.653,0.420,1.156,0.258
2016-12-01 01:46:38.284,137.889,0.031,-0.757,0.010,0.653,0.420,1.156,0.257
2016-12-01 01:46:38.294,137.911,0.031,-0.757,0.010,0.653,0.420,1.156,0.257
2016-12-01 01:46:38.306,137.911,0.031,-0.757,0.011,0.653,0.420,1.156,0.258
2016-12-01 01:46:38.316,137.932,0.031,-0.757,0.011,0.653,0.420,1.156,0.258
2016-12-01 01:46:38.328,137.953,0.031,-0.757,0.011,0.653,0.420,1.156,0.258
2016-12-01 01:46:38.339,137.953,0.031,-0.757,0.011,0.653,0.420,1.156,0.257
2016-12-01 01:46:38.350,137.975,0.031,-0.757,0.011,0.653,0.420,1.156,0.257
2016-12-01 01:46:38.361,137.975,0.031,-0.757,0.011,0.653,0.420,1.156,0.257
2016-12-01 01:46:38.372,137.996,0.031,-0.757,0.011,0.653,0.420,1.156,0.257
2016-12-01 01:46:38.383,137.996,0.031,-0.757,0.011,0.653,0.420,1.156,0.257
2016-12-01 01:46:38.394,138.017,0.031,-0.757,0.011,0.653,0.420,1.156,0.257
2016-12-01 01:46:38.406,138.039,0.031,-0.757,0.011,0.653,0.420,1.157,0.257
2016-12-01 01:46:38.417,138.039,0.031,-0.757,0.011,0.653,0.420,1.157,0.257
2016-12-01 01:46:38.428,138.039,0.031,-0.757,0.011,0.653,0.420,1.157,0.257
2016-12-01 01:46:38.439,138.060,0.030,-0.757,0.011,0.653,0.420,1.157,0.257
2016-12-01 01:46:38.451,138.060,0.030,-0.757,0.011,0.653,0.420,1.157,0.257
2016-12-01 01:46:38.462,138.081,0.030,-0.757,0.011,0.653,0.420,1.157,0.257
2016-12-01 01:46:38.473,138.081,0.030,-0.757,0.011,0.653,0.420,1.157,0.257
2016-12-01 01:46:38.484,138.103,0.030,-0.757,0.011,0.652,0.420,1.157,0.257
2016-12-01 01:46:38.495,138.103,0.030,-0.757,0.011,0.652,0.420,1.157,0.257
2016-12-01 01:46:38.506,138.124,0.030,-0.757,0.011,0.652,0.420,1.157,0.257
2016-12-01 01:46:38.518,138.145,0.030,-0.757,0.011,0.652,0.420,1.157,0.257
2016-12-01 01:46:38.529,138.145,0.030,-0.757,0.011,0.652,0.420,1.157,0.257
2016-12-01 01:46:38.540,138.167,0.030,-0.757,0.011,0.652,0.420,1.157,0.256
2016-12-01 01:46:38.551,138.167,0.030,-0.757,0.011,0.652,0.420,1.157,0.256
2016-12-01 01:46:38.562,138.188,0.030,-0.757,0.012,0.652,0.419,1.157,0.256
2016-12-01 01:46:38.574,138.188,0.030,-0.757,0.012,0.652,0.419,1.157,0.256
2016-12-01 01:46:38.584,138.209,0.031,-0.757,0.012,0.652,0.419,1.157,0.256
2016-12-01 01:46:38.596,138.209,0.031,-0.757,0.012,0.652,0.419,1.157,0.256
2016-12-01 01:46:38.606,138.231,0.031,-0.757,0.012,0.652,0.419,1.157,0.256
2016-12-01 01:46:38.618,138.231,0.031,-0.758,0.012,0.652,0.419,1.157,0.257
2016-12-01 01:46:38.629,138.252,0.031,-0.758,0.012,0.652,0.419,1.156,0.256
2016-12-01 01:46:38.641,138.252,0.031,-0.758,0.012,0.652,0.419,1.156,0.256
2016-12-01 01:46:38.652,138.273,0.031,-0.758,0.012,0.652,0.419,1.156,0.256
2016-12-01 01:46:38.663,138.273,0.031,-0.758,0.012,0.652,0.419,1.156,0.256
2016-12-01 01:46:38.674,138.295,0.031,-0.758,0.012,0.652,0.419,1.156,0.257
2016-12-01 01:46:38.685,138.295,0.031,-0.758,0.013,0.652,0.419,1.156,0.257
2016-12-01 01:46:38.696,138.316,0.031,-0.758,0.013,0.652,0.419,1.156,0.257
2016-12-01 01:46:38.707,138.337,0.031,-0.758,0.013,0.652,0.419,1.156,0.257
2016-12-01 01:46:38.718,138.337,0.031,-0.758,0.013,0.652,0.419,1.156,0.257
2016-12-01 01:46:38.730,138.359,0.031,-0.758,0.013,0.652,0.419,1.156,0.257
2016-12-01 01:46:38.741,138.359,0.031,-0.758,0.013,0.652,0.419,1.156,0.257
2016-12-01 01:46:38.752,138.359,0.032,-0.758,0.013,0.652,0.419,1.156,0.257
2016-12-01 01:46:38.763,138.380,0.032,-0.758,0.013,0.652,0.419,1.156,0.257
2016-12-01 01:46:38.774,138.380,0.032,-0.758,0.013,0.652,0.420,1.156,0.257
2016-12-01 01:46:38.785,138.401,0.032,-0.758,0.013,0.652,0.420,1.156,0.257
2016-12-01 01:46:38.797,138.423,0.032,-0.758,0.013,0.652,0.419,1.156,0.257
2016-12-01 01:46:38.808,138.423,0.032,-0.758,0.013,0.652,0.420,1.156,0.257
2016-12-01 01:46:38.819,138.444,0.032,-0.758,0.012,0.652,0.420,1.156,0.257
2016-12-01 01:46:38.831,138.444,0.032,-0.758,0.012,0.652,0.420,1.156,0.257
2016-12-01 01:46:38.842,138.465,0.032,-0.758,0.012,0.652,0.420,1.156,0.257
2016-12-01 01:46:38.853,138.465,0.032,-0.758,0.012,0.652,0.420,1.156,0.257
2016-12-01 01:46:38.864,138.487,0.031,-0.758,0.012,0.652,0.420,1.156,0.257
2016-12-01 01:46:38.876,138.487,0.031,-0.758,0.012,0.652,0.420,1.156,0.257
2016-12-01 01:46:38.886,138.508,0.031,-0.758,0.012,0.652,0.420,1.156,0.257
2016-12-01 01:46:38.898,138.529,0.031,-0.758,0.012,0.652,0.420,1.156,0.257
2016-12-01 01:46:38.909,138.529,0.031,-0.758,0.012,0.651,0.420,1.156,0.257
2016-12-01 01:46:38.920,138.529,0.031,-0.758,0.012,0.651,0.420,1.156,0.257
2016-12-01 01:46:38.931,138.551,0.031,-0.758,0.012,0.651,0.420,1.156,0.257
2016-12-01 01:46:38.942,138.551,0.031,-0.758,0.012,0.651,0.420,1.156,0.257
2016-12-01 01:46:38.953,138.572,0.031,-0.758,0.012,0.651,0.420,1.156,0.257
2016-12-01 01:46:38.964,138.572,0.031,-0.758,0.012,0.651,0.420,1.156,0.257
2016-12-01 01:46:38.975,138.593,0.031,-0.758,0.012,0.651,0.420,1.156,0.257
2016-12-01 01:46:38.986,138.615,0.031,-0.758,0.012,0.651,0.420,1.156,0.257
2016-12-01 01:46:38.998,138.615,0.031,-0.758,0.012,0.651,0.420,1.156,0.257
2016-12-01 01:46:39.009,138.636,0.031,-0.758,0.013,0.651,0.420,1.156,0.257
2016-12-01 01:46:39.020,138.636,0.031,-0.758,0.013,0.651,0.420,1.156,0.257
2016-12-01 01:46:39.031,138.657,0.031,-0.758,0.013,0.651,0.420,1.156,0.257
2016-12-01 01:46:39.043,138.657,0.032,-0.758,0.013,0.651,0.420,1.156,0.257
2016-12-01 01:46:39.054,138.679,0.032,-0.758,0.013,0.651,0.420,1.156,0.257
2016-12-01 01:46:39.065,138.679,0.032,-0.758,0.013,0.651,0.420,1.156,0.257
2016-12-01 01:46:39.076,138.679,0.032,-0.758,0.013,0.651,0.420,1.156,0.257
2016-12-01 01:46:39.087,138.700,0.031,-0.758,0.013,0.651,0.420,1.156,0.257
2016-12-01 01:46:39.098,138.721,0.032,-0.758,0.013,0.651,0.420,1.156,0.257
2016-12-01 01:46:39.110,138.721,0.031,-0.758,0.013,0.651,0.420,1.156,0.257
2016-12-01 01:46:39.121,138.743,0.031,-0.758,0.013,0.651,0.420,1.156,0.257
2016-12-01 01:46:39.132,138.743,0.031,-0.758,0.012,0.651,0.420,1.156,0.257
2016-12-01 01:46:39.143,138.764,0.031,-0.758,0.013,0.651,0.420,1.156,0.257
2016-12-01 01:46:39.154,138.764,0.031,-0.758,0.013,0.651,0.420,1.156,0.257
2016-12-01 01:46:39.165,138.785,0.031,-0.758,0.013,0.651,0.420,1.156,0.257
2016-12-01 01:46:39.177,138.807,0.031,-0.758,0.013,0.651,0.420,1.156,0.257
2016-12-01 01:46:39.188,138.807,0.031,-0.758,0.013,0.651,0.420,1.156,0.257
2016-12-01 01:46:39.199,138.828,0.031,-0.758,0.013,0.651,0.419,1.156,0.257
2016-12-01 01:46:39.210,138.828,0.032,-0.758,0.013,0.651,0.420,1.156,0.257
2016-12-01 01:46:39.221,138.849,0.032,-0.758,0.013,0.651,0.419,1.156,0.257
2016-12-01 01:46:39.233,138.849,0.032,-0.758,0.014,0.651,0.420,1.156,0.257
2016-12-01 01:46:39.243,138.849,0.032,-0.758,0.014,0.651,0.419,1.156,0.257
2016-12-01 01:46:39.255,138.871,0.032,-0.758,0.014,0.651,0.419,1.156,0.257
2016-12-01 01:46:39.266,138.871,0.032,-0.758,0.014,0.651,0.419,1.156,0.256
2016-12-01 01:46:39.277,138.892,0.032,-0.758,0.014,0.651,0.419,1.156,0.256
2016-12-01 01:46:39.288,138.913,0.032,-0.758,0.014,0.651,0.419,1.156,0.256
2016-12-01 01:46:39.300,138.913,0.032,-0.758,0.014,0.651,0.419,1.156,0.256
2016-12-01 01:46:39.310,138.935,0.032,-0.758,0.015,0.651,0.419,1.156,0.256
2016-12-01 01:46:39.321,138.935,0.033,-0.758,0.015,0.651,0.419,1.156,0.256
2016-12-01 01:46:39.333,138.956,0.033,-0.758,0.015,0.651,0.419,1.156,0.256
2016-12-01 01:46:39.344,138.956,0.033,-0.758,0.015,0.651,0.419,1.156,0.256
2016-12-01 01:46:39.355,138.977,0.033,-0.758,0.015,0.651,0.419,1.156,0.256
2016-12-01 01:46:39.367,138.999,0.033,-0.758,0.015,0.651,0.419,1.156,0.256
2016-12-01 01:46:39.378,138.999,0.033,-0.758,0.015,0.651,0.419,1.156,0.256
2016-12-01 01:46:39.389,139.020,0.032,-0.758,0.015,0.651,0.419,1.156,0.256
2016-12-01 01:46:39.401,139.020,0.032,-0.758,0.015,0.651,0.419,1.156,0.256
2016-12-01 01:46:39.411,139.020,0.032,-0.758,0.015,0.651,0.419,1.156,0.256
2016-12-01 01:46:39.422,139.041,0.033,-0.758,0.015,0.651,0.419,1.156,0.256
2016-12-01 01:46:39.434,139.041,0.033,-0.759,0.015,0.651,0.419,1.156,0.256
2016-12-01 01:46:39.445,139.063,0.032,-0.759,0.015,0.651,0.419,1.156,0.256
2016-12-01 01:46:39.456,139.063,0.032,-0.759,0.015,0.651,0.419,1.156,0.256
2016-12-01 01:46:39.467,139.084,0.032,-0.759,0.015,0.651,0.419,1.156,0.256
2016-12-01 01:46:39.478,139.105,0.032,-0.759,0.015,0.651,0.419,1.156,0.256
2016-12-01 01:46:39.489,139.105,0.032,-0.759,0.015,0.651,0.419,1.156,0.256
2016-12-01 01:46:39.500,139.127,0.032,-0.759,0.015,0.651,0.419,1.156,0.256
2016-12-01 01:46:39.512,139.127,0.033,-0.759,0.015,0.651,0.419,1.156,0.256
2016-12-01 01:46:39.523,139.148,0.033,-0.759,0.015,0.650,0.420,1.156,0.256
2016-12-01 01:46:39.534,139.148,0.033,-0.759,0.015,0.650,0.420,1.156,0.256
2016-12-01 01:46:39.545,139.169,0.032,-0.759,0.014,0.650,0.420,1.156,0.256
2016-12-01 01:46:39.556,139.169,0.033,-0.759,0.014,0.650,0.420,1.156,0.256
2016-12-01 01:46:39.567,139.191,0.033,-0.759,0.014,0.650,0.419,1.156,0.257
2016-12-01 01:46:39.579,139.191,0.033,-0.759,0.014,0.650,0.419,1.156,0.257
2016-12-01 01:46:39.590,139.212,0.033,-0.759,0.014,0.650,0.419,1.156,0.257
2016-12-01 01:46:39.601,139.212,0.033,-0.759,0.014,0.650,0.419,1.156,0.257
2016-12-01 01:46:39.612,139.233,0.033,-0.759,0.014,0.650,0.419,1.156,0.257
2016-12-01 01:46:39.623,139.233,0.033,-0.759,0.015,0.650,0.419,1.156,0.256
2016-12-01 01:46:39.634,139.255,0.033,-0.759,0.015,0.650,0.419,1.156,0.257
2016-12-01 01:46:39.646,139.276,0.032,-0.759,0.015,0.650,0.419,1.156,0.257
2016-12-01 01:46:39.657,139.276,0.032,-0.759,0.015,0.650,0.419,1.156,0.257
2016-12-01 01:46:39.668,139.297,0.032,-0.759,0.015,0.650,0.419,1.156,0.257
2016-12-01 01:46:39.679,139.297,0.032,-0.759,0.015,0.650,0.419,1.156,0.257
2016-12-01 01:46:39.690,139.319,0.032,-0.759,0.015,0.650,0.419,1.156,0.257
2016-12-01 01:46:39.702,139.319,0.032,-0.759,0.014,0.650,0.419,1.156,0.257
2016-12-01 01:46:39.712,139.340,0.032,-0.759,0.014,0.650,0.419,1.156,0.257
2016-12-01 01:46:39.724,139.340,0.032,-0.759,0.014,0.650,0.419,1.156,0.257
2016-12-01 01:46:39.735,139.340,0.032,-0.759,0.014,0.650,0.419,1.156,0.257
2016-12-01 01:46:39.746,139.361,0.032,-0.759,0.014,0.650,0.419,1.156,0.257
2016-12-01 01:46:39.757,139.383,0.032,-0.759,0.013,0.650,0.419,1.156,0.257
2016-12-01 01:46:39.769,139.383,0.032,-0.759,0.013,0.650,0.419,1.156,0.257
2016-12-01 01:46:39.780,139.404,0.032,-0.759,0.013,0.650,0.419,1.156,0.257
2016-12-01 01:46:39.791,139.404,0.032,-0.759,0.013,0.650,0.419,1.156,0.257
2016-12-01 01:46:39.802,139.425,0.032,-0.759,0.013,0.650,0.419,1.156,0.257
2016-12-01 01:46:39.814,139.425,0.032,-0.759,0.013,0.650,0.419,1.156,0.257
2016-12-01 01:46:39.824,139.447,0.032,-0.759,0.013,0.650,0.419,1.156,0.257
2016-12-01 01:46:39.836,139.447,0.032,-0.759,0.013,0.650,0.419,1.156,0.257
2016-12-01 01:46:39.847,139.468,0.032,-0.759,0.013,0.650,0.419,1.156,0.257
2016-12-01 01:46:39.858,139.489,0.032,-0.759,0.013,0.650,0.419,1.156,0.257
2016-12-01 01:46:39.869,139.489,0.032,-0.759,0.013,0.650,0.419,1.156,0.257
2016-12-01 01:46:39.880,139.489,0.032,-0.759,0.013,0.651,0.419,1.156,0.257
2016-12-01 01:46:39.891,139.511,0.032,-0.759,0.013,0.651,0.419,1.156,0.257
2016-12-01 01:46:39.903,139.511,0.032,-0.759,0.013,0.651,0.419,1.156,0.257
2016-12-01 01:46:39.913,139.532,0.032,-0.759,0.013,0.651,0.419,1.156,0.257
2016-12-01 01:46:39.925,139.532,0.032,-0.758,0.013,0.651,0.419,1.156,0.257
2016-12-01 01:46:39.936,139.553,0.032,-0.758,0.013,0.651,0.419,1.156,0.257
2016-12-01 01:46:39.947,139.575,0.033,-0.758,0.013,0.651,0.419,1.156,0.257
2016-12-01 01:46:39.959,139.575,0.033,-0.758,0.013,0.651,0.419,1.156,0.257
2016-12-01 01:46:39.970,139.596,0.033,-0.758,0.013,0.651,0.419,1.156,0.257
2016-12-01 01:46:39.981,139.596,0.034,-0.758,0.013,0.651,0.419,1.156,0.257
2016-12-01 01:46:39.992,139.617,0.034,-0.758,0.013,0.651,0.419,1.156,0.257
2016-12-01 01:46:40.004,139.617,0.034,-0.758,0.013,0.651,0.419,1.156,0.257
2016-12-01 01:46:40.014,139.639,0.034,-0.758,0.013,0.651,0.419,1.157,0.257
2016-12-01 01:46:40.025,139.639,0.034,-0.759,0.013,0.651,0.419,1.156,0.257
2016-12-01 01:46:40.036,139.660,0.034,-0.759,0.013,0.650,0.419,1.156,0.257
2016-12-01 01:46:40.048,139.660,0.033,-0.759,0.013,0.650,0.419,1.156,0.257
2016-12-01 01:46:40.059,139.681,0.033,-0.759,0.013,0.650,0.419,1.157,0.257
2016-12-01 01:46:40.070,139.681,0.033,-0.759,0.013,0.650,0.419,1.157,0.257
2016-12-01 01:46:40.081,139.703,0.033,-0.759,0.013,0.650,0.419,1.157,0.257
2016-12-01 01:46:40.092,139.703,0.032,-0.759,0.013,0.650,0.419,1.157,0.257
2016-12-01 01:46:40.104,139.724,0.032,-0.759,0.013,0.650,0.419,1.157,0.257
2016-12-01 01:46:40.115,139.724,0.032,-0.759,0.014,0.650,0.419,1.157,0.257
2016-12-01 01:46:40.126,139.745,0.031,-0.759,0.014,0.650,0.419,1.157,0.256
2016-12-01 01:46:40.138,139.767,0.031,-0.760,0.014,0.650,0.419,1.157,0.257
2016-12-01 01:46:40.148,139.767,0.031,-0.760,0.014,0.649,0.419,1.157,0.256
2016-12-01 01:46:40.160,139.788,0.031,-0.760,0.014,0.649,0.419,1.157,0.256
2016-12-01 01:46:40.171,139.788,0.030,-0.760,0.014,0.649,0.419,1.157,0.256
2016-12-01 01:46:40.182,139.809,0.030,-0.760,0.014,0.649,0.419,1.157,0.256
2016-12-01 01:46:40.194,139.809,0.030,-0.760,0.014,0.649,0.419,1.157,0.256
2016-12-01 01:46:40.204,139.831,0.030,-0.760,0.014,0.649,0.419,1.157,0.256
2016-12-01 01:46:40.215,139.831,0.030,-0.760,0.014,0.649,0.419,1.157,0.256
2016-12-01 01:46:40.226,139.852,0.030,-0.761,0.014,0.648,0.420,1.157,0.256
2016-12-01 01:46:40.238,139.852,0.030,-0.761,0.014,0.648,0.420,1.157,0.256
2016-12-01 01:46:40.249,139.873,0.029,-0.761,0.014,0.648,0.420,1.157,0.256
2016-12-01 01:46:40.260,139.873,0.029,-0.761,0.015,0.648,0.419,1.157,0.256
2016-12-01 01:46:40.271,139.895,0.029,-0.761,0.015,0.648,0.419,1.157,0.256
2016-12-01 01:46:40.282,139.895,0.029,-0.761,0.015,0.648,0.419,1.157,0.256
2016-12-01 01:46:40.293,139.916,0.029,-0.761,0.014,0.648,0.420,1.158,0.256
2016-12-01 01:46:40.305,139.916,0.028,-0.761,0.014,0.648,0.420,1.158,0.256
2016-12-01 01:46:40.316,139.937,0.028,-0.761,0.014,0.648,0.420,1.158,0.255
2016-12-01 01:46:40.327,139.959,0.028,-0.761,0.014,0.648,0.420,1.158,0.255
2016-12-01 01:46:40.339,139.959,0.028,-0.761,0.014,0.648,0.420,1.158,0.255
2016-12-01 01:46:40.349,139.980,0.028,-0.761,0.014,0.648,0.420,1.158,0.255
2016-12-01 01:46:40.361,139.980,0.028,-0.761,0.014,0.648,0.420,1.158,0.255
2016-12-01 01:46:40.372,139.980,0.029,-0.761,0.014,0.648,0.420,1.158,0.255
2016-12-01 01:46:40.383,140.001,0.029,-0.761,0.014,0.648,0.420,1.158,0.255
2016-12-01 01:46:40.394,140.001,0.029,-0.761,0.014,0.648,0.420,1.158,0.255
2016-12-01 01:46:40.405,140.023,0.029,-0.761,0.014,0.649,0.420,1.158,0.255
2016-12-01 01:46:40.417,140.044,0.029,-0.760,0.014,0.649,0.420,1.158,0.255
2016-12-01 01:46:40.428,140.044,0.029,-0.760,0.014,0.649,0.420,1.158,0.255
2016-12-01 01:46:40.439,140.065,0.029,-0.760,0.014,0.649,0.420,1.158,0.255
2016-12-01 01:46:40.450,140.065,0.029,-0.761,0.014,0.648,0.420,1.158,0.255
2016-12-01 01:46:40.461,140.087,0.029,-0.761,0.014,0.648,0.420,1.158,0.255
2016-12-01 01:46:40.472,140.087,0.029,-0.761,0.014,0.648,0.420,1.158,0.255
2016-12-01 01:46:40.483,140.108,0.029,-0.761,0.014,0.648,0.420,1.158,0.255
2016-12-01 01:46:40.495,140.108,0.029,-0.761,0.013,0.648,0.420,1.158,0.255
2016-12-01 01:46:40.505,140.129,0.029,-0.761,0.013,0.648,0.420,1.158,0.255
2016-12-01 01:46:40.517,140.151,0.029,-0.761,0.013,0.648,0.420,1.157,0.255
2016-12-01 01:46:40.529,140.151,0.029,-0.761,0.013,0.648,0.420,1.158,0.256
2016-12-01 01:46:40.539,140.151,0.029,-0.761,0.013,0.648,0.420,1.158,0.256
2016-12-01 01:46:40.550,140.172,0.029,-0.761,0.013,0.648,0.420,1.158,0.256
2016-12-01 01:46:40.562,140.172,0.029,-0.761,0.013,0.648,0.420,1.158,0.256
2016-12-01 01:46:40.573,140.193,0.030,-0.761,0.013,0.648,0.420,1.158,0.256
2016-12-01 01:46:40.584,140.193,0.030,-0.760,0.013,0.649,0.420,1.158,0.256
2016-12-01 01:46:40.595,140.215,0.030,-0.760,0.013,0.649,0.420,1.158,0.256
2016-12-01 01:46:40.606,140.236,0.030,-0.760,0.013,0.649,0.420,1.158,0.256
2016-12-01 01:46:40.618,140.236,0.030,-0.759,0.012,0.650,0.420,1.158,0.256
2016-12-01 01:46:40.628,140.257,0.030,-0.759,0.012,0.650,0.420,1.158,0.256
2016-12-01 01:46:40.640,140.257,0.030,-0.759,0.012,0.651,0.420,1.158,0.256
2016-12-01 01:46:40.651,140.279,0.030,-0.758,0.012,0.651,0.420,1.158,0.256
2016-12-01 01:46:40.662,140.279,0.030,-0.757,0.012,0.652,0.420,1.158,0.256
2016-12-01 01:46:40.673,140.300,0.030,-0.757,0.012,0.653,0.420,1.158,0.256
2016-12-01 01:46:40.684,140.300,0.030,-0.756,0.012,0.654,0.420,1.158,0.256
2016-12-01 01:46:40.695,140.300,0.031,-0.756,0.012,0.654,0.420,1.158,0.256
2016-12-01 01:46:40.707,140.321,0.031,-0.755,0.012,0.655,0.420,1.158,0.256
2016-12-01 01:46:40.718,140.343,0.031,-0.754,0.012,0.656,0.420,1.158,0.256
2016-12-01 01:46:40.730,140.343,0.031,-0.754,0.012,0.657,0.420,1.158,0.256
2016-12-01 01:46:40.740,140.364,0.031,-0.753,0.012,0.657,0.421,1.158,0.256
2016-12-01 01:46:40.751,140.364,0.031,-0.752,0.011,0.658,0.421,1.158,0.256
2016-12-01 01:46:40.763,140.385,0.031,-0.751,0.011,0.659,0.421,1.158,0.256
2016-12-01 01:46:40.774,140.385,0.032,-0.750,0.011,0.660,0.421,1.158,0.256
2016-12-01 01:46:40.785,140.407,0.032,-0.750,0.011,0.661,0.421,1.158,0.256
2016-12-01 01:46:40.796,140.428,0.032,-0.749,0.011,0.661,0.421,1.158,0.256
2016-12-01 01:46:40.808,140.428,0.032,-0.749,0.011,0.662,0.421,1.158,0.256
2016-12-01 01:46:40.818,140.449,0.032,-0.748,0.011,0.663,0.421,1.158,0.256
2016-12-01 01:46:40.830,140.449,0.033,-0.747,0.011,0.664,0.421,1.158,0.256
2016-12-01 01:46:40.841,140.471,0.033,-0.747,0.010,0.664,0.421,1.158,0.256
2016-12-01 01:46:40.852,140.471,0.033,-0.746,0.010,0.665,0.421,1.158,0.256
2016-12-01 01:46:40.863,140.471,0.033,-0.746,0.010,0.665,0.421,1.158,0.256
2016-12-01 01:46:40.874,140.492,0.033,-0.745,0.009,0.666,0.421,1.158,0.256
2016-12-01 01:46:40.885,140.492,0.034,-0.745,0.009,0.666,0.421,1.158,0.256
2016-12-01 01:46:40.897,140.513,0.034,-0.745,0.009,0.666,0.421,1.158,0.256
2016-12-01 01:46:40.908,140.535,0.034,-0.744,0.009,0.667,0.421,1.158,0.256
2016-12-01 01:46:40.919,140.535,0.034,-0.744,0.008,0.667,0.421,1.158,0.256
2016-12-01 01:46:40.930,140.556,0.034,-0.744,0.008,0.667,0.421,1.158,0.255
2016-12-01 01:46:40.942,140.556,0.034,-0.744,0.008,0.668,0.421,1.158,0.255
2016-12-01 01:46:40.952,140.577,0.034,-0.744,0.008,0.668,0.422,1.158,0.255
2016-12-01 01:46:40.964,140.577,0.034,-0.744,0.007,0.668,0.421,1.158,0.254
2016-12-01 01:46:40.975,140.599,0.033,-0.744,0.007,0.668,0.422,1.158,0.254
2016-12-01 01:46:40.986,140.599,0.033,-0.744,0.007,0.667,0.422,1.158,0.254
2016-12-01 01:46:40.997,140.620,0.033,-0.744,0.006,0.667,0.422,1.158,0.254
2016-12-01 01:46:41.009,140.641,0.032,-0.744,0.006,0.667,0.422,1.158,0.253
2016-12-01 01:46:41.020,140.641,0.032,-0.745,0.006,0.667,0.422,1.158,0.253
2016-12-01 01:46:41.030,140.641,0.032,-0.745,0.005,0.666,0.422,1.159,0.253
2016-12-01 01:46:41.042,140.663,0.031,-0.746,0.005,0.665,0.422,1.159,0.252
2016-12-01 01:46:41.053,140.663,0.030,-0.747,0.004,0.665,0.422,1.159,0.252
2016-12-01 01:46:41.064,140.684,0.029,-0.747,0.004,0.664,0.422,1.159,0.251
2016-12-01 01:46:41.075,140.684,0.029,-0.748,0.004,0.663,0.422,1.159,0.251
2016-12-01 01:46:41.087,140.705,0.029,-0.749,0.003,0.662,0.422,1.159,0.250
2016-12-01 01:46:41.098,140.727,0.029,-0.750,0.003,0.660,0.423,1.159,0.250
2016-12-01 01:46:41.109,140.727,0.028,-0.752,0.002,0.659,0.423,1.159,0.249
2016-12-01 01:46:41.120,140.748,0.028,-0.753,0.002,0.658,0.423,1.159,0.249
2016-12-01 01:46:41.132,140.748,0.027,-0.754,0.003,0.656,0.423,1.159,0.248
2016-12-01 01:46:41.142,140.769,0.027,-0.755,0.002,0.655,0.423,1.159,0.248
2016-12-01 01:46:41.153,140.769,0.027,-0.757,0.002,0.653,0.423,1.159,0.247
2016-12-01 01:46:41.165,140.791,0.027,-0.758,0.002,0.652,0.424,1.159,0.247
2016-12-01 01:46:41.176,140.791,0.027,-0.759,0.002,0.650,0.424,1.159,0.246
2016-12-01 01:46:41.187,140.812,0.027,-0.761,0.002,0.649,0.424,1.159,0.246
2016-12-01 01:46:41.199,140.812,0.027,-0.762,0.002,0.647,0.424,1.159,0.245
2016-12-01 01:46:41.209,140.833,0.027,-0.763,0.002,0.646,0.424,1.160,0.245
2016-12-01 01:46:41.220,140.833,0.026,-0.764,0.002,0.645,0.424,1.160,0.244
2016-12-01 01:46:41.232,140.855,0.026,-0.765,0.002,0.644,0.425,1.160,0.244
2016-12-01 01:46:41.243,140.855,0.026,-0.766,0.002,0.642,0.425,1.160,0.243
2016-12-01 01:46:41.254,140.876,0.026,-0.767,0.002,0.641,0.425,1.160,0.243
2016-12-01 01:46:41.267,140.897,0.026,-0.768,0.003,0.640,0.425,1.160,0.242
2016-12-01 01:46:41.276,140.897,0.025,-0.769,0.003,0.639,0.426,1.160,0.242
2016-12-01 01:46:41.288,140.919,0.025,-0.769,0.003,0.638,0.426,1.160,0.241
2016-12-01 01:46:41.299,140.919,0.025,-0.770,0.004,0.637,0.426,1.160,0.241
2016-12-01 01:46:41.310,140.940,0.024,-0.771,0.004,0.636,0.426,1.160,0.240
2016-12-01 01:46:41.321,140.940,0.024,-0.772,0.004,0.636,0.426,1.160,0.240
2016-12-01 01:46:41.332,140.961,0.023,-0.772,0.005,0.635,0.426,1.160,0.239
2016-12-01 01:46:41.344,140.961,0.023,-0.773,0.005,0.634,0.427,1.160,0.239
2016-12-01 01:46:41.355,140.961,0.023,-0.774,0.006,0.633,0.427,1.160,0.238
2016-12-01 01:46:41.366,140.983,0.022,-0.774,0.006,0.632,0.427,1.160,0.238
2016-12-01 01:46:41.377,141.004,0.022,-0.775,0.007,0.632,0.427,1.160,0.238
2016-12-01 01:46:41.388,141.004,0.021,-0.775,0.007,0.631,0.427,1.160,0.237
2016-12-01 01:46:41.399,141.025,0.021,-0.776,0.007,0.630,0.427,1.160,0.237
2016-12-01 01:46:41.411,141.025,0.020,-0.776,0.008,0.630,0.427,1.160,0.237
2016-12-01 01:46:41.422,141.047,0.020,-0.777,0.008,0.629,0.428,1.160,0.237
2016-12-01 01:46:41.433,141.047,0.019,-0.777,0.009,0.629,0.428,1.160,0.236
2016-12-01 01:46:41.444,141.068,0.019,-0.778,0.009,0.628,0.428,1.160,0.236
2016-12-01 01:46:41.455,141.068,0.019,-0.778,0.010,0.627,0.428,1.160,0.236
2016-12-01 01:46:41.466,141.089,0.018,-0.779,0.010,0.627,0.428,1.159,0.235
2016-12-01 01:46:41.478,141.111,0.018,-0.780,0.010,0.626,0.428,1.159,0.235
2016-12-01 01:46:41.489,141.111,0.018,-0.780,0.010,0.625,0.428,1.159,0.235
2016-12-01 01:46:41.500,141.111,0.017,-0.781,0.011,0.624,0.428,1.159,0.235
2016-12-01 01:46:41.511,141.132,0.017,-0.781,0.011,0.624,0.428,1.159,0.235
2016-12-01 01:46:41.522,141.132,0.017,-0.782,0.011,0.623,0.428,1.159,0.235
2016-12-01 01:46:41.533,141.153,0.017,-0.783,0.011,0.622,0.428,1.159,0.235
2016-12-01 01:46:41.545,141.153,0.017,-0.783,0.012,0.621,0.428,1.159,0.234
2016-12-01 01:46:41.555,141.175,0.017,-0.784,0.012,0.620,0.428,1.159,0.234
2016-12-01 01:46:41.567,141.196,0.017,-0.785,0.012,0.619,0.428,1.159,0.234
2016-12-01 01:46:41.578,141.196,0.017,-0.786,0.013,0.618,0.428,1.159,0.234
2016-12-01 01:46:41.589,141.217,0.017,-0.786,0.013,0.617,0.428,1.159,0.234
2016-12-01 01:46:41.601,141.217,0.017,-0.787,0.013,0.616,0.428,1.159,0.234
2016-12-01 01:46:41.611,141.239,0.017,-0.788,0.013,0.615,0.428,1.159,0.234
2016-12-01 01:46:41.623,141.239,0.016,-0.789,0.013,0.614,0.429,1.159,0.234
2016-12-01 01:46:41.633,141.260,0.016,-0.790,0.013,0.613,0.429,1.160,0.234
2016-12-01 01:46:41.646,141.260,0.016,-0.791,0.013,0.612,0.429,1.160,0.234
2016-12-01 01:46:41.657,141.281,0.016,-0.792,0.013,0.611,0.429,1.160,0.234
2016-12-01 01:46:41.668,141.281,0.015,-0.793,0.013,0.609,0.429,1.160,0.234
2016-12-01 01:46:41.679,141.303,0.015,-0.794,0.013,0.608,0.429,1.160,0.234
2016-12-01 01:46:41.690,141.303,0.014,-0.795,0.013,0.607,0.429,1.160,0.234
2016-12-01 01:46:41.701,141.324,0.014,-0.796,0.012,0.606,0.429,1.160,0.234
2016-12-01 01:46:41.712,141.324,0.013,-0.797,0.012,0.604,0.429,1.160,0.234
2016-12-01 01:46:41.723,141.345,0.013,-0.798,0.012,0.603,0.429,1.160,0.234
2016-12-01 01:46:41.735,141.345,0.013,-0.799,0.012,0.602,0.429,1.160,0.235
2016-12-01 01:46:41.745,141.367,0.013,-0.800,0.012,0.600,0.429,1.160,0.235
2016-12-01 01:46:41.757,141.388,0.013,-0.801,0.012,0.599,0.429,1.160,0.235
2016-12-01 01:46:41.768,141.388,0.013,-0.802,0.013,0.597,0.430,1.160,0.235
2016-12-01 01:46:41.779,141.409,0.013,-0.803,0.013,0.596,0.430,1.160,0.235
2016-12-01 01:46:41.791,141.409,0.013,-0.804,0.013,0.594,0.430,1.160,0.235
2016-12-01 01:46:41.801,141.431,0.013,-0.806,0.013,0.592,0.430,1.160,0.235
2016-12-01 01:46:41.812,141.431,0.014,-0.807,0.013,0.590,0.430,1.160,0.235
2016-12-01 01:46:41.823,141.452,0.014,-0.808,0.013,0.589,0.430,1.160,0.235
2016-12-01 01:46:41.835,141.452,0.014,-0.810,0.014,0.587,0.430,1.160,0.236
2016-12-01 01:46:41.846,141.473,0.015,-0.811,0.014,0.585,0.430,1.159,0.236
2016-12-01 01:46:41.857,141.473,0.016,-0.812,0.014,0.583,0.430,1.159,0.236
2016-12-01 01:46:41.868,141.495,0.016,-0.814,0.014,0.581,0.430,1.159,0.236
2016-12-01 01:46:41.880,141.495,0.017,-0.815,0.015,0.579,0.429,1.159,0.236
2016-12-01 01:46:41.891,141.516,0.018,-0.816,0.015,0.577,0.429,1.158,0.237
2016-12-01 01:46:41.902,141.516,0.019,-0.818,0.015,0.575,0.429,1.158,0.237
2016-12-01 01:46:41.913,141.537,0.020,-0.819,0.016,0.573,0.429,1.158,0.237
2016-12-01 01:46:41.924,141.537,0.021,-0.821,0.016,0.571,0.429,1.158,0.237
2016-12-01 01:46:41.935,141.559,0.022,-0.822,0.016,0.569,0.429,1.158,0.237
2016-12-01 01:46:41.947,141.580,0.023,-0.824,0.017,0.566,0.429,1.157,0.238
2016-12-01 01:46:41.958,141.580,0.024,-0.825,0.017,0.564,0.428,1.157,0.238
2016-12-01 01:46:41.969,141.601,0.025,-0.826,0.017,0.562,0.428,1.157,0.238
2016-12-01 01:46:41.980,141.601,0.026,-0.828,0.018,0.560,0.428,1.157,0.238
2016-12-01 01:46:41.991,141.601,0.027,-0.829,0.018,0.559,0.428,1.157,0.238
2016-12-01 01:46:42.002,141.623,0.028,-0.830,0.018,0.557,0.427,1.157,0.239
2016-12-01 01:46:42.014,141.623,0.029,-0.831,0.019,0.555,0.427,1.157,0.239
2016-12-01 01:46:42.025,141.644,0.029,-0.832,0.018,0.553,0.427,1.157,0.239
2016-12-01 01:46:42.036,141.665,0.030,-0.834,0.018,0.551,0.427,1.157,0.239
2016-12-01 01:46:42.047,141.665,0.030,-0.835,0.018,0.549,0.426,1.157,0.240
2016-12-01 01:46:42.058,141.687,0.030,-0.836,0.018,0.547,0.426,1.157,0.240
2016-12-01 01:46:42.070,141.687,0.030,-0.838,0.017,0.545,0.426,1.157,0.240
2016-12-01 01:46:42.081,141.708,0.030,-0.839,0.017,0.543,0.426,1.157,0.240
2016-12-01 01:46:42.092,141.708,0.030,-0.840,0.017,0.541,0.426,1.157,0.241
2016-12-01 01:46:42.103,141.729,0.030,-0.841,0.016,0.540,0.425,1.157,0.241
2016-12-01 01:46:42.115,141.729,0.030,-0.842,0.016,0.538,0.425,1.157,0.241
2016-12-01 01:46:42.125,141.751,0.031,-0.843,0.016,0.536,0.424,1.157,0.241
2016-12-01 01:46:42.137,141.772,0.031,-0.844,0.016,0.535,0.424,1.157,0.241
2016-12-01 01:46:42.147,141.772,0.031,-0.845,0.016,0.533,0.424,1.157,0.241
2016-12-01 01:46:42.159,141.772,0.032,-0.846,0.016,0.532,0.424,1.157,0.242
2016-12-01 01:46:42.170,141.793,0.032,-0.847,0.016,0.530,0.423,1.157,0.242
2016-12-01 01:46:42.181,141.793,0.033,-0.848,0.016,0.529,0.423,1.157,0.242
2016-12-01 01:46:42.192,141.815,0.034,-0.849,0.017,0.528,0.423,1.157,0.242
2016-12-01 01:46:42.204,141.815,0.034,-0.849,0.017,0.527,0.422,1.157,0.242
2016-12-01 01:46:42.215,141.836,0.035,-0.850,0.017,0.526,0.422,1.157,0.243
2016-12-01 01:46:42.226,141.836,0.036,-0.850,0.018,0.525,0.422,1.157,0.243
2016-12-01 01:46:42.237,141.857,0.037,-0.851,0.018,0.524,0.421,1.157,0.243
2016-12-01 01:46:42.249,141.879,0.037,-0.851,0.019,0.523,0.421,1.156,0.243
2016-12-01 01:46:42.260,141.879,0.038,-0.852,0.020,0.522,0.420,1.156,0.244
2016-12-01 01:46:42.270,141.900,0.039,-0.852,0.020,0.521,0.420,1.156,0.244
2016-12-01 01:46:42.282,141.900,0.041,-0.853,0.021,0.520,0.419,1.156,0.244
2016-12-01 01:46:42.293,141.921,0.042,-0.854,0.021,0.519,0.419,1.155,0.244
2016-12-01 01:46:42.304,141.921,0.043,-0.854,0.022,0.518,0.418,1.155,0.244
2016-12-01 01:46:42.315,141.921,0.045,-0.855,0.023,0.516,0.418,1.155,0.244
2016-12-01 01:46:42.326,141.943,0.046,-0.855,0.024,0.515,0.418,1.154,0.244
2016-12-01 01:46:42.338,141.964,0.047,-0.856,0.025,0.515,0.417,1.154,0.244
2016-12-01 01:46:42.348,141.964,0.049,-0.856,0.026,0.514,0.417,1.154,0.244
2016-12-01 01:46:42.360,141.985,0.050,-0.857,0.026,0.513,0.416,1.154,0.244
2016-12-01 01:46:42.371,141.985,0.051,-0.857,0.027,0.512,0.416,1.154,0.244
2016-12-01 01:46:42.382,142.007,0.052,-0.857,0.028,0.512,0.416,1.153,0.244
2016-12-01 01:46:42.393,142.007,0.052,-0.858,0.029,0.511,0.415,1.153,0.244
2016-12-01 01:46:42.405,142.028,0.053,-0.858,0.029,0.510,0.415,1.153,0.244
2016-12-01 01:46:42.416,142.049,0.054,-0.858,0.030,0.510,0.415,1.153,0.244
2016-12-01 01:46:42.427,142.049,0.055,-0.858,0.030,0.509,0.414,1.153,0.243
2016-12-01 01:46:42.438,142.071,0.056,-0.859,0.031,0.509,0.414,1.153,0.243
2016-12-01 01:46:42.449,142.071,0.057,-0.859,0.031,0.508,0.414,1.153,0.243
2016-12-01 01:46:42.460,142.092,0.057,-0.859,0.031,0.508,0.414,1.153,0.243
2016-12-01 01:46:42.472,142.092,0.057,-0.859,0.030,0.507,0.413,1.153,0.243
2016-12-01 01:46:42.483,142.092,0.057,-0.860,0.030,0.507,0.413,1.154,0.243
2016-12-01 01:46:42.494,142.113,0.057,-0.860,0.029,0.507,0.413,1.154,0.243
2016-12-01 01:46:42.505,142.113,0.057,-0.860,0.029,0.506,0.413,1.154,0.243
2016-12-01 01:46:42.516,142.135,0.057,-0.860,0.029,0.506,0.412,1.154,0.243
2016-12-01 01:46:42.527,142.156,0.056,-0.860,0.028,0.506,0.412,1.154,0.243
2016-12-01 01:46:42.539,142.156,0.056,-0.860,0.028,0.506,0.412,1.154,0.243
2016-12-01 01:46:42.550,142.177,0.056,-0.860,0.028,0.506,0.412,1.154,0.243
2016-12-01 01:46:42.562,142.177,0.056,-0.860,0.028,0.506,0.412,1.154,0.243
2016-12-01 01:46:42.572,142.199,0.055,-0.860,0.027,0.507,0.412,1.155,0.243
2016-12-01 01:46:42.584,142.199,0.055,-0.860,0.027,0.507,0.412,1.154,0.243
2016-12-01 01:46:42.595,142.220,0.055,-0.860,0.027,0.507,0.411,1.155,0.242
2016-12-01 01:46:42.606,142.241,0.055,-0.860,0.028,0.507,0.411,1.155,0.243
2016-12-01 01:46:42.617,142.241,0.055,-0.859,0.028,0.508,0.411,1.155,0.242
2016-12-01 01:46:42.628,142.263,0.056,-0.859,0.028,0.508,0.411,1.154,0.242
2016-12-01 01:46:42.640,142.263,0.056,-0.859,0.028,0.508,0.411,1.154,0.242
2016-12-01 01:46:42.650,142.263,0.056,-0.859,0.028,0.509,0.410,1.154,0.242
2016-12-01 01:46:42.662,142.284,0.057,-0.858,0.029,0.509,0.410,1.154,0.242
2016-12-01 01:46:42.673,142.284,0.057,-0.858,0.029,0.510,0.410,1.154,0.242
2016-12-01 01:46:42.684,142.305,0.058,-0.858,0.029,0.510,0.410,1.154,0.242
2016-12-01 01:46:42.695,142.305,0.058,-0.857,0.030,0.511,0.410,1.154,0.242
2016-12-01 01:46:42.706,142.327,0.059,-0.857,0.031,0.511,0.410,1.153,0.242
2016-12-01 01:46:42.717,142.348,0.060,-0.856,0.031,0.512,0.410,1.153,0.242
2016-12-01 01:46:42.729,142.348,0.061,-0.856,0.032,0.513,0.410,1.153,0.242
2016-12-01 01:46:42.739,142.369,0.061,-0.855,0.032,0.514,0.410,1.153,0.242
2016-12-01 01:46:42.750,142.369,0.062,-0.854,0.033,0.515,0.409,1.152,0.242
2016-12-01 01:46:42.762,142.391,0.063,-0.854,0.034,0.516,0.409,1.152,0.242
2016-12-01 01:46:42.774,142.391,0.063,-0.853,0.034,0.517,0.409,1.152,0.242
2016-12-01 01:46:42.784,142.412,0.064,-0.852,0.035,0.518,0.409,1.152,0.242
2016-12-01 01:46:42.796,142.412,0.063,-0.851,0.035,0.520,0.409,1.152,0.242
2016-12-01 01:46:42.807,142.433,0.064,-0.850,0.035,0.521,0.408,1.152,0.242
2016-12-01 01:46:42.818,142.433,0.064,-0.850,0.035,0.522,0.408,1.152,0.242
2016-12-01 01:46:42.829,142.455,0.064,-0.849,0.036,0.524,0.408,1.152,0.242
2016-12-01 01:46:42.841,142.455,0.064,-0.848,0.036,0.525,0.408,1.152,0.242
2016-12-01 01:46:42.851,142.476,0.063,-0.847,0.036,0.527,0.408,1.152,0.242
2016-12-01 01:46:42.863,142.476,0.063,-0.846,0.036,0.528,0.408,1.152,0.242
2016-12-01 01:46:42.874,142.497,0.063,-0.845,0.036,0.530,0.408,1.152,0.242
2016-12-01 01:46:42.885,142.497,0.063,-0.844,0.035,0.531,0.408,1.152,0.242
2016-12-01 01:46:42.896,142.519,0.062,-0.843,0.035,0.533,0.408,1.152,0.242
2016-12-01 01:46:42.907,142.540,0.062,-0.842,0.035,0.534,0.408,1.152,0.242
2016-12-01 01:46:42.918,142.540,0.062,-0.841,0.034,0.536,0.408,1.152,0.242
2016-12-01 01:46:42.929,142.561,0.062,-0.840,0.034,0.537,0.408,1.152,0.242
2016-12-01 01:46:42.941,142.561,0.061,-0.839,0.033,0.539,0.407,1.153,0.243
2016-12-01 01:46:42.952,142.583,0.061,-0.838,0.033,0.541,0.407,1.153,0.243
2016-12-01 01:46:42.964,142.583,0.060,-0.837,0.032,0.542,0.407,1.153,0.243
2016-12-01 01:46:42.974,142.583,0.060,-0.836,0.032,0.544,0.407,1.153,0.243
2016-12-01 01:46:42.985,142.604,0.059,-0.835,0.031,0.546,0.407,1.153,0.243
2016-12-01 01:46:42.997,142.625,0.059,-0.834,0.031,0.548,0.407,1.153,0.243
2016-12-01 01:46:43.008,142.625,0.059,-0.833,0.030,0.550,0.407,1.153,0.243
2016-12-01 01:46:43.019,142.647,0.059,-0.831,0.030,0.552,0.407,1.153,0.243
2016-12-01 01:46:43.030,142.647,0.059,-0.830,0.030,0.554,0.407,1.153,0.244
2016-12-01 01:46:43.041,142.668,0.059,-0.829,0.030,0.556,0.407,1.153,0.244
2016-12-01 01:46:43.052,142.668,0.059,-0.827,0.030,0.558,0.407,1.153,0.244
2016-12-01 01:46:43.063,142.689,0.059,-0.826,0.030,0.560,0.407,1.153,0.244
2016-12-01 01:46:43.075,142.689,0.059,-0.825,0.030,0.562,0.407,1.153,0.244
2016-12-01 01:46:43.086,142.711,0.059,-0.823,0.030,0.564,0.407,1.153,0.244
2016-12-01 01:46:43.097,142.732,0.059,-0.822,0.030,0.565,0.407,1.153,0.244
2016-12-01 01:46:43.108,142.732,0.059,-0.821,0.030,0.567,0.407,1.153,0.244
2016-12-01 01:46:43.119,142.732,0.059,-0.819,0.030,0.569,0.407,1.153,0.245
2016-12-01 01:46:43.130,142.753,0.059,-0.818,0.030,0.571,0.408,1.153,0.245
2016-12-01 01:46:43.142,142.753,0.059,-0.817,0.030,0.573,0.408,1.153,0.245
2016-12-01 01:46:43.153,142.775,0.059,-0.816,0.030,0.575,0.408,1.153,0.245
2016-12-01 01:46:43.164,142.775,0.059,-0.814,0.030,0.577,0.408,1.153,0.245
2016-12-01 01:46:43.175,142.796,0.059,-0.813,0.029,0.578,0.408,1.153,0.245
2016-12-01 01:46:43.187,142.817,0.059,-0.812,0.029,0.580,0.409,1.153,0.245
2016-12-01 01:46:43.198,142.817,0.060,-0.810,0.029,0.582,0.409,1.153,0.246
2016-12-01 01:46:43.209,142.839,0.060,-0.809,0.029,0.584,0.409,1.153,0.246
2016-12-01 01:46:43.220,142.839,0.060,-0.808,0.028,0.586,0.409,1.153,0.246
2016-12-01 01:46:43.231,142.860,0.060,-0.806,0.028,0.588,0.409,1.153,0.246
2016-12-01 01:46:43.243,142.860,0.060,-0.805,0.028,0.590,0.409,1.153,0.246
2016-12-01 01:46:43.253,142.881,0.060,-0.804,0.028,0.591,0.410,1.153,0.246
2016-12-01 01:46:43.265,142.881,0.060,-0.802,0.027,0.594,0.410,1.153,0.246
2016-12-01 01:46:43.276,142.903,0.060,-0.801,0.027,0.596,0.410,1.153,0.247
2016-12-01 01:46:43.287,142.903,0.060,-0.799,0.027,0.598,0.410,1.153,0.247
2016-12-01 01:46:43.298,142.924,0.060,-0.797,0.026,0.600,0.410,1.153,0.247
2016-12-01 01:46:43.309,142.924,0.060,-0.796,0.026,0.602,0.410,1.153,0.247
2016-12-01 01:46:43.320,142.945,0.060,-0.794,0.026,0.604,0.411,1.153,0.247
2016-12-01 01:46:43.332,142.945,0.060,-0.792,0.026,0.607,0.411,1.153,0.248
2016-12-01 01:46:43.343,142.967,0.060,-0.791,0.025,0.609,0.411,1.153,0.248
2016-12-01 01:46:43.354,142.967,0.060,-0.789,0.025,0.611,0.411,1.153,0.248
2016-12-01 01:46:43.366,142.988,0.060,-0.787,0.024,0.614,0.412,1.153,0.248
2016-12-01 01:46:43.377,143.009,0.060,-0.785,0.024,0.616,0.412,1.153,0.248
2016-12-01 01:46:43.388,143.009,0.059,-0.784,0.023,0.618,0.412,1.153,0.249
2016-12-01 01:46:43.399,143.031,0.059,-0.782,0.023,0.620,0.412,1.153,0.249
2016-12-01 01:46:43.410,143.031,0.058,-0.780,0.022,0.622,0.413,1.154,0.249
2016-12-01 01:46:43.421,143.052,0.058,-0.779,0.022,0.624,0.413,1.154,0.249
2016-12-01 01:46:43.433,143.052,0.058,-0.777,0.021,0.627,0.413,1.154,0.249
2016-12-01 01:46:43.443,143.073,0.057,-0.775,0.020,0.629,0.414,1.154,0.250
2016-12-01 01:46:43.454,143.073,0.057,-0.774,0.020,0.631,0.414,1.154,0.250
2016-12-01 01:46:43.466,143.073,0.056,-0.772,0.019,0.633,0.414,1.154,0.250
2016-12-01 01:46:43.477,143.095,0.056,-0.770,0.019,0.635,0.414,1.154,0.250
2016-12-01 01:46:43.488,143.116,0.055,-0.769,0.018,0.637,0.415,1.154,0.250
2016-12-01 01:46:43.499,143.116,0.055,-0.767,0.018,0.639,0.415,1.154,0.251
2016-12-01 01:46:43.510,143.137,0.054,-0.765,0.017,0.641,0.415,1.155,0.251
2016-12-01 01:46:43.521,143.137,0.053,-0.764,0.017,0.643,0.415,1.155,0.251
2016-12-01 01:46:43.533,143.159,0.053,-0.762,0.016,0.645,0.415,1.155,0.251
2016-12-01 01:46:43.544,143.159,0.052,-0.761,0.016,0.646,0.416,1.155,0.251
2016-12-01 01:46:43.555,143.180,0.052,-0.759,0.016,0.648,0.416,1.155,0.251
2016-12-01 01:46:43.567,143.201,0.051,-0.758,0.015,0.650,0.416,1.155,0.251
2016-12-01 01:46:43.578,143.201,0.051,-0.757,0.015,0.652,0.416,1.155,0.251
2016-12-01 01:46:43.589,143.223,0.050,-0.755,0.014,0.654,0.416,1.156,0.251
2016-12-01 01:46:43.600,143.223,0.050,-0.754,0.014,0.655,0.416,1.156,0.251
2016-12-01 01:46:43.611,143.223,0.050,-0.752,0.014,0.657,0.416,1.156,0.251
2016-12-01 01:46:43.622,143.244,0.049,-0.751,0.014,0.659,0.416,1.156,0.251
2016-12-01 01:46:43.634,143.244,0.049,-0.749,0.014,0.660,0.416,1.156,0.251
2016-12-01 01:46:43.644,143.265,0.048,-0.748,0.014,0.662,0.416,1.156,0.251
2016-12-01 01:46:43.655,143.265,0.048,-0.747,0.013,0.663,0.417,1.156,0.251
2016-12-01 01:46:43.667,143.287,0.047,-0.746,0.014,0.665,0.417,1.156,0.251
2016-12-01 01:46:43.678,143.308,0.047,-0.744,0.013,0.666,0.417,1.156,0.251
2016-12-01 01:46:43.689,143.308,0.047,-0.743,0.013,0.667,0.417,1.156,0.251
2016-12-01 01:46:43.700,143.329,0.046,-0.742,0.013,0.669,0.417,1.156,0.251
2016-12-01 01:46:43.712,143.329,0.046,-0.741,0.013,0.670,0.417,1.156,0.251
2016-12-01 01:46:43.723,143.351,0.046,-0.739,0.013,0.672,0.417,1.156,0.251
2016-12-01 01:46:43.734,143.351,0.045,-0.738,0.013,0.673,0.417,1.156,0.251
2016-12-01 01:46:43.745,143.372,0.045,-0.737,0.013,0.675,0.417,1.156,0.251
2016-12-01 01:46:43.756,143.393,0.045,-0.735,0.013,0.676,0.417,1.156,0.251
2016-12-01 01:46:43.768,143.393,0.045,-0.734,0.013,0.677,0.417,1.156,0.251
2016-12-01 01:46:43.779,143.393,0.046,-0.733,0.014,0.678,0.417,1.156,0.251
2016-12-01 01:46:43.790,143.415,0.046,-0.732,0.014,0.680,0.417,1.156,0.251
2016-12-01 01:46:43.801,143.415,0.046,-0.731,0.014,0.681,0.417,1.156,0.251
2016-12-01 01:46:43.812,143.436,0.046,-0.730,0.014,0.682,0.417,1.156,0.250
2016-12-01 01:46:43.823,143.436,0.046,-0.729,0.013,0.683,0.417,1.156,0.250
2016-12-01 01:46:43.834,143.457,0.046,-0.727,0.013,0.685,0.417,1.156,0.250
2016-12-01 01:46:43.846,143.479,0.047,-0.726,0.013,0.686,0.417,1.156,0.250
2016-12-01 01:46:43.857,143.479,0.047,-0.725,0.013,0.687,0.417,1.156,0.250
2016-12-01 01:46:43.868,143.500,0.047,-0.724,0.013,0.688,0.417,1.156,0.250
2016-12-01 01:46:43.879,143.500,0.047,-0.724,0.014,0.689,0.417,1.156,0.250
2016-12-01 01:46:43.890,143.521,0.047,-0.723,0.013,0.689,0.418,1.156,0.250
2016-12-01 01:46:43.902,143.521,0.047,-0.722,0.013,0.690,0.418,1.157,0.250
2016-12-01 01:46:43.913,143.543,0.047,-0.721,0.013,0.691,0.418,1.157,0.250
2016-12-01 01:46:43.924,143.543,0.046,-0.721,0.013,0.692,0.418,1.157,0.249
2016-12-01 01:46:43.935,143.543,0.046,-0.720,0.013,0.692,0.418,1.157,0.249
2016-12-01 01:46:43.946,143.564,0.045,-0.720,0.013,0.693,0.418,1.157,0.249
2016-12-01 01:46:43.957,143.585,0.045,-0.719,0.012,0.693,0.418,1.157,0.249
2016-12-01 01:46:43.969,143.585,0.045,-0.719,0.012,0.694,0.418,1.157,0.249
2016-12-01 01:46:43.979,143.607,0.044,-0.719,0.012,0.694,0.418,1.157,0.249
2016-12-01 01:46:43.991,143.607,0.044,-0.718,0.012,0.694,0.418,1.157,0.249
2016-12-01 01:46:44.002,143.628,0.044,-0.718,0.013,0.695,0.418,1.157,0.248
2016-12-01 01:46:44.013,143.628,0.044,-0.718,0.013,0.695,0.418,1.157,0.248
2016-12-01 01:46:44.024,143.649,0.044,-0.718,0.013,0.695,0.418,1.157,0.248
2016-12-01 01:46:44.036,143.671,0.044,-0.718,0.013,0.695,0.418,1.157,0.248
2016-12-01 01:46:44.046,143.671,0.044,-0.718,0.013,0.695,0.418,1.157,0.248
2016-12-01 01:46:44.057,143.692,0.044,-0.718,0.013,0.695,0.418,1.157,0.248
2016-12-01 01:46:44.069,143.692,0.044,-0.718,0.014,0.695,0.418,1.157,0.248
2016-12-01 01:46:44.080,143.713,0.044,-0.718,0.014,0.694,0.418,1.157,0.247
2016-12-01 01:46:44.092,143.713,0.044,-0.718,0.014,0.694,0.418,1.157,0.247
2016-12-01 01:46:44.103,143.713,0.044,-0.719,0.014,0.694,0.418,1.157,0.247
2016-12-01 01:46:44.114,143.735,0.044,-0.719,0.014,0.694,0.417,1.157,0.247
2016-12-01 01:46:44.125,143.735,0.044,-0.719,0.014,0.693,0.417,1.157,0.247
2016-12-01 01:46:44.136,143.756,0.045,-0.719,0.015,0.693,0.417,1.157,0.246
2016-12-01 01:46:44.148,143.777,0.045,-0.720,0.015,0.693,0.417,1.156,0.246
2016-12-01 01:46:44.159,143.777,0.045,-0.720,0.016,0.692,0.417,1.156,0.246
2016-12-01 01:46:44.169,143.799,0.046,-0.720,0.017,0.692,0.417,1.156,0.246
2016-12-01 01:46:44.181,143.799,0.047,-0.720,0.018,0.692,0.416,1.156,0.246
2016-12-01 01:46:44.192,143.820,0.047,-0.720,0.018,0.692,0.416,1.156,0.246
2016-12-01 01:46:44.203,143.820,0.048,-0.721,0.019,0.691,0.416,1.155,0.245
2016-12-01 01:46:44.214,143.841,0.049,-0.721,0.020,0.691,0.416,1.155,0.245
2016-12-01 01:46:44.225,143.841,0.049,-0.721,0.020,0.691,0.415,1.155,0.245
2016-12-01 01:46:44.236,143.863,0.050,-0.721,0.021,0.690,0.415,1.155,0.245
2016-12-01 01:46:44.248,143.884,0.051,-0.722,0.021,0.690,0.415,1.155,0.245
2016-12-01 01:46:44.259,143.884,0.052,-0.722,0.022,0.689,0.415,1.155,0.245
2016-12-01 01:46:44.270,143.884,0.053,-0.723,0.022,0.689,0.414,1.154,0.245
2016-12-01 01:46:44.281,143.905,0.054,-0.723,0.023,0.688,0.414,1.154,0.245
2016-12-01 01:46:44.292,143.905,0.055,-0.723,0.023,0.688,0.414,1.154,0.245
2016-12-01 01:46:44.304,143.927,0.055,-0.724,0.024,0.687,0.414,1.154,0.245
2016-12-01 01:46:44.315,143.927,0.056,-0.724,0.024,0.687,0.414,1.154,0.245
2016-12-01 01:46:44.326,143.948,0.057,-0.725,0.024,0.686,0.414,1.154,0.245
2016-12-01 01:46:44.337,143.969,0.057,-0.725,0.025,0.685,0.413,1.154,0.245
2016-12-01 01:46:44.348,143.969,0.057,-0.726,0.025,0.685,0.413,1.154,0.245
2016-12-01 01:46:44.359,143.991,0.058,-0.727,0.025,0.684,0.413,1.154,0.245
2016-12-01 01:46:44.371,143.991,0.057,-0.727,0.025,0.684,0.413,1.154,0.245
2016-12-01 01:46:44.382,144.012,0.057,-0.728,0.025,0.683,0.413,1.154,0.245
2016-12-01 01:46:44.393,144.012,0.057,-0.728,0.025,0.682,0.413,1.154,0.245
2016-12-01 01:46:44.404,144.033,0.057,-0.729,0.025,0.682,0.412,1.154,0.245
2016-12-01 01:46:44.415,144.033,0.057,-0.729,0.026,0.681,0.412,1.154,0.245
2016-12-01 01:46:44.426,144.055,0.057,-0.730,0.026,0.681,0.412,1.154,0.245
2016-12-01 01:46:44.438,144.055,0.057,-0.730,0.026,0.680,0.412,1.154,0.244
2016-12-01 01:46:44.448,144.076,0.057,-0.731,0.026,0.680,0.412,1.154,0.244
2016-12-01 01:46:44.460,144.076,0.057,-0.732,0.027,0.679,0.412,1.154,0.244
2016-12-01 01:46:44.471,144.097,0.057,-0.732,0.027,0.678,0.412,1.154,0.244
2016-12-01 01:46:44.483,144.097,0.057,-0.733,0.028,0.677,0.412,1.154,0.244
2016-12-01 01:46:44.493,144.119,0.057,-0.734,0.028,0.676,0.412,1.154,0.244
2016-12-01 01:46:44.505,144.119,0.057,-0.735,0.028,0.675,0.412,1.154,0.244
2016-12-01 01:46:44.516,144.140,0.057,-0.736,0.028,0.674,0.412,1.154,0.244
2016-12-01 01:46:44.527,144.161,0.057,-0.737,0.028,0.673,0.412,1.153,0.244
2016-12-01 01:46:44.538,144.161,0.057,-0.737,0.028,0.672,0.412,1.153,0.244
2016-12-01 01:46:44.549,144.183,0.057,-0.738,0.028,0.672,0.412,1.153,0.244
2016-12-01 01:46:44.561,144.183,0.057,-0.739,0.029,0.671,0.412,1.153,0.244
2016-12-01 01:46:44.571,144.204,0.057,-0.740,0.029,0.670,0.412,1.153,0.244
2016-12-01 01:46:44.583,144.204,0.057,-0.741,0.029,0.669,0.412,1.153,0.244
2016-12-01 01:46:44.594,144.204,0.057,-0.742,0.030,0.668,0.412,1.153,0.245
2016-12-01 01:46:44.605,144.225,0.058,-0.743,0.030,0.667,0.412,1.153,0.245
2016-12-01 01:46:44.616,144.247,0.058,-0.744,0.030,0.666,0.412,1.153,0.245
2016-12-01 01:46:44.628,144.247,0.058,-0.744,0.030,0.664,0.412,1.153,0.245
2016-12-01 01:46:44.638,144.268,0.058,-0.745,0.030,0.663,0.412,1.153,0.245
2016-12-01 01:46:44.649,144.268,0.058,-0.746,0.030,0.662,0.412,1.153,0.245
2016-12-01 01:46:44.661,144.289,0.058,-0.747,0.031,0.662,0.412,1.153,0.245
2016-12-01 01:46:44.673,144.289,0.059,-0.748,0.031,0.661,0.412,1.153,0.245
2016-12-01 01:46:44.683,144.311,0.059,-0.749,0.031,0.660,0.412,1.153,0.245
2016-12-01 01:46:44.694,144.311,0.059,-0.749,0.031,0.659,0.411,1.152,0.244
2016-12-01 01:46:44.706,144.332,0.059,-0.750,0.031,0.658,0.412,1.152,0.244
2016-12-01 01:46:44.717,144.353,0.060,-0.751,0.032,0.657,0.412,1.152,0.244
2016-12-01 01:46:44.728,144.353,0.060,-0.752,0.032,0.656,0.412,1.152,0.244
2016-12-01 01:46:44.739,144.353,0.060,-0.752,0.032,0.655,0.412,1.152,0.244
2016-12-01 01:46:44.750,144.375,0.060,-0.753,0.032,0.654,0.412,1.152,0.244
2016-12-01 01:46:44.761,144.375,0.060,-0.754,0.032,0.653,0.412,1.152,0.244
2016-12-01 01:46:44.772,144.396,0.060,-0.755,0.032,0.652,0.412,1.152,0.244
2016-12-01 01:46:44.784,144.396,0.060,-0.756,0.032,0.651,0.412,1.152,0.244
2016-12-01 01:46:44.795,144.417,0.060,-0.756,0.031,0.651,0.412,1.152,0.244
2016-12-01 01:46:44.806,144.439,0.060,-0.757,0.031,0.650,0.412,1.152,0.245
2016-12-01 01:46:44.817,144.439,0.060,-0.758,0.031,0.649,0.412,1.152,0.245
2016-12-01 01:46:44.828,144.460,0.060,-0.759,0.031,0.648,0.413,1.153,0.245
2016-12-01 01:46:44.840,144.460,0.059,-0.760,0.030,0.647,0.413,1.153,0.245
2016-12-01 01:46:44.851,144.481,0.059,-0.760,0.030,0.646,0.413,1.153,0.245
2016-12-01 01:46:44.863,144.481,0.059,-0.761,0.030,0.645,0.413,1.153,0.245
2016-12-01 01:46:44.874,144.503,0.058,-0.762,0.030,0.644,0.413,1.153,0.245
2016-12-01 01:46:44.884,144.503,0.058,-0.763,0.030,0.643,0.413,1.153,0.245
2016-12-01 01:46:44.895,144.524,0.058,-0.764,0.029,0.642,0.413,1.153,0.245
2016-12-01 01:46:44.907,144.524,0.057,-0.765,0.029,0.641,0.413,1.153,0.245
2016-12-01 01:46:44.918,144.545,0.057,-0.765,0.029,0.640,0.413,1.153,0.245
2016-12-01 01:46:44.929,144.545,0.057,-0.766,0.029,0.639,0.413,1.153,0.245
2016-12-01 01:46:44.940,144.567,0.057,-0.767,0.029,0.638,0.413,1.153,0.245
2016-12-01 01:46:44.951,144.567,0.057,-0.768,0.029,0.637,0.414,1.153,0.245
2016-12-01 01:46:44.963,144.588,0.056,-0.769,0.029,0.636,0.414,1.153,0.246
2016-12-01 01:46:44.974,144.588,0.056,-0.769,0.029,0.636,0.414,1.153,0.245
2016-12-01 01:46:44.985,144.609,0.056,-0.770,0.029,0.635,0.414,1.153,0.245
2016-12-01 01:46:44.996,144.631,0.056,-0.771,0.029,0.634,0.414,1.153,0.245
2016-12-01 01:46:45.007,144.631,0.056,-0.772,0.029,0.633,0.414,1.153,0.245
2016-12-01 01:46:45.018,144.652,0.056,-0.772,0.029,0.632,0.414,1.154,0.245
2016-12-01 01:46:45.030,144.652,0.057,-0.773,0.029,0.631,0.414,1.153,0.245
2016-12-01 01:46:45.041,144.673,0.057,-0.774,0.029,0.630,0.414,1.153,0.245
2016-12-01 01:46:45.052,144.673,0.057,-0.775,0.029,0.629,0.414,1.153,0.245
2016-12-01 01:46:45.063,144.695,0.056,-0.775,0.029,0.628,0.414,1.154,0.245
2016-12-01 01:46:45.075,144.695,0.056,-0.776,0.029,0.627,0.414,1.154,0.245
2016-12-01 01:46:45.086,144.695,0.056,-0.777,0.029,0.627,0.414,1.153,0.245
2016-12-01 01:46:45.097,144.716,0.056,-0.778,0.029,0.626,0.414,1.154,0.245
2016-12-01 01:46:45.108,144.737,0.055,-0.778,0.029,0.625,0.414,1.154,0.246
2016-12-01 01:46:45.119,144.737,0.055,-0.779,0.029,0.624,0.414,1.154,0.246
2016-12-01 01:46:45.130,144.759,0.055,-0.779,0.028,0.623,0.414,1.154,0.246
2016-12-01 01:46:45.141,144.759,0.055,-0.780,0.028,0.623,0.414,1.154,0.246
2016-12-01 01:46:45.152,144.780,0.055,-0.781,0.028,0.622,0.414,1.154,0.246
2016-12-01 01:46:45.164,144.780,0.054,-0.781,0.028,0.621,0.414,1.154,0.246
2016-12-01 01:46:45.175,144.801,0.054,-0.782,0.028,0.621,0.414,1.154,0.246
2016-12-01 01:46:45.186,144.823,0.054,-0.782,0.028,0.620,0.414,1.154,0.246
2016-12-01 01:46:45.197,144.823,0.054,-0.783,0.027,0.619,0.414,1.154,0.246
2016-12-01 01:46:45.208,144.844,0.053,-0.783,0.027,0.619,0.414,1.154,0.246
2016-12-01 01:46:45.220,144.844,0.053,-0.784,0.027,0.618,0.414,1.154,0.246
2016-12-01 01:46:45.231,144.844,0.053,-0.784,0.026,0.618,0.414,1.154,0.246
2016-12-01 01:46:45.242,144.865,0.052,-0.785,0.026,0.617,0.415,1.154,0.247
2016-12-01 01:46:45.253,144.865,0.052,-0.785,0.026,0.617,0.415,1.154,0.247
2016-12-01 01:46:45.264,144.887,0.051,-0.786,0.026,0.616,0.414,1.154,0.247
2016-12-01 01:46:45.276,144.887,0.051,-0.786,0.026,0.616,0.414,1.154,0.247
2016-12-01 01:46:45.286,144.908,0.051,-0.786,0.025,0.615,0.414,1.154,0.247
2016-12-01 01:46:45.298,144.929,0.050,-0.787,0.025,0.615,0.414,1.154,0.247
2016-12-01 01:46:45.309,144.929,0.050,-0.787,0.025,0.614,0.415,1.154,0.247
2016-12-01 01:46:45.320,144.951,0.050,-0.787,0.025,0.614,0.415,1.154,0.247
2016-12-01 01:46:45.331,144.951,0.049,-0.788,0.024,0.614,0.415,1.154,0.247
2016-12-01 01:46:45.342,144.972,0.049,-0.788,0.024,0.613,0.415,1.155,0.247
2016-12-01 01:46:45.353,144.972,0.048,-0.788,0.024,0.613,0.415,1.155,0.247
2016-12-01 01:46:45.364,144.993,0.048,-0.788,0.023,0.613,0.415,1.155,0.247
2016-12-01 01:46:45.376,145.015,0.047,-0.788,0.023,0.613,0.415,1.155,0.247
2016-12-01 01:46:45.387,145.015,0.047,-0.789,0.022,0.613,0.415,1.155,0.247
2016-12-01 01:46:45.398,145.015,0.046,-0.789,0.022,0.613,0.415,1.155,0.248
2016-12-01 01:46:45.409,145.036,0.045,-0.789,0.021,0.613,0.415,1.155,0.248
2016-12-01 01:46:45.421,145.036,0.045,-0.789,0.021,0.613,0.415,1.155,0.248
2016-12-01 01:46:45.432,145.057,0.044,-0.789,0.020,0.613,0.415,1.155,0.248
2016-12-01 01:46:45.443,145.057,0.044,-0.789,0.020,0.613,0.415,1.155,0.248
2016-12-01 01:46:45.454,145.079,0.043,-0.789,0.020,0.613,0.415,1.156,0.248
2016-12-01 01:46:45.466,145.079,0.042,-0.789,0.019,0.613,0.415,1.156,0.249
2016-12-01 01:46:45.476,145.100,0.042,-0.788,0.019,0.613,0.415,1.156,0.249
2016-12-01 01:46:45.488,145.121,0.041,-0.788,0.018,0.614,0.415,1.156,0.249
2016-12-01 01:46:45.499,145.121,0.041,-0.788,0.018,0.614,0.415,1.156,0.249
2016-12-01 01:46:45.510,145.143,0.040,-0.788,0.017,0.615,0.415,1.156,0.249
2016-12-01 01:46:45.521,145.143,0.039,-0.787,0.016,0.615,0.416,1.156,0.250
2016-12-01 01:46:45.532,145.164,0.039,-0.787,0.016,0.615,0.415,1.156,0.250
2016-12-01 01:46:45.544,145.164,0.038,-0.787,0.015,0.616,0.416,1.156,0.250
2016-12-01 01:46:45.554,145.185,0.037,-0.786,0.014,0.617,0.416,1.156,0.250
2016-12-01 01:46:45.566,145.185,0.037,-0.786,0.014,0.617,0.416,1.156,0.251
2016-12-01 01:46:45.577,145.207,0.036,-0.785,0.013,0.618,0.416,1.156,0.251
2016-12-01 01:46:45.588,145.207,0.036,-0.785,0.013,0.619,0.416,1.157,0.251
2016-12-01 01:46:45.599,145.228,0.036,-0.784,0.012,0.619,0.416,1.157,0.251
2016-12-01 01:46:45.611,145.228,0.035,-0.783,0.011,0.620,0.416,1.157,0.252
2016-12-01 01:46:45.622,145.249,0.034,-0.783,0.011,0.621,0.416,1.157,0.252
2016-12-01 01:46:45.633,145.249,0.034,-0.782,0.010,0.622,0.416,1.157,0.252
2016-12-01 01:46:45.644,145.271,0.033,-0.781,0.009,0.623,0.416,1.157,0.252
2016-12-01 01:46:45.655,145.271,0.033,-0.781,0.008,0.624,0.416,1.157,0.253
2016-12-01 01:46:45.666,145.292,0.032,-0.780,0.008,0.625,0.416,1.158,0.253
2016-12-01 01:46:45.678,145.313,0.032,-0.779,0.007,0.627,0.417,1.158,0.253
2016-12-01 01:46:45.689,145.313,0.031,-0.778,0.006,0.628,0.417,1.158,0.254
2016-12-01 01:46:45.700,145.335,0.031,-0.777,0.006,0.629,0.417,1.158,0.254
2016-12-01 01:46:45.711,145.335,0.030,-0.776,0.005,0.630,0.417,1.158,0.254
2016-12-01 01:46:45.722,145.335,0.030,-0.775,0.004,0.632,0.417,1.158,0.255
2016-12-01 01:46:45.733,145.356,0.030,-0.774,0.004,0.633,0.417,1.158,0.255
2016-12-01 01:46:45.745,145.356,0.030,-0.773,0.004,0.634,0.417,1.158,0.255
2016-12-01 01:46:45.755,145.377,0.030,-0.771,0.003,0.636,0.417,1.158,0.256
2016-12-01 01:46:45.766,145.399,0.030,-0.770,0.003,0.637,0.418,1.158,0.256
2016-12-01 01:46:45.778,145.399,0.029,-0.769,0.002,0.638,0.418,1.158,0.256
2016-12-01 01:46:45.789,145.420,0.029,-0.768,0.002,0.640,0.418,1.158,0.257
2016-12-01 01:46:45.801,145.420,0.029,-0.767,0.001,0.641,0.418,1.158,0.257
2016-12-01 01:46:45.811,145.441,0.029,-0.766,0.001,0.643,0.418,1.158,0.257
2016-12-01 01:46:45.823,145.441,0.029,-0.765,0.000,0.644,0.418,1.158,0.257
2016-12-01 01:46:45.834,145.463,0.028,-0.763,0.000,0.645,0.418,1.158,0.258
2016-12-01 01:46:45.845,145.463,0.028,-0.762,0.000,0.647,0.418,1.158,0.258
2016-12-01 01:46:45.856,145.484,0.028,-0.761,-0.001,0.648,0.418,1.158,0.258
2016-12-01 01:46:45.867,145.505,0.028,-0.760,-0.001,0.650,0.419,1.158,0.258
2016-12-01 01:46:45.878,145.505,0.028,-0.758,-0.001,0.651,0.419,1.158,0.259
2016-12-01 01:46:45.889,145.505,0.028,-0.757,-0.002,0.653,0.419,1.158,0.259
2016-12-01 01:46:45.901,145.527,0.028,-0.755,-0.002,0.655,0.419,1.158,0.259
2016-12-01 01:46:45.912,145.527,0.028,-0.754,-0.003,0.656,0.419,1.159,0.259
2016-12-01 01:46:45.923,145.548,0.028,-0.752,-0.003,0.658,0.419,1.159,0.260
2016-12-01 01:46:45.934,145.548,0.028,-0.751,-0.003,0.660,0.419,1.159,0.260
2016-12-01 01:46:45.945,145.569,0.027,-0.749,-0.004,0.662,0.420,1.159,0.260
2016-12-01 01:46:45.956,145.591,0.027,-0.747,-0.004,0.664,0.420,1.159,0.261
2016-12-01 01:46:45.968,145.591,0.026,-0.746,-0.005,0.666,0.420,1.159,0.261
2016-12-01 01:46:45.979,145.612,0.025,-0.744,-0.005,0.668,0.420,1.159,0.261
2016-12-01 01:46:45.990,145.612,0.025,-0.741,-0.006,0.671,0.420,1.159,0.261
2016-12-01 01:46:46.001,145.633,0.024,-0.739,-0.007,0.673,0.420,1.159,0.262
2016-12-01 01:46:46.013,145.633,0.023,-0.736,-0.008,0.676,0.420,1.160,0.262
2016-12-01 01:46:46.024,145.655,0.023,-0.733,-0.009,0.679,0.421,1.160,0.263
2016-12-01 01:46:46.035,145.655,0.022,-0.731,-0.009,0.682,0.421,1.160,0.263
2016-12-01 01:46:46.046,145.655,0.021,-0.728,-0.010,0.685,0.421,1.160,0.264
2016-12-01 01:46:46.057,145.676,0.021,-0.725,-0.011,0.688,0.421,1.160,0.264
2016-12-01 01:46:46.068,145.697,0.020,-0.722,-0.011,0.691,0.421,1.160,0.264
2016-12-01 01:46:46.080,145.697,0.020,-0.720,-0.012,0.694,0.422,1.160,0.265
2016-12-01 01:46:46.091,145.719,0.020,-0.717,-0.013,0.697,0.422,1.160,0.265
2016-12-01 01:46:46.102,145.719,0.020,-0.714,-0.013,0.700,0.422,1.160,0.265
2016-12-01 01:46:46.113,145.740,0.019,-0.712,-0.013,0.702,0.422,1.161,0.266
2016-12-01 01:46:46.124,145.740,0.019,-0.709,-0.014,0.705,0.422,1.161,0.266
2016-12-01 01:46:46.135,145.761,0.019,-0.707,-0.014,0.707,0.423,1.161,0.267
2016-12-01 01:46:46.147,145.783,0.020,-0.705,-0.015,0.709,0.423,1.161,0.267
2016-12-01 01:46:46.158,145.783,0.020,-0.703,-0.015,0.711,0.423,1.161,0.267
2016-12-01 01:46:46.169,145.804,0.020,-0.701,-0.016,0.713,0.423,1.161,0.267
2016-12-01 01:46:46.180,145.804,0.020,-0.699,-0.016,0.715,0.423,1.161,0.267
2016-12-01 01:46:46.191,145.825,0.020,-0.697,-0.017,0.716,0.423,1.161,0.267
2016-12-01 01:46:46.203,145.825,0.020,-0.696,-0.017,0.718,0.423,1.161,0.268
2016-12-01 01:46:46.214,145.825,0.020,-0.694,-0.017,0.719,0.423,1.161,0.268
2016-12-01 01:46:46.225,145.847,0.020,-0.693,-0.017,0.720,0.424,1.161,0.268
2016-12-01 01:46:46.236,145.868,0.020,-0.692,-0.018,0.722,0.424,1.161,0.268
2016-12-01 01:46:46.247,145.868,0.020,-0.690,-0.018,0.723,0.424,1.161,0.268
2016-12-01 01:46:46.258,145.889,0.020,-0.689,-0.018,0.724,0.424,1.161,0.268
2016-12-01 01:46:46.270,145.889,0.020,-0.688,-0.018,0.725,0.424,1.161,0.269
2016-12-01 01:46:46.280,145.911,0.020,-0.687,-0.018,0.726,0.424,1.161,0.269
2016-12-01 01:46:46.292,145.911,0.020,-0.685,-0.017,0.728,0.424,1.161,0.269
2016-12-01 01:46:46.303,145.932,0.019,-0.684,-0.017,0.729,0.424,1.161,0.269
2016-12-01 01:46:46.314,145.932,0.019,-0.683,-0.017,0.730,0.424,1.161,0.269
2016-12-01 01:46:46.325,145.953,0.019,-0.681,-0.017,0.732,0.425,1.161,0.269
2016-12-01 01:46:46.337,145.975,0.019,-0.680,-0.017,0.733,0.425,1.161,0.269
2016-12-01 01:46:46.348,145.975,0.019,-0.678,-0.016,0.735,0.425,1.161,0.269
2016-12-01 01:46:46.359,145.996,0.019,-0.676,-0.016,0.736,0.425,1.161,0.269
2016-12-01 01:46:46.370,145.996,0.019,-0.675,-0.016,0.737,0.425,1.161,0.269
2016-12-01 01:46:46.381,145.996,0.018,-0.673,-0.016,0.739,0.425,1.161,0.269
2016-12-01 01:46:46.392,146.017,0.018,-0.672,-0.016,0.741,0.425,1.161,0.269
2016-12-01 01:46:46.404,146.017,0.018,-0.670,-0.016,0.742,0.425,1.161,0.269
2016-12-01 01:46:46.415,146.039,0.018,-0.668,-0.016,0.744,0.425,1.161,0.269
2016-12-01 01:46:46.426,146.039,0.018,-0.666,-0.016,0.746,0.425,1.161,0.269
2016-12-01 01:46:46.437,146.060,0.017,-0.664,-0.015,0.747,0.425,1.161,0.269
2016-12-01 01:46:46.448,146.081,0.017,-0.662,-0.015,0.749,0.425,1.161,0.269
2016-12-01 01:46:46.459,146.081,0.017,-0.660,-0.015,0.751,0.425,1.161,0.269
2016-12-01 01:46:46.470,146.103,0.017,-0.659,-0.015,0.752,0.425,1.161,0.269
2016-12-01 01:46:46.481,146.103,0.016,-0.657,-0.015,0.754,0.425,1.161,0.269
2016-12-01 01:46:46.492,146.124,0.016,-0.655,-0.015,0.756,0.425,1.161,0.269
2016-12-01 01:46:46.504,146.124,0.016,-0.653,-0.015,0.757,0.425,1.161,0.270
2016-12-01 01:46:46.515,146.145,0.016,-0.651,-0.015,0.759,0.425,1.161,0.270
2016-12-01 01:46:46.526,146.145,0.016,-0.649,-0.015,0.760,0.425,1.161,0.270
2016-12-01 01:46:46.538,146.167,0.015,-0.648,-0.015,0.762,0.425,1.161,0.270
2016-12-01 01:46:46.549,146.167,0.015,-0.646,-0.015,0.763,0.425,1.161,0.270
2016-12-01 01:46:46.560,146.188,0.015,-0.644,-0.016,0.765,0.425,1.161,0.270
2016-12-01 01:46:46.571,146.188,0.015,-0.643,-0.016,0.766,0.425,1.161,0.270
2016-12-01 01:46:46.582,146.209,0.015,-0.641,-0.016,0.767,0.425,1.161,0.270
2016-12-01 01:46:46.593,146.209,0.015,-0.639,-0.017,0.769,0.425,1.161,0.270
2016-12-01 01:46:46.604,146.231,0.015,-0.638,-0.017,0.770,0.425,1.161,0.270
2016-12-01 01:46:46.616,146.231,0.015,-0.636,-0.017,0.771,0.426,1.161,0.270
2016-12-01 01:46:46.627,146.252,0.014,-0.634,-0.017,0.773,0.426,1.161,0.270
2016-12-01 01:46:46.638,146.273,0.014,-0.633,-0.017,0.774,0.425,1.161,0.270
2016-12-01 01:46:46.649,146.273,0.014,-0.631,-0.017,0.775,0.425,1.161,0.270
2016-12-01 01:46:46.660,146.295,0.014,-0.630,-0.017,0.777,0.426,1.162,0.270
2016-12-01 01:46:46.672,146.295,0.014,-0.628,-0.017,0.778,0.426,1.162,0.270
2016-12-01 01:46:46.682,146.316,0.013,-0.627,-0.018,0.779,0.426,1.162,0.270
2016-12-01 01:46:46.694,146.316,0.013,-0.625,-0.017,0.780,0.426,1.162,0.270
2016-12-01 01:46:46.705,146.316,0.013,-0.624,-0.017,0.781,0.426,1.162,0.270
2016-12-01 01:46:46.716,146.337,0.012,-0.623,-0.017,0.782,0.426,1.162,0.270
2016-12-01 01:46:46.728,146.359,0.012,-0.621,-0.017,0.783,0.426,1.162,0.270
2016-12-01 01:46:46.739,146.359,0.012,-0.620,-0.017,0.784,0.426,1.162,0.270
2016-12-01 01:46:46.750,146.380,0.012,-0.619,-0.017,0.785,0.426,1.162,0.270
2016-12-01 01:46:46.761,146.380,0.011,-0.618,-0.017,0.786,0.426,1.161,0.270
2016-12-01 01:46:46.772,146.401,0.011,-0.616,-0.017,0.787,0.426,1.161,0.270
2016-12-01 01:46:46.783,146.401,0.011,-0.615,-0.016,0.788,0.426,1.162,0.270
2016-12-01 01:46:46.794,146.423,0.011,-0.614,-0.016,0.789,0.426,1.161,0.270
2016-12-01 01:46:46.806,146.423,0.011,-0.613,-0.016,0.790,0.426,1.161,0.270
2016-12-01 01:46:46.817,146.444,0.011,-0.612,-0.016,0.791,0.426,1.161,0.270
2016-12-01 01:46:46.828,146.465,0.011,-0.611,-0.016,0.791,0.426,1.161,0.270
2016-12-01 01:46:46.839,146.465,0.011,-0.610,-0.015,0.792,0.426,1.161,0.270
2016-12-01 01:46:46.850,146.465,0.011,-0.609,-0.015,0.793,0.426,1.161,0.270
2016-12-01 01:46:46.861,146.487,0.011,-0.609,-0.015,0.793,0.426,1.161,0.270
2016-12-01 01:46:46.873,146.487,0.011,-0.608,-0.014,0.794,0.425,1.161,0.270
2016-12-01 01:46:46.884,146.508,0.011,-0.607,-0.014,0.794,0.425,1.161,0.270
2016-12-01 01:46:46.895,146.508,0.011,-0.606,-0.014,0.795,0.425,1.161,0.270
2016-12-01 01:46:46.906,146.529,0.011,-0.606,-0.013,0.795,0.425,1.161,0.270
2016-12-01 01:46:46.918,146.551,0.011,-0.605,-0.013,0.796,0.425,1.161,0.270
2016-12-01 01:46:46.929,146.551,0.011,-0.604,-0.013,0.796,0.425,1.161,0.270
2016-12-01 01:46:46.940,146.572,0.011,-0.604,-0.013,0.797,0.425,1.161,0.270
2016-12-01 01:46:46.951,146.572,0.011,-0.603,-0.012,0.797,0.425,1.161,0.270
2016-12-01 01:46:46.962,146.593,0.011,-0.603,-0.012,0.798,0.425,1.161,0.270
2016-12-01 01:46:46.974,146.593,0.011,-0.603,-0.012,0.798,0.425,1.161,0.270
2016-12-01 01:46:46.984,146.615,0.011,-0.602,-0.011,0.798,0.425,1.161,0.270
2016-12-01 01:46:46.996,146.615,0.011,-0.602,-0.011,0.798,0.425,1.161,0.270
2016-12-01 01:46:47.006,146.636,0.011,-0.602,-0.011,0.799,0.425,1.161,0.270
2016-12-01 01:46:47.018,146.636,0.011,-0.601,-0.011,0.799,0.425,1.161,0.270
2016-12-01 01:46:47.029,146.657,0.011,-0.601,-0.010,0.799,0.425,1.161,0.270
2016-12-01 01:46:47.040,146.657,0.011,-0.601,-0.010,0.799,0.425,1.161,0.271
2016-12-01 01:46:47.051,146.679,0.011,-0.601,-0.010,0.799,0.425,1.161,0.271
2016-12-01 01:46:47.062,146.679,0.012,-0.601,-0.010,0.799,0.424,1.161,0.271
2016-12-01 01:46:47.073,146.700,0.012,-0.601,-0.010,0.799,0.424,1.161,0.271
2016-12-01 01:46:47.085,146.700,0.012,-0.601,-0.009,0.799,0.424,1.160,0.271
2016-12-01 01:46:47.096,146.721,0.012,-0.601,-0.009,0.799,0.424,1.160,0.271
2016-12-01 01:46:47.108,146.743,0.012,-0.602,-0.009,0.799,0.424,1.160,0.271
2016-12-01 01:46:47.119,146.743,0.012,-0.602,-0.009,0.798,0.424,1.160,0.271
2016-12-01 01:46:47.130,146.764,0.012,-0.602,-0.009,0.798,0.424,1.160,0.271
2016-12-01 01:46:47.141,146.764,0.012,-0.603,-0.009,0.798,0.423,1.160,0.271
2016-12-01 01:46:47.152,146.785,0.012,-0.603,-0.009,0.797,0.423,1.160,0.271
2016-12-01 01:46:47.163,146.785,0.013,-0.604,-0.009,0.797,0.423,1.160,0.271
2016-12-01 01:46:47.174,146.807,0.013,-0.605,-0.009,0.796,0.423,1.160,0.271
2016-12-01 01:46:47.185,146.807,0.013,-0.605,-0.009,0.796,0.423,1.160,0.271
2016-12-01 01:46:47.196,146.828,0.013,-0.606,-0.008,0.795,0.423,1.160,0.271
2016-12-01 01:46:47.208,146.828,0.013,-0.607,-0.008,0.795,0.423,1.160,0.271
2016-12-01 01:46:47.219,146.849,0.014,-0.607,-0.008,0.794,0.423,1.160,0.271
2016-12-01 01:46:47.230,146.849,0.014,-0.608,-0.008,0.794,0.423,1.160,0.271
2016-12-01 01:46:47.241,146.871,0.014,-0.608,-0.008,0.793,0.423,1.160,0.271
2016-12-01 01:46:47.252,146.871,0.015,-0.609,-0.008,0.793,0.423,1.160,0.271
2016-12-01 01:46:47.263,146.892,0.015,-0.610,-0.008,0.792,0.423,1.160,0.271
2016-12-01 01:46:47.275,146.892,0.015,-0.610,-0.007,0.792,0.423,1.160,0.270
2016-12-01 01:46:47.286,146.913,0.015,-0.611,-0.007,0.791,0.423,1.160,0.270
2016-12-01 01:46:47.297,146.935,0.015,-0.612,-0.007,0.791,0.423,1.160,0.270
2016-12-01 01:46:47.309,146.935,0.015,-0.613,-0.007,0.790,0.423,1.160,0.270
2016-12-01 01:46:47.320,146.956,0.015,-0.614,-0.006,0.789,0.423,1.160,0.270
2016-12-01 01:46:47.331,146.956,0.015,-0.615,-0.006,0.788,0.423,1.160,0.270
2016-12-01 01:46:47.342,146.956,0.015,-0.616,-0.006,0.787,0.423,1.160,0.270
2016-12-01 01:46:47.353,146.977,0.015,-0.617,-0.006,0.786,0.423,1.160,0.270
2016-12-01 01:46:47.364,146.977,0.015,-0.619,-0.005,0.785,0.423,1.160,0.269
2016-12-01 01:46:47.376,146.999,0.015,-0.620,-0.005,0.784,0.423,1.160,0.269
2016-12-01 01:46:47.387,147.020,0.015,-0.622,-0.005,0.783,0.423,1.160,0.269
2016-12-01 01:46:47.398,147.020,0.015,-0.623,-0.005,0.782,0.423,1.160,0.269
2016-12-01 01:46:47.409,147.041,0.015,-0.625,-0.005,0.780,0.423,1.160,0.269
2016-12-01 01:46:47.420,147.041,0.015,-0.627,-0.005,0.779,0.423,1.160,0.269
2016-12-01 01:46:47.431,147.063,0.015,-0.628,-0.005,0.778,0.423,1.160,0.269
2016-12-01 01:46:47.442,147.063,0.014,-0.630,-0.005,0.777,0.423,1.160,0.269
2016-12-01 01:46:47.453,147.084,0.014,-0.631,-0.005,0.775,0.423,1.160,0.269
2016-12-01 01:46:47.465,147.084,0.014,-0.633,-0.004,0.774,0.423,1.160,0.269
2016-12-01 01:46:47.476,147.105,0.014,-0.634,-0.005,0.773,0.423,1.160,0.269
2016-12-01 01:46:47.487,147.127,0.015,-0.636,-0.005,0.772,0.423,1.160,0.268
2016-12-01 01:46:47.499,147.127,0.015,-0.637,-0.005,0.770,0.423,1.160,0.268
2016-12-01 01:46:47.510,147.127,0.015,-0.639,-0.005,0.769,0.423,1.160,0.268
2016-12-01 01:46:47.521,147.148,0.015,-0.640,-0.005,0.768,0.423,1.160,0.268
2016-12-01 01:46:47.532,147.148,0.015,-0.642,-0.005,0.767,0.423,1.160,0.268
2016-12-01 01:46:47.543,147.169,0.015,-0.644,-0.005,0.765,0.423,1.160,0.268
2016-12-01 01:46:47.554,147.169,0.015,-0.645,-0.005,0.764,0.423,1.160,0.268
2016-12-01 01:46:47.565,147.191,0.015,-0.647,-0.005,0.763,0.423,1.160,0.268
2016-12-01 01:46:47.577,147.212,0.015,-0.648,-0.005,0.761,0.423,1.160,0.267
2016-12-01 01:46:47.587,147.212,0.014,-0.650,-0.006,0.760,0.423,1.160,0.267
2016-12-01 01:46:47.598,147.233,0.014,-0.652,-0.006,0.758,0.423,1.160,0.267
2016-12-01 01:46:47.610,147.233,0.014,-0.653,-0.006,0.757,0.423,1.160,0.267
2016-12-01 01:46:47.621,147.255,0.014,-0.655,-0.006,0.755,0.423,1.160,0.267
2016-12-01 01:46:47.632,147.255,0.014,-0.657,-0.006,0.754,0.423,1.160,0.267
2016-12-01 01:46:47.643,147.276,0.014,-0.659,-0.006,0.752,0.423,1.160,0.267
2016-12-01 01:46:47.654,147.276,0.014,-0.660,-0.006,0.751,0.423,1.160,0.267
2016-12-01 01:46:47.666,147.276,0.014,-0.662,-0.006,0.749,0.422,1.160,0.266
2016-12-01 01:46:47.677,147.297,0.014,-0.664,-0.006,0.748,0.422,1.160,0.266
2016-12-01 01:46:47.688,147.319,0.014,-0.666,-0.006,0.746,0.422,1.160,0.266
2016-12-01 01:46:47.700,147.319,0.014,-0.668,-0.006,0.744,0.422,1.160,0.266
2016-12-01 01:46:47.710,147.340,0.014,-0.669,-0.005,0.743,0.422,1.160,0.266
2016-12-01 01:46:47.721,147.340,0.013,-0.671,-0.005,0.741,0.422,1.160,0.266
2016-12-01 01:46:47.733,147.361,0.013,-0.673,-0.005,0.740,0.422,1.160,0.266
2016-12-01 01:46:47.744,147.361,0.013,-0.675,-0.005,0.738,0.422,1.160,0.266
2016-12-01 01:46:47.755,147.383,0.013,-0.676,-0.005,0.736,0.422,1.160,0.265
2016-12-01 01:46:47.766,147.404,0.014,-0.678,-0.005,0.735,0.422,1.160,0.265
2016-12-01 01:46:47.777,147.404,0.014,-0.680,-0.005,0.733,0.422,1.160,0.265
2016-12-01 01:46:47.788,147.425,0.014,-0.681,-0.005,0.732,0.422,1.160,0.265
2016-12-01 01:46:47.800,147.425,0.014,-0.683,-0.004,0.730,0.422,1.160,0.265
2016-12-01 01:46:47.810,147.447,0.014,-0.685,-0.004,0.729,0.422,1.160,0.265
2016-12-01 01:46:47.822,147.447,0.014,-0.686,-0.004,0.727,0.422,1.160,0.265
2016-12-01 01:46:47.833,147.447,0.014,-0.688,-0.004,0.726,0.422,1.159,0.265
2016-12-01 01:46:47.844,147.468,0.014,-0.689,-0.004,0.724,0.422,1.159,0.265
2016-12-01 01:46:47.856,147.489,0.014,-0.691,-0.005,0.723,0.421,1.159,0.265
2016-12-01 01:46:47.867,147.489,0.014,-0.692,-0.005,0.721,0.422,1.159,0.265
2016-12-01 01:46:47.878,147.511,0.014,-0.694,-0.005,0.720,0.422,1.159,0.265
2016-12-01 01:46:47.889,147.511,0.014,-0.695,-0.005,0.719,0.422,1.159,0.265
2016-12-01 01:46:47.900,147.532,0.014,-0.696,-0.005,0.718,0.422,1.159,0.265
2016-12-01 01:46:47.912,147.532,0.014,-0.698,-0.005,0.716,0.421,1.159,0.265
2016-12-01 01:46:47.923,147.553,0.014,-0.699,-0.005,0.715,0.421,1.159,0.265
2016-12-01 01:46:47.934,147.553,0.014,-0.701,-0.005,0.713,0.421,1.159,0.266
2016-12-01 01:46:47.945,147.575,0.014,-0.702,-0.005,0.712,0.421,1.159,0.266
2016-12-01 01:46:47.956,147.596,0.014,-0.703,-0.005,0.711,0.421,1.159,0.266
2016-12-01 01:46:47.967,147.596,0.015,-0.705,-0.005,0.709,0.421,1.159,0.266
2016-12-01 01:46:47.978,147.617,0.015,-0.706,-0.005,0.708,0.421,1.159,0.266
2016-12-01 01:46:47.990,147.617,0.015,-0.708,-0.005,0.706,0.421,1.159,0.266
2016-12-01 01:46:48.000,147.617,0.015,-0.709,-0.005,0.705,0.421,1.159,0.266
2016-12-01 01:46:48.012,147.639,0.015,-0.711,-0.005,0.703,0.421,1.159,0.266
2016-12-01 01:46:48.023,147.639,0.015,-0.712,-0.005,0.702,0.421,1.159,0.266
2016-12-01 01:46:48.034,147.660,0.015,-0.713,-0.005,0.701,0.421,1.159,0.266
2016-12-01 01:46:48.046,147.660,0.015,-0.715,-0.006,0.699,0.421,1.159,0.265
2016-12-01 01:46:48.057,147.681,0.015,-0.716,-0.006,0.698,0.421,1.159,0.265
2016-12-01 01:46:48.068,147.703,0.015,-0.717,-0.006,0.697,0.421,1.159,0.265
2016-12-01 01:46:48.079,147.703,0.015,-0.718,-0.006,0.695,0.421,1.159,0.265
2016-12-01 01:46:48.090,147.724,0.014,-0.720,-0.006,0.694,0.421,1.159,0.265
2016-12-01 01:46:48.102,147.724,0.014,-0.721,-0.007,0.693,0.421,1.159,0.266
2016-12-01 01:46:48.112,147.745,0.015,-0.722,-0.007,0.692,0.421,1.159,0.266
2016-12-01 01:46:48.124,147.745,0.015,-0.723,-0.007,0.691,0.421,1.159,0.266
2016-12-01 01:46:48.135,147.767,0.015,-0.724,-0.007,0.690,0.421,1.159,0.266
2016-12-01 01:46:48.146,147.767,0.015,-0.725,-0.007,0.689,0.421,1.159,0.266
2016-12-01 01:46:48.157,147.788,0.015,-0.726,-0.007,0.688,0.420,1.159,0.266
2016-12-01 01:46:48.168,147.788,0.016,-0.727,-0.007,0.687,0.421,1.159,0.266
2016-12-01 01:46:48.179,147.809,0.016,-0.727,-0.007,0.686,0.421,1.159,0.266
2016-12-01 01:46:48.190,147.809,0.016,-0.728,-0.007,0.685,0.421,1.159,0.266
2016-12-01 01:46:48.202,147.831,0.017,-0.729,-0.007,0.684,0.421,1.159,0.266
2016-12-01 01:46:48.213,147.831,0.017,-0.730,-0.007,0.684,0.421,1.159,0.266
2016-12-01 01:46:48.224,147.852,0.017,-0.730,-0.007,0.683,0.421,1.159,0.266
2016-12-01 01:46:48.236,147.852,0.017,-0.731,-0.007,0.682,0.421,1.159,0.266
2016-12-01 01:46:48.246,147.873,0.017,-0.732,-0.007,0.681,0.421,1.159,0.266
2016-12-01 01:46:48.258,147.895,0.017,-0.733,-0.007,0.680,0.421,1.159,0.266
2016-12-01 01:46:48.269,147.895,0.017,-0.733,-0.007,0.679,0.421,1.159,0.266
2016-12-01 01:46:48.280,147.916,0.018,-0.734,-0.007,0.679,0.420,1.159,0.266
2016-12-01 01:46:48.291,147.916,0.018,-0.735,-0.007,0.678,0.420,1.159,0.266
2016-12-01 01:46:48.303,147.937,0.018,-0.736,-0.007,0.677,0.420,1.159,0.266
2016-12-01 01:46:48.313,147.937,0.018,-0.736,-0.007,0.676,0.420,1.159,0.266
2016-12-01 01:46:48.325,147.937,0.018,-0.737,-0.007,0.675,0.420,1.159,0.266
2016-12-01 01:46:48.336,147.959,0.018,-0.738,-0.007,0.675,0.420,1.159,0.266
2016-12-01 01:46:48.347,147.980,0.018,-0.739,-0.007,0.674,0.420,1.159,0.266
2016-12-01 01:46:48.358,147.980,0.018,-0.739,-0.007,0.673,0.420,1.159,0.266
2016-12-01 01:46:48.369,148.001,0.018,-0.740,-0.007,0.673,0.420,1.159,0.266
2016-12-01 01:46:48.381,148.001,0.018,-0.740,-0.007,0.672,0.421,1.159,0.266
2016-12-01 01:46:48.391,148.023,0.018,-0.741,-0.007,0.671,0.421,1.159,0.266
2016-12-01 01:46:48.403,148.023,0.018,-0.742,-0.007,0.671,0.421,1.159,0.266
2016-12-01 01:46:48.414,148.044,0.018,-0.742,-0.007,0.670,0.421,1.159,0.266
2016-12-01 01:46:48.425,148.044,0.018,-0.743,-0.007,0.669,0.421,1.159,0.266
2016-12-01 01:46:48.437,148.065,0.018,-0.743,-0.007,0.669,0.421,1.159,0.266
2016-12-01 01:46:48.448,148.087,0.018,-0.744,-0.007,0.668,0.421,1.159,0.266
2016-12-01 01:46:48.459,148.087,0.018,-0.744,-0.007,0.667,0.421,1.159,0.266
2016-12-01 01:46:48.470,148.087,0.018,-0.745,-0.007,0.667,0.421,1.159,0.266
2016-12-01 01:46:48.481,148.108,0.018,-0.746,-0.007,0.666,0.421,1.159,0.265
2016-12-01 01:46:48.492,148.108,0.018,-0.746,-0.007,0.665,0.421,1.159,0.265
2016-12-01 01:46:48.503,148.129,0.018,-0.747,-0.007,0.665,0.421,1.159,0.265
2016-12-01 01:46:48.515,148.129,0.018,-0.747,-0.007,0.664,0.421,1.159,0.265
2016-12-01 01:46:48.526,148.151,0.018,-0.748,-0.007,0.663,0.421,1.159,0.265
2016-12-01 01:46:48.537,148.172,0.018,-0.749,-0.007,0.662,0.421,1.159,0.265
2016-12-01 01:46:48.548,148.172,0.018,-0.750,-0.007,0.662,0.421,1.159,0.265
2016-12-01 01:46:48.559,148.193,0.018,-0.750,-0.007,0.661,0.421,1.159,0.265
2016-12-01 01:46:48.571,148.193,0.018,-0.751,-0.007,0.660,0.421,1.159,0.265
2016-12-01 01:46:48.582,148.215,0.018,-0.752,-0.007,0.659,0.421,1.159,0.265
2016-12-01 01:46:48.593,148.215,0.018,-0.753,-0.006,0.658,0.421,1.159,0.265
2016-12-01 01:46:48.604,148.236,0.018,-0.753,-0.006,0.657,0.421,1.159,0.265
2016-12-01 01:46:48.616,148.236,0.018,-0.754,-0.006,0.656,0.421,1.159,0.264
2016-12-01 01:46:48.626,148.257,0.018,-0.755,-0.006,0.655,0.421,1.159,0.264
2016-12-01 01:46:48.638,148.257,0.018,-0.756,-0.006,0.655,0.421,1.159,0.264
2016-12-01 01:46:48.649,148.279,0.018,-0.756,-0.006,0.654,0.421,1.159,0.264
2016-12-01 01:46:48.660,148.279,0.018,-0.757,-0.006,0.653,0.422,1.159,0.264
2016-12-01 01:46:48.671,148.300,0.018,-0.758,-0.006,0.652,0.422,1.159,0.264
2016-12-01 01:46:48.683,148.300,0.018,-0.759,-0.006,0.651,0.422,1.159,0.263
2016-12-01 01:46:48.693,148.321,0.018,-0.760,-0.006,0.650,0.422,1.159,0.263
2016-12-01 01:46:48.705,148.321,0.018,-0.760,-0.006,0.649,0.422,1.159,0.263
2016-12-01 01:46:48.715,148.343,0.018,-0.761,-0.006,0.648,0.422,1.159,0.263
2016-12-01 01:46:48.727,148.364,0.018,-0.762,-0.006,0.647,0.422,1.159,0.262
2016-12-01 01:46:48.738,148.364,0.018,-0.763,-0.006,0.646,0.422,1.159,0.262
2016-12-01 01:46:48.749,148.385,0.018,-0.763,-0.006,0.646,0.422,1.159,0.262
2016-12-01 01:46:48.761,148.385,0.018,-0.764,-0.006,0.645,0.422,1.159,0.262
2016-12-01 01:46:48.771,148.407,0.018,-0.765,-0.006,0.644,0.422,1.159,0.262
2016-12-01 01:46:48.783,148.407,0.018,-0.766,-0.006,0.643,0.422,1.159,0.262
2016-12-01 01:46:48.794,148.428,0.018,-0.767,-0.006,0.642,0.422,1.159,0.262
2016-12-01 01:46:48.806,148.428,0.017,-0.767,-0.006,0.641,0.422,1.159,0.262
2016-12-01 01:46:48.816,148.449,0.017,-0.768,-0.006,0.640,0.422,1.159,0.261
2016-12-01 01:46:48.828,148.449,0.017,-0.769,-0.006,0.639,0.422,1.159,0.261
2016-12-01 01:46:48.838,148.471,0.017,-0.770,-0.006,0.638,0.422,1.159,0.261
2016-12-01 01:46:48.850,148.471,0.017,-0.771,-0.006,0.637,0.422,1.159,0.261
2016-12-01 01:46:48.861,148.492,0.017,-0.771,-0.006,0.636,0.423,1.159,0.261
2016-12-01 01:46:48.873,148.492,0.017,-0.772,-0.006,0.635,0.423,1.159,0.261
2016-12-01 01:46:48.883,148.513,0.017,-0.773,-0.006,0.634,0.423,1.159,0.260
2016-12-01 01:46:48.894,148.513,0.017,-0.774,-0.006,0.633,0.423,1.159,0.260
2016-12-01 01:46:48.905,148.535,0.017,-0.774,-0.006,0.632,0.423,1.159,0.260
2016-12-01 01:46:48.917,148.556,0.017,-0.775,-0.006,0.631,0.423,1.159,0.260
2016-12-01 01:46:48.928,148.556,0.016,-0.776,-0.006,0.630,0.423,1.159,0.260
2016-12-01 01:46:48.939,148.577,0.016,-0.777,-0.007,0.629,0.423,1.159,0.260
2016-12-01 01:46:48.950,148.577,0.017,-0.778,-0.007,0.628,0.423,1.159,0.259
2016-12-01 01:46:48.961,148.577,0.017,-0.779,-0.008,0.627,0.423,1.159,0.259
2016-12-01 01:46:48.972,148.599,0.017,-0.779,-0.008,0.626,0.423,1.159,0.259
2016-12-01 01:46:48.984,148.599,0.017,-0.780,-0.008,0.625,0.423,1.159,0.259
2016-12-01 01:46:48.995,148.620,0.017,-0.781,-0.008,0.624,0.423,1.159,0.259
2016-12-01 01:46:49.007,148.641,0.017,-0.782,-0.008,0.623,0.424,1.159,0.259
2016-12-01 01:46:49.017,148.641,0.017,-0.782,-0.009,0.622,0.424,1.159,0.258
2016-12-01 01:46:49.029,148.663,0.017,-0.783,-0.009,0.621,0.424,1.159,0.258
2016-12-01 01:46:49.040,148.663,0.017,-0.784,-0.009,0.621,0.424,1.159,0.258
2016-12-01 01:46:49.051,148.684,0.017,-0.784,-0.009,0.620,0.424,1.159,0.258
2016-12-01 01:46:49.062,148.684,0.017,-0.785,-0.009,0.619,0.424,1.159,0.258
2016-12-01 01:46:49.073,148.705,0.017,-0.785,-0.008,0.619,0.424,1.159,0.258
2016-12-01 01:46:49.084,148.705,0.017,-0.786,-0.008,0.618,0.424,1.159,0.258
2016-12-01 01:46:49.095,148.727,0.017,-0.786,-0.008,0.618,0.424,1.159,0.257
2016-12-01 01:46:49.107,148.748,0.017,-0.786,-0.008,0.617,0.424,1.159,0.257
2016-12-01 01:46:49.118,148.748,0.016,-0.787,-0.007,0.617,0.424,1.159,0.257
2016-12-01 01:46:49.129,148.748,0.016,-0.787,-0.007,0.617,0.424,1.159,0.257
2016-12-01 01:46:49.140,148.769,0.016,-0.787,-0.007,0.616,0.424,1.159,0.257
2016-12-01 01:46:49.151,148.769,0.016,-0.787,-0.007,0.616,0.424,1.159,0.257
2016-12-01 01:46:49.162,148.791,0.015,-0.788,-0.007,0.616,0.424,1.159,0.257
2016-12-01 01:46:49.174,148.791,0.015,-0.788,-0.007,0.616,0.424,1.159,0.257
2016-12-01 01:46:49.185,148.812,0.015,-0.788,-0.007,0.616,0.424,1.159,0.257
2016-12-01 01:46:49.196,148.812,0.015,-0.788,-0.007,0.615,0.424,1.159,0.256
2016-12-01 01:46:49.207,148.833,0.014,-0.788,-0.007,0.615,0.424,1.159,0.256
2016-12-01 01:46:49.219,148.855,0.014,-0.788,-0.007,0.615,0.424,1.159,0.256
2016-12-01 01:46:49.230,148.855,0.014,-0.788,-0.007,0.615,0.424,1.159,0.256
2016-12-01 01:46:49.241,148.876,0.014,-0.789,-0.007,0.615,0.424,1.159,0.256
2016-12-01 01:46:49.252,148.876,0.014,-0.789,-0.007,0.614,0.424,1.159,0.256
2016-12-01 01:46:49.263,148.897,0.015,-0.789,-0.007,0.614,0.424,1.159,0.256
2016-12-01 01:46:49.274,148.897,0.015,-0.789,-0.007,0.614,0.424,1.159,0.256
2016-12-01 01:46:49.285,148.897,0.015,-0.790,-0.007,0.613,0.424,1.159,0.256
2016-12-01 01:46:49.297,148.919,0.015,-0.790,-0.007,0.613,0.424,1.159,0.256
2016-12-01 01:46:49.308,148.940,0.015,-0.790,-0.006,0.613,0.424,1.159,0.256
2016-12-01 01:46:49.319,148.940,0.015,-0.790,-0.007,0.613,0.424,1.159,0.256
2016-12-01 01:46:49.330,148.961,0.016,-0.791,-0.006,0.612,0.424,1.159,0.255
2016-12-01 01:46:49.341,148.961,0.016,-0.791,-0.006,0.612,0.424,1.159,0.255
2016-12-01 01:46:49.352,148.983,0.016,-0.791,-0.006,0.611,0.424,1.159,0.255
2016-12-01 01:46:49.364,148.983,0.016,-0.791,-0.006,0.611,0.424,1.159,0.255
2016-12-01 01:46:49.375,149.004,0.016,-0.792,-0.006,0.611,0.424,1.159,0.255
2016-12-01 01:46:49.386,149.004,0.016,-0.792,-0.006,0.611,0.424,1.159,0.255
2016-12-01 01:46:49.397,149.025,0.016,-0.792,-0.007,0.610,0.424,1.159,0.255
2016-12-01 01:46:49.408,149.047,0.016,-0.792,-0.006,0.610,0.424,1.159,0.255
2016-12-01 01:46:49.419,149.047,0.016,-0.792,-0.006,0.610,0.424,1.159,0.255
2016-12-01 01:46:49.430,149.068,0.016,-0.792,-0.006,0.610,0.424,1.159,0.255
2016-12-01 01:46:49.442,149.068,0.016,-0.793,-0.006,0.610,0.424,1.159,0.255
2016-12-01 01:46:49.453,149.068,0.016,-0.793,-0.006,0.610,0.424,1.159,0.255
2016-12-01 01:46:49.464,149.089,0.016,-0.792,-0.006,0.610,0.424,1.159,0.254
2016-12-01 01:46:49.475,149.089,0.016,-0.792,-0.006,0.610,0.424,1.159,0.254
2016-12-01 01:46:49.486,149.111,0.016,-0.792,-0.005,0.610,0.424,1.159,0.254
2016-12-01 01:46:49.497,149.132,0.016,-0.792,-0.005,0.610,0.424,1.159,0.254
2016-12-01 01:46:49.509,149.132,0.016,-0.792,-0.005,0.610,0.424,1.159,0.254
2016-12-01 01:46:49.520,149.153,0.015,-0.792,-0.005,0.611,0.424,1.159,0.254
2016-12-01 01:46:49.531,149.153,0.016,-0.792,-0.005,0.611,0.424,1.159,0.254
2016-12-01 01:46:49.542,149.175,0.015,-0.791,-0.005,0.611,0.424,1.159,0.254
2016-12-01 01:46:49.553,149.175,0.015,-0.791,-0.005,0.611,0.424,1.159,0.254
2016-12-01 01:46:49.565,149.196,0.015,-0.791,-0.005,0.611,0.424,1.159,0.254
2016-12-01 01:46:49.576,149.217,0.015,-0.791,-0.005,0.611,0.424,1.159,0.254
2016-12-01 01:46:49.587,149.217,0.015,-0.791,-0.005,0.612,0.424,1.159,0.254
2016-12-01 01:46:49.598,149.239,0.015,-0.791,-0.005,0.612,0.424,1.159,0.254
2016-12-01 01:46:49.609,149.239,0.015,-0.791,-0.005,0.612,0.424,1.159,0.254
2016-12-01 01:46:49.620,149.239,0.015,-0.791,-0.005,0.612,0.424,1.159,0.254
2016-12-01 01:46:49.631,149.260,0.015,-0.790,-0.005,0.612,0.424,1.159,0.254
2016-12-01 01:46:49.643,149.260,0.015,-0.790,-0.005,0.613,0.424,1.159,0.254
2016-12-01 01:46:49.654,149.281,0.015,-0.790,-0.005,0.613,0.424,1.159,0.254
2016-12-01 01:46:49.665,149.281,0.015,-0.790,-0.005,0.613,0.424,1.159,0.254
2016-12-01 01:46:49.676,149.303,0.015,-0.789,-0.005,0.614,0.424,1.159,0.254
2016-12-01 01:46:49.688,149.324,0.015,-0.789,-0.005,0.614,0.424,1.159,0.254
2016-12-01 01:46:49.699,149.324,0.015,-0.789,-0.005,0.614,0.424,1.159,0.254
2016-12-01 01:46:49.709,149.345,0.015,-0.789,-0.004,0.615,0.424,1.159,0.254
2016-12-01 01:46:49.721,149.345,0.016,-0.788,-0.004,0.615,0.424,1.159,0.254
2016-12-01 01:46:49.732,149.367,0.016,-0.788,-0.004,0.616,0.424,1.159,0.254
2016-12-01 01:46:49.744,149.367,0.016,-0.788,-0.004,0.616,0.424,1.159,0.254
2016-12-01 01:46:49.755,149.388,0.017,-0.787,-0.004,0.616,0.424,1.159,0.254
2016-12-01 01:46:49.766,149.388,0.017,-0.787,-0.004,0.617,0.424,1.158,0.254
2016-12-01 01:46:49.777,149.409,0.017,-0.787,-0.004,0.617,0.424,1.158,0.254
2016-12-01 01:46:49.788,149.409,0.017,-0.786,-0.003,0.618,0.424,1.158,0.254
2016-12-01 01:46:49.799,149.431,0.017,-0.786,-0.004,0.618,0.424,1.158,0.254
2016-12-01 01:46:49.810,149.431,0.018,-0.785,-0.003,0.619,0.424,1.158,0.254
2016-12-01 01:46:49.821,149.452,0.018,-0.785,-0.004,0.619,0.424,1.158,0.254
2016-12-01 01:46:49.833,149.452,0.018,-0.785,-0.004,0.620,0.424,1.158,0.254
2016-12-01 01:46:49.844,149.473,0.018,-0.784,-0.004,0.620,0.424,1.158,0.255
2016-12-01 01:46:49.855,149.473,0.018,-0.784,-0.004,0.621,0.424,1.158,0.255
2016-12-01 01:46:49.866,149.495,0.018,-0.783,-0.004,0.621,0.424,1.158,0.255
2016-12-01 01:46:49.877,149.516,0.018,-0.783,-0.004,0.622,0.424,1.158,0.255
2016-12-01 01:46:49.888,149.516,0.018,-0.783,-0.004,0.622,0.424,1.158,0.255
2016-12-01 01:46:49.899,149.537,0.018,-0.782,-0.005,0.623,0.424,1.158,0.255
2016-12-01 01:46:49.911,149.537,0.019,-0.782,-0.005,0.623,0.424,1.158,0.255
2016-12-01 01:46:49.922,149.559,0.019,-0.781,-0.005,0.624,0.424,1.158,0.255
2016-12-01 01:46:49.934,149.559,0.019,-0.781,-0.005,0.624,0.424,1.159,0.255
2016-12-01 01:46:49.945,149.559,0.019,-0.780,-0.005,0.625,0.424,1.158,0.255
2016-12-01 01:46:49.956,149.580,0.019,-0.780,-0.005,0.626,0.424,1.158,0.255
2016-12-01 01:46:49.967,149.601,0.019,-0.779,-0.005,0.626,0.424,1.159,0.255
2016-12-01 01:46:49.978,149.601,0.019,-0.779,-0.005,0.627,0.425,1.159,0.256
2016-12-01 01:46:49.989,149.623,0.019,-0.779,-0.005,0.627,0.425,1.158,0.256
2016-12-01 01:46:50.001,149.623,0.019,-0.778,-0.005,0.628,0.424,1.158,0.256
2016-12-01 01:46:50.011,149.644,0.020,-0.778,-0.005,0.628,0.424,1.158,0.255
2016-12-01 01:46:50.023,149.644,0.019,-0.777,-0.005,0.629,0.424,1.158,0.256
2016-12-01 01:46:50.034,149.665,0.019,-0.777,-0.005,0.629,0.424,1.159,0.256
2016-12-01 01:46:50.046,149.665,0.019,-0.777,-0.005,0.630,0.425,1.159,0.256
2016-12-01 01:46:50.056,149.687,0.019,-0.776,-0.005,0.630,0.424,1.158,0.256
2016-12-01 01:46:50.067,149.708,0.019,-0.776,-0.005,0.631,0.424,1.158,0.256
2016-12-01 01:46:50.078,149.708,0.019,-0.775,-0.005,0.632,0.424,1.158,0.256
2016-12-01 01:46:50.089,149.708,0.019,-0.775,-0.005,0.632,0.424,1.158,0.256
2016-12-01 01:46:50.100,149.729,0.019,-0.774,-0.005,0.633,0.424,1.158,0.256
2016-12-01 01:46:50.112,149.729,0.019,-0.774,-0.005,0.633,0.424,1.159,0.256
2016-12-01 01:46:50.123,149.751,0.019,-0.773,-0.005,0.634,0.424,1.159,0.256
2016-12-01 01:46:50.135,149.751,0.019,-0.773,-0.005,0.634,0.424,1.159,0.256
2016-12-01 01:46:50.145,149.772,0.019,-0.772,-0.005,0.635,0.424,1.159,0.256
2016-12-01 01:46:50.156,149.793,0.019,-0.772,-0.005,0.636,0.424,1.159,0.256
2016-12-01 01:46:50.168,149.793,0.019,-0.771,-0.005,0.636,0.424,1.159,0.256
2016-12-01 01:46:50.179,149.815,0.019,-0.771,-0.005,0.637,0.424,1.159,0.256
2016-12-01 01:46:50.190,149.815,0.019,-0.770,-0.005,0.638,0.424,1.159,0.256
2016-12-01 01:46:50.201,149.836,0.019,-0.769,-0.005,0.638,0.424,1.159,0.256
2016-12-01 01:46:50.213,149.836,0.019,-0.769,-0.005,0.639,0.424,1.159,0.256
2016-12-01 01:46:50.223,149.857,0.019,-0.768,-0.005,0.640,0.424,1.159,0.256
2016-12-01 01:46:50.235,149.857,0.019,-0.768,-0.004,0.640,0.424,1.159,0.256
2016-12-01 01:46:50.246,149.879,0.019,-0.767,-0.005,0.641,0.424,1.158,0.256
2016-12-01 01:46:50.257,149.879,0.019,-0.767,-0.005,0.642,0.424,1.158,0.256
2016-12-01 01:46:50.268,149.900,0.019,-0.766,-0.005,0.642,0.424,1.158,0.256
2016-12-01 01:46:50.280,149.900,0.019,-0.766,-0.005,0.643,0.424,1.158,0.256
2016-12-01 01:46:50.291,149.921,0.019,-0.765,-0.005,0.644,0.424,1.158,0.256
2016-12-01 01:46:50.302,149.921,0.019,-0.764,-0.005,0.644,0.424,1.158,0.256
2016-12-01 01:46:50.313,149.943,0.019,-0.764,-0.005,0.645,0.424,1.158,0.256
2016-12-01 01:46:50.324,149.943,0.019,-0.763,-0.005,0.646,0.424,1.158,0.256
2016-12-01 01:46:50.335,149.964,0.019,-0.763,-0.005,0.647,0.424,1.158,0.256
2016-12-01 01:46:50.347,149.985,0.019,-0.762,-0.005,0.647,0.424,1.159,0.256
2016-12-01 01:46:50.358,149.985,0.019,-0.761,-0.005,0.648,0.424,1.158,0.256
2016-12-01 01:46:50.369,150.007,0.019,-0.761,-0.005,0.649,0.424,1.158,0.256
2016-12-01 01:46:50.380,150.007,0.019,-0.760,-0.005,0.649,0.424,1.158,0.256
2016-12-01 01:46:50.391,150.028,0.019,-0.760,-0.005,0.650,0.424,1.159,0.256
2016-12-01 01:46:50.403,150.028,0.019,-0.759,-0.005,0.651,0.424,1.159,0.256
2016-12-01 01:46:50.413,150.049,0.019,-0.759,-0.005,0.651,0.424,1.159,0.256
2016-12-01 01:46:50.424,150.049,0.018,-0.758,-0.006,0.652,0.424,1.159,0.256
2016-12-01 01:46:50.436,150.049,0.018,-0.758,-0.006,0.652,0.424,1.159,0.256
2016-12-01 01:46:50.447,150.071,0.018,-0.757,-0.006,0.653,0.424,1.159,0.256
2016-12-01 01:46:50.458,150.092,0.018,-0.757,-0.006,0.654,0.424,1.158,0.256
2016-12-01 01:46:50.469,150.092,0.018,-0.756,-0.006,0.654,0.424,1.158,0.256
2016-12-01 01:46:50.480,150.113,0.018,-0.755,-0.006,0.655,0.425,1.158,0.256
2016-12-01 01:46:50.492,150.113,0.018,-0.755,-0.006,0.656,0.425,1.158,0.256
2016-12-01 01:46:50.503,150.135,0.018,-0.754,-0.006,0.656,0.425,1.158,0.256
2016-12-01 01:46:50.515,150.135,0.018,-0.754,-0.006,0.657,0.425,1.159,0.256
2016-12-01 01:46:50.525,150.156,0.018,-0.753,-0.006,0.658,0.425,1.159,0.256
2016-12-01 01:46:50.537,150.177,0.017,-0.753,-0.006,0.658,0.425,1.159,0.256
2016-12-01 01:46:50.548,150.177,0.017,-0.752,-0.006,0.659,0.425,1.159,0.256
2016-12-01 01:46:50.559,150.199,0.017,-0.752,-0.006,0.659,0.425,1.159,0.256
2016-12-01 01:46:50.570,150.199,0.017,-0.751,-0.007,0.660,0.425,1.159,0.256
2016-12-01 01:46:50.581,150.199,0.016,-0.751,-0.007,0.661,0.425,1.159,0.256
2016-12-01 01:46:50.592,150.220,0.016,-0.750,-0.007,0.661,0.425,1.159,0.256
2016-12-01 01:46:50.604,150.220,0.016,-0.750,-0.007,0.662,0.425,1.159,0.256
2016-12-01 01:46:50.615,150.241,0.016,-0.749,-0.007,0.662,0.425,1.159,0.256
2016-12-01 01:46:50.626,150.263,0.016,-0.748,-0.007,0.663,0.425,1.159,0.256
2016-12-01 01:46:50.637,150.263,0.016,-0.748,-0.007,0.664,0.426,1.159,0.256
2016-12-01 01:46:50.648,150.284,0.016,-0.747,-0.007,0.664,0.425,1.159,0.256
2016-12-01 01:46:50.659,150.284,0.016,-0.747,-0.007,0.665,0.426,1.159,0.256
2016-12-01 01:46:50.670,150.305,0.016,-0.746,-0.008,0.666,0.426,1.159,0.256
2016-12-01 01:46:50.682,150.305,0.015,-0.745,-0.008,0.666,0.426,1.159,0.256
2016-12-01 01:46:50.693,150.327,0.015,-0.745,-0.008,0.667,0.426,1.159,0.256
2016-12-01 01:46:50.704,150.327,0.015,-0.744,-0.008,0.668,0.426,1.159,0.256
2016-12-01 01:46:50.715,150.348,0.015,-0.744,-0.008,0.668,0.426,1.159,0.256
2016-12-01 01:46:50.726,150.369,0.015,-0.743,-0.008,0.669,0.426,1.159,0.256
2016-12-01 01:46:50.738,150.369,0.015,-0.742,-0.008,0.670,0.426,1.159,0.256
2016-12-01 01:46:50.748,150.369,0.015,-0.742,-0.008,0.671,0.426,1.159,0.256
2016-12-01 01:46:50.760,150.391,0.015,-0.741,-0.008,0.671,0.426,1.159,0.256
2016-12-01 01:46:50.771,150.391,0.015,-0.740,-0.008,0.672,0.426,1.159,0.256
2016-12-01 01:46:50.782,150.412,0.015,-0.740,-0.008,0.673,0.426,1.159,0.256
2016-12-01 01:46:50.793,150.412,0.015,-0.739,-0.008,0.673,0.426,1.159,0.256
2016-12-01 01:46:50.804,150.433,0.015,-0.739,-0.008,0.674,0.426,1.159,0.256
2016-12-01 01:46:50.816,150.455,0.015,-0.738,-0.008,0.674,0.426,1.159,0.256
2016-12-01 01:46:50.827,150.455,0.015,-0.738,-0.008,0.675,0.426,1.159,0.256
2016-12-01 01:46:50.838,150.476,0.015,-0.737,-0.008,0.676,0.426,1.159,0.256
2016-12-01 01:46:50.849,150.476,0.015,-0.737,-0.008,0.676,0.426,1.159,0.255
2016-12-01 01:46:50.860,150.497,0.015,-0.736,-0.008,0.677,0.426,1.159,0.255
2016-12-01 01:46:50.872,150.497,0.015,-0.736,-0.008,0.677,0.426,1.159,0.255
2016-12-01 01:46:50.883,150.519,0.015,-0.735,-0.008,0.678,0.426,1.159,0.255
2016-12-01 01:46:50.894,150.519,0.015,-0.735,-0.008,0.678,0.426,1.159,0.255
2016-12-01 01:46:50.905,150.519,0.014,-0.734,-0.008,0.679,0.426,1.159,0.255
2016-12-01 01:46:50.916,150.540,0.014,-0.734,-0.008,0.679,0.426,1.159,0.255
2016-12-01 01:46:50.927,150.561,0.014,-0.733,-0.008,0.680,0.426,1.159,0.255
2016-12-01 01:46:50.939,150.561,0.014,-0.733,-0.008,0.680,0.426,1.159,0.255
2016-12-01 01:46:50.950,150.583,0.014,-0.732,-0.008,0.681,0.426,1.160,0.255
2016-12-01 01:46:50.961,150.583,0.014,-0.732,-0.009,0.681,0.426,1.160,0.255
2016-12-01 01:46:50.972,150.604,0.014,-0.731,-0.009,0.682,0.426,1.160,0.255
2016-12-01 01:46:50.983,150.604,0.014,-0.731,-0.008,0.682,0.426,1.160,0.255
2016-12-01 01:46:50.994,150.625,0.013,-0.730,-0.008,0.683,0.426,1.160,0.255
2016-12-01 01:46:51.006,150.625,0.013,-0.730,-0.008,0.683,0.426,1.160,0.255
2016-12-01 01:46:51.016,150.647,0.013,-0.730,-0.009,0.684,0.426,1.160,0.255
2016-12-01 01:46:51.028,150.668,0.013,-0.729,-0.009,0.684,0.426,1.160,0.255
2016-12-01 01:46:51.039,150.668,0.013,-0.729,-0.008,0.684,0.426,1.160,0.255
2016-12-01 01:46:51.050,150.689,0.013,-0.729,-0.008,0.685,0.426,1.160,0.255
2016-12-01 01:46:51.062,150.689,0.013,-0.728,-0.008,0.685,0.426,1.160,0.255
2016-12-01 01:46:51.073,150.689,0.013,-0.728,-0.008,0.685,0.426,1.160,0.255
2016-12-01 01:46:51.084,150.711,0.013,-0.728,-0.008,0.685,0.426,1.160,0.255
2016-12-01 01:46:51.095,150.711,0.014,-0.728,-0.008,0.686,0.426,1.160,0.255
2016-12-01 01:46:51.106,150.732,0.014,-0.728,-0.008,0.686,0.426,1.160,0.255
2016-12-01 01:46:51.118,150.753,0.014,-0.728,-0.008,0.686,0.426,1.160,0.255
2016-12-01 01:46:51.129,150.753,0.014,-0.728,-0.008,0.686,0.426,1.160,0.255
2016-12-01 01:46:51.139,150.775,0.014,-0.728,-0.008,0.686,0.425,1.160,0.255
2016-12-01 01:46:51.151,150.775,0.014,-0.728,-0.008,0.686,0.425,1.160,0.255
2016-12-01 01:46:51.162,150.796,0.013,-0.728,-0.008,0.685,0.425,1.160,0.255
2016-12-01 01:46:51.173,150.796,0.013,-0.728,-0.008,0.685,0.426,1.160,0.255
2016-12-01 01:46:51.184,150.817,0.013,-0.728,-0.008,0.685,0.425,1.160,0.255
2016-12-01 01:46:51.195,150.817,0.013,-0.729,-0.008,0.685,0.426,1.160,0.255
2016-12-01 01:46:51.206,150.839,0.013,-0.729,-0.008,0.685,0.425,1.160,0.255
2016-12-01 01:46:51.218,150.860,0.013,-0.729,-0.008,0.684,0.426,1.160,0.255
2016-12-01 01:46:51.229,150.860,0.013,-0.729,-0.008,0.684,0.425,1.160,0.255
2016-12-01 01:46:51.240,150.860,0.013,-0.730,-0.008,0.684,0.425,1.160,0.255
2016-12-01 01:46:51.251,150.881,0.013,-0.730,-0.008,0.683,0.425,1.160,0.255
2016-12-01 01:46:51.263,150.881,0.012,-0.730,-0.008,0.683,0.425,1.160,0.255
2016-12-01 01:46:51.274,150.903,0.012,-0.731,-0.008,0.682,0.425,1.160,0.255
2016-12-01 01:46:51.285,150.903,0.012,-0.731,-0.008,0.682,0.425,1.161,0.254
2016-12-01 01:46:51.296,150.924,0.012,-0.732,-0.008,0.681,0.425,1.161,0.254
2016-12-01 01:46:51.308,150.945,0.011,-0.732,-0.008,0.681,0.425,1.161,0.254
2016-12-01 01:46:51.318,150.945,0.011,-0.733,-0.008,0.680,0.425,1.161,0.254
2016-12-01 01:46:51.329,150.967,0.011,-0.733,-0.009,0.680,0.425,1.161,0.254
2016-12-01 01:46:51.341,150.967,0.010,-0.734,-0.009,0.679,0.425,1.161,0.254
2016-12-01 01:46:51.352,150.988,0.010,-0.734,-0.009,0.678,0.425,1.161,0.254
2016-12-01 01:46:51.363,150.988,0.010,-0.735,-0.009,0.678,0.425,1.161,0.254
2016-12-01 01:46:51.374,151.009,0.010,-0.736,-0.009,0.677,0.425,1.161,0.254
2016-12-01 01:46:51.385,151.009,0.009,-0.736,-0.010,0.676,0.425,1.161,0.254
2016-12-01 01:46:51.396,151.031,0.009,-0.737,-0.010,0.676,0.425,1.161,0.254
2016-12-01 01:46:51.408,151.031,0.009,-0.738,-0.010,0.675,0.425,1.161,0.254
2016-12-01 01:46:51.418,151.052,0.008,-0.738,-0.011,0.674,0.425,1.161,0.254
2016-12-01 01:46:51.430,151.052,0.008,-0.739,-0.011,0.673,0.426,1.161,0.254
2016-12-01 01:46:51.441,151.073,0.007,-0.740,-0.011,0.672,0.426,1.161,0.254
2016-12-01 01:46:51.453,151.073,0.007,-0.741,-0.012,0.671,0.426,1.162,0.254
2016-12-01 01:46:51.463,151.095,0.006,-0.742,-0.012,0.671,0.426,1.162,0.254
2016-12-01 01:46:51.475,151.095,0.006,-0.743,-0.012,0.670,0.426,1.162,0.254
2016-12-01 01:46:51.486,151.116,0.006,-0.743,-0.012,0.669,0.426,1.162,0.254
2016-12-01 01:46:51.497,151.137,0.005,-0.744,-0.012,0.668,0.426,1.162,0.254
2016-12-01 01:46:51.508,151.137,0.005,-0.745,-0.013,0.667,0.426,1.162,0.253
2016-12-01 01:46:51.519,151.159,0.004,-0.746,-0.013,0.666,0.426,1.162,0.253
2016-12-01 01:46:51.531,151.159,0.004,-0.747,-0.013,0.665,0.426,1.162,0.253
2016-12-01 01:46:51.541,151.180,0.003,-0.748,-0.013,0.664,0.426,1.162,0.253
2016-12-01 01:46:51.553,151.180,0.003,-0.748,-0.014,0.663,0.427,1.162,0.253
2016-12-01 01:46:51.564,151.180,0.002,-0.749,-0.014,0.662,0.427,1.162,0.253
2016-12-01 01:46:51.575,151.201,0.002,-0.750,-0.014,0.661,0.427,1.163,0.253
2016-12-01 01:46:51.587,151.223,0.001,-0.751,-0.014,0.660,0.427,1.163,0.253
2016-12-01 01:46:51.598,151.223,0.001,-0.752,-0.015,0.659,0.427,1.163,0.253
2016-12-01 01:46:51.609,151.244,0.000,-0.753,-0.015,0.658,0.427,1.163,0.253
2016-12-01 01:46:51.620,151.244,0.000,-0.753,-0.016,0.657,0.427,1.163,0.253
2016-12-01 01:46:51.631,151.265,-0.001,-0.754,-0.016,0.656,0.427,1.163,0.253
2016-12-01 01:46:51.643,151.265,-0.002,-0.755,-0.016,0.656,0.428,1.163,0.252
2016-12-01 01:46:51.653,151.287,-0.002,-0.756,-0.016,0.655,0.428,1.163,0.253
2016-12-01 01:46:51.665,151.287,-0.002,-0.756,-0.016,0.654,0.428,1.163,0.253
2016-12-01 01:46:51.676,151.308,-0.002,-0.757,-0.016,0.654,0.428,1.163,0.253
2016-12-01 01:46:51.687,151.329,-0.003,-0.757,-0.017,0.653,0.428,1.163,0.253
2016-12-01 01:46:51.698,151.329,-0.004,-0.757,-0.017,0.653,0.428,1.163,0.253
2016-12-01 01:46:51.709,151.329,-0.004,-0.758,-0.018,0.652,0.428,1.164,0.253
2016-12-01 01:46:51.720,151.351,-0.005,-0.758,-0.018,0.652,0.429,1.164,0.253
2016-12-01 01:46:51.731,151.351,-0.006,-0.758,-0.019,0.652,0.429,1.164,0.253
2016-12-01 01:46:51.742,151.372,-0.007,-0.759,-0.019,0.651,0.429,1.164,0.253
2016-12-01 01:46:51.754,151.372,-0.007,-0.759,-0.019,0.651,0.429,1.164,0.253
2016-12-01 01:46:51.765,151.393,-0.007,-0.760,-0.020,0.650,0.429,1.164,0.253
2016-12-01 01:46:51.776,151.415,-0.007,-0.760,-0.020,0.650,0.429,1.164,0.253
2016-12-01 01:46:51.787,151.415,-0.008,-0.760,-0.020,0.649,0.429,1.164,0.253
2016-12-01 01:46:51.798,151.436,-0.008,-0.761,-0.021,0.649,0.430,1.164,0.254
2016-12-01 01:46:51.810,151.436,-0.007,-0.761,-0.021,0.648,0.430,1.164,0.254
2016-12-01 01:46:51.821,151.457,-0.007,-0.762,-0.021,0.648,0.430,1.164,0.254
2016-12-01 01:46:51.833,151.457,-0.007,-0.762,-0.021,0.647,0.430,1.164,0.254
2016-12-01 01:46:51.843,151.479,-0.007,-0.763,-0.021,0.646,0.430,1.164,0.254
2016-12-01 01:46:51.854,151.479,-0.007,-0.763,-0.021,0.646,0.430,1.164,0.254
2016-12-01 01:46:51.865,151.500,-0.006,-0.764,-0.021,0.645,0.430,1.164,0.254
2016-12-01 01:46:51.877,151.500,-0.006,-0.764,-0.021,0.645,0.430,1.164,0.254
2016-12-01 01:46:51.888,151.521,-0.006,-0.765,-0.021,0.644,0.430,1.164,0.254
2016-12-01 01:46:51.900,151.521,-0.006,-0.765,-0.021,0.643,0.430,1.164,0.254
2016-12-01 01:46:51.910,151.543,-0.006,-0.766,-0.021,0.643,0.430,1.164,0.254
2016-12-01 01:46:51.921,151.543,-0.006,-0.767,-0.021,0.642,0.430,1.164,0.255
2016-12-01 01:46:51.933,151.564,-0.006,-0.767,-0.021,0.641,0.430,1.164,0.255
2016-12-01 01:46:51.944,151.564,-0.006,-0.768,-0.021,0.640,0.430,1.164,0.255
2016-12-01 01:46:51.955,151.585,-0.006,-0.768,-0.022,0.640,0.430,1.164,0.255
2016-12-01 01:46:51.966,151.607,-0.006,-0.769,-0.022,0.639,0.431,1.164,0.255
2016-12-01 01:46:51.977,151.607,-0.006,-0.769,-0.022,0.638,0.431,1.164,0.255
2016-12-01 01:46:51.988,151.628,-0.006,-0.770,-0.022,0.638,0.431,1.164,0.255
2016-12-01 01:46:52.000,151.628,-0.006,-0.771,-0.022,0.637,0.431,1.164,0.255
2016-12-01 01:46:52.011,151.649,-0.006,-0.771,-0.022,0.636,0.431,1.164,0.256
2016-12-01 01:46:52.022,151.649,-0.006,-0.772,-0.022,0.636,0.431,1.164,0.256
2016-12-01 01:46:52.033,151.671,-0.007,-0.772,-0.022,0.635,0.431,1.164,0.256
2016-12-01 01:46:52.045,151.671,-0.007,-0.773,-0.022,0.635,0.431,1.164,0.256
2016-12-01 01:46:52.055,151.671,-0.007,-0.773,-0.022,0.634,0.431,1.164,0.256
2016-12-01 01:46:52.067,151.692,-0.007,-0.773,-0.022,0.634,0.431,1.164,0.256
2016-12-01 01:46:52.078,151.713,-0.007,-0.774,-0.022,0.633,0.431,1.164,0.256
2016-12-01 01:46:52.089,151.713,-0.007,-0.774,-0.022,0.633,0.431,1.164,0.256
2016-12-01 01:46:52.100,151.735,-0.007,-0.774,-0.022,0.632,0.431,1.164,0.256
2016-12-01 01:46:52.112,151.735,-0.007,-0.775,-0.022,0.632,0.431,1.164,0.256
2016-12-01 01:46:52.122,151.756,-0.007,-0.775,-0.022,0.632,0.431,1.164,0.256
2016-12-01 01:46:52.134,151.756,-0.007,-0.775,-0.022,0.631,0.431,1.164,0.257
2016-12-01 01:46:52.145,151.777,-0.007,-0.776,-0.022,0.630,0.431,1.164,0.257
2016-12-01 01:46:52.156,151.799,-0.007,-0.776,-0.022,0.630,0.431,1.164,0.257
2016-12-01 01:46:52.167,151.799,-0.007,-0.777,-0.022,0.629,0.431,1.164,0.257
2016-12-01 01:46:52.179,151.820,-0.007,-0.777,-0.022,0.629,0.431,1.164,0.257
2016-12-01 01:46:52.190,151.820,-0.006,-0.778,-0.022,0.628,0.431,1.164,0.257
2016-12-01 01:46:52.201,151.820,-0.006,-0.778,-0.022,0.628,0.431,1.164,0.257
2016-12-01 01:46:52.212,151.841,-0.005,-0.779,-0.022,0.627,0.431,1.164,0.257
2016-12-01 01:46:52.223,151.841,-0.005,-0.779,-0.023,0.626,0.431,1.164,0.257
2016-12-01 01:46:52.234,151.863,-0.005,-0.780,-0.023,0.626,0.431,1.164,0.257
2016-12-01 01:46:52.246,151.863,-0.004,-0.780,-0.023,0.625,0.431,1.164,0.257
2016-12-01 01:46:52.256,151.884,-0.004,-0.781,-0.023,0.625,0.431,1.164,0.257
2016-12-01 01:46:52.268,151.905,-0.003,-0.781,-0.023,0.624,0.431,1.164,0.257
2016-12-01 01:46:52.279,151.905,-0.002,-0.782,-0.023,0.623,0.431,1.164,0.258
2016-12-01 01:46:52.290,151.927,-0.002,-0.782,-0.023,0.623,0.431,1.164,0.258
2016-12-01 01:46:52.301,151.927,-0.002,-0.783,-0.022,0.622,0.431,1.164,0.258
2016-12-01 01:46:52.312,151.948,-0.001,-0.783,-0.022,0.622,0.431,1.164,0.258
2016-12-01 01:46:52.323,151.948,-0.001,-0.783,-0.022,0.621,0.431,1.164,0.258
2016-12-01 01:46:52.334,151.969,-0.001,-0.784,-0.022,0.621,0.431,1.164,0.258
2016-12-01 01:46:52.346,151.991,0.000,-0.784,-0.022,0.620,0.430,1.164,0.258
2016-12-01 01:46:52.357,151.991,0.000,-0.784,-0.022,0.620,0.430,1.164,0.258
2016-12-01 01:46:52.368,151.991,0.000,-0.784,-0.022,0.620,0.430,1.164,0.258
2016-12-01 01:46:52.380,152.012,0.001,-0.785,-0.022,0.620,0.430,1.164,0.258
2016-12-01 01:46:52.391,152.012,0.001,-0.785,-0.022,0.619,0.430,1.164,0.258
2016-12-01 01:46:52.402,152.033,0.001,-0.785,-0.022,0.619,0.430,1.164,0.258
2016-12-01 01:46:52.413,152.033,0.001,-0.785,-0.022,0.619,0.430,1.163,0.258
2016-12-01 01:46:52.424,152.055,0.001,-0.785,-0.022,0.619,0.430,1.163,0.258
2016-12-01 01:46:52.436,152.055,0.001,-0.785,-0.022,0.619,0.430,1.163,0.258
2016-12-01 01:46:52.446,152.076,0.001,-0.785,-0.022,0.619,0.430,1.163,0.258
2016-12-01 01:46:52.458,152.097,0.001,-0.785,-0.022,0.619,0.430,1.163,0.258
2016-12-01 01:46:52.469,152.097,0.001,-0.785,-0.022,0.619,0.430,1.163,0.258
2016-12-01 01:46:52.480,152.119,0.001,-0.785,-0.022,0.619,0.430,1.163,0.258
2016-12-01 01:46:52.491,152.119,0.001,-0.785,-0.022,0.619,0.430,1.163,0.258
2016-12-01 01:46:52.502,152.140,0.002,-0.785,-0.021,0.620,0.430,1.163,0.258
2016-12-01 01:46:52.514,152.140,0.002,-0.784,-0.021,0.620,0.430,1.163,0.258
2016-12-01 01:46:52.524,152.140,0.002,-0.784,-0.021,0.620,0.430,1.163,0.258
2016-12-01 01:46:52.535,152.161,0.002,-0.784,-0.021,0.620,0.430,1.163,0.258
2016-12-01 01:46:52.547,152.183,0.002,-0.784,-0.021,0.621,0.430,1.163,0.258
2016-12-01 01:46:52.558,152.183,0.002,-0.784,-0.021,0.621,0.430,1.163,0.258
2016-12-01 01:46:52.569,152.204,0.002,-0.783,-0.021,0.621,0.430,1.163,0.258
2016-12-01 01:46:52.581,152.204,0.003,-0.783,-0.020,0.621,0.430,1.163,0.258
2016-12-01 01:46:52.592,152.225,0.003,-0.783,-0.020,0.622,0.430,1.163,0.258
2016-12-01 01:46:52.603,152.225,0.003,-0.783,-0.020,0.622,0.430,1.163,0.258
2016-12-01 01:46:52.614,152.247,0.003,-0.783,-0.020,0.622,0.430,1.163,0.258
2016-12-01 01:46:52.625,152.247,0.003,-0.782,-0.020,0.622,0.430,1.163,0.258
2016-12-01 01:46:52.636,152.268,0.003,-0.782,-0.020,0.623,0.430,1.163,0.258
2016-12-01 01:46:52.648,152.289,0.003,-0.782,-0.020,0.623,0.430,1.163,0.258
2016-12-01 01:46:52.659,152.289,0.003,-0.782,-0.020,0.623,0.431,1.163,0.258
2016-12-01 01:46:52.670,152.311,0.003,-0.782,-0.020,0.623,0.431,1.163,0.258
2016-12-01 01:46:52.681,152.311,0.003,-0.781,-0.020,0.624,0.431,1.163,0.258
2016-12-01 01:46:52.692,152.311,0.003,-0.781,-0.020,0.624,0.431,1.163,0.258
2016-12-01 01:46:52.703,152.332,0.003,-0.781,-0.020,0.624,0.431,1.163,0.258
2016-12-01 01:46:52.715,152.332,0.003,-0.781,-0.020,0.625,0.431,1.163,0.258
2016-12-01 01:46:52.725,152.353,0.003,-0.780,-0.020,0.625,0.431,1.163,0.258
2016-12-01 01:46:52.737,152.375,0.003,-0.780,-0.020,0.626,0.431,1.163,0.257
2016-12-01 01:46:52.748,152.375,0.004,-0.780,-0.020,0.626,0.431,1.163,0.257
2016-12-01 01:46:52.759,152.396,0.004,-0.779,-0.020,0.626,0.431,1.163,0.257
2016-12-01 01:46:52.771,152.396,0.004,-0.779,-0.020,0.627,0.431,1.163,0.257
2016-12-01 01:46:52.781,152.417,0.004,-0.779,-0.020,0.627,0.431,1.163,0.257
2016-12-01 01:46:52.793,152.417,0.005,-0.778,-0.020,0.627,0.431,1.163,0.257
2016-12-01 01:46:52.804,152.439,0.005,-0.778,-0.019,0.628,0.431,1.163,0.257
2016-12-01 01:46:52.815,152.439,0.005,-0.778,-0.019,0.628,0.431,1.163,0.257
2016-12-01 01:46:52.826,152.460,0.005,-0.778,-0.019,0.628,0.431,1.163,0.257
2016-12-01 01:46:52.838,152.481,0.006,-0.777,-0.019,0.629,0.431,1.163,0.257
2016-12-01 01:46:52.848,152.481,0.006,-0.777,-0.019,0.629,0.431,1.162,0.257
2016-12-01 01:46:52.860,152.481,0.006,-0.777,-0.019,0.629,0.432,1.162,0.257
2016-12-01 01:46:52.871,152.503,0.007,-0.777,-0.019,0.630,0.432,1.162,0.257
2016-12-01 01:46:52.882,152.503,0.007,-0.776,-0.019,0.630,0.432,1.162,0.256
2016-12-01 01:46:52.893,152.524,0.007,-0.776,-0.019,0.630,0.432,1.162,0.256
2016-12-01 01:46:52.905,152.524,0.008,-0.776,-0.019,0.631,0.432,1.162,0.256
2016-12-01 01:46:52.915,152.545,0.008,-0.776,-0.019,0.631,0.432,1.162,0.256
2016-12-01 01:46:52.926,152.567,0.008,-0.775,-0.018,0.631,0.432,1.162,0.256
2016-12-01 01:46:52.938,152.567,0.008,-0.775,-0.018,0.631,0.432,1.162,0.256
2016-12-01 01:46:52.949,152.588,0.009,-0.775,-0.018,0.632,0.432,1.162,0.256
2016-12-01 01:46:52.961,152.588,0.009,-0.775,-0.018,0.632,0.432,1.162,0.256
2016-12-01 01:46:52.971,152.609,0.009,-0.775,-0.018,0.632,0.432,1.162,0.256
2016-12-01 01:46:52.983,152.609,0.010,-0.775,-0.018,0.632,0.432,1.162,0.255
2016-12-01 01:46:52.994,152.631,0.010,-0.774,-0.019,0.632,0.432,1.162,0.255
2016-12-01 01:46:53.005,152.631,0.010,-0.774,-0.019,0.633,0.433,1.162,0.255
2016-12-01 01:46:53.016,152.631,0.010,-0.774,-0.019,0.633,0.433,1.162,0.255
2016-12-01 01:46:53.027,152.652,0.010,-0.774,-0.019,0.633,0.433,1.162,0.255
2016-12-01 01:46:53.038,152.673,0.010,-0.774,-0.020,0.633,0.433,1.162,0.255
2016-12-01 01:46:53.050,152.673,0.010,-0.773,-0.020,0.633,0.433,1.162,0.254
2016-12-01 01:46:53.060,152.695,0.010,-0.773,-0.020,0.634,0.433,1.162,0.254
2016-12-01 01:46:53.072,152.695,0.010,-0.773,-0.020,0.634,0.434,1.162,0.254
2016-12-01 01:46:53.083,152.716,0.009,-0.773,-0.020,0.634,0.434,1.163,0.254
2016-12-01 01:46:53.094,152.716,0.009,-0.772,-0.020,0.635,0.434,1.163,0.254
2016-12-01 01:46:53.105,152.737,0.009,-0.772,-0.020,0.635,0.434,1.163,0.254
2016-12-01 01:46:53.117,152.759,0.008,-0.772,-0.020,0.635,0.434,1.162,0.254
2016-12-01 01:46:53.129,152.759,0.008,-0.772,-0.020,0.636,0.434,1.162,0.254
2016-12-01 01:46:53.139,152.780,0.008,-0.771,-0.020,0.636,0.435,1.162,0.254
2016-12-01 01:46:53.150,152.780,0.007,-0.771,-0.020,0.637,0.435,1.162,0.254
2016-12-01 01:46:53.161,152.801,0.007,-0.770,-0.020,0.637,0.435,1.162,0.253
2016-12-01 01:46:53.173,152.801,0.007,-0.770,-0.020,0.638,0.435,1.162,0.253
2016-12-01 01:46:53.184,152.801,0.006,-0.769,-0.020,0.638,0.436,1.162,0.253
2016-12-01 01:46:53.195,152.823,0.006,-0.769,-0.019,0.639,0.436,1.162,0.253
2016-12-01 01:46:53.206,152.844,0.006,-0.768,-0.019,0.640,0.436,1.162,0.253
2016-12-01 01:46:53.217,152.844,0.005,-0.768,-0.019,0.640,0.436,1.163,0.253
2016-12-01 01:46:53.228,152.865,0.005,-0.767,-0.019,0.641,0.436,1.163,0.253
2016-12-01 01:46:53.240,152.865,0.005,-0.767,-0.019,0.642,0.436,1.163,0.252
2016-12-01 01:46:53.250,152.887,0.005,-0.766,-0.018,0.642,0.437,1.163,0.252
2016-12-01 01:46:53.262,152.887,0.005,-0.766,-0.018,0.643,0.437,1.163,0.252
2016-12-01 01:46:53.273,152.908,0.005,-0.765,-0.018,0.643,0.437,1.163,0.252
2016-12-01 01:46:53.284,152.908,0.004,-0.765,-0.018,0.644,0.437,1.163,0.252
2016-12-01 01:46:53.295,152.929,0.004,-0.764,-0.019,0.645,0.437,1.163,0.252
2016-12-01 01:46:53.307,152.951,0.004,-0.764,-0.019,0.645,0.437,1.163,0.252
2016-12-01 01:46:53.318,152.951,0.004,-0.763,-0.019,0.646,0.437,1.163,0.252
2016-12-01 01:46:53.329,152.951,0.004,-0.762,-0.019,0.647,0.437,1.163,0.252
2016-12-01 01:46:53.340,152.972,0.004,-0.762,-0.019,0.648,0.437,1.163,0.252
2016-12-01 01:46:53.352,152.972,0.004,-0.761,-0.019,0.649,0.437,1.163,0.252
2016-12-01 01:46:53.362,152.993,0.003,-0.760,-0.019,0.649,0.437,1.163,0.252
2016-12-01 01:46:53.374,152.993,0.003,-0.759,-0.019,0.650,0.437,1.163,0.251
2016-12-01 01:46:53.385,153.015,0.003,-0.759,-0.019,0.651,0.437,1.163,0.251
2016-12-01 01:46:53.396,153.015,0.003,-0.758,-0.019,0.652,0.437,1.163,0.251
2016-12-01 01:46:53.407,153.036,0.003,-0.757,-0.019,0.653,0.437,1.163,0.251
2016-12-01 01:46:53.419,153.057,0.003,-0.756,-0.019,0.654,0.437,1.163,0.251
2016-12-01 01:46:53.429,153.057,0.003,-0.756,-0.019,0.655,0.437,1.163,0.251
2016-12-01 01:46:53.440,153.079,0.002,-0.755,-0.019,0.655,0.437,1.163,0.251
2016-12-01 01:46:53.451,153.079,0.002,-0.754,-0.019,0.656,0.437,1.163,0.251
2016-12-01 01:46:53.463,153.100,0.002,-0.754,-0.018,0.657,0.437,1.163,0.251
2016-12-01 01:46:53.474,153.100,0.002,-0.753,-0.019,0.658,0.438,1.163,0.250
2016-12-01 01:46:53.485,153.121,0.002,-0.753,-0.018,0.658,0.438,1.163,0.250
2016-12-01 01:46:53.497,153.121,0.002,-0.752,-0.019,0.659,0.438,1.163,0.250
2016-12-01 01:46:53.508,153.143,0.002,-0.752,-0.019,0.659,0.438,1.163,0.250
2016-12-01 01:46:53.519,153.143,0.001,-0.751,-0.019,0.660,0.438,1.163,0.250
2016-12-01 01:46:53.530,153.164,0.001,-0.751,-0.019,0.660,0.438,1.163,0.250
2016-12-01 01:46:53.541,153.164,0.001,-0.750,-0.019,0.661,0.438,1.163,0.250
2016-12-01 01:46:53.552,153.185,0.001,-0.750,-0.020,0.661,0.438,1.163,0.250
2016-12-01 01:46:53.563,153.185,0.000,-0.750,-0.020,0.662,0.438,1.163,0.250
2016-12-01 01:46:53.574,153.207,0.000,-0.749,-0.020,0.662,0.438,1.163,0.250
2016-12-01 01:46:53.586,153.207,0.000,-0.749,-0.020,0.662,0.438,1.163,0.249
2016-12-01 01:46:53.597,153.228,0.000,-0.749,-0.020,0.663,0.438,1.163,0.249
2016-12-01 01:46:53.608,153.249,0.000,-0.749,-0.021,0.663,0.438,1.164,0.249
2016-12-01 01:46:53.619,153.249,-0.001,-0.749,-0.021,0.663,0.438,1.164,0.249
2016-12-01 01:46:53.630,153.271,-0.001,-0.748,-0.021,0.663,0.439,1.164,0.249
2016-12-01 01:46:53.642,153.271,-0.002,-0.749,-0.021,0.663,0.439,1.164,0.249
2016-12-01 01:46:53.652,153.292,-0.002,-0.749,-0.021,0.663,0.439,1.164,0.249
2016-12-01 01:46:53.664,153.292,-0.002,-0.749,-0.021,0.663,0.439,1.164,0.249
2016-12-01 01:46:53.675,153.292,-0.003,-0.749,-0.021,0.662,0.439,1.164,0.248
2016-12-01 01:46:53.686,153.313,-0.003,-0.749,-0.021,0.662,0.439,1.164,0.248
2016-12-01 01:46:53.698,153.335,-0.004,-0.749,-0.021,0.662,0.439,1.164,0.248
2016-12-01 01:46:53.710,153.335,-0.004,-0.750,-0.021,0.662,0.439,1.164,0.248
2016-12-01 01:46:53.720,153.356,-0.004,-0.750,-0.021,0.661,0.439,1.164,0.248
2016-12-01 01:46:53.732,153.356,-0.004,-0.750,-0.021,0.661,0.439,1.164,0.248
2016-12-01 01:46:53.742,153.377,-0.005,-0.751,-0.020,0.660,0.439,1.164,0.247
2016-12-01 01:46:53.753,153.377,-0.005,-0.751,-0.020,0.660,0.439,1.164,0.247
2016-12-01 01:46:53.764,153.399,-0.006,-0.752,-0.020,0.659,0.439,1.164,0.247
2016-12-01 01:46:53.776,153.399,-0.006,-0.753,-0.020,0.658,0.439,1.164,0.247
2016-12-01 01:46:53.787,153.420,-0.007,-0.753,-0.020,0.658,0.439,1.164,0.247
2016-12-01 01:46:53.798,153.441,-0.007,-0.754,-0.020,0.657,0.439,1.164,0.247
2016-12-01 01:46:53.809,153.441,-0.007,-0.754,-0.020,0.656,0.440,1.164,0.246
2016-12-01 01:46:53.820,153.441,-0.008,-0.755,-0.020,0.655,0.440,1.164,0.246
2016-12-01 01:46:53.831,153.463,-0.008,-0.756,-0.020,0.655,0.440,1.164,0.246
2016-12-01 01:46:53.843,153.463,-0.008,-0.756,-0.020,0.654,0.440,1.164,0.246
2016-12-01 01:46:53.853,153.484,-0.009,-0.757,-0.020,0.653,0.440,1.164,0.246
2016-12-01 01:46:53.865,153.484,-0.009,-0.758,-0.020,0.652,0.440,1.164,0.246
2016-12-01 01:46:53.876,153.505,-0.009,-0.758,-0.020,0.652,0.440,1.165,0.245
2016-12-01 01:46:53.888,153.527,-0.009,-0.759,-0.020,0.651,0.440,1.165,0.245
2016-12-01 01:46:53.899,153.527,-0.009,-0.759,-0.020,0.650,0.440,1.165,0.245
2016-12-01 01:46:53.910,153.548,-0.010,-0.760,-0.020,0.650,0.441,1.165,0.245
2016-12-01 01:46:53.921,153.548,-0.010,-0.760,-0.020,0.649,0.441,1.165,0.245
2016-12-01 01:46:53.932,153.569,-0.010,-0.761,-0.020,0.648,0.441,1.165,0.245
2016-12-01 01:46:53.943,153.569,-0.010,-0.761,-0.020,0.648,0.441,1.165,0.245
2016-12-01 01:46:53.954,153.591,-0.010,-0.762,-0.020,0.647,0.441,1.165,0.245
2016-12-01 01:46:53.966,153.591,-0.011,-0.762,-0.020,0.647,0.441,1.165,0.245
2016-12-01 01:46:53.977,153.612,-0.011,-0.763,-0.020,0.646,0.441,1.165,0.245
2016-12-01 01:46:53.988,153.612,-0.011,-0.763,-0.020,0.646,0.441,1.165,0.245
2016-12-01 01:46:53.999,153.633,-0.011,-0.764,-0.020,0.645,0.442,1.165,0.245
2016-12-01 01:46:54.011,153.633,-0.011,-0.764,-0.020,0.644,0.442,1.165,0.245
2016-12-01 01:46:54.021,153.655,-0.011,-0.765,-0.020,0.644,0.442,1.165,0.245
2016-12-01 01:46:54.033,153.655,-0.011,-0.765,-0.020,0.643,0.442,1.165,0.245
2016-12-01 01:46:54.043,153.676,-0.011,-0.766,-0.020,0.643,0.442,1.165,0.245
2016-12-01 01:46:54.054,153.676,-0.011,-0.766,-0.021,0.642,0.442,1.165,0.245
2016-12-01 01:46:54.066,153.697,-0.011,-0.767,-0.021,0.641,0.442,1.165,0.245
2016-12-01 01:46:54.078,153.719,-0.011,-0.768,-0.021,0.640,0.442,1.165,0.245
2016-12-01 01:46:54.088,153.719,-0.012,-0.768,-0.021,0.640,0.443,1.165,0.245
2016-12-01 01:46:54.100,153.740,-0.012,-0.769,-0.021,0.639,0.443,1.165,0.246
2016-12-01 01:46:54.111,153.740,-0.012,-0.770,-0.021,0.638,0.443,1.165,0.246
2016-12-01 01:46:54.122,153.761,-0.012,-0.770,-0.021,0.637,0.443,1.165,0.246
2016-12-01 01:46:54.133,153.761,-0.012,-0.771,-0.022,0.636,0.443,1.165,0.246
2016-12-01 01:46:54.144,153.761,-0.012,-0.772,-0.022,0.635,0.443,1.165,0.246
2016-12-01 01:46:54.155,153.783,-0.012,-0.773,-0.022,0.634,0.443,1.165,0.246
2016-12-01 01:46:54.166,153.804,-0.013,-0.774,-0.022,0.633,0.444,1.165,0.246
2016-12-01 01:46:54.178,153.804,-0.013,-0.774,-0.023,0.632,0.444,1.165,0.246
2016-12-01 01:46:54.189,153.825,-0.013,-0.775,-0.023,0.631,0.444,1.165,0.246
2016-12-01 01:46:54.200,153.825,-0.013,-0.776,-0.023,0.630,0.444,1.165,0.246
2016-12-01 01:46:54.211,153.847,-0.014,-0.777,-0.023,0.629,0.444,1.165,0.246
2016-12-01 01:46:54.222,153.847,-0.014,-0.778,-0.023,0.628,0.444,1.165,0.246
2016-12-01 01:46:54.233,153.868,-0.014,-0.778,-0.023,0.627,0.444,1.165,0.246
2016-12-01 01:46:54.245,153.868,-0.014,-0.779,-0.024,0.626,0.445,1.165,0.246
2016-12-01 01:46:54.256,153.889,-0.014,-0.780,-0.024,0.625,0.444,1.165,0.246
2016-12-01 01:46:54.268,153.911,-0.014,-0.781,-0.024,0.624,0.445,1.165,0.246
2016-12-01 01:46:54.278,153.911,-0.014,-0.781,-0.024,0.623,0.445,1.165,0.246
2016-12-01 01:46:54.289,153.932,-0.014,-0.782,-0.023,0.622,0.445,1.165,0.246
2016-12-01 01:46:54.301,153.932,-0.014,-0.783,-0.023,0.622,0.445,1.165,0.247
2016-12-01 01:46:54.312,153.932,-0.014,-0.784,-0.023,0.621,0.445,1.165,0.247
2016-12-01 01:46:54.323,153.953,-0.014,-0.784,-0.023,0.620,0.445,1.165,0.247
2016-12-01 01:46:54.334,153.953,-0.014,-0.785,-0.023,0.619,0.445,1.165,0.247
2016-12-01 01:46:54.345,153.975,-0.014,-0.786,-0.023,0.618,0.445,1.165,0.247
2016-12-01 01:46:54.357,153.996,-0.014,-0.787,-0.023,0.617,0.445,1.165,0.247
2016-12-01 01:46:54.368,153.996,-0.013,-0.787,-0.023,0.616,0.444,1.165,0.247
2016-12-01 01:46:54.379,154.017,-0.013,-0.788,-0.023,0.615,0.444,1.165,0.247
2016-12-01 01:46:54.390,154.017,-0.013,-0.789,-0.023,0.614,0.444,1.165,0.247
2016-12-01 01:46:54.401,154.039,-0.013,-0.789,-0.023,0.613,0.444,1.165,0.247
2016-12-01 01:46:54.413,154.039,-0.012,-0.790,-0.023,0.613,0.444,1.165,0.247
2016-12-01 01:46:54.423,154.060,-0.012,-0.791,-0.023,0.612,0.444,1.165,0.247
2016-12-01 01:46:54.435,154.060,-0.012,-0.791,-0.023,0.611,0.444,1.165,0.248
2016-12-01 01:46:54.446,154.081,-0.012,-0.792,-0.023,0.610,0.444,1.165,0.248
2016-12-01 01:46:54.457,154.103,-0.011,-0.793,-0.023,0.609,0.444,1.165,0.248
2016-12-01 01:46:54.469,154.103,-0.011,-0.793,-0.023,0.609,0.444,1.165,0.248
2016-12-01 01:46:54.479,154.103,-0.010,-0.794,-0.022,0.608,0.444,1.165,0.248
2016-12-01 01:46:54.490,154.124,-0.010,-0.794,-0.022,0.607,0.444,1.165,0.248
2016-12-01 01:46:54.502,154.124,-0.010,-0.795,-0.022,0.606,0.443,1.165,0.248
2016-12-01 01:46:54.513,154.145,-0.009,-0.796,-0.022,0.605,0.443,1.165,0.248
2016-12-01 01:46:54.524,154.145,-0.009,-0.796,-0.022,0.605,0.443,1.165,0.248
2016-12-01 01:46:54.535,154.167,-0.008,-0.797,-0.022,0.604,0.443,1.165,0.248
2016-12-01 01:46:54.547,154.188,-0.008,-0.797,-0.022,0.603,0.443,1.165,0.249
2016-12-01 01:46:54.558,154.188,-0.008,-0.798,-0.022,0.602,0.443,1.164,0.249
2016-12-01 01:46:54.569,154.209,-0.008,-0.798,-0.022,0.602,0.443,1.164,0.249
2016-12-01 01:46:54.580,154.209,-0.007,-0.799,-0.022,0.601,0.443,1.164,0.249
2016-12-01 01:46:54.591,154.231,-0.007,-0.799,-0.022,0.600,0.442,1.164,0.249
2016-12-01 01:46:54.602,154.231,-0.007,-0.800,-0.021,0.600,0.442,1.164,0.249
2016-12-01 01:46:54.613,154.252,-0.007,-0.800,-0.021,0.599,0.442,1.164,0.249
2016-12-01 01:46:54.625,154.252,-0.007,-0.801,-0.021,0.598,0.442,1.164,0.249
2016-12-01 01:46:54.636,154.252,-0.006,-0.801,-0.021,0.598,0.442,1.164,0.249
2016-12-01 01:46:54.647,154.273,-0.006,-0.802,-0.021,0.597,0.442,1.164,0.249
2016-12-01 01:46:54.659,154.295,-0.006,-0.802,-0.021,0.596,0.442,1.164,0.249
2016-12-01 01:46:54.670,154.295,-0.005,-0.803,-0.021,0.596,0.442,1.164,0.249
2016-12-01 01:46:54.680,154.316,-0.005,-0.803,-0.020,0.595,0.442,1.164,0.250
2016-12-01 01:46:54.691,154.316,-0.005,-0.804,-0.020,0.594,0.442,1.164,0.250
2016-12-01 01:46:54.703,154.337,-0.005,-0.804,-0.020,0.594,0.442,1.164,0.250
2016-12-01 01:46:54.714,154.337,-0.004,-0.805,-0.020,0.593,0.441,1.164,0.250
2016-12-01 01:46:54.725,154.359,-0.004,-0.805,-0.020,0.592,0.441,1.164,0.250
2016-12-01 01:46:54.737,154.380,-0.004,-0.806,-0.020,0.591,0.441,1.164,0.250
2016-12-01 01:46:54.747,154.380,-0.004,-0.807,-0.020,0.591,0.441,1.164,0.250
2016-12-01 01:46:54.758,154.401,-0.004,-0.807,-0.020,0.590,0.441,1.164,0.250
2016-12-01 01:46:54.770,154.401,-0.004,-0.808,-0.020,0.589,0.441,1.164,0.250
2016-12-01 01:46:54.781,154.423,-0.003,-0.808,-0.020,0.589,0.441,1.164,0.250
2016-12-01 01:46:54.792,154.423,-0.003,-0.809,-0.020,0.588,0.441,1.164,0.250
2016-12-01 01:46:54.803,154.423,-0.003,-0.809,-0.020,0.587,0.441,1.164,0.251
2016-12-01 01:46:54.815,154.444,-0.003,-0.809,-0.020,0.587,0.441,1.164,0.251
2016-12-01 01:46:54.826,154.444,-0.003,-0.810,-0.020,0.586,0.441,1.164,0.251
2016-12-01 01:46:54.837,154.465,-0.003,-0.810,-0.020,0.586,0.441,1.164,0.251
2016-12-01 01:46:54.848,154.487,-0.003,-0.811,-0.020,0.585,0.440,1.164,0.251
2016-12-01 01:46:54.859,154.487,-0.002,-0.811,-0.020,0.585,0.440,1.164,0.251
2016-12-01 01:46:54.870,154.508,-0.002,-0.811,-0.020,0.584,0.440,1.164,0.251
2016-12-01 01:46:54.882,154.508,-0.002,-0.811,-0.020,0.584,0.440,1.164,0.251
2016-12-01 01:46:54.892,154.529,-0.002,-0.812,-0.020,0.584,0.440,1.164,0.251
2016-12-01 01:46:54.904,154.529,-0.002,-0.812,-0.020,0.584,0.440,1.164,0.251
2016-12-01 01:46:54.915,154.551,-0.002,-0.812,-0.020,0.583,0.440,1.164,0.251
2016-12-01 01:46:54.926,154.572,-0.002,-0.812,-0.020,0.583,0.440,1.164,0.252
2016-12-01 01:46:54.938,154.572,-0.001,-0.812,-0.020,0.583,0.440,1.164,0.252
2016-12-01 01:46:54.948,154.593,-0.001,-0.812,-0.020,0.583,0.440,1.164,0.252
2016-12-01 01:46:54.960,154.593,-0.001,-0.812,-0.020,0.583,0.440,1.164,0.252
2016-12-01 01:46:54.971,154.593,-0.001,-0.812,-0.020,0.583,0.440,1.164,0.252
2016-12-01 01:46:54.982,154.615,-0.001,-0.812,-0.020,0.583,0.440,1.164,0.252
2016-12-01 01:46:54.993,154.615,-0.001,-0.812,-0.019,0.583,0.440,1.164,0.252
2016-12-01 01:46:55.005,154.636,-0.001,-0.812,-0.019,0.583,0.440,1.164,0.252
2016-12-01 01:46:55.016,154.636,0.000,-0.812,-0.019,0.583,0.440,1.164,0.252
2016-12-01 01:46:55.027,154.657,0.000,-0.812,-0.019,0.583,0.440,1.164,0.252
2016-12-01 01:46:55.038,154.679,0.000,-0.812,-0.019,0.583,0.440,1.163,0.252
2016-12-01 01:46:55.049,154.679,0.000,-0.812,-0.019,0.583,0.440,1.163,0.252
2016-12-01 01:46:55.060,154.700,0.000,-0.812,-0.019,0.583,0.440,1.163,0.252
2016-12-01 01:46:55.072,154.700,0.001,-0.812,-0.019,0.584,0.440,1.163,0.252
2016-12-01 01:46:55.082,154.721,0.001,-0.812,-0.019,0.584,0.440,1.163,0.252
2016-12-01 01:46:55.094,154.721,0.001,-0.812,-0.019,0.584,0.440,1.163,0.252
2016-12-01 01:46:55.105,154.743,0.001,-0.811,-0.019,0.584,0.440,1.163,0.252
2016-12-01 01:46:55.116,154.743,0.001,-0.811,-0.019,0.585,0.440,1.163,0.252
2016-12-01 01:46:55.127,154.764,0.001,-0.811,-0.019,0.585,0.440,1.163,0.252
2016-12-01 01:46:55.139,154.764,0.001,-0.811,-0.019,0.585,0.440,1.163,0.252
2016-12-01 01:46:55.149,154.785,0.001,-0.810,-0.019,0.586,0.440,1.163,0.252
2016-12-01 01:46:55.160,154.785,0.002,-0.810,-0.018,0.586,0.440,1.163,0.252
2016-12-01 01:46:55.172,154.807,0.002,-0.810,-0.018,0.587,0.440,1.163,0.252
2016-12-01 01:46:55.183,154.807,0.002,-0.809,-0.018,0.587,0.439,1.163,0.252
2016-12-01 01:46:55.194,154.828,0.002,-0.809,-0.018,0.587,0.439,1.163,0.252
2016-12-01 01:46:55.206,154.828,0.002,-0.809,-0.018,0.588,0.439,1.163,0.252
2016-12-01 01:46:55.217,154.849,0.002,-0.809,-0.018,0.588,0.439,1.163,0.252
2016-12-01 01:46:55.228,154.871,0.002,-0.808,-0.018,0.589,0.439,1.163,0.252
2016-12-01 01:46:55.239,154.871,0.002,-0.808,-0.018,0.589,0.439,1.163,0.252
2016-12-01 01:46:55.250,154.892,0.002,-0.808,-0.018,0.589,0.439,1.163,0.252
2016-12-01 01:46:55.262,154.892,0.002,-0.807,-0.018,0.590,0.439,1.163,0.252
2016-12-01 01:46:55.272,154.913,0.002,-0.807,-0.018,0.590,0.439,1.163,0.252
2016-12-01 01:46:55.283,154.913,0.002,-0.807,-0.018,0.591,0.440,1.163,0.252
2016-12-01 01:46:55.295,154.913,0.002,-0.806,-0.018,0.591,0.440,1.163,0.252
2016-12-01 01:46:55.306,154.935,0.002,-0.806,-0.018,0.592,0.440,1.163,0.252
2016-12-01 01:46:55.317,154.956,0.002,-0.806,-0.018,0.592,0.439,1.163,0.252
2016-12-01 01:46:55.329,154.956,0.002,-0.805,-0.018,0.593,0.440,1.163,0.252
2016-12-01 01:46:55.339,154.977,0.002,-0.805,-0.018,0.593,0.440,1.163,0.252
2016-12-01 01:46:55.350,154.977,0.002,-0.804,-0.018,0.594,0.440,1.163,0.252
2016-12-01 01:46:55.361,154.999,0.002,-0.804,-0.018,0.594,0.440,1.163,0.252
2016-12-01 01:46:55.373,154.999,0.002,-0.803,-0.018,0.595,0.440,1.163,0.252
2016-12-01 01:46:55.384,155.020,0.003,-0.803,-0.018,0.596,0.440,1.163,0.252
2016-12-01 01:46:55.396,155.020,0.003,-0.803,-0.018,0.596,0.440,1.163,0.252
2016-12-01 01:46:55.406,155.041,0.003,-0.802,-0.017,0.597,0.440,1.163,0.252
2016-12-01 01:46:55.418,155.063,0.003,-0.801,-0.017,0.598,0.440,1.163,0.252
2016-12-01 01:46:55.429,155.063,0.003,-0.801,-0.017,0.599,0.440,1.163,0.252
2016-12-01 01:46:55.440,155.063,0.003,-0.800,-0.017,0.599,0.440,1.163,0.252
2016-12-01 01:46:55.451,155.084,0.003,-0.800,-0.017,0.600,0.440,1.163,0.252
2016-12-01 01:46:55.462,155.084,0.003,-0.799,-0.017,0.601,0.440,1.163,0.252
2016-12-01 01:46:55.473,155.105,0.003,-0.799,-0.017,0.601,0.440,1.163,0.251
2016-12-01 01:46:55.485,155.105,0.003,-0.798,-0.017,0.602,0.440,1.163,0.251
2016-12-01 01:46:55.496,155.127,0.003,-0.798,-0.017,0.603,0.440,1.163,0.251
2016-12-01 01:46:55.507,155.148,0.003,-0.797,-0.017,0.604,0.440,1.163,0.251
2016-12-01 01:46:55.518,155.148,0.003,-0.796,-0.017,0.604,0.440,1.163,0.251
2016-12-01 01:46:55.529,155.169,0.003,-0.796,-0.017,0.605,0.440,1.163,0.251
2016-12-01 01:46:55.541,155.169,0.003,-0.795,-0.017,0.606,0.440,1.163,0.251
2016-12-01 01:46:55.551,155.191,0.003,-0.795,-0.017,0.607,0.440,1.163,0.251
2016-12-01 01:46:55.563,155.191,0.003,-0.794,-0.017,0.608,0.440,1.163,0.251
2016-12-01 01:46:55.574,155.212,0.003,-0.793,-0.017,0.609,0.439,1.163,0.251
2016-12-01 01:46:55.585,155.212,0.003,-0.793,-0.017,0.609,0.439,1.163,0.251
2016-12-01 01:46:55.596,155.233,0.003,-0.792,-0.017,0.610,0.439,1.163,0.251
2016-12-01 01:46:55.608,155.233,0.003,-0.791,-0.017,0.611,0.439,1.163,0.251
2016-12-01 01:46:55.619,155.255,0.002,-0.791,-0.017,0.612,0.439,1.163,0.251
2016-12-01 01:46:55.630,155.255,0.002,-0.790,-0.017,0.613,0.439,1.163,0.251
2016-12-01 01:46:55.641,155.276,0.002,-0.789,-0.017,0.614,0.440,1.163,0.251
2016-12-01 01:46:55.653,155.276,0.002,-0.789,-0.017,0.614,0.440,1.163,0.251
2016-12-01 01:46:55.663,155.297,0.002,-0.788,-0.017,0.615,0.440,1.163,0.251
2016-12-01 01:46:55.675,155.297,0.002,-0.788,-0.017,0.616,0.440,1.163,0.251
2016-12-01 01:46:55.686,155.319,0.002,-0.787,-0.017,0.617,0.440,1.163,0.251
2016-12-01 01:46:55.697,155.340,0.002,-0.786,-0.017,0.618,0.440,1.163,0.251
2016-12-01 01:46:55.708,155.340,0.002,-0.786,-0.017,0.619,0.440,1.163,0.251
2016-12-01 01:46:55.719,155.361,0.002,-0.785,-0.016,0.620,0.440,1.163,0.251
2016-12-01 01:46:55.731,155.361,0.002,-0.784,-0.016,0.621,0.440,1.163,0.251
2016-12-01 01:46:55.741,155.383,0.002,-0.783,-0.016,0.622,0.440,1.163,0.251
2016-12-01 01:46:55.752,155.383,0.002,-0.782,-0.016,0.623,0.440,1.163,0.251
2016-12-01 01:46:55.764,155.404,0.002,-0.782,-0.016,0.623,0.440,1.163,0.251
2016-12-01 01:46:55.776,155.404,0.002,-0.781,-0.016,0.624,0.440,1.163,0.251
2016-12-01 01:46:55.786,155.404,0.002,-0.780,-0.016,0.625,0.440,1.163,0.251
2016-12-01 01:46:55.797,155.425,0.002,-0.779,-0.016,0.626,0.439,1.163,0.251
2016-12-01 01:46:55.809,155.447,0.002,-0.779,-0.016,0.627,0.439,1.163,0.251
2016-12-01 01:46:55.820,155.447,0.002,-0.778,-0.016,0.628,0.439,1.163,0.251
2016-12-01 01:46:55.831,155.468,0.002,-0.777,-0.016,0.629,0.439,1.163,0.251
2016-12-01 01:46:55.842,155.468,0.002,-0.776,-0.016,0.630,0.439,1.163,0.251
2016-12-01 01:46:55.853,155.489,0.002,-0.776,-0.016,0.631,0.439,1.163,0.251
2016-12-01 01:46:55.865,155.489,0.002,-0.775,-0.016,0.632,0.439,1.163,0.251
2016-12-01 01:46:55.875,155.511,0.002,-0.774,-0.016,0.633,0.439,1.163,0.251
2016-12-01 01:46:55.886,155.532,0.002,-0.773,-0.016,0.634,0.439,1.163,0.251
2016-12-01 01:46:55.898,155.532,0.002,-0.772,-0.016,0.635,0.439,1.163,0.251
2016-12-01 01:46:55.909,155.553,0.002,-0.771,-0.015,0.636,0.439,1.163,0.251
2016-12-01 01:46:55.920,155.553,0.002,-0.770,-0.016,0.637,0.439,1.163,0.251
2016-12-01 01:46:55.931,155.553,0.002,-0.770,-0.016,0.638,0.439,1.163,0.251
2016-12-01 01:46:55.943,155.575,0.002,-0.769,-0.016,0.639,0.439,1.163,0.251
2016-12-01 01:46:55.954,155.575,0.002,-0.768,-0.016,0.640,0.439,1.163,0.251
2016-12-01 01:46:55.965,155.596,0.002,-0.767,-0.016,0.641,0.439,1.163,0.251
2016-12-01 01:46:55.977,155.617,0.002,-0.766,-0.016,0.643,0.439,1.163,0.251
2016-12-01 01:46:55.988,155.617,0.002,-0.765,-0.016,0.644,0.439,1.163,0.251
2016-12-01 01:46:55.998,155.639,0.002,-0.764,-0.016,0.645,0.439,1.163,0.251
2016-12-01 01:46:56.010,155.639,0.002,-0.763,-0.016,0.646,0.439,1.163,0.251
2016-12-01 01:46:56.021,155.660,0.002,-0.762,-0.016,0.647,0.439,1.163,0.251
2016-12-01 01:46:56.032,155.660,0.002,-0.761,-0.016,0.648,0.439,1.163,0.251
2016-12-01 01:46:56.043,155.681,0.002,-0.761,-0.015,0.649,0.439,1.163,0.251
2016-12-01 01:46:56.054,155.681,0.002,-0.760,-0.015,0.650,0.439,1.163,0.251
2016-12-01 01:46:56.065,155.703,0.002,-0.759,-0.016,0.651,0.439,1.163,0.251
2016-12-01 01:46:56.077,155.724,0.002,-0.758,-0.016,0.653,0.439,1.163,0.251
2016-12-01 01:46:56.088,155.724,0.002,-0.757,-0.016,0.654,0.439,1.163,0.251
2016-12-01 01:46:56.099,155.724,0.002,-0.756,-0.016,0.655,0.439,1.163,0.251
2016-12-01 01:46:56.110,155.745,0.002,-0.755,-0.016,0.656,0.439,1.163,0.251
2016-12-01 01:46:56.121,155.745,0.002,-0.753,-0.016,0.657,0.439,1.163,0.251
2016-12-01 01:46:56.133,155.767,0.002,-0.752,-0.016,0.659,0.439,1.163,0.251
2016-12-01 01:46:56.144,155.767,0.002,-0.751,-0.016,0.660,0.439,1.163,0.251
2016-12-01 01:46:56.155,155.788,0.002,-0.750,-0.016,0.661,0.439,1.163,0.251
2016-12-01 01:46:56.166,155.809,0.002,-0.749,-0.016,0.662,0.439,1.163,0.251
2016-12-01 01:46:56.178,155.809,0.002,-0.748,-0.016,0.663,0.439,1.163,0.251
2016-12-01 01:46:56.189,155.831,0.002,-0.747,-0.016,0.665,0.439,1.163,0.251
2016-12-01 01:46:56.200,155.831,0.002,-0.746,-0.016,0.666,0.440,1.163,0.251
2016-12-01 01:46:56.211,155.852,0.002,-0.745,-0.016,0.667,0.440,1.163,0.251
2016-12-01 01:46:56.222,155.852,0.002,-0.744,-0.016,0.668,0.440,1.163,0.251
2016-12-01 01:46:56.233,155.873,0.002,-0.743,-0.017,0.669,0.440,1.163,0.251
2016-12-01 01:46:56.244,155.873,0.002,-0.742,-0.017,0.670,0.440,1.163,0.251
2016-12-01 01:46:56.255,155.873,0.002,-0.741,-0.017,0.671,0.440,1.163,0.250
2016-12-01 01:46:56.267,155.895,0.002,-0.740,-0.017,0.672,0.440,1.163,0.250
2016-12-01 01:46:56.278,155.916,0.001,-0.739,-0.017,0.674,0.440,1.163,0.250
2016-12-01 01:46:56.289,155.916,0.001,-0.738,-0.018,0.675,0.440,1.163,0.250
2016-12-01 01:46:56.300,155.937,0.001,-0.737,-0.018,0.676,0.440,1.163,0.250
2016-12-01 01:46:56.312,155.937,0.001,-0.736,-0.018,0.677,0.440,1.163,0.250
2016-12-01 01:46:56.323,155.959,0.000,-0.734,-0.018,0.679,0.440,1.163,0.250
2016-12-01 01:46:56.334,155.959,0.000,-0.733,-0.018,0.680,0.441,1.163,0.250
2016-12-01 01:46:56.345,155.980,0.000,-0.732,-0.018,0.681,0.441,1.163,0.250
2016-12-01 01:46:56.356,155.980,0.000,-0.731,-0.018,0.682,0.441,1.163,0.250
2016-12-01 01:46:56.367,156.001,-0.001,-0.730,-0.018,0.684,0.441,1.163,0.250
2016-12-01 01:46:56.379,156.023,-0.001,-0.728,-0.018,0.685,0.441,1.164,0.249
2016-12-01 01:46:56.390,156.023,-0.002,-0.727,-0.018,0.686,0.441,1.164,0.249
2016-12-01 01:46:56.401,156.044,-0.002,-0.726,-0.018,0.687,0.441,1.164,0.249
2016-12-01 01:46:56.412,156.044,-0.002,-0.725,-0.018,0.689,0.441,1.164,0.249
2016-12-01 01:46:56.423,156.044,-0.002,-0.724,-0.018,0.690,0.441,1.164,0.249
2016-12-01 01:46:56.434,156.065,-0.003,-0.722,-0.018,0.691,0.442,1.164,0.249
2016-12-01 01:46:56.445,156.065,-0.003,-0.721,-0.018,0.692,0.442,1.164,0.249
2016-12-01 01:46:56.456,156.087,-0.003,-0.720,-0.018,0.694,0.442,1.164,0.248
2016-12-01 01:46:56.467,156.108,-0.003,-0.719,-0.018,0.695,0.442,1.164,0.248
2016-12-01 01:46:56.479,156.108,-0.004,-0.718,-0.017,0.696,0.442,1.164,0.248
2016-12-01 01:46:56.490,156.129,-0.004,-0.716,-0.017,0.697,0.442,1.164,0.248
2016-12-01 01:46:56.501,156.129,-0.004,-0.715,-0.017,0.699,0.442,1.164,0.248
2016-12-01 01:46:56.512,156.151,-0.004,-0.714,-0.017,0.700,0.442,1.164,0.248
2016-12-01 01:46:56.524,156.151,-0.004,-0.713,-0.017,0.701,0.442,1.164,0.247
2016-12-01 01:46:56.535,156.172,-0.005,-0.712,-0.017,0.702,0.442,1.164,0.247
2016-12-01 01:46:56.546,156.193,-0.005,-0.710,-0.017,0.704,0.442,1.164,0.247
2016-12-01 01:46:56.557,156.193,-0.005,-0.709,-0.017,0.705,0.442,1.164,0.247
2016-12-01 01:46:56.568,156.215,-0.005,-0.708,-0.017,0.706,0.442,1.164,0.247
2016-12-01 01:46:56.579,156.215,-0.005,-0.707,-0.017,0.707,0.442,1.164,0.247
2016-12-01 01:46:56.590,156.215,-0.005,-0.705,-0.017,0.709,0.442,1.164,0.247
2016-12-01 01:46:56.601,156.236,-0.005,-0.704,-0.017,0.710,0.442,1.164,0.247
2016-12-01 01:46:56.613,156.236,-0.005,-0.703,-0.017,0.711,0.442,1.164,0.246
2016-12-01 01:46:56.624,156.257,-0.005,-0.702,-0.017,0.712,0.442,1.164,0.246
2016-12-01 01:46:56.635,156.257,-0.005,-0.701,-0.017,0.713,0.442,1.164,0.246
2016-12-01 01:46:56.646,156.279,-0.006,-0.700,-0.017,0.714,0.442,1.164,0.246
2016-12-01 01:46:56.657,156.300,-0.006,-0.699,-0.017,0.715,0.442,1.164,0.246
2016-12-01 01:46:56.669,156.300,-0.006,-0.698,-0.017,0.716,0.442,1.164,0.245
2016-12-01 01:46:56.680,156.321,-0.006,-0.697,-0.017,0.717,0.442,1.164,0.245
2016-12-01 01:46:56.691,156.321,-0.007,-0.696,-0.017,0.718,0.442,1.164,0.245
2016-12-01 01:46:56.703,156.343,-0.007,-0.695,-0.016,0.719,0.442,1.164,0.245
2016-12-01 01:46:56.714,156.343,-0.007,-0.694,-0.016,0.720,0.442,1.164,0.245
2016-12-01 01:46:56.725,156.364,-0.007,-0.693,-0.016,0.721,0.442,1.164,0.245
2016-12-01 01:46:56.736,156.364,-0.007,-0.692,-0.016,0.722,0.442,1.164,0.244
2016-12-01 01:46:56.747,156.385,-0.007,-0.691,-0.016,0.722,0.442,1.164,0.244
2016-12-01 01:46:56.758,156.385,-0.007,-0.691,-0.015,0.723,0.442,1.164,0.244
2016-12-01 01:46:56.769,156.407,-0.008,-0.690,-0.015,0.724,0.442,1.164,0.244
2016-12-01 01:46:56.781,156.407,-0.008,-0.689,-0.015,0.724,0.442,1.164,0.243
2016-12-01 01:46:56.792,156.428,-0.008,-0.689,-0.015,0.725,0.442,1.164,0.243
2016-12-01 01:46:56.803,156.428,-0.008,-0.688,-0.014,0.725,0.442,1.164,0.243
2016-12-01 01:46:56.814,156.449,-0.009,-0.688,-0.014,0.725,0.442,1.164,0.243
2016-12-01 01:46:56.825,156.449,-0.009,-0.688,-0.014,0.726,0.442,1.164,0.243
2016-12-01 01:46:56.836,156.471,-0.009,-0.688,-0.014,0.726,0.441,1.164,0.243
2016-12-01 01:46:56.848,156.492,-0.010,-0.687,-0.014,0.726,0.441,1.165,0.242
2016-12-01 01:46:56.859,156.492,-0.010,-0.687,-0.014,0.726,0.441,1.165,0.242
2016-12-01 01:46:56.869,156.513,-0.010,-0.687,-0.014,0.726,0.441,1.165,0.242
2016-12-01 01:46:56.880,156.513,-0.010,-0.687,-0.013,0.727,0.441,1.165,0.242
2016-12-01 01:46:56.892,156.535,-0.010,-0.687,-0.013,0.727,0.441,1.165,0.242
2016-12-01 01:46:56.904,156.535,-0.010,-0.687,-0.013,0.727,0.441,1.165,0.242
2016-12-01 01:46:56.915,156.535,-0.011,-0.687,-0.013,0.727,0.441,1.164,0.242
2016-12-01 01:46:56.926,156.556,-0.011,-0.687,-0.013,0.727,0.441,1.164,0.241
2016-12-01 01:46:56.937,156.577,-0.011,-0.687,-0.013,0.727,0.441,1.164,0.241
2016-12-01 01:46:56.948,156.577,-0.011,-0.687,-0.013,0.727,0.441,1.165,0.241
2016-12-01 01:46:56.959,156.599,-0.011,-0.687,-0.013,0.727,0.440,1.164,0.241
2016-12-01 01:46:56.971,156.599,-0.011,-0.687,-0.013,0.727,0.440,1.164,0.241
2016-12-01 01:46:56.982,156.620,-0.011,-0.687,-0.013,0.726,0.440,1.164,0.241
2016-12-01 01:46:56.993,156.620,-0.011,-0.687,-0.012,0.726,0.440,1.164,0.241
2016-12-01 01:46:57.004,156.641,-0.011,-0.687,-0.012,0.726,0.440,1.164,0.241
2016-12-01 01:46:57.015,156.641,-0.011,-0.688,-0.012,0.726,0.440,1.164,0.240
2016-12-01 01:46:57.026,156.663,-0.011,-0.688,-0.011,0.725,0.440,1.164,0.240
2016-12-01 01:46:57.037,156.684,-0.010,-0.689,-0.011,0.725,0.440,1.164,0.240
2016-12-01 01:46:57.048,156.684,-0.010,-0.689,-0.011,0.724,0.440,1.164,0.240
2016-12-01 01:46:57.059,156.684,-0.010,-0.690,-0.010,0.724,0.440,1.164,0.240
2016-12-01 01:46:57.071,156.705,-0.010,-0.691,-0.010,0.723,0.440,1.164,0.240
2016-12-01 01:46:57.083,156.705,-0.010,-0.691,-0.010,0.722,0.440,1.164,0.240
2016-12-01 01:46:57.093,156.727,-0.010,-0.692,-0.009,0.722,0.440,1.164,0.240
2016-12-01 01:46:57.105,156.727,-0.010,-0.693,-0.009,0.721,0.440,1.164,0.240
2016-12-01 01:46:57.115,156.748,-0.010,-0.693,-0.009,0.720,0.440,1.164,0.240
2016-12-01 01:46:57.127,156.769,-0.010,-0.694,-0.009,0.720,0.440,1.164,0.240
2016-12-01 01:46:57.138,156.769,-0.010,-0.695,-0.009,0.719,0.440,1.164,0.240
2016-12-01 01:46:57.149,156.791,-0.009,-0.696,-0.009,0.718,0.440,1.164,0.240
2016-12-01 01:46:57.160,156.791,-0.009,-0.696,-0.009,0.718,0.440,1.164,0.240
2016-12-01 01:46:57.171,156.812,-0.009,-0.697,-0.008,0.717,0.440,1.164,0.240
2016-12-01 01:46:57.182,156.812,-0.009,-0.698,-0.008,0.716,0.440,1.164,0.240
2016-12-01 01:46:57.193,156.833,-0.009,-0.699,-0.008,0.715,0.440,1.164,0.240
2016-12-01 01:46:57.205,156.833,-0.009,-0.700,-0.008,0.714,0.440,1.164,0.240
2016-12-01 01:46:57.216,156.855,-0.009,-0.701,-0.007,0.713,0.440,1.164,0.240
2016-12-01 01:46:57.227,156.855,-0.009,-0.702,-0.007,0.712,0.440,1.164,0.240
2016-12-01 01:46:57.238,156.876,-0.009,-0.703,-0.007,0.711,0.440,1.164,0.240
2016-12-01 01:46:57.250,156.876,-0.009,-0.704,-0.007,0.710,0.440,1.164,0.240
2016-12-01 01:46:57.261,156.897,-0.009,-0.705,-0.007,0.709,0.440,1.164,0.240
2016-12-01 01:46:57.272,156.897,-0.009,-0.706,-0.007,0.708,0.440,1.164,0.240
2016-12-01 01:46:57.283,156.919,-0.008,-0.707,-0.007,0.707,0.440,1.164,0.240
2016-12-01 01:46:57.294,156.919,-0.008,-0.708,-0.007,0.706,0.440,1.164,0.241
2016-12-01 01:46:57.305,156.940,-0.008,-0.709,-0.007,0.705,0.440,1.164,0.241
2016-12-01 01:46:57.317,156.961,-0.008,-0.710,-0.007,0.704,0.440,1.164,0.241
2016-12-01 01:46:57.328,156.961,-0.008,-0.711,-0.007,0.703,0.440,1.164,0.241
2016-12-01 01:46:57.339,156.983,-0.008,-0.712,-0.007,0.702,0.440,1.164,0.241
2016-12-01 01:46:57.350,156.983,-0.008,-0.714,-0.007,0.700,0.440,1.164,0.241
2016-12-01 01:46:57.361,157.004,-0.008,-0.715,-0.007,0.699,0.440,1.164,0.241
2016-12-01 01:46:57.373,157.004,-0.008,-0.716,-0.007,0.698,0.440,1.164,0.241
2016-12-01 01:46:57.384,157.025,-0.008,-0.717,-0.007,0.697,0.440,1.164,0.241
2016-12-01 01:46:57.395,157.025,-0.008,-0.718,-0.007,0.696,0.440,1.164,0.241
2016-12-01 01:46:57.406,157.025,-0.008,-0.720,-0.007,0.694,0.440,1.164,0.241
2016-12-01 01:46:57.417,157.047,-0.008,-0.721,-0.007,0.693,0.440,1.164,0.242
2016-12-01 01:46:57.428,157.068,-0.008,-0.722,-0.007,0.692,0.440,1.164,0.242
2016-12-01 01:46:57.440,157.068,-0.008,-0.723,-0.008,0.691,0.440,1.164,0.242
2016-12-01 01:46:57.451,157.089,-0.008,-0.724,-0.008,0.689,0.440,1.164,0.242
2016-12-01 01:46:57.462,157.089,-0.008,-0.726,-0.007,0.688,0.440,1.164,0.242
2016-12-01 01:46:57.473,157.111,-0.008,-0.727,-0.007,0.687,0.440,1.164,0.242
2016-12-01 01:46:57.485,157.111,-0.008,-0.728,-0.007,0.685,0.440,1.163,0.242
2016-12-01 01:46:57.495,157.132,-0.008,-0.730,-0.007,0.684,0.440,1.163,0.242
2016-12-01 01:46:57.507,157.153,-0.008,-0.731,-0.007,0.682,0.440,1.163,0.242
2016-12-01 01:46:57.517,157.153,-0.007,-0.732,-0.007,0.681,0.440,1.163,0.242
2016-12-01 01:46:57.529,157.175,-0.007,-0.734,-0.007,0.680,0.439,1.163,0.242
2016-12-01 01:46:57.540,157.175,-0.007,-0.735,-0.007,0.678,0.439,1.163,0.243
2016-12-01 01:46:57.551,157.175,-0.007,-0.736,-0.007,0.677,0.439,1.163,0.243
2016-12-01 01:46:57.562,157.196,-0.007,-0.738,-0.007,0.675,0.439,1.163,0.243
2016-12-01 01:46:57.574,157.196,-0.007,-0.739,-0.007,0.674,0.439,1.163,0.243
2016-12-01 01:46:57.584,157.217,-0.006,-0.740,-0.007,0.672,0.439,1.163,0.243
2016-12-01 01:46:57.596,157.239,-0.006,-0.741,-0.006,0.671,0.439,1.163,0.243
2016-12-01 01:46:57.607,157.239,-0.006,-0.743,-0.006,0.670,0.439,1.163,0.243
2016-12-01 01:46:57.618,157.260,-0.006,-0.744,-0.006,0.668,0.439,1.163,0.243
2016-12-01 01:46:57.629,157.260,-0.005,-0.745,-0.006,0.666,0.439,1.163,0.243
2016-12-01 01:46:57.641,157.281,-0.005,-0.747,-0.006,0.665,0.439,1.163,0.243
2016-12-01 01:46:57.652,157.281,-0.005,-0.748,-0.006,0.663,0.439,1.163,0.243
2016-12-01 01:46:57.663,157.303,-0.005,-0.750,-0.006,0.662,0.439,1.163,0.244
2016-12-01 01:46:57.675,157.303,-0.005,-0.751,-0.006,0.660,0.439,1.163,0.244
2016-12-01 01:46:57.685,157.324,-0.005,-0.753,-0.006,0.658,0.439,1.163,0.244
2016-12-01 01:46:57.697,157.345,-0.005,-0.754,-0.006,0.656,0.439,1.163,0.244
2016-12-01 01:46:57.707,157.345,-0.005,-0.756,-0.007,0.655,0.439,1.164,0.244
2016-12-01 01:46:57.718,157.345,-0.005,-0.758,-0.007,0.653,0.438,1.164,0.244
2016-12-01 01:46:57.730,157.367,-0.005,-0.759,-0.007,0.651,0.439,1.164,0.244
2016-12-01 01:46:57.741,157.367,-0.005,-0.761,-0.007,0.649,0.439,1.164,0.244
2016-12-01 01:46:57.752,157.388,-0.006,-0.763,-0.008,0.647,0.439,1.164,0.244
2016-12-01 01:46:57.763,157.388,-0.006,-0.764,-0.008,0.645,0.439,1.164,0.244
2016-12-01 01:46:57.774,157.409,-0.006,-0.766,-0.008,0.643,0.439,1.164,0.244
2016-12-01 01:46:57.786,157.431,-0.007,-0.768,-0.008,0.641,0.439,1.164,0.244
2016-12-01 01:46:57.797,157.431,-0.007,-0.769,-0.008,0.639,0.439,1.164,0.244
2016-12-01 01:46:57.808,157.452,-0.007,-0.771,-0.008,0.637,0.438,1.164,0.244
2016-12-01 01:46:57.819,157.452,-0.007,-0.772,-0.008,0.635,0.438,1.164,0.244
2016-12-01 01:46:57.830,157.473,-0.007,-0.774,-0.008,0.633,0.438,1.164,0.245
2016-12-01 01:46:57.842,157.473,-0.007,-0.776,-0.008,0.631,0.438,1.164,0.245
2016-12-01 01:46:57.853,157.495,-0.007,-0.777,-0.008,0.629,0.438,1.163,0.245
2016-12-01 01:46:57.864,157.495,-0.007,-0.779,-0.008,0.628,0.438,1.163,0.245
2016-12-01 01:46:57.875,157.495,-0.006,-0.780,-0.008,0.626,0.438,1.163,0.245
2016-12-01 01:46:57.886,157.516,-0.006,-0.781,-0.007,0.624,0.437,1.163,0.245
2016-12-01 01:46:57.897,157.537,-0.006,-0.782,-0.007,0.623,0.437,1.163,0.245
2016-12-01 01:46:57.909,157.537,-0.005,-0.784,-0.007,0.621,0.437,1.163,0.245
2016-12-01 01:46:57.920,157.559,-0.005,-0.785,-0.006,0.620,0.437,1.163,0.245
2016-12-01 01:46:57.931,157.559,-0.005,-0.786,-0.006,0.619,0.437,1.163,0.245
2016-12-01 01:46:57.942,157.580,-0.004,-0.787,-0.005,0.617,0.437,1.163,0.245
2016-12-01 01:46:57.953,157.580,-0.004,-0.788,-0.005,0.616,0.436,1.163,0.245
2016-12-01 01:46:57.964,157.601,-0.004,-0.789,-0.005,0.615,0.436,1.163,0.245
2016-12-01 01:46:57.976,157.623,-0.003,-0.790,-0.005,0.613,0.436,1.163,0.246
2016-12-01 01:46:57.987,157.623,-0.003,-0.791,-0.005,0.612,0.436,1.163,0.246
2016-12-01 01:46:57.998,157.644,-0.003,-0.792,-0.005,0.611,0.436,1.163,0.246
2016-12-01 01:46:58.009,157.644,-0.002,-0.792,-0.005,0.610,0.436,1.163,0.246
2016-12-01 01:46:58.020,157.665,-0.002,-0.793,-0.005,0.609,0.436,1.163,0.247
2016-12-01 01:46:58.032,157.665,-0.001,-0.794,-0.005,0.608,0.436,1.163,0.247
2016-12-01 01:46:58.043,157.665,-0.001,-0.795,-0.005,0.607,0.436,1.163,0.247
2016-12-01 01:46:58.054,157.687,-0.001,-0.796,-0.005,0.606,0.435,1.163,0.247
2016-12-01 01:46:58.065,157.687,-0.001,-0.796,-0.006,0.605,0.435,1.163,0.247
2016-12-01 01:46:58.076,157.708,-0.001,-0.797,-0.006,0.604,0.435,1.163,0.247
2016-12-01 01:46:58.088,157.729,-0.001,-0.798,-0.006,0.603,0.435,1.163,0.248
2016-12-01 01:46:58.099,157.729,-0.001,-0.799,-0.006,0.602,0.435,1.163,0.248
2016-12-01 01:46:58.109,157.751,-0.001,-0.799,-0.007,0.601,0.435,1.163,0.248
2016-12-01 01:46:58.121,157.751,-0.001,-0.800,-0.007,0.600,0.435,1.163,0.248
2016-12-01 01:46:58.132,157.772,-0.001,-0.801,-0.007,0.599,0.435,1.163,0.248
2016-12-01 01:46:58.143,157.772,-0.001,-0.801,-0.007,0.598,0.435,1.163,0.248
2016-12-01 01:46:58.154,157.793,-0.001,-0.802,-0.007,0.597,0.435,1.163,0.248
2016-12-01 01:46:58.166,157.793,-0.001,-0.803,-0.008,0.597,0.435,1.163,0.248
2016-12-01 01:46:58.176,157.815,-0.001,-0.803,-0.008,0.596,0.435,1.163,0.248
2016-12-01 01:46:58.187,157.836,0.000,-0.804,-0.008,0.595,0.435,1.163,0.248
2016-12-01 01:46:58.200,157.836,0.000,-0.804,-0.008,0.594,0.435,1.164,0.249
2016-12-01 01:46:58.210,157.836,0.000,-0.805,-0.008,0.593,0.434,1.164,0.249
2016-12-01 01:46:58.221,157.857,0.000,-0.805,-0.008,0.593,0.434,1.164,0.249
2016-12-01 01:46:58.233,157.857,0.000,-0.806,-0.008,0.592,0.434,1.164,0.249
2016-12-01 01:46:58.244,157.879,0.000,-0.807,-0.008,0.591,0.434,1.164,0.249
2016-12-01 01:46:58.255,157.879,0.000,-0.807,-0.008,0.590,0.434,1.164,0.249
2016-12-01 01:46:58.266,157.900,0.000,-0.808,-0.008,0.590,0.434,1.164,0.249
2016-12-01 01:46:58.277,157.921,0.001,-0.808,-0.008,0.589,0.434,1.164,0.249
2016-12-01 01:46:58.288,157.921,0.001,-0.809,-0.008,0.588,0.434,1.164,0.249
2016-12-01 01:46:58.299,157.943,0.001,-0.809,-0.008,0.588,0.434,1.164,0.249
2016-12-01 01:46:58.311,157.943,0.001,-0.810,-0.008,0.587,0.434,1.164,0.249
2016-12-01 01:46:58.322,157.964,0.002,-0.810,-0.008,0.587,0.434,1.164,0.249
2016-12-01 01:46:58.333,157.964,0.002,-0.810,-0.008,0.586,0.434,1.163,0.249
2016-12-01 01:46:58.344,157.985,0.002,-0.810,-0.008,0.586,0.434,1.164,0.249
2016-12-01 01:46:58.355,157.985,0.002,-0.810,-0.008,0.586,0.434,1.164,0.249
2016-12-01 01:46:58.366,158.007,0.002,-0.810,-0.008,0.586,0.434,1.163,0.249
2016-12-01 01:46:58.378,158.007,0.002,-0.810,-0.008,0.586,0.434,1.163,0.249
2016-12-01 01:46:58.389,158.028,0.002,-0.810,-0.008,0.586,0.434,1.163,0.249
2016-12-01 01:46:58.401,158.028,0.002,-0.810,-0.008,0.586,0.434,1.164,0.249
2016-12-01 01:46:58.411,158.049,0.002,-0.810,-0.009,0.587,0.434,1.163,0.250
2016-12-01 01:46:58.423,158.049,0.002,-0.809,-0.009,0.587,0.434,1.163,0.250
2016-12-01 01:46:58.433,158.071,0.002,-0.809,-0.009,0.588,0.434,1.163,0.250
2016-12-01 01:46:58.445,158.071,0.003,-0.809,-0.009,0.588,0.434,1.163,0.250
2016-12-01 01:46:58.456,158.092,0.003,-0.808,-0.009,0.589,0.434,1.163,0.250
2016-12-01 01:46:58.467,158.113,0.003,-0.808,-0.009,0.589,0.434,1.163,0.250
2016-12-01 01:46:58.478,158.113,0.003,-0.807,-0.009,0.590,0.434,1.163,0.250
2016-12-01 01:46:58.489,158.135,0.003,-0.807,-0.009,0.591,0.434,1.163,0.250
2016-12-01 01:46:58.501,158.135,0.003,-0.806,-0.009,0.592,0.434,1.163,0.250
2016-12-01 01:46:58.512,158.156,0.003,-0.806,-0.009,0.592,0.434,1.163,0.251
2016-12-01 01:46:58.523,158.156,0.004,-0.805,-0.009,0.593,0.435,1.163,0.251
2016-12-01 01:46:58.534,158.156,0.004,-0.804,-0.009,0.594,0.435,1.163,0.251
2016-12-01 01:46:58.545,158.177,0.004,-0.804,-0.009,0.595,0.435,1.163,0.251
2016-12-01 01:46:58.557,158.199,0.004,-0.803,-0.009,0.595,0.435,1.163,0.251
2016-12-01 01:46:58.568,158.199,0.004,-0.803,-0.009,0.596,0.435,1.163,0.251
2016-12-01 01:46:58.579,158.220,0.004,-0.802,-0.009,0.597,0.435,1.163,0.251
2016-12-01 01:46:58.590,158.220,0.005,-0.802,-0.009,0.598,0.435,1.163,0.251
2016-12-01 01:46:58.601,158.241,0.005,-0.801,-0.009,0.599,0.435,1.163,0.251
2016-12-01 01:46:58.613,158.241,0.005,-0.800,-0.009,0.599,0.435,1.163,0.251
2016-12-01 01:46:58.623,158.263,0.005,-0.800,-0.009,0.600,0.435,1.163,0.251
2016-12-01 01:46:58.635,158.263,0.005,-0.799,-0.010,0.601,0.435,1.163,0.251
2016-12-01 01:46:58.646,158.284,0.005,-0.798,-0.010,0.602,0.435,1.163,0.251
2016-12-01 01:46:58.657,158.305,0.005,-0.797,-0.010,0.603,0.435,1.163,0.251
2016-12-01 01:46:58.668,158.305,0.005,-0.796,-0.011,0.605,0.435,1.163,0.251
2016-12-01 01:46:58.679,158.305,0.004,-0.796,-0.011,0.606,0.435,1.163,0.252
2016-12-01 01:46:58.690,158.327,0.004,-0.795,-0.011,0.607,0.435,1.163,0.252
2016-12-01 01:46:58.702,158.327,0.004,-0.794,-0.012,0.608,0.435,1.163,0.252
2016-12-01 01:46:58.713,158.348,0.004,-0.793,-0.012,0.610,0.435,1.163,0.252
2016-12-01 01:46:58.724,158.348,0.004,-0.792,-0.012,0.611,0.435,1.163,0.252
2016-12-01 01:46:58.735,158.369,0.004,-0.791,-0.012,0.612,0.435,1.163,0.252
2016-12-01 01:46:58.746,158.391,0.004,-0.790,-0.012,0.614,0.435,1.163,0.251
2016-12-01 01:46:58.757,158.391,0.004,-0.789,-0.012,0.615,0.435,1.163,0.252
2016-12-01 01:46:58.769,158.412,0.004,-0.787,-0.012,0.616,0.435,1.163,0.251
2016-12-01 01:46:58.780,158.412,0.004,-0.786,-0.012,0.618,0.435,1.163,0.251
2016-12-01 01:46:58.791,158.433,0.005,-0.785,-0.011,0.619,0.435,1.163,0.251
2016-12-01 01:46:58.803,158.433,0.005,-0.784,-0.011,0.621,0.434,1.163,0.251
2016-12-01 01:46:58.813,158.455,0.006,-0.783,-0.011,0.622,0.434,1.163,0.251
2016-12-01 01:46:58.825,158.455,0.006,-0.782,-0.010,0.624,0.434,1.163,0.251
2016-12-01 01:46:58.836,158.476,0.006,-0.781,-0.010,0.625,0.434,1.163,0.251
2016-12-01 01:46:58.847,158.476,0.006,-0.780,-0.010,0.626,0.434,1.163,0.251
2016-12-01 01:46:58.858,158.497,0.006,-0.779,-0.010,0.627,0.434,1.163,0.251
2016-12-01 01:46:58.869,158.497,0.006,-0.778,-0.010,0.629,0.434,1.163,0.251
2016-12-01 01:46:58.880,158.519,0.007,-0.777,-0.010,0.630,0.434,1.163,0.251
2016-12-01 01:46:58.891,158.519,0.006,-0.776,-0.009,0.631,0.434,1.163,0.251
2016-12-01 01:46:58.903,158.540,0.006,-0.775,-0.009,0.632,0.434,1.163,0.251
2016-12-01 01:46:58.914,158.540,0.006,-0.774,-0.009,0.633,0.434,1.163,0.251
2016-12-01 01:46:58.925,158.561,0.006,-0.773,-0.009,0.634,0.434,1.163,0.251
2016-12-01 01:46:58.936,158.583,0.006,-0.772,-0.009,0.636,0.434,1.163,0.251
2016-12-01 01:46:58.947,158.583,0.007,-0.771,-0.009,0.637,0.434,1.163,0.251
2016-12-01 01:46:58.959,158.604,0.006,-0.770,-0.009,0.638,0.434,1.163,0.250
2016-12-01 01:46:58.970,158.604,0.006,-0.769,-0.009,0.639,0.434,1.163,0.250
2016-12-01 01:46:58.981,158.625,0.006,-0.768,-0.009,0.640,0.434,1.163,0.250
2016-12-01 01:46:58.992,158.625,0.006,-0.767,-0.009,0.642,0.434,1.163,0.250
2016-12-01 01:46:59.003,158.647,0.005,-0.766,-0.009,0.643,0.434,1.163,0.250
2016-12-01 01:46:59.014,158.647,0.005,-0.765,-0.010,0.644,0.435,1.163,0.250
2016-12-01 01:46:59.025,158.647,0.004,-0.764,-0.010,0.645,0.435,1.163,0.250
2016-12-01 01:46:59.037,158.668,0.004,-0.763,-0.010,0.646,0.435,1.163,0.250
2016-12-01 01:46:59.048,158.689,0.004,-0.762,-0.010,0.647,0.435,1.163,0.250
2016-12-01 01:46:59.059,158.689,0.003,-0.761,-0.010,0.648,0.435,1.163,0.250
2016-12-01 01:46:59.070,158.711,0.003,-0.760,-0.010,0.650,0.435,1.163,0.250
2016-12-01 01:46:59.082,158.711,0.002,-0.759,-0.010,0.651,0.435,1.163,0.249
2016-12-01 01:46:59.093,158.732,0.002,-0.758,-0.009,0.652,0.435,1.163,0.249
2016-12-01 01:46:59.104,158.732,0.002,-0.757,-0.009,0.653,0.435,1.163,0.249
2016-12-01 01:46:59.115,158.753,0.002,-0.757,-0.009,0.654,0.435,1.163,0.249
2016-12-01 01:46:59.126,158.775,0.002,-0.756,-0.009,0.655,0.435,1.163,0.249
2016-12-01 01:46:59.137,158.775,0.002,-0.755,-0.008,0.656,0.435,1.163,0.249
2016-12-01 01:46:59.149,158.796,0.002,-0.754,-0.008,0.657,0.434,1.163,0.249
2016-12-01 01:46:59.160,158.796,0.002,-0.753,-0.008,0.658,0.434,1.163,0.249
2016-12-01 01:46:59.171,158.796,0.002,-0.752,-0.008,0.659,0.434,1.163,0.249
2016-12-01 01:46:59.182,158.817,0.002,-0.752,-0.008,0.659,0.434,1.163,0.249
2016-12-01 01:46:59.193,158.817,0.002,-0.751,-0.008,0.660,0.435,1.163,0.248
2016-12-01 01:46:59.204,158.839,0.002,-0.750,-0.008,0.661,0.435,1.163,0.248
2016-12-01 01:46:59.216,158.839,0.002,-0.750,-0.008,0.662,0.435,1.163,0.248
2016-12-01 01:46:59.226,158.860,0.001,-0.749,-0.008,0.663,0.435,1.163,0.248
2016-12-01 01:46:59.238,158.881,0.001,-0.748,-0.008,0.663,0.435,1.163,0.248
2016-12-01 01:46:59.249,158.881,0.001,-0.748,-0.008,0.664,0.435,1.163,0.248
2016-12-01 01:46:59.260,158.903,0.000,-0.747,-0.008,0.665,0.435,1.163,0.248
2016-12-01 01:46:59.271,158.903,-0.001,-0.746,-0.008,0.665,0.435,1.163,0.247
2016-12-01 01:46:59.283,158.924,-0.001,-0.746,-0.008,0.666,0.436,1.163,0.247
2016-12-01 01:46:59.293,158.924,-0.001,-0.745,-0.008,0.666,0.436,1.164,0.247
2016-12-01 01:46:59.305,158.945,-0.002,-0.745,-0.008,0.667,0.436,1.164,0.247
2016-12-01 01:46:59.316,158.967,-0.003,-0.744,-0.008,0.668,0.436,1.164,0.247
2016-12-01 01:46:59.328,158.967,-0.003,-0.744,-0.008,0.668,0.436,1.164,0.246
2016-12-01 01:46:59.338,158.967,-0.003,-0.744,-0.008,0.669,0.436,1.163,0.246
2016-12-01 01:46:59.350,158.988,-0.004,-0.743,-0.008,0.669,0.437,1.163,0.246
2016-12-01 01:46:59.361,158.988,-0.004,-0.742,-0.008,0.670,0.437,1.163,0.246
2016-12-01 01:46:59.372,159.009,-0.005,-0.742,-0.008,0.670,0.437,1.163,0.245
2016-12-01 01:46:59.384,159.009,-0.005,-0.741,-0.007,0.671,0.437,1.163,0.245
2016-12-01 01:46:59.394,159.031,-0.005,-0.741,-0.007,0.672,0.437,1.163,0.245
2016-12-01 01:46:59.406,159.031,-0.006,-0.740,-0.007,0.672,0.437,1.163,0.245
2016-12-01 01:46:59.416,159.052,-0.006,-0.740,-0.007,0.673,0.437,1.163,0.244
2016-12-01 01:46:59.427,159.073,-0.006,-0.739,-0.006,0.674,0.437,1.163,0.244
2016-12-01 01:46:59.439,159.073,-0.006,-0.738,-0.006,0.674,0.437,1.163,0.244
2016-12-01 01:46:59.450,159.095,-0.006,-0.738,-0.006,0.675,0.437,1.163,0.244
2016-12-01 01:46:59.461,159.095,-0.006,-0.737,-0.006,0.676,0.437,1.163,0.244
2016-12-01 01:46:59.472,159.116,-0.006,-0.737,-0.006,0.676,0.437,1.163,0.244
2016-12-01 01:46:59.483,159.116,-0.006,-0.736,-0.005,0.677,0.437,1.163,0.244
2016-12-01 01:46:59.494,159.116,-0.005,-0.735,-0.005,0.678,0.437,1.163,0.244
2016-12-01 01:46:59.506,159.137,-0.005,-0.735,-0.005,0.678,0.437,1.163,0.244
2016-12-01 01:46:59.517,159.159,-0.005,-0.734,-0.005,0.679,0.437,1.163,0.244
2016-12-01 01:46:59.528,159.159,-0.005,-0.733,-0.006,0.680,0.437,1.163,0.243
2016-12-01 01:46:59.539,159.180,-0.005,-0.732,-0.006,0.681,0.437,1.163,0.243
2016-12-01 01:46:59.551,159.180,-0.005,-0.732,-0.006,0.682,0.438,1.163,0.243
2016-12-01 01:46:59.562,159.201,-0.005,-0.731,-0.006,0.682,0.438,1.163,0.243
2016-12-01 01:46:59.573,159.201,-0.005,-0.730,-0.006,0.683,0.438,1.163,0.243
2016-12-01 01:46:59.584,159.223,-0.005,-0.729,-0.006,0.684,0.438,1.163,0.243
2016-12-01 01:46:59.595,159.223,-0.005,-0.729,-0.006,0.685,0.438,1.163,0.243
2016-12-01 01:46:59.606,159.244,-0.005,-0.728,-0.006,0.686,0.438,1.163,0.243
2016-12-01 01:46:59.618,159.265,-0.006,-0.727,-0.006,0.686,0.438,1.163,0.243
2016-12-01 01:46:59.629,159.265,-0.006,-0.726,-0.006,0.687,0.438,1.163,0.243
2016-12-01 01:46:59.640,159.287,-0.005,-0.726,-0.006,0.688,0.438,1.163,0.243
2016-12-01 01:46:59.651,159.287,-0.005,-0.725,-0.006,0.689,0.438,1.163,0.243
2016-12-01 01:46:59.662,159.287,-0.005,-0.724,-0.006,0.690,0.438,1.163,0.243
2016-12-01 01:46:59.673,159.308,-0.005,-0.723,-0.006,0.691,0.438,1.163,0.243
2016-12-01 01:46:59.685,159.308,-0.005,-0.723,-0.005,0.691,0.438,1.163,0.243
2016-12-01 01:46:59.695,159.329,-0.005,-0.722,-0.005,0.692,0.438,1.163,0.243
2016-12-01 01:46:59.708,159.351,-0.005,-0.721,-0.005,0.693,0.438,1.163,0.243
2016-12-01 01:46:59.718,159.351,-0.004,-0.720,-0.006,0.694,0.438,1.163,0.243
2016-12-01 01:46:59.729,159.372,-0.004,-0.720,-0.006,0.694,0.438,1.163,0.243
2016-12-01 01:46:59.741,159.372,-0.004,-0.719,-0.006,0.695,0.438,1.163,0.243
2016-12-01 01:46:59.751,159.393,-0.004,-0.718,-0.006,0.696,0.438,1.163,0.243
2016-12-01 01:46:59.763,159.393,-0.004,-0.718,-0.006,0.696,0.438,1.163,0.243
2016-12-01 01:46:59.774,159.415,-0.004,-0.717,-0.006,0.697,0.438,1.163,0.244
2016-12-01 01:46:59.785,159.415,-0.004,-0.716,-0.006,0.698,0.438,1.163,0.244
2016-12-01 01:46:59.796,159.436,-0.004,-0.715,-0.006,0.699,0.438,1.163,0.244
2016-12-01 01:46:59.808,159.457,-0.004,-0.715,-0.006,0.699,0.438,1.163,0.244
2016-12-01 01:46:59.818,159.457,-0.004,-0.714,-0.006,0.700,0.438,1.163,0.244
2016-12-01 01:46:59.830,159.457,-0.004,-0.713,-0.006,0.701,0.438,1.163,0.244
2016-12-01 01:46:59.841,159.479,-0.004,-0.712,-0.006,0.702,0.437,1.163,0.244
2016-12-01 01:46:59.852,159.479,-0.004,-0.712,-0.006,0.702,0.437,1.163,0.244
2016-12-01 01:46:59.863,159.500,-0.004,-0.711,-0.006,0.703,0.437,1.163,0.244
2016-12-01 01:46:59.875,159.500,-0.004,-0.710,-0.006,0.704,0.437,1.163,0.244
2016-12-01 01:46:59.885,159.521,-0.003,-0.710,-0.006,0.705,0.437,1.163,0.244
2016-12-01 01:46:59.897,159.543,-0.003,-0.709,-0.006,0.705,0.437,1.163,0.244
2016-12-01 01:46:59.909,159.543,-0.003,-0.708,-0.006,0.706,0.437,1.163,0.244
2016-12-01 01:46:59.919,159.564,-0.003,-0.708,-0.006,0.707,0.437,1.163,0.244
2016-12-01 01:46:59.931,159.564,-0.003,-0.707,-0.006,0.707,0.437,1.163,0.244
2016-12-01 01:46:59.942,159.585,-0.003,-0.706,-0.006,0.708,0.437,1.163,0.244
2016-12-01 01:46:59.953,159.585,-0.003,-0.706,-0.006,0.708,0.437,1.163,0.244
2016-12-01 01:46:59.964,159.607,-0.003,-0.705,-0.006,0.709,0.437,1.163,0.244
2016-12-01 01:46:59.976,159.607,-0.003,-0.705,-0.006,0.709,0.437,1.163,0.245
2016-12-01 01:46:59.986,159.628,-0.003,-0.704,-0.006,0.710,0.437,1.163,0.245
2016-12-01 01:46:59.998,159.628,-0.003,-0.704,-0.006,0.710,0.437,1.163,0.245
2016-12-01 01:47:00.008,159.649,-0.003,-0.703,-0.006,0.711,0.437,1.163,0.245
2016-12-01 01:47:00.019,159.649,-0.003,-0.703,-0.006,0.711,0.436,1.163,0.245
2016-12-01 01:47:00.031,159.671,-0.002,-0.703,-0.006,0.712,0.436,1.163,0.245
2016-12-01 01:47:00.042,159.671,-0.002,-0.702,-0.006,0.712,0.436,1.163,0.245
2016-12-01 01:47:00.053,159.692,-0.002,-0.702,-0.006,0.712,0.436,1.163,0.245
2016-12-01 01:47:00.064,159.692,-0.002,-0.702,-0.006,0.713,0.436,1.163,0.245
2016-12-01 01:47:00.075,159.713,-0.002,-0.701,-0.006,0.713,0.436,1.163,0.245
2016-12-01 01:47:00.087,159.735,-0.002,-0.701,-0.006,0.713,0.436,1.163,0.245
2016-12-01 01:47:00.098,159.735,-0.002,-0.701,-0.006,0.713,0.436,1.163,0.245
2016-12-01 01:47:00.109,159.756,-0.002,-0.701,-0.006,0.713,0.436,1.163,0.245
2016-12-01 01:47:00.120,159.756,-0.002,-0.701,-0.005,0.714,0.436,1.163,0.245
2016-12-01 01:47:00.132,159.777,-0.002,-0.700,-0.005,0.714,0.436,1.163,0.245
2016-12-01 01:47:00.143,159.777,-0.002,-0.700,-0.005,0.714,0.435,1.163,0.244
2016-12-01 01:47:00.154,159.777,-0.002,-0.700,-0.005,0.714,0.435,1.163,0.244
2016-12-01 01:47:00.165,159.799,-0.002,-0.700,-0.005,0.714,0.435,1.163,0.244
2016-12-01 01:47:00.176,159.820,-0.002,-0.701,-0.005,0.714,0.435,1.163,0.244
2016-12-01 01:47:00.187,159.820,-0.002,-0.701,-0.005,0.713,0.435,1.163,0.244
2016-12-01 01:47:00.198,159.841,-0.002,-0.701,-0.005,0.713,0.435,1.163,0.244
2016-12-01 01:47:00.210,159.841,-0.002,-0.701,-0.005,0.713,0.435,1.163,0.244
2016-12-01 01:47:00.220,159.863,-0.002,-0.701,-0.005,0.713,0.435,1.163,0.244
2016-12-01 01:47:00.232,159.863,-0.002,-0.702,-0.005,0.713,0.435,1.163,0.244
2016-12-01 01:47:00.243,159.884,-0.002,-0.702,-0.005,0.712,0.435,1.163,0.244
2016-12-01 01:47:00.254,159.884,-0.002,-0.702,-0.005,0.712,0.435,1.163,0.244
2016-12-01 01:47:00.265,159.905,-0.002,-0.702,-0.005,0.712,0.435,1.163,0.244
2016-12-01 01:47:00.277,159.927,-0.002,-0.703,-0.005,0.712,0.435,1.163,0.244
2016-12-01 01:47:00.288,159.927,-0.002,-0.703,-0.005,0.711,0.435,1.163,0.244
2016-12-01 01:47:00.299,159.927,-0.003,-0.703,-0.004,0.711,0.435,1.163,0.244
2016-12-01 01:47:00.310,159.948,-0.003,-0.704,-0.004,0.711,0.435,1.163,0.244
2016-12-01 01:47:00.321,159.948,-0.002,-0.704,-0.004,0.710,0.435,1.163,0.244
2016-12-01 01:47:00.332,159.969,-0.002,-0.704,-0.004,0.710,0.435,1.163,0.244
2016-12-01 01:47:00.344,159.969,-0.002,-0.705,-0.004,0.709,0.435,1.163,0.244
2016-12-01 01:47:00.355,159.991,-0.003,-0.705,-0.004,0.709,0.435,1.163,0.244
2016-12-01 01:47:00.366,160.012,-0.003,-0.706,-0.004,0.708,0.435,1.163,0.244
2016-12-01 01:47:00.377,160.012,-0.003,-0.706,-0.004,0.708,0.435,1.163,0.244
2016-12-01 01:47:00.388,160.033,-0.003,-0.707,-0.004,0.708,0.435,1.163,0.244
2016-12-01 01:47:00.400,160.033,-0.003,-0.707,-0.004,0.707,0.435,1.163,0.244
2016-12-01 01:47:00.411,160.055,-0.003,-0.708,-0.004,0.706,0.435,1.163,0.244
2016-12-01 01:47:00.422,160.055,-0.003,-0.708,-0.004,0.706,0.435,1.163,0.244
2016-12-01 01:47:00.433,160.076,-0.003,-0.709,-0.003,0.705,0.435,1.163,0.244
2016-12-01 01:47:00.445,160.076,-0.003,-0.710,-0.003,0.705,0.435,1.163,0.244
2016-12-01 01:47:00.455,160.097,-0.002,-0.710,-0.003,0.704,0.435,1.163,0.244
2016-12-01 01:47:00.467,160.097,-0.002,-0.711,-0.003,0.703,0.435,1.163,0.244
2016-12-01 01:47:00.477,160.119,-0.002,-0.712,-0.003,0.703,0.435,1.163,0.244
2016-12-01 01:47:00.489,160.119,-0.002,-0.712,-0.003,0.702,0.436,1.163,0.244
2016-12-01 01:47:00.500,160.140,-0.002,-0.713,-0.003,0.701,0.436,1.163,0.244
2016-12-01 01:47:00.511,160.140,-0.002,-0.714,-0.003,0.700,0.436,1.163,0.244
2016-12-01 01:47:00.522,160.161,-0.002,-0.715,-0.003,0.699,0.436,1.163,0.244
2016-12-01 01:47:00.533,160.161,-0.002,-0.716,-0.003,0.698,0.436,1.163,0.244
2016-12-01 01:47:00.544,160.183,-0.002,-0.717,-0.003,0.697,0.436,1.163,0.244
2016-12-01 01:47:00.555,160.183,-0.002,-0.718,-0.004,0.696,0.436,1.163,0.244
2016-12-01 01:47:00.567,160.204,-0.002,-0.719,-0.004,0.695,0.436,1.163,0.244
2016-12-01 01:47:00.579,160.225,-0.002,-0.720,-0.004,0.694,0.436,1.163,0.244
2016-12-01 01:47:00.589,160.225,-0.002,-0.720,-0.004,0.694,0.436,1.163,0.245
2016-12-01 01:47:00.601,160.247,-0.002,-0.721,-0.004,0.693,0.437,1.163,0.245
2016-12-01 01:47:00.612,160.247,-0.002,-0.722,-0.004,0.692,0.437,1.163,0.245
2016-12-01 01:47:00.623,160.268,-0.001,-0.723,-0.004,0.691,0.437,1.163,0.245
2016-12-01 01:47:00.634,160.268,-0.001,-0.724,-0.004,0.690,0.437,1.163,0.245
2016-12-01 01:47:00.645,160.268,-0.001,-0.725,-0.004,0.689,0.437,1.163,0.246
2016-12-01 01:47:00.656,160.289,-0.001,-0.726,-0.005,0.688,0.437,1.163,0.246
2016-12-01 01:47:00.667,160.311,-0.001,-0.727,-0.005,0.687,0.437,1.163,0.246
2016-12-01 01:47:00.679,160.311,-0.001,-0.728,-0.005,0.686,0.437,1.163,0.246
2016-12-01 01:47:00.690,160.332,0.000,-0.729,-0.005,0.685,0.437,1.163,0.246
2016-12-01 01:47:00.701,160.332,0.000,-0.730,-0.005,0.684,0.437,1.163,0.246
2016-12-01 01:47:00.712,160.353,0.000,-0.731,-0.005,0.683,0.437,1.163,0.246
2016-12-01 01:47:00.723,160.353,0.000,-0.732,-0.005,0.682,0.437,1.163,0.247
2016-12-01 01:47:00.734,160.375,0.000,-0.733,-0.005,0.681,0.437,1.163,0.247
2016-12-01 01:47:00.746,160.396,0.000,-0.734,-0.005,0.680,0.437,1.163,0.247
2016-12-01 01:47:00.758,160.396,0.000,-0.735,-0.005,0.679,0.437,1.163,0.247
2016-12-01 01:47:00.768,160.417,0.001,-0.736,-0.006,0.677,0.437,1.163,0.247
2016-12-01 01:47:00.779,160.417,0.001,-0.737,-0.006,0.676,0.437,1.163,0.247
2016-12-01 01:47:00.790,160.417,0.001,-0.738,-0.006,0.675,0.437,1.163,0.248
2016-12-01 01:47:00.801,160.439,0.001,-0.739,-0.006,0.674,0.437,1.163,0.248
2016-12-01 01:47:00.813,160.439,0.001,-0.740,-0.006,0.673,0.437,1.163,0.248
2016-12-01 01:47:00.824,160.460,0.001,-0.741,-0.007,0.672,0.437,1.163,0.248
2016-12-01 01:47:00.835,160.460,0.001,-0.742,-0.007,0.671,0.437,1.163,0.249
2016-12-01 01:47:00.846,160.481,0.001,-0.743,-0.007,0.670,0.437,1.163,0.249
2016-12-01 01:47:00.858,160.503,0.001,-0.744,-0.007,0.669,0.437,1.163,0.249
2016-12-01 01:47:00.869,160.503,0.001,-0.745,-0.007,0.668,0.437,1.163,0.249
2016-12-01 01:47:00.880,160.524,0.001,-0.746,-0.007,0.666,0.437,1.163,0.249
2016-12-01 01:47:00.891,160.524,0.001,-0.746,-0.007,0.665,0.437,1.163,0.250
2016-12-01 01:47:00.902,160.545,0.002,-0.747,-0.007,0.664,0.437,1.163,0.250
2016-12-01 01:47:00.913,160.545,0.002,-0.748,-0.007,0.663,0.437,1.163,0.250
2016-12-01 01:47:00.924,160.567,0.003,-0.749,-0.007,0.662,0.437,1.163,0.250
2016-12-01 01:47:00.936,160.588,0.003,-0.750,-0.007,0.661,0.436,1.163,0.250
2016-12-01 01:47:00.947,160.588,0.003,-0.751,-0.007,0.660,0.436,1.163,0.251
2016-12-01 01:47:00.958,160.588,0.004,-0.752,-0.007,0.659,0.436,1.163,0.251
2016-12-01 01:47:00.969,160.609,0.004,-0.753,-0.008,0.659,0.436,1.163,0.251
2016-12-01 01:47:00.981,160.609,0.004,-0.753,-0.008,0.658,0.436,1.163,0.251
2016-12-01 01:47:00.991,160.631,0.004,-0.754,-0.008,0.657,0.436,1.163,0.252
2016-12-01 01:47:01.003,160.631,0.004,-0.755,-0.008,0.656,0.436,1.163,0.252
2016-12-01 01:47:01.014,160.652,0.004,-0.756,-0.008,0.655,0.436,1.163,0.252
2016-12-01 01:47:01.025,160.652,0.004,-0.756,-0.008,0.654,0.436,1.162,0.252
2016-12-01 01:47:01.036,160.673,0.005,-0.757,-0.008,0.653,0.436,1.162,0.253
2016-12-01 01:47:01.048,160.695,0.005,-0.758,-0.008,0.652,0.436,1.162,0.253
2016-12-01 01:47:01.059,160.695,0.005,-0.759,-0.008,0.651,0.436,1.162,0.253
2016-12-01 01:47:01.069,160.716,0.005,-0.760,-0.008,0.650,0.435,1.162,0.253
2016-12-01 01:47:01.081,160.716,0.005,-0.760,-0.009,0.649,0.435,1.162,0.253
2016-12-01 01:47:01.092,160.737,0.006,-0.761,-0.009,0.648,0.435,1.162,0.253
2016-12-01 01:47:01.103,160.737,0.006,-0.762,-0.009,0.647,0.435,1.162,0.254
2016-12-01 01:47:01.114,160.737,0.006,-0.763,-0.009,0.646,0.435,1.162,0.254
2016-12-01 01:47:01.125,160.737,0.006,-0.764,-0.009,0.645,0.435,1.162,0.254
2016-12-01 01:47:01.137,160.759,0.006,-0.765,-0.009,0.644,0.435,1.162,0.254
2016-12-01 01:47:01.148,160.759,0.006,-0.766,-0.009,0.643,0.434,1.162,0.254
2016-12-01 01:47:01.159,160.780,0.006,-0.767,-0.009,0.642,0.434,1.162,0.254
2016-12-01 01:47:01.171,160.780,0.006,-0.767,-0.009,0.641,0.434,1.162,0.254
2016-12-01 01:47:01.181,160.801,0.006,-0.768,-0.009,0.640,0.434,1.162,0.254
2016-12-01 01:47:01.193,160.801,0.006,-0.769,-0.009,0.639,0.434,1.162,0.254
2016-12-01 01:47:01.204,160.823,0.006,-0.770,-0.008,0.638,0.434,1.163,0.254
2016-12-01 01:47:01.215,160.823,0.006,-0.770,-0.008,0.638,0.434,1.163,0.255
2016-12-01 01:47:01.226,160.844,0.007,-0.771,-0.008,0.637,0.434,1.163,0.255
2016-12-01 01:47:01.237,160.865,0.007,-0.772,-0.008,0.636,0.434,1.163,0.255
2016-12-01 01:47:01.248,160.865,0.007,-0.773,-0.008,0.635,0.434,1.163,0.255
2016-12-01 01:47:01.259,160.887,0.007,-0.773,-0.008,0.634,0.434,1.163,0.255
2016-12-01 01:47:01.270,160.887,0.007,-0.774,-0.008,0.633,0.434,1.163,0.255
2016-12-01 01:47:01.281,160.887,0.007,-0.775,-0.009,0.632,0.434,1.163,0.255
2016-12-01 01:47:01.293,160.908,0.007,-0.776,-0.009,0.631,0.434,1.163,0.255
2016-12-01 01:47:01.304,160.908,0.006,-0.777,-0.009,0.630,0.434,1.163,0.255
2016-12-01 01:47:01.315,160.929,0.006,-0.777,-0.009,0.629,0.434,1.163,0.255
2016-12-01 01:47:01.327,160.951,0.006,-0.778,-0.009,0.628,0.433,1.163,0.255
2016-12-01 01:47:01.338,160.951,0.006,-0.779,-0.009,0.627,0.433,1.163,0.255
2016-12-01 01:47:01.349,160.972,0.006,-0.780,-0.009,0.626,0.433,1.163,0.255
2016-12-01 01:47:01.361,160.972,0.007,-0.781,-0.010,0.624,0.433,1.163,0.255
2016-12-01 01:47:01.371,160.993,0.007,-0.782,-0.010,0.623,0.433,1.163,0.255
2016-12-01 01:47:01.383,160.993,0.007,-0.783,-0.010,0.622,0.433,1.163,0.255
2016-12-01 01:47:01.393,161.015,0.007,-0.784,-0.010,0.621,0.433,1.163,0.255
2016-12-01 01:47:01.405,161.015,0.007,-0.784,-0.010,0.620,0.433,1.163,0.256
2016-12-01 01:47:01.416,161.036,0.007,-0.785,-0.010,0.619,0.433,1.162,0.256
2016-12-01 01:47:01.427,161.057,0.007,-0.786,-0.010,0.618,0.433,1.162,0.256
2016-12-01 01:47:01.438,161.057,0.007,-0.786,-0.010,0.618,0.433,1.162,0.256
2016-12-01 01:47:01.449,161.057,0.007,-0.787,-0.010,0.617,0.433,1.162,0.256
2016-12-01 01:47:01.460,161.079,0.007,-0.788,-0.009,0.616,0.433,1.162,0.256
2016-12-01 01:47:01.472,161.079,0.007,-0.788,-0.009,0.616,0.433,1.162,0.256
2016-12-01 01:47:01.483,161.100,0.007,-0.788,-0.009,0.615,0.433,1.162,0.256
2016-12-01 01:47:01.494,161.100,0.007,-0.789,-0.009,0.614,0.433,1.162,0.256
2016-12-01 01:47:01.505,161.121,0.007,-0.789,-0.009,0.614,0.433,1.162,0.256
2016-12-01 01:47:01.517,161.143,0.007,-0.790,-0.009,0.613,0.433,1.162,0.255
2016-12-01 01:47:01.528,161.143,0.007,-0.791,-0.009,0.612,0.433,1.162,0.255
2016-12-01 01:47:01.540,161.164,0.007,-0.792,-0.009,0.610,0.433,1.162,0.255
2016-12-01 01:47:01.550,161.164,0.006,-0.793,-0.009,0.609,0.433,1.162,0.255
2016-12-01 01:47:01.561,161.185,0.007,-0.794,-0.008,0.608,0.433,1.162,0.255
2016-12-01 01:47:01.572,161.185,0.007,-0.795,-0.008,0.606,0.433,1.162,0.254
2016-12-01 01:47:01.584,161.207,0.007,-0.796,-0.008,0.605,0.433,1.162,0.254
2016-12-01 01:47:01.595,161.207,0.007,-0.797,-0.008,0.604,0.433,1.162,0.254
2016-12-01 01:47:01.606,161.207,0.006,-0.798,-0.007,0.603,0.433,1.162,0.254
2016-12-01 01:47:01.617,161.228,0.006,-0.799,-0.007,0.601,0.433,1.162,0.254
2016-12-01 01:47:01.628,161.249,0.006,-0.800,-0.007,0.600,0.433,1.162,0.253
2016-12-01 01:47:01.639,161.249,0.006,-0.801,-0.007,0.599,0.433,1.162,0.253
2016-12-01 01:47:01.650,161.271,0.005,-0.801,-0.007,0.598,0.433,1.162,0.253
2016-12-01 01:47:01.662,161.271,0.005,-0.802,-0.007,0.597,0.433,1.162,0.252
2016-12-01 01:47:01.673,161.292,0.004,-0.803,-0.006,0.596,0.433,1.162,0.252
2016-12-01 01:47:01.684,161.292,0.004,-0.803,-0.006,0.596,0.433,1.162,0.252
2016-12-01 01:47:01.695,161.313,0.004,-0.804,-0.006,0.595,0.434,1.162,0.252
2016-12-01 01:47:01.707,161.335,0.004,-0.804,-0.006,0.594,0.433,1.162,0.252
2016-12-01 01:47:01.718,161.335,0.003,-0.805,-0.006,0.593,0.434,1.163,0.251
2016-12-01 01:47:01.729,161.356,0.003,-0.805,-0.006,0.593,0.434,1.162,0.251
2016-12-01 01:47:01.740,161.356,0.003,-0.806,-0.006,0.592,0.434,1.163,0.251
2016-12-01 01:47:01.751,161.377,0.003,-0.806,-0.005,0.592,0.434,1.162,0.251
2016-12-01 01:47:01.762,161.377,0.003,-0.806,-0.005,0.592,0.434,1.162,0.251
2016-12-01 01:47:01.773,161.377,0.003,-0.806,-0.005,0.591,0.434,1.162,0.250
2016-12-01 01:47:01.784,161.399,0.003,-0.807,-0.005,0.591,0.434,1.162,0.250
2016-12-01 01:47:01.796,161.420,0.003,-0.807,-0.005,0.591,0.434,1.162,0.250
2016-12-01 01:47:01.807,161.420,0.002,-0.807,-0.005,0.591,0.435,1.162,0.250
2016-12-01 01:47:01.818,161.441,0.002,-0.807,-0.005,0.590,0.435,1.162,0.250
2016-12-01 01:47:01.829,161.441,0.002,-0.807,-0.005,0.590,0.435,1.162,0.250
2016-12-01 01:47:01.840,161.463,0.002,-0.807,-0.005,0.590,0.435,1.162,0.250
2016-12-01 01:47:01.851,161.463,0.002,-0.807,-0.005,0.590,0.435,1.162,0.250
2016-12-01 01:47:01.862,161.484,0.002,-0.807,-0.004,0.590,0.435,1.162,0.250
2016-12-01 01:47:01.874,161.484,0.002,-0.807,-0.004,0.590,0.435,1.162,0.249
2016-12-01 01:47:01.885,161.505,0.002,-0.807,-0.004,0.590,0.435,1.162,0.249
2016-12-01 01:47:01.896,161.505,0.002,-0.807,-0.005,0.590,0.436,1.163,0.249
2016-12-01 01:47:01.907,161.527,0.001,-0.807,-0.004,0.590,0.436,1.163,0.249
2016-12-01 01:47:01.919,161.527,0.001,-0.807,-0.004,0.590,0.436,1.163,0.249
2016-12-01 01:47:01.930,161.548,0.001,-0.807,-0.004,0.591,0.436,1.163,0.249
2016-12-01 01:47:01.941,161.548,0.001,-0.807,-0.004,0.591,0.436,1.163,0.249
2016-12-01 01:47:01.952,161.569,0.001,-0.807,-0.005,0.591,0.436,1.163,0.249
2016-12-01 01:47:01.964,161.569,0.002,-0.806,-0.005,0.592,0.436,1.163,0.249
2016-12-01 01:47:01.974,161.591,0.002,-0.806,-0.004,0.592,0.436,1.163,0.249
2016-12-01 01:47:01.986,161.591,0.002,-0.806,-0.004,0.592,0.437,1.162,0.248
2016-12-01 01:47:01.997,161.612,0.002,-0.805,-0.004,0.593,0.437,1.162,0.248
2016-12-01 01:47:02.008,161.633,0.002,-0.805,-0.004,0.594,0.437,1.162,0.248
2016-12-01 01:47:02.019,161.633,0.002,-0.804,-0.004,0.594,0.437,1.162,0.248
2016-12-01 01:47:02.030,161.655,0.002,-0.804,-0.004,0.595,0.437,1.162,0.248
2016-12-01 01:47:02.041,161.655,0.002,-0.803,-0.004,0.596,0.437,1.162,0.248
2016-12-01 01:47:02.052,161.676,0.002,-0.802,-0.003,0.597,0.437,1.162,0.248
2016-12-01 01:47:02.064,161.676,0.002,-0.802,-0.003,0.598,0.437,1.162,0.248
2016-12-01 01:47:02.075,161.697,0.002,-0.801,-0.003,0.598,0.437,1.162,0.248
2016-12-01 01:47:02.086,161.697,0.002,-0.800,-0.003,0.599,0.437,1.162,0.248
2016-12-01 01:47:02.097,161.719,0.002,-0.800,-0.003,0.600,0.437,1.162,0.248
2016-12-01 01:47:02.108,161.719,0.002,-0.799,-0.003,0.602,0.437,1.162,0.248
2016-12-01 01:47:02.120,161.740,0.002,-0.798,-0.003,0.603,0.437,1.162,0.248
2016-12-01 01:47:02.131,161.740,0.002,-0.797,-0.003,0.604,0.437,1.162,0.248
2016-12-01 01:47:02.142,161.761,0.002,-0.796,-0.003,0.605,0.437,1.162,0.248
2016-12-01 01:47:02.153,161.761,0.002,-0.795,-0.003,0.606,0.437,1.162,0.248
2016-12-01 01:47:02.164,161.783,0.002,-0.794,-0.003,0.607,0.437,1.162,0.248
2016-12-01 01:47:02.176,161.804,0.002,-0.793,-0.003,0.609,0.437,1.162,0.248
2016-12-01 01:47:02.187,161.804,0.002,-0.793,-0.003,0.610,0.437,1.162,0.248
2016-12-01 01:47:02.198,161.825,0.002,-0.792,-0.003,0.611,0.437,1.162,0.248
2016-12-01 01:47:02.209,161.825,0.002,-0.791,-0.004,0.612,0.437,1.162,0.247
2016-12-01 01:47:02.220,161.847,0.002,-0.790,-0.004,0.613,0.437,1.162,0.247
2016-12-01 01:47:02.231,161.847,0.002,-0.789,-0.004,0.614,0.437,1.162,0.247
2016-12-01 01:47:02.242,161.868,0.002,-0.788,-0.004,0.616,0.437,1.162,0.247
2016-12-01 01:47:02.254,161.868,0.002,-0.787,-0.004,0.617,0.437,1.162,0.247
2016-12-01 01:47:02.265,161.868,0.002,-0.786,-0.004,0.618,0.437,1.162,0.247
2016-12-01 01:47:02.276,161.889,0.002,-0.785,-0.004,0.619,0.437,1.162,0.248
2016-12-01 01:47:02.287,161.911,0.002,-0.784,-0.004,0.620,0.437,1.162,0.248
2016-12-01 01:47:02.299,161.911,0.001,-0.783,-0.005,0.622,0.437,1.162,0.247
2016-12-01 01:47:02.309,161.932,0.001,-0.782,-0.005,0.623,0.437,1.162,0.247
2016-12-01 01:47:02.321,161.932,0.001,-0.781,-0.005,0.624,0.437,1.162,0.247
2016-12-01 01:47:02.332,161.953,0.001,-0.780,-0.005,0.625,0.437,1.162,0.247
2016-12-01 01:47:02.343,161.953,0.001,-0.779,-0.005,0.626,0.437,1.162,0.247
2016-12-01 01:47:02.354,161.975,0.002,-0.778,-0.004,0.628,0.437,1.162,0.247
2016-12-01 01:47:02.366,161.996,0.002,-0.777,-0.004,0.629,0.436,1.162,0.247
2016-12-01 01:47:02.377,161.996,0.002,-0.776,-0.004,0.630,0.437,1.162,0.247
2016-12-01 01:47:02.388,162.017,0.002,-0.775,-0.004,0.631,0.437,1.162,0.247
2016-12-01 01:47:02.399,162.017,0.002,-0.774,-0.004,0.633,0.437,1.162,0.247
2016-12-01 01:47:02.410,162.017,0.002,-0.773,-0.004,0.634,0.437,1.161,0.247
2016-12-01 01:47:02.421,162.039,0.002,-0.772,-0.003,0.635,0.436,1.161,0.247
2016-12-01 01:47:02.433,162.039,0.002,-0.771,-0.003,0.636,0.436,1.161,0.247
2016-12-01 01:47:02.443,162.060,0.002,-0.770,-0.003,0.638,0.436,1.161,0.247
2016-12-01 01:47:02.455,162.060,0.002,-0.769,-0.003,0.639,0.436,1.161,0.247
2016-12-01 01:47:02.466,162.081,0.003,-0.768,-0.003,0.640,0.436,1.161,0.247
2016-12-01 01:47:02.478,162.103,0.003,-0.767,-0.003,0.641,0.436,1.161,0.246
2016-12-01 01:47:02.489,162.103,0.003,-0.766,-0.003,0.642,0.436,1.161,0.247
2016-12-01 01:47:02.499,162.124,0.003,-0.765,-0.003,0.644,0.436,1.161,0.246
2016-12-01 01:47:02.510,162.124,0.003,-0.764,-0.003,0.645,0.436,1.161,0.246
2016-12-01 01:47:02.522,162.145,0.003,-0.763,-0.002,0.646,0.436,1.161,0.246
2016-12-01 01:47:02.533,162.145,0.003,-0.762,-0.003,0.648,0.436,1.161,0.246
2016-12-01 01:47:02.544,162.167,0.004,-0.761,-0.002,0.649,0.436,1.161,0.247
2016-12-01 01:47:02.556,162.188,0.004,-0.760,-0.003,0.650,0.436,1.161,0.246
2016-12-01 01:47:02.566,162.188,0.004,-0.759,-0.003,0.652,0.437,1.161,0.247
2016-12-01 01:47:02.577,162.188,0.004,-0.757,-0.003,0.653,0.437,1.161,0.246
2016-12-01 01:47:02.589,162.209,0.003,-0.756,-0.003,0.654,0.437,1.161,0.246
2016-12-01 01:47:02.600,162.209,0.003,-0.755,-0.003,0.655,0.437,1.161,0.246
2016-12-01 01:47:02.611,162.231,0.003,-0.754,-0.003,0.656,0.436,1.161,0.246
2016-12-01 01:47:02.622,162.231,0.003,-0.753,-0.003,0.657,0.437,1.161,0.246
2016-12-01 01:47:02.633,162.252,0.003,-0.752,-0.003,0.659,0.436,1.161,0.246
2016-12-01 01:47:02.645,162.252,0.003,-0.752,-0.003,0.660,0.436,1.161,0.246
2016-12-01 01:47:02.656,162.273,0.002,-0.751,-0.003,0.661,0.436,1.161,0.246
2016-12-01 01:47:02.668,162.295,0.002,-0.750,-0.003,0.662,0.436,1.161,0.246
2016-12-01 01:47:02.678,162.295,0.002,-0.749,-0.003,0.663,0.436,1.161,0.246
2016-12-01 01:47:02.689,162.316,0.002,-0.748,-0.003,0.664,0.436,1.161,0.246
2016-12-01 01:47:02.701,162.316,0.002,-0.747,-0.003,0.665,0.436,1.161,0.246
2016-12-01 01:47:02.712,162.337,0.002,-0.746,-0.002,0.666,0.437,1.161,0.246
2016-12-01 01:47:02.723,162.337,0.002,-0.745,-0.002,0.667,0.437,1.161,0.246
2016-12-01 01:47:02.734,162.337,0.002,-0.744,-0.002,0.668,0.437,1.161,0.245
2016-12-01 01:47:02.745,162.359,0.002,-0.743,-0.002,0.669,0.437,1.161,0.245
2016-12-01 01:47:02.756,162.380,0.002,-0.742,-0.002,0.670,0.437,1.161,0.245
2016-12-01 01:47:02.768,162.380,0.002,-0.741,-0.002,0.671,0.437,1.161,0.245
2016-12-01 01:47:02.778,162.401,0.002,-0.741,-0.002,0.672,0.437,1.161,0.245
2016-12-01 01:47:02.790,162.401,0.002,-0.740,-0.002,0.673,0.437,1.161,0.245
2016-12-01 01:47:02.801,162.423,0.002,-0.739,-0.001,0.674,0.437,1.161,0.245
2016-12-01 01:47:02.812,162.423,0.002,-0.738,-0.001,0.674,0.437,1.161,0.245
2016-12-01 01:47:02.823,162.444,0.002,-0.737,-0.001,0.675,0.437,1.161,0.245
2016-12-01 01:47:02.835,162.444,0.002,-0.737,-0.001,0.676,0.437,1.161,0.245
2016-12-01 01:47:02.846,162.465,0.002,-0.736,-0.001,0.677,0.437,1.161,0.245
2016-12-01 01:47:02.857,162.487,0.002,-0.735,-0.001,0.678,0.437,1.161,0.245
2016-12-01 01:47:02.868,162.487,0.001,-0.735,-0.002,0.678,0.437,1.161,0.245
2016-12-01 01:47:02.879,162.508,0.001,-0.734,-0.002,0.679,0.437,1.161,0.245
2016-12-01 01:47:02.891,162.508,0.001,-0.734,-0.002,0.680,0.437,1.161,0.245
2016-12-01 01:47:02.901,162.508,0.001,-0.733,-0.002,0.680,0.437,1.161,0.245
2016-12-01 01:47:02.913,162.529,0.001,-0.733,-0.002,0.681,0.437,1.161,0.245
2016-12-01 01:47:02.924,162.529,0.001,-0.732,-0.002,0.681,0.437,1.161,0.244
2016-12-01 01:47:02.935,162.551,0.000,-0.732,-0.002,0.682,0.437,1.161,0.244
2016-12-01 01:47:02.946,162.572,0.000,-0.731,-0.002,0.682,0.437,1.161,0.244
2016-12-01 01:47:02.958,162.572,0.001,-0.731,-0.002,0.682,0.437,1.161,0.244
2016-12-01 01:47:02.968,162.593,0.001,-0.731,-0.002,0.683,0.437,1.161,0.244
2016-12-01 01:47:02.979,162.593,0.001,-0.730,-0.001,0.683,0.437,1.161,0.244
2016-12-01 01:47:02.991,162.615,0.001,-0.730,-0.001,0.683,0.437,1.161,0.244
2016-12-01 01:47:03.002,162.615,0.000,-0.730,-0.001,0.683,0.437,1.161,0.244
2016-12-01 01:47:03.013,162.636,0.001,-0.730,-0.001,0.684,0.437,1.161,0.244
2016-12-01 01:47:03.025,162.636,0.001,-0.730,-0.001,0.684,0.437,1.161,0.244
2016-12-01 01:47:03.036,162.657,0.001,-0.730,-0.001,0.684,0.437,1.161,0.244
2016-12-01 01:47:03.047,162.679,0.001,-0.730,0.000,0.684,0.437,1.161,0.243
2016-12-01 01:47:03.058,162.679,0.001,-0.730,-0.001,0.684,0.437,1.161,0.243
2016-12-01 01:47:03.069,162.679,0.001,-0.730,0.000,0.684,0.437,1.161,0.243
2016-12-01 01:47:03.080,162.700,0.001,-0.730,0.000,0.684,0.437,1.161,0.243
2016-12-01 01:47:03.092,162.700,0.001,-0.730,0.000,0.684,0.436,1.161,0.243
2016-12-01 01:47:03.102,162.721,0.001,-0.730,0.000,0.684,0.436,1.161,0.243
2016-12-01 01:47:03.114,162.721,0.001,-0.730,0.000,0.684,0.436,1.161,0.243
2016-12-01 01:47:03.125,162.743,0.001,-0.730,0.000,0.683,0.436,1.161,0.243
2016-12-01 01:47:03.136,162.764,0.001,-0.730,0.000,0.683,0.436,1.161,0.243
2016-12-01 01:47:03.148,162.764,0.001,-0.731,0.000,0.683,0.436,1.161,0.243
2016-12-01 01:47:03.158,162.785,0.001,-0.731,0.000,0.682,0.436,1.161,0.243
2016-12-01 01:47:03.169,162.785,0.001,-0.732,0.000,0.682,0.436,1.161,0.243
2016-12-01 01:47:03.181,162.807,0.001,-0.732,0.000,0.681,0.436,1.162,0.243
2016-12-01 01:47:03.192,162.807,0.001,-0.732,0.000,0.681,0.436,1.161,0.243
2016-12-01 01:47:03.203,162.828,0.001,-0.733,0.001,0.680,0.436,1.162,0.243
2016-12-01 01:47:03.215,162.828,0.001,-0.733,0.000,0.680,0.436,1.162,0.243
2016-12-01 01:47:03.226,162.828,0.001,-0.734,0.000,0.679,0.436,1.162,0.243
2016-12-01 01:47:03.237,162.849,0.001,-0.735,0.000,0.679,0.436,1.162,0.243
2016-12-01 01:47:03.248,162.871,0.001,-0.735,0.000,0.678,0.435,1.162,0.243
2016-12-01 01:47:03.259,162.871,0.001,-0.736,0.000,0.677,0.435,1.162,0.243
2016-12-01 01:47:03.270,162.892,0.001,-0.736,0.000,0.677,0.435,1.162,0.243
2016-12-01 01:47:03.281,162.892,0.001,-0.737,0.000,0.676,0.436,1.162,0.243
2016-12-01 01:47:03.292,162.913,0.002,-0.737,0.000,0.675,0.436,1.161,0.243
2016-12-01 01:47:03.304,162.913,0.002,-0.738,0.000,0.675,0.436,1.161,0.244
2016-12-01 01:47:03.315,162.935,0.002,-0.739,0.001,0.674,0.436,1.161,0.244
2016-12-01 01:47:03.326,162.956,0.003,-0.739,0.001,0.673,0.435,1.161,0.244
2016-12-01 01:47:03.337,162.956,0.003,-0.740,0.001,0.673,0.435,1.161,0.244
2016-12-01 01:47:03.348,162.977,0.003,-0.741,0.001,0.672,0.435,1.161,0.244
2016-12-01 01:47:03.360,162.977,0.004,-0.741,0.001,0.671,0.435,1.161,0.244
2016-12-01 01:47:03.370,162.999,0.004,-0.742,0.001,0.670,0.435,1.161,0.244
2016-12-01 01:47:03.382,162.999,0.005,-0.743,0.001,0.669,0.435,1.161,0.244
2016-12-01 01:47:03.394,162.999,0.005,-0.744,0.001,0.668,0.435,1.161,0.245
2016-12-01 01:47:03.404,163.020,0.006,-0.745,0.001,0.667,0.435,1.161,0.245
2016-12-01 01:47:03.415,163.020,0.006,-0.746,0.001,0.666,0.435,1.161,0.245
2016-12-01 01:47:03.427,163.041,0.006,-0.746,0.001,0.665,0.435,1.161,0.245
2016-12-01 01:47:03.438,163.063,0.007,-0.747,0.002,0.665,0.435,1.160,0.246
2016-12-01 01:47:03.449,163.063,0.008,-0.748,0.002,0.664,0.435,1.160,0.246
2016-12-01 01:47:03.460,163.084,0.008,-0.749,0.002,0.663,0.435,1.160,0.246
2016-12-01 01:47:03.472,163.084,0.009,-0.750,0.002,0.662,0.435,1.160,0.246
2016-12-01 01:47:03.482,163.105,0.010,-0.750,0.002,0.661,0.435,1.160,0.246
2016-12-01 01:47:03.494,163.105,0.010,-0.751,0.002,0.660,0.435,1.160,0.247
2016-12-01 01:47:03.504,163.127,0.011,-0.752,0.003,0.659,0.435,1.160,0.247
2016-12-01 01:47:03.516,163.148,0.011,-0.753,0.003,0.658,0.435,1.160,0.247
2016-12-01 01:47:03.527,163.148,0.012,-0.754,0.003,0.657,0.434,1.160,0.247
2016-12-01 01:47:03.538,163.148,0.012,-0.755,0.002,0.656,0.434,1.160,0.247
2016-12-01 01:47:03.549,163.169,0.012,-0.756,0.002,0.655,0.434,1.160,0.248
2016-12-01 01:47:03.561,163.169,0.013,-0.757,0.002,0.653,0.434,1.160,0.248
2016-12-01 01:47:03.572,163.191,0.013,-0.758,0.002,0.652,0.434,1.160,0.248
2016-12-01 01:47:03.583,163.191,0.013,-0.759,0.002,0.651,0.435,1.160,0.248
2016-12-01 01:47:03.594,163.212,0.013,-0.760,0.001,0.650,0.435,1.160,0.249
2016-12-01 01:47:03.606,163.212,0.013,-0.761,0.001,0.649,0.434,1.160,0.249
2016-12-01 01:47:03.617,163.233,0.013,-0.762,0.001,0.648,0.434,1.160,0.249
2016-12-01 01:47:03.628,163.255,0.013,-0.763,0.000,0.647,0.434,1.160,0.249
2016-12-01 01:47:03.639,163.255,0.013,-0.764,0.000,0.645,0.435,1.160,0.249
2016-12-01 01:47:03.650,163.276,0.013,-0.765,0.000,0.644,0.435,1.160,0.249
2016-12-01 01:47:03.661,163.276,0.013,-0.766,-0.001,0.643,0.434,1.160,0.250
2016-12-01 01:47:03.672,163.297,0.013,-0.767,-0.001,0.642,0.434,1.160,0.250
2016-12-01 01:47:03.684,163.297,0.013,-0.768,-0.001,0.640,0.434,1.160,0.250
2016-12-01 01:47:03.695,163.319,0.013,-0.769,-0.001,0.639,0.434,1.160,0.250
2016-12-01 01:47:03.706,163.319,0.013,-0.770,-0.001,0.638,0.434,1.160,0.250
2016-12-01 01:47:03.717,163.340,0.014,-0.771,-0.001,0.637,0.434,1.160,0.251
2016-12-01 01:47:03.729,163.340,0.014,-0.772,-0.001,0.636,0.434,1.160,0.251
2016-12-01 01:47:03.739,163.361,0.014,-0.773,-0.001,0.635,0.434,1.160,0.251
2016-12-01 01:47:03.750,163.361,0.015,-0.774,-0.001,0.634,0.434,1.160,0.251
2016-12-01 01:47:03.761,163.383,0.015,-0.775,-0.001,0.632,0.434,1.160,0.251
2016-12-01 01:47:03.774,163.383,0.015,-0.775,-0.001,0.631,0.434,1.160,0.251
2016-12-01 01:47:03.784,163.404,0.015,-0.776,-0.001,0.630,0.434,1.160,0.251
2016-12-01 01:47:03.796,163.404,0.015,-0.777,-0.001,0.629,0.433,1.160,0.251
2016-12-01 01:47:03.806,163.425,0.015,-0.778,0.000,0.628,0.433,1.160,0.251
2016-12-01 01:47:03.817,163.447,0.015,-0.779,0.000,0.627,0.433,1.160,0.251
2016-12-01 01:47:03.829,163.447,0.015,-0.780,0.000,0.626,0.433,1.160,0.251
2016-12-01 01:47:03.840,163.468,0.015,-0.781,0.000,0.625,0.433,1.160,0.252
2016-12-01 01:47:03.851,163.468,0.016,-0.781,0.000,0.624,0.433,1.160,0.252
2016-12-01 01:47:03.862,163.489,0.016,-0.782,0.000,0.623,0.433,1.160,0.252
2016-12-01 01:47:03.873,163.489,0.016,-0.783,0.000,0.622,0.433,1.160,0.252
2016-12-01 01:47:03.884,163.489,0.016,-0.784,0.000,0.621,0.433,1.159,0.252
2016-12-01 01:47:03.896,163.511,0.017,-0.785,0.000,0.620,0.433,1.160,0.252
2016-12-01 01:47:03.907,163.532,0.017,-0.785,0.000,0.619,0.432,1.160,0.252
2016-12-01 01:47:03.918,163.532,0.017,-0.786,0.000,0.618,0.432,1.160,0.252
2016-12-01 01:47:03.929,163.553,0.017,-0.787,0.000,0.617,0.432,1.160,0.252
2016-12-01 01:47:03.940,163.553,0.018,-0.787,0.001,0.616,0.432,1.159,0.252
2016-12-01 01:47:03.951,163.575,0.018,-0.788,0.001,0.615,0.432,1.160,0.252
2016-12-01 01:47:03.963,163.575,0.018,-0.789,0.001,0.615,0.432,1.159,0.252
2016-12-01 01:47:03.974,163.596,0.019,-0.789,0.001,0.614,0.431,1.159,0.252
2016-12-01 01:47:03.985,163.596,0.019,-0.789,0.001,0.614,0.431,1.159,0.252
2016-12-01 01:47:03.996,163.617,0.019,-0.790,0.001,0.613,0.431,1.159,0.252
2016-12-01 01:47:04.008,163.639,0.020,-0.790,0.001,0.613,0.431,1.159,0.252
2016-12-01 01:47:04.019,163.639,0.020,-0.790,0.002,0.612,0.431,1.159,0.252
2016-12-01 01:47:04.030,163.639,0.021,-0.791,0.002,0.612,0.430,1.159,0.252
2016-12-01 01:47:04.041,163.660,0.021,-0.791,0.002,0.611,0.430,1.159,0.252
2016-12-01 01:47:04.052,163.660,0.022,-0.791,0.002,0.611,0.430,1.159,0.252
2016-12-01 01:47:04.063,163.681,0.022,-0.792,0.002,0.611,0.430,1.159,0.252
2016-12-01 01:47:04.075,163.681,0.022,-0.792,0.002,0.611,0.430,1.159,0.253
2016-12-01 01:47:04.085,163.703,0.023,-0.792,0.002,0.610,0.430,1.159,0.253
2016-12-01 01:47:04.097,163.724,0.023,-0.792,0.002,0.610,0.430,1.159,0.253
2016-12-01 01:47:04.108,163.724,0.023,-0.792,0.002,0.610,0.430,1.159,0.253
2016-12-01 01:47:04.119,163.745,0.023,-0.792,0.003,0.610,0.430,1.159,0.253
2016-12-01 01:47:04.130,163.745,0.024,-0.792,0.003,0.610,0.429,1.159,0.253
2016-12-01 01:47:04.141,163.767,0.024,-0.792,0.003,0.610,0.429,1.158,0.253
2016-12-01 01:47:04.153,163.767,0.025,-0.792,0.003,0.610,0.429,1.158,0.253
2016-12-01 01:47:04.164,163.788,0.025,-0.791,0.003,0.611,0.429,1.158,0.253
2016-12-01 01:47:04.175,163.788,0.025,-0.791,0.003,0.611,0.429,1.158,0.253
2016-12-01 01:47:04.186,163.809,0.026,-0.791,0.004,0.611,0.429,1.158,0.253
2016-12-01 01:47:04.198,163.809,0.026,-0.791,0.004,0.611,0.429,1.158,0.253
2016-12-01 01:47:04.208,163.831,0.026,-0.791,0.004,0.611,0.429,1.158,0.253
2016-12-01 01:47:04.220,163.831,0.026,-0.791,0.004,0.612,0.429,1.158,0.253
2016-12-01 01:47:04.231,163.852,0.027,-0.790,0.004,0.612,0.429,1.158,0.253
2016-12-01 01:47:04.242,163.852,0.027,-0.790,0.004,0.612,0.429,1.158,0.253
2016-12-01 01:47:04.253,163.873,0.027,-0.790,0.004,0.613,0.428,1.158,0.253
2016-12-01 01:47:04.265,163.873,0.027,-0.789,0.004,0.613,0.428,1.158,0.253
2016-12-01 01:47:04.275,163.895,0.028,-0.789,0.004,0.614,0.428,1.158,0.253
2016-12-01 01:47:04.286,163.916,0.028,-0.789,0.004,0.614,0.428,1.158,0.253
2016-12-01 01:47:04.298,163.916,0.028,-0.788,0.004,0.615,0.428,1.158,0.254
2016-12-01 01:47:04.309,163.937,0.028,-0.788,0.004,0.615,0.429,1.158,0.254
2016-12-01 01:47:04.320,163.937,0.028,-0.787,0.004,0.616,0.428,1.158,0.254
2016-12-01 01:47:04.331,163.959,0.028,-0.787,0.005,0.616,0.429,1.158,0.254
2016-12-01 01:47:04.343,163.959,0.029,-0.786,0.004,0.617,0.428,1.158,0.254
2016-12-01 01:47:04.354,163.980,0.029,-0.786,0.005,0.618,0.428,1.158,0.254
2016-12-01 01:47:04.365,163.980,0.029,-0.786,0.005,0.618,0.428,1.158,0.254
2016-12-01 01:47:04.376,163.980,0.029,-0.785,0.004,0.619,0.428,1.158,0.254
2016-12-01 01:47:04.387,164.001,0.029,-0.785,0.004,0.619,0.428,1.158,0.254
2016-12-01 01:47:04.399,164.023,0.029,-0.784,0.004,0.620,0.428,1.158,0.254
2016-12-01 01:47:04.409,164.023,0.029,-0.783,0.004,0.621,0.428,1.158,0.254
2016-12-01 01:47:04.420,164.044,0.029,-0.783,0.004,0.621,0.428,1.158,0.254
2016-12-01 01:47:04.432,164.044,0.029,-0.782,0.004,0.622,0.428,1.158,0.254
2016-12-01 01:47:04.443,164.065,0.029,-0.782,0.004,0.623,0.428,1.158,0.254
2016-12-01 01:47:04.454,164.065,0.029,-0.781,0.004,0.624,0.428,1.158,0.254
2016-12-01 01:47:04.465,164.087,0.029,-0.780,0.004,0.625,0.428,1.158,0.254
2016-12-01 01:47:04.476,164.108,0.029,-0.780,0.004,0.625,0.428,1.158,0.254
2016-12-01 01:47:04.488,164.108,0.029,-0.779,0.005,0.626,0.428,1.158,0.254
2016-12-01 01:47:04.498,164.129,0.029,-0.778,0.005,0.627,0.428,1.158,0.254
2016-12-01 01:47:04.510,164.129,0.029,-0.778,0.005,0.628,0.428,1.158,0.254
2016-12-01 01:47:04.521,164.129,0.029,-0.777,0.005,0.629,0.429,1.158,0.254
2016-12-01 01:47:04.532,164.151,0.029,-0.776,0.005,0.630,0.429,1.158,0.254
2016-12-01 01:47:04.544,164.151,0.029,-0.775,0.005,0.631,0.429,1.158,0.254
2016-12-01 01:47:04.555,164.172,0.029,-0.775,0.005,0.632,0.429,1.158,0.254
2016-12-01 01:47:04.566,164.193,0.029,-0.774,0.005,0.633,0.428,1.158,0.253
2016-12-01 01:47:04.577,164.193,0.029,-0.773,0.006,0.634,0.428,1.158,0.253
2016-12-01 01:47:04.588,164.215,0.029,-0.772,0.006,0.634,0.428,1.158,0.253
2016-12-01 01:47:04.600,164.215,0.029,-0.772,0.006,0.635,0.429,1.158,0.253
2016-12-01 01:47:04.611,164.236,0.029,-0.771,0.006,0.636,0.429,1.158,0.253
2016-12-01 01:47:04.622,164.236,0.029,-0.770,0.006,0.637,0.429,1.158,0.253
2016-12-01 01:47:04.633,164.257,0.029,-0.769,0.006,0.638,0.429,1.158,0.253
2016-12-01 01:47:04.644,164.257,0.028,-0.769,0.006,0.639,0.429,1.158,0.253
2016-12-01 01:47:04.655,164.279,0.028,-0.768,0.006,0.640,0.429,1.158,0.253
2016-12-01 01:47:04.667,164.300,0.028,-0.767,0.006,0.641,0.429,1.158,0.253
2016-12-01 01:47:04.678,164.300,0.028,-0.766,0.006,0.642,0.429,1.158,0.253
2016-12-01 01:47:04.689,164.300,0.027,-0.765,0.006,0.643,0.430,1.158,0.253
2016-12-01 01:47:04.700,164.321,0.027,-0.764,0.006,0.644,0.430,1.158,0.253
2016-12-01 01:47:04.711,164.321,0.027,-0.764,0.006,0.645,0.430,1.158,0.253
2016-12-01 01:47:04.722,164.343,0.026,-0.763,0.006,0.646,0.430,1.158,0.252
2016-12-01 01:47:04.734,164.343,0.026,-0.762,0.006,0.647,0.430,1.158,0.253
2016-12-01 01:47:04.745,164.364,0.026,-0.761,0.006,0.648,0.430,1.158,0.252
2016-12-01 01:47:04.756,164.364,0.026,-0.761,0.006,0.649,0.430,1.158,0.252
2016-12-01 01:47:04.767,164.385,0.026,-0.760,0.006,0.650,0.430,1.158,0.252
2016-12-01 01:47:04.779,164.407,0.026,-0.759,0.006,0.651,0.430,1.158,0.252
2016-12-01 01:47:04.790,164.407,0.026,-0.758,0.006,0.652,0.430,1.158,0.252
2016-12-01 01:47:04.800,164.428,0.025,-0.757,0.006,0.653,0.430,1.158,0.252
2016-12-01 01:47:04.812,164.428,0.025,-0.756,0.006,0.654,0.430,1.158,0.252
2016-12-01 01:47:04.823,164.449,0.025,-0.755,0.006,0.655,0.430,1.158,0.252
2016-12-01 01:47:04.834,164.449,0.025,-0.754,0.006,0.656,0.430,1.158,0.252
2016-12-01 01:47:04.845,164.449,0.025,-0.754,0.006,0.657,0.430,1.158,0.251
2016-12-01 01:47:04.856,164.471,0.025,-0.753,0.006,0.658,0.430,1.158,0.251
2016-12-01 01:47:04.868,164.492,0.024,-0.752,0.007,0.659,0.430,1.158,0.251
2016-12-01 01:47:04.878,164.492,0.024,-0.751,0.007,0.660,0.430,1.158,0.251
2016-12-01 01:47:04.889,164.513,0.024,-0.750,0.006,0.661,0.430,1.158,0.251
2016-12-01 01:47:04.901,164.513,0.024,-0.750,0.007,0.661,0.431,1.158,0.251
2016-12-01 01:47:04.912,164.535,0.024,-0.749,0.007,0.662,0.430,1.158,0.251
2016-12-01 01:47:04.924,164.535,0.023,-0.748,0.007,0.663,0.430,1.158,0.250
2016-12-01 01:47:04.935,164.556,0.023,-0.747,0.007,0.664,0.430,1.158,0.250
2016-12-01 01:47:04.946,164.556,0.023,-0.747,0.007,0.665,0.430,1.158,0.250
2016-12-01 01:47:04.957,164.577,0.023,-0.746,0.007,0.666,0.431,1.158,0.250
2016-12-01 01:47:04.968,164.599,0.023,-0.745,0.007,0.667,0.431,1.158,0.250
2016-12-01 01:47:04.980,164.599,0.023,-0.744,0.007,0.667,0.431,1.158,0.250
2016-12-01 01:47:04.990,164.620,0.023,-0.744,0.007,0.668,0.431,1.158,0.249
2016-12-01 01:47:05.001,164.620,0.023,-0.743,0.007,0.669,0.431,1.158,0.249
2016-12-01 01:47:05.013,164.620,0.022,-0.742,0.007,0.670,0.431,1.158,0.249
2016-12-01 01:47:05.024,164.641,0.022,-0.742,0.007,0.670,0.430,1.158,0.249
2016-12-01 01:47:05.035,164.641,0.022,-0.741,0.007,0.671,0.430,1.158,0.249
2016-12-01 01:47:05.046,164.663,0.022,-0.740,0.007,0.672,0.431,1.158,0.249
2016-12-01 01:47:05.057,164.684,0.022,-0.740,0.007,0.673,0.431,1.158,0.249
2016-12-01 01:47:05.069,164.684,0.022,-0.739,0.007,0.673,0.430,1.158,0.249
2016-12-01 01:47:05.080,164.705,0.021,-0.738,0.007,0.674,0.430,1.158,0.249
2016-12-01 01:47:05.091,164.705,0.021,-0.738,0.007,0.675,0.430,1.158,0.249
2016-12-01 01:47:05.102,164.727,0.021,-0.737,0.007,0.675,0.430,1.158,0.249
2016-12-01 01:47:05.113,164.727,0.021,-0.737,0.007,0.676,0.430,1.158,0.249
2016-12-01 01:47:05.124,164.748,0.021,-0.736,0.006,0.677,0.430,1.158,0.249
2016-12-01 01:47:05.136,164.748,0.021,-0.735,0.006,0.677,0.430,1.158,0.249
2016-12-01 01:47:05.147,164.769,0.021,-0.735,0.006,0.678,0.431,1.158,0.249
2016-12-01 01:47:05.158,164.791,0.021,-0.734,0.006,0.679,0.431,1.158,0.249
2016-12-01 01:47:05.169,164.791,0.021,-0.734,0.006,0.679,0.431,1.158,0.249
2016-12-01 01:47:05.180,164.791,0.021,-0.733,0.005,0.680,0.430,1.158,0.249
2016-12-01 01:47:05.191,164.812,0.021,-0.732,0.005,0.681,0.430,1.158,0.249
2016-12-01 01:47:05.203,164.812,0.021,-0.731,0.005,0.682,0.431,1.158,0.249
2016-12-01 01:47:05.213,164.833,0.021,-0.731,0.005,0.683,0.431,1.158,0.249
2016-12-01 01:47:05.225,164.833,0.020,-0.730,0.004,0.683,0.431,1.158,0.249
2016-12-01 01:47:05.236,164.855,0.020,-0.729,0.004,0.684,0.430,1.158,0.249
2016-12-01 01:47:05.247,164.876,0.020,-0.728,0.003,0.685,0.431,1.158,0.250
2016-12-01 01:47:05.258,164.876,0.019,-0.727,0.003,0.686,0.431,1.159,0.250
2016-12-01 01:47:05.270,164.897,0.019,-0.727,0.002,0.687,0.431,1.159,0.250
2016-12-01 01:47:05.281,164.897,0.019,-0.726,0.002,0.688,0.431,1.159,0.250
2016-12-01 01:47:05.292,164.919,0.018,-0.725,0.002,0.689,0.431,1.159,0.250
2016-12-01 01:47:05.304,164.919,0.018,-0.724,0.001,0.690,0.431,1.159,0.250
2016-12-01 01:47:05.314,164.940,0.018,-0.723,0.001,0.691,0.431,1.159,0.250
2016-12-01 01:47:05.326,164.940,0.017,-0.722,0.000,0.691,0.431,1.159,0.251
2016-12-01 01:47:05.336,164.940,0.017,-0.722,0.000,0.692,0.431,1.159,0.251
2016-12-01 01:47:05.348,164.961,0.017,-0.721,0.000,0.693,0.431,1.159,0.251
2016-12-01 01:47:05.359,164.983,0.017,-0.720,-0.001,0.694,0.431,1.159,0.251
2016-12-01 01:47:05.370,164.983,0.017,-0.719,-0.001,0.695,0.431,1.159,0.251
2016-12-01 01:47:05.381,165.004,0.018,-0.718,-0.001,0.696,0.431,1.159,0.251
2016-12-01 01:47:05.393,165.004,0.018,-0.717,-0.001,0.696,0.431,1.159,0.251
2016-12-01 01:47:05.404,165.025,0.018,-0.716,-0.001,0.697,0.431,1.159,0.251
2016-12-01 01:47:05.415,165.025,0.018,-0.715,-0.001,0.698,0.431,1.159,0.251
2016-12-01 01:47:05.426,165.047,0.018,-0.715,-0.001,0.699,0.431,1.159,0.252
2016-12-01 01:47:05.437,165.068,0.019,-0.713,-0.001,0.700,0.431,1.159,0.252
2016-12-01 01:47:05.448,165.068,0.019,-0.712,-0.001,0.702,0.431,1.159,0.252
2016-12-01 01:47:05.459,165.089,0.020,-0.711,-0.001,0.703,0.431,1.159,0.252
2016-12-01 01:47:05.471,165.089,0.020,-0.710,-0.001,0.704,0.431,1.159,0.252
2016-12-01 01:47:05.482,165.111,0.020,-0.709,-0.001,0.705,0.431,1.159,0.253
2016-12-01 01:47:05.493,165.111,0.020,-0.708,-0.001,0.706,0.431,1.159,0.253
2016-12-01 01:47:05.504,165.111,0.021,-0.707,-0.001,0.707,0.431,1.158,0.253
2016-12-01 01:47:05.515,165.132,0.021,-0.706,0.000,0.708,0.431,1.158,0.253
2016-12-01 01:47:05.527,165.153,0.021,-0.705,0.000,0.709,0.431,1.158,0.253
2016-12-01 01:47:05.538,165.153,0.021,-0.704,0.000,0.709,0.431,1.158,0.253
2016-12-01 01:47:05.549,165.175,0.022,-0.704,0.000,0.710,0.430,1.159,0.253
2016-12-01 01:47:05.560,165.175,0.022,-0.703,0.000,0.711,0.430,1.158,0.253
2016-12-01 01:47:05.571,165.196,0.022,-0.702,0.000,0.712,0.430,1.158,0.253
2016-12-01 01:47:05.582,165.196,0.022,-0.701,0.000,0.713,0.430,1.158,0.253
2016-12-01 01:47:05.593,165.217,0.021,-0.700,0.000,0.714,0.430,1.158,0.254
2016-12-01 01:47:05.605,165.217,0.021,-0.699,0.000,0.715,0.430,1.159,0.254
2016-12-01 01:47:05.616,165.239,0.020,-0.698,0.000,0.716,0.430,1.159,0.254
2016-12-01 01:47:05.627,165.260,0.019,-0.697,-0.001,0.717,0.430,1.159,0.254
2016-12-01 01:47:05.638,165.260,0.018,-0.695,-0.001,0.718,0.430,1.159,0.254
2016-12-01 01:47:05.649,165.260,0.016,-0.694,-0.002,0.720,0.430,1.159,0.254
2016-12-01 01:47:05.661,165.281,0.015,-0.693,-0.002,0.721,0.430,1.159,0.254
2016-12-01 01:47:05.672,165.281,0.013,-0.692,-0.002,0.722,0.430,1.160,0.254
2016-12-01 01:47:05.683,165.303,0.011,-0.690,-0.002,0.724,0.430,1.160,0.254
2016-12-01 01:47:05.695,165.303,0.010,-0.689,-0.002,0.725,0.430,1.160,0.254
2016-12-01 01:47:05.705,165.324,0.008,-0.687,-0.001,0.726,0.430,1.160,0.254
2016-12-01 01:47:05.716,165.324,0.007,-0.686,-0.001,0.728,0.430,1.160,0.254
2016-12-01 01:47:05.727,165.345,0.006,-0.684,-0.001,0.729,0.430,1.160,0.254
2016-12-01 01:47:05.739,165.367,0.005,-0.683,-0.001,0.731,0.430,1.160,0.254
2016-12-01 01:47:05.750,165.367,0.005,-0.681,-0.001,0.732,0.430,1.160,0.254
2016-12-01 01:47:05.761,165.388,0.005,-0.680,-0.001,0.734,0.429,1.160,0.254
2016-12-01 01:47:05.772,165.388,0.005,-0.678,-0.001,0.735,0.429,1.160,0.254
2016-12-01 01:47:05.783,165.409,0.005,-0.677,-0.001,0.736,0.430,1.160,0.254
2016-12-01 01:47:05.795,165.409,0.005,-0.676,-0.001,0.737,0.430,1.160,0.254
2016-12-01 01:47:05.805,165.431,0.006,-0.675,-0.001,0.738,0.429,1.160,0.254
2016-12-01 01:47:05.817,165.431,0.006,-0.673,0.000,0.739,0.429,1.160,0.254
2016-12-01 01:47:05.828,165.452,0.007,-0.672,0.000,0.740,0.429,1.160,0.254
2016-12-01 01:47:05.840,165.452,0.008,-0.671,0.000,0.741,0.429,1.160,0.254
2016-12-01 01:47:05.850,165.473,0.009,-0.671,0.001,0.742,0.429,1.160,0.253
2016-12-01 01:47:05.862,165.473,0.010,-0.670,0.001,0.743,0.429,1.160,0.253
2016-12-01 01:47:05.873,165.495,0.011,-0.669,0.001,0.743,0.429,1.159,0.253
2016-12-01 01:47:05.884,165.495,0.012,-0.668,0.002,0.744,0.429,1.159,0.253
2016-12-01 01:47:05.895,165.516,0.013,-0.667,0.002,0.745,0.428,1.159,0.253
2016-12-01 01:47:05.907,165.537,0.014,-0.667,0.002,0.745,0.428,1.159,0.253
2016-12-01 01:47:05.918,165.537,0.015,-0.666,0.003,0.746,0.428,1.159,0.253
2016-12-01 01:47:05.929,165.559,0.016,-0.665,0.003,0.746,0.428,1.159,0.253
2016-12-01 01:47:05.940,165.559,0.016,-0.665,0.003,0.747,0.428,1.159,0.253
2016-12-01 01:47:05.951,165.580,0.017,-0.664,0.003,0.747,0.428,1.159,0.253
2016-12-01 01:47:05.962,165.580,0.017,-0.664,0.003,0.748,0.428,1.159,0.252
2016-12-01 01:47:05.973,165.601,0.018,-0.664,0.003,0.748,0.428,1.159,0.252
2016-12-01 01:47:05.985,165.601,0.018,-0.663,0.003,0.748,0.428,1.159,0.252
2016-12-01 01:47:05.995,165.601,0.018,-0.663,0.003,0.748,0.428,1.159,0.252
2016-12-01 01:47:06.006,165.623,0.018,-0.663,0.003,0.749,0.428,1.159,0.252
2016-12-01 01:47:06.018,165.644,0.017,-0.663,0.003,0.749,0.427,1.159,0.252
2016-12-01 01:47:06.030,165.644,0.017,-0.662,0.003,0.749,0.427,1.159,0.252
2016-12-01 01:47:06.040,165.665,0.017,-0.663,0.003,0.749,0.427,1.159,0.252
2016-12-01 01:47:06.052,165.665,0.017,-0.663,0.003,0.749,0.427,1.159,0.251
2016-12-01 01:47:06.063,165.687,0.016,-0.663,0.003,0.749,0.427,1.159,0.251
2016-12-01 01:47:06.074,165.687,0.015,-0.663,0.002,0.748,0.427,1.159,0.251
2016-12-01 01:47:06.085,165.708,0.015,-0.663,0.002,0.748,0.427,1.159,0.251
2016-12-01 01:47:06.097,165.729,0.013,-0.664,0.002,0.748,0.427,1.159,0.251
2016-12-01 01:47:06.107,165.729,0.012,-0.664,0.001,0.747,0.427,1.160,0.251
2016-12-01 01:47:06.118,165.751,0.010,-0.665,0.000,0.747,0.427,1.160,0.251
2016-12-01 01:47:06.130,165.751,0.009,-0.666,0.000,0.746,0.426,1.160,0.251
2016-12-01 01:47:06.141,165.751,0.007,-0.666,-0.001,0.746,0.426,1.160,0.251
2016-12-01 01:47:06.152,165.772,0.006,-0.667,-0.001,0.745,0.426,1.160,0.250
2016-12-01 01:47:06.163,165.772,0.004,-0.668,-0.001,0.744,0.426,1.160,0.250
2016-12-01 01:47:06.174,165.793,0.003,-0.669,-0.001,0.744,0.425,1.161,0.250
2016-12-01 01:47:06.185,165.793,0.002,-0.670,-0.001,0.743,0.425,1.161,0.250
2016-12-01 01:47:06.196,165.815,0.002,-0.671,-0.001,0.742,0.425,1.161,0.250
2016-12-01 01:47:06.208,165.836,0.001,-0.672,0.000,0.741,0.425,1.161,0.250
2016-12-01 01:47:06.220,165.836,0.001,-0.673,0.000,0.740,0.425,1.161,0.250
2016-12-01 01:47:06.230,165.857,0.001,-0.674,0.001,0.739,0.425,1.161,0.250
2016-12-01 01:47:06.241,165.857,0.001,-0.675,0.001,0.738,0.424,1.161,0.250
2016-12-01 01:47:06.253,165.879,0.001,-0.676,0.001,0.737,0.424,1.161,0.250
2016-12-01 01:47:06.264,165.879,0.001,-0.677,0.002,0.736,0.424,1.161,0.250
2016-12-01 01:47:06.275,165.900,0.002,-0.678,0.002,0.735,0.424,1.161,0.249
2016-12-01 01:47:06.286,165.921,0.002,-0.680,0.003,0.734,0.424,1.161,0.249
2016-12-01 01:47:06.297,165.921,0.003,-0.681,0.003,0.733,0.423,1.161,0.249
2016-12-01 01:47:06.308,165.921,0.003,-0.682,0.003,0.731,0.423,1.161,0.249
2016-12-01 01:47:06.319,165.943,0.004,-0.683,0.004,0.730,0.423,1.160,0.249
2016-12-01 01:47:06.331,165.943,0.005,-0.684,0.004,0.729,0.423,1.160,0.249
2016-12-01 01:47:06.342,165.964,0.005,-0.685,0.005,0.728,0.423,1.160,0.249
2016-12-01 01:47:06.353,165.964,0.006,-0.686,0.005,0.727,0.422,1.160,0.249
2016-12-01 01:47:06.364,165.985,0.007,-0.687,0.006,0.726,0.422,1.160,0.249
2016-12-01 01:47:06.375,165.985,0.008,-0.688,0.006,0.725,0.422,1.160,0.249
2016-12-01 01:47:06.386,166.007,0.009,-0.689,0.007,0.724,0.422,1.159,0.249
2016-12-01 01:47:06.398,166.028,0.010,-0.691,0.007,0.723,0.422,1.159,0.250
2016-12-01 01:47:06.409,166.028,0.011,-0.692,0.007,0.722,0.422,1.159,0.250
2016-12-01 01:47:06.420,166.049,0.012,-0.693,0.008,0.721,0.422,1.159,0.250
2016-12-01 01:47:06.432,166.049,0.013,-0.694,0.008,0.720,0.422,1.158,0.250
2016-12-01 01:47:06.442,166.071,0.014,-0.695,0.008,0.719,0.422,1.158,0.250
2016-12-01 01:47:06.454,166.071,0.015,-0.697,0.009,0.717,0.422,1.158,0.250
2016-12-01 01:47:06.465,166.071,0.016,-0.698,0.009,0.716,0.422,1.158,0.250
2016-12-01 01:47:06.476,166.092,0.016,-0.699,0.010,0.715,0.422,1.157,0.250
2016-12-01 01:47:06.487,166.113,0.017,-0.701,0.010,0.713,0.422,1.157,0.250
2016-12-01 01:47:06.498,166.113,0.018,-0.702,0.009,0.712,0.422,1.157,0.251
2016-12-01 01:47:06.509,166.135,0.018,-0.703,0.009,0.711,0.422,1.157,0.251
2016-12-01 01:47:06.521,166.135,0.019,-0.705,0.009,0.709,0.422,1.157,0.251
2016-12-01 01:47:06.532,166.156,0.019,-0.706,0.009,0.708,0.422,1.157,0.251
2016-12-01 01:47:06.543,166.156,0.020,-0.707,0.008,0.706,0.422,1.158,0.251
2016-12-01 01:47:06.554,166.177,0.020,-0.709,0.008,0.705,0.423,1.158,0.251
2016-12-01 01:47:06.565,166.177,0.020,-0.710,0.008,0.704,0.423,1.158,0.251
2016-12-01 01:47:06.576,166.199,0.020,-0.712,0.007,0.702,0.423,1.158,0.251
2016-12-01 01:47:06.588,166.220,0.020,-0.713,0.007,0.701,0.423,1.158,0.252
2016-12-01 01:47:06.599,166.220,0.020,-0.715,0.007,0.699,0.423,1.158,0.252
2016-12-01 01:47:06.610,166.241,0.020,-0.716,0.006,0.698,0.424,1.158,0.252
2016-12-01 01:47:06.621,166.241,0.020,-0.717,0.006,0.696,0.424,1.158,0.252
2016-12-01 01:47:06.632,166.241,0.020,-0.719,0.006,0.695,0.424,1.158,0.252
2016-12-01 01:47:06.643,166.263,0.020,-0.720,0.005,0.693,0.424,1.158,0.252
2016-12-01 01:47:06.655,166.263,0.020,-0.722,0.005,0.692,0.425,1.158,0.252
2016-12-01 01:47:06.666,166.284,0.020,-0.723,0.005,0.690,0.425,1.158,0.252
2016-12-01 01:47:06.677,166.305,0.019,-0.725,0.005,0.689,0.425,1.158,0.252
2016-12-01 01:47:06.689,166.305,0.020,-0.726,0.005,0.688,0.425,1.158,0.253
2016-12-01 01:47:06.699,166.327,0.020,-0.727,0.005,0.686,0.425,1.157,0.253
2016-12-01 01:47:06.710,166.327,0.020,-0.728,0.004,0.685,0.425,1.157,0.253
2016-12-01 01:47:06.721,166.348,0.020,-0.730,0.004,0.683,0.426,1.157,0.253
2016-12-01 01:47:06.733,166.348,0.020,-0.731,0.005,0.682,0.426,1.157,0.253
2016-12-01 01:47:06.744,166.369,0.020,-0.732,0.005,0.681,0.426,1.157,0.253
2016-12-01 01:47:06.755,166.369,0.020,-0.734,0.004,0.679,0.426,1.157,0.253
2016-12-01 01:47:06.766,166.391,0.021,-0.735,0.004,0.678,0.426,1.157,0.254
2016-12-01 01:47:06.778,166.412,0.021,-0.736,0.004,0.677,0.426,1.157,0.254
2016-12-01 01:47:06.789,166.412,0.021,-0.737,0.004,0.675,0.426,1.157,0.254
2016-12-01 01:47:06.800,166.412,0.021,-0.739,0.004,0.674,0.426,1.157,0.254
2016-12-01 01:47:06.811,166.433,0.021,-0.740,0.004,0.672,0.426,1.157,0.254
2016-12-01 01:47:06.822,166.433,0.020,-0.741,0.003,0.671,0.426,1.158,0.255
2016-12-01 01:47:06.833,166.455,0.020,-0.742,0.003,0.670,0.426,1.158,0.255
2016-12-01 01:47:06.844,166.455,0.020,-0.744,0.003,0.668,0.426,1.158,0.255
2016-12-01 01:47:06.856,166.476,0.020,-0.745,0.002,0.667,0.426,1.158,0.255
2016-12-01 01:47:06.867,166.497,0.019,-0.746,0.002,0.665,0.426,1.158,0.255
2016-12-01 01:47:06.878,166.497,0.019,-0.747,0.001,0.664,0.426,1.158,0.256
2016-12-01 01:47:06.889,166.519,0.019,-0.749,0.001,0.663,0.426,1.158,0.256
2016-12-01 01:47:06.901,166.519,0.019,-0.750,0.001,0.661,0.426,1.158,0.256
2016-12-01 01:47:06.911,166.540,0.019,-0.751,0.000,0.660,0.426,1.158,0.256
2016-12-01 01:47:06.923,166.540,0.019,-0.752,0.000,0.659,0.426,1.158,0.256
2016-12-01 01:47:06.934,166.561,0.019,-0.753,0.000,0.658,0.426,1.158,0.256
2016-12-01 01:47:06.945,166.561,0.019,-0.754,-0.001,0.656,0.426,1.158,0.257
2016-12-01 01:47:06.956,166.583,0.019,-0.755,-0.001,0.655,0.426,1.158,0.257
2016-12-01 01:47:06.968,166.583,0.018,-0.756,-0.001,0.654,0.426,1.158,0.257
2016-12-01 01:47:06.979,166.604,0.018,-0.757,-0.001,0.653,0.426,1.158,0.257
2016-12-01 01:47:06.990,166.604,0.018,-0.758,-0.001,0.652,0.426,1.158,0.257
2016-12-01 01:47:07.001,166.625,0.018,-0.759,-0.001,0.651,0.426,1.158,0.257
2016-12-01 01:47:07.012,166.625,0.018,-0.760,-0.002,0.650,0.426,1.158,0.257
2016-12-01 01:47:07.023,166.647,0.018,-0.760,-0.002,0.649,0.426,1.158,0.258
2016-12-01 01:47:07.035,166.647,0.019,-0.761,-0.002,0.648,0.426,1.158,0.258
2016-12-01 01:47:07.045,166.668,0.019,-0.762,-0.002,0.647,0.426,1.158,0.258
2016-12-01 01:47:07.057,166.689,0.019,-0.763,-0.002,0.647,0.426,1.158,0.258
2016-12-01 01:47:07.068,166.689,0.019,-0.763,-0.002,0.646,0.425,1.158,0.258
2016-12-01 01:47:07.079,166.711,0.020,-0.764,-0.002,0.645,0.425,1.158,0.258
2016-12-01 01:47:07.091,166.711,0.020,-0.764,-0.002,0.644,0.425,1.158,0.258
2016-12-01 01:47:07.101,166.732,0.020,-0.765,-0.002,0.644,0.425,1.158,0.259
2016-12-01 01:47:07.112,166.732,0.020,-0.765,-0.002,0.643,0.425,1.158,0.259
2016-12-01 01:47:07.123,166.732,0.020,-0.766,-0.002,0.643,0.425,1.158,0.259
2016-12-01 01:47:07.135,166.753,0.021,-0.766,-0.002,0.642,0.425,1.158,0.259
2016-12-01 01:47:07.146,166.775,0.021,-0.767,-0.002,0.642,0.425,1.158,0.259
2016-12-01 01:47:07.158,166.775,0.021,-0.767,-0.002,0.641,0.424,1.158,0.259
2016-12-01 01:47:07.169,166.796,0.021,-0.768,-0.003,0.641,0.424,1.158,0.260
2016-12-01 01:47:07.180,166.796,0.021,-0.768,-0.003,0.640,0.424,1.158,0.260
2016-12-01 01:47:07.191,166.817,0.021,-0.768,-0.003,0.640,0.424,1.158,0.260
2016-12-01 01:47:07.202,166.817,0.021,-0.768,-0.003,0.640,0.424,1.158,0.260
2016-12-01 01:47:07.213,166.839,0.021,-0.769,-0.003,0.639,0.424,1.158,0.260
2016-12-01 01:47:07.225,166.839,0.021,-0.769,-0.004,0.639,0.424,1.158,0.260
2016-12-01 01:47:07.235,166.860,0.021,-0.769,-0.004,0.639,0.423,1.158,0.260
2016-12-01 01:47:07.246,166.881,0.021,-0.769,-0.004,0.639,0.423,1.158,0.261
2016-12-01 01:47:07.258,166.881,0.022,-0.769,-0.004,0.639,0.423,1.159,0.261
2016-12-01 01:47:07.269,166.881,0.022,-0.769,-0.004,0.639,0.423,1.159,0.261
2016-12-01 01:47:07.280,166.903,0.022,-0.769,-0.004,0.639,0.423,1.159,0.261
2016-12-01 01:47:07.292,166.903,0.022,-0.769,-0.004,0.638,0.423,1.159,0.261
2016-12-01 01:47:07.303,166.924,0.023,-0.769,-0.004,0.638,0.423,1.159,0.261
2016-12-01 01:47:07.314,166.924,0.023,-0.770,-0.004,0.638,0.423,1.158,0.262
2016-12-01 01:47:07.325,166.945,0.023,-0.770,-0.005,0.638,0.423,1.158,0.262
2016-12-01 01:47:07.336,166.967,0.023,-0.770,-0.005,0.638,0.423,1.158,0.262
2016-12-01 01:47:07.347,166.967,0.023,-0.770,-0.005,0.637,0.423,1.158,0.262
2016-12-01 01:47:07.358,166.988,0.023,-0.770,-0.005,0.637,0.423,1.159,0.262
2016-12-01 01:47:07.370,166.988,0.023,-0.770,-0.005,0.637,0.423,1.159,0.262
2016-12-01 01:47:07.381,167.009,0.023,-0.771,-0.006,0.637,0.423,1.159,0.262
2016-12-01 01:47:07.392,167.009,0.023,-0.771,-0.006,0.637,0.423,1.159,0.262
2016-12-01 01:47:07.403,167.031,0.024,-0.771,-0.006,0.636,0.423,1.159,0.263
2016-12-01 01:47:07.414,167.031,0.024,-0.771,-0.006,0.636,0.424,1.159,0.263
2016-12-01 01:47:07.426,167.052,0.024,-0.771,-0.007,0.636,0.423,1.159,0.263
2016-12-01 01:47:07.437,167.052,0.024,-0.772,-0.007,0.636,0.423,1.159,0.263
2016-12-01 01:47:07.448,167.073,0.024,-0.772,-0.007,0.635,0.423,1.159,0.263
2016-12-01 01:47:07.459,167.073,0.025,-0.772,-0.007,0.635,0.424,1.159,0.263
2016-12-01 01:47:07.470,167.095,0.025,-0.772,-0.008,0.635,0.424,1.159,0.263
2016-12-01 01:47:07.481,167.095,0.025,-0.773,-0.008,0.634,0.424,1.159,0.263
2016-12-01 01:47:07.492,167.116,0.025,-0.773,-0.008,0.634,0.424,1.159,0.263
2016-12-01 01:47:07.504,167.116,0.025,-0.773,-0.008,0.634,0.424,1.159,0.264
2016-12-01 01:47:07.515,167.137,0.025,-0.773,-0.008,0.634,0.424,1.159,0.264
2016-12-01 01:47:07.526,167.159,0.026,-0.773,-0.008,0.634,0.424,1.159,0.264
2016-12-01 01:47:07.537,167.159,0.026,-0.773,-0.008,0.634,0.424,1.159,0.264
2016-12-01 01:47:07.548,167.180,0.026,-0.773,-0.008,0.634,0.424,1.158,0.264
2016-12-01 01:47:07.560,167.180,0.026,-0.773,-0.008,0.634,0.424,1.159,0.264
2016-12-01 01:47:07.570,167.201,0.026,-0.773,-0.008,0.634,0.424,1.158,0.264
2016-12-01 01:47:07.582,167.201,0.026,-0.773,-0.007,0.634,0.424,1.158,0.264
2016-12-01 01:47:07.593,167.223,0.026,-0.773,-0.007,0.634,0.424,1.158,0.264
2016-12-01 01:47:07.604,167.223,0.027,-0.773,-0.007,0.634,0.424,1.158,0.264
2016-12-01 01:47:07.615,167.223,0.027,-0.773,-0.007,0.634,0.424,1.158,0.264
2016-12-01 01:47:07.626,167.244,0.027,-0.773,-0.007,0.634,0.424,1.158,0.264
2016-12-01 01:47:07.638,167.265,0.027,-0.773,-0.007,0.634,0.425,1.158,0.264
2016-12-01 01:47:07.648,167.265,0.027,-0.773,-0.007,0.634,0.425,1.158,0.264
2016-12-01 01:47:07.660,167.287,0.027,-0.772,-0.007,0.635,0.425,1.158,0.264
2016-12-01 01:47:07.672,167.287,0.027,-0.772,-0.007,0.635,0.425,1.158,0.264
2016-12-01 01:47:07.682,167.308,0.027,-0.772,-0.007,0.635,0.424,1.158,0.264
2016-12-01 01:47:07.693,167.308,0.027,-0.772,-0.007,0.635,0.424,1.158,0.264
2016-12-01 01:47:07.704,167.329,0.027,-0.771,-0.007,0.636,0.424,1.158,0.264
2016-12-01 01:47:07.715,167.329,0.027,-0.771,-0.007,0.636,0.424,1.158,0.264
2016-12-01 01:47:07.727,167.351,0.027,-0.771,-0.007,0.636,0.424,1.158,0.264
2016-12-01 01:47:07.739,167.372,0.027,-0.771,-0.007,0.637,0.424,1.158,0.264
2016-12-01 01:47:07.750,167.372,0.027,-0.771,-0.007,0.637,0.424,1.158,0.264
2016-12-01 01:47:07.760,167.372,0.027,-0.770,-0.007,0.637,0.424,1.158,0.264
2016-12-01 01:47:07.772,167.393,0.027,-0.770,-0.006,0.637,0.424,1.158,0.264
2016-12-01 01:47:07.783,167.393,0.027,-0.770,-0.006,0.637,0.425,1.158,0.264
2016-12-01 01:47:07.794,167.415,0.027,-0.770,-0.007,0.637,0.425,1.158,0.264
2016-12-01 01:47:07.805,167.415,0.027,-0.770,-0.007,0.637,0.424,1.158,0.264
2016-12-01 01:47:07.816,167.436,0.027,-0.770,-0.007,0.637,0.424,1.158,0.263
2016-12-01 01:47:07.828,167.457,0.027,-0.770,-0.007,0.637,0.424,1.158,0.263
2016-12-01 01:47:07.838,167.457,0.027,-0.770,-0.006,0.638,0.424,1.158,0.263
2016-12-01 01:47:07.849,167.479,0.027,-0.770,-0.006,0.638,0.424,1.159,0.263
2016-12-01 01:47:07.861,167.479,0.027,-0.770,-0.006,0.638,0.424,1.159,0.263
2016-12-01 01:47:07.872,167.500,0.027,-0.770,-0.006,0.638,0.424,1.159,0.263
2016-12-01 01:47:07.883,167.500,0.027,-0.769,-0.005,0.638,0.424,1.159,0.263
2016-12-01 01:47:07.894,167.521,0.027,-0.769,-0.005,0.638,0.424,1.158,0.263
2016-12-01 01:47:07.906,167.543,0.027,-0.769,-0.005,0.639,0.424,1.158,0.262
2016-12-01 01:47:07.917,167.543,0.027,-0.769,-0.005,0.639,0.424,1.158,0.262
2016-12-01 01:47:07.928,167.543,0.027,-0.769,-0.005,0.639,0.424,1.158,0.262
2016-12-01 01:47:07.939,167.564,0.027,-0.769,-0.004,0.639,0.424,1.158,0.262
2016-12-01 01:47:07.950,167.564,0.027,-0.768,-0.004,0.640,0.424,1.158,0.262
2016-12-01 01:47:07.962,167.585,0.027,-0.768,-0.004,0.640,0.424,1.158,0.262
2016-12-01 01:47:07.973,167.585,0.027,-0.768,-0.004,0.640,0.424,1.158,0.262
2016-12-01 01:47:07.984,167.607,0.027,-0.768,-0.004,0.640,0.424,1.158,0.262
2016-12-01 01:47:07.995,167.607,0.027,-0.768,-0.003,0.640,0.424,1.158,0.262
2016-12-01 01:47:08.006,167.628,0.027,-0.767,-0.003,0.641,0.424,1.158,0.262
2016-12-01 01:47:08.017,167.649,0.027,-0.767,-0.003,0.641,0.424,1.158,0.262
2016-12-01 01:47:08.029,167.649,0.027,-0.767,-0.002,0.641,0.424,1.158,0.262
2016-12-01 01:47:08.039,167.671,0.027,-0.767,-0.002,0.642,0.424,1.158,0.261
2016-12-01 01:47:08.051,167.671,0.027,-0.766,-0.002,0.642,0.424,1.158,0.261
2016-12-01 01:47:08.062,167.692,0.027,-0.766,-0.001,0.642,0.424,1.158,0.261
2016-12-01 01:47:08.073,167.692,0.027,-0.766,-0.001,0.642,0.424,1.158,0.261
2016-12-01 01:47:08.084,167.692,0.027,-0.766,-0.001,0.643,0.424,1.158,0.261
2016-12-01 01:47:08.096,167.713,0.027,-0.766,0.000,0.643,0.424,1.158,0.261
2016-12-01 01:47:08.107,167.735,0.027,-0.765,0.000,0.643,0.424,1.158,0.261
2016-12-01 01:47:08.118,167.735,0.027,-0.765,0.000,0.643,0.424,1.158,0.261
2016-12-01 01:47:08.129,167.756,0.027,-0.765,0.000,0.644,0.424,1.158,0.261
2016-12-01 01:47:08.140,167.756,0.027,-0.765,0.000,0.644,0.424,1.158,0.261
2016-12-01 01:47:08.151,167.777,0.026,-0.764,0.000,0.644,0.424,1.158,0.261
2016-12-01 01:47:08.163,167.777,0.026,-0.764,0.000,0.644,0.425,1.158,0.261
2016-12-01 01:47:08.174,167.799,0.026,-0.764,0.000,0.645,0.425,1.158,0.261
2016-12-01 01:47:08.185,167.799,0.026,-0.764,0.001,0.645,0.425,1.158,0.261
2016-12-01 01:47:08.196,167.820,0.026,-0.764,0.001,0.645,0.424,1.158,0.261
2016-12-01 01:47:08.207,167.841,0.026,-0.764,0.001,0.645,0.424,1.158,0.260
2016-12-01 01:47:08.219,167.841,0.026,-0.764,0.000,0.645,0.424,1.158,0.260
2016-12-01 01:47:08.229,167.863,0.026,-0.763,0.000,0.645,0.425,1.158,0.260
2016-12-01 01:47:08.240,167.863,0.025,-0.763,0.000,0.646,0.425,1.158,0.260
2016-12-01 01:47:08.252,167.863,0.025,-0.763,0.000,0.646,0.425,1.158,0.260
2016-12-01 01:47:08.263,167.884,0.025,-0.763,0.001,0.646,0.425,1.158,0.260
2016-12-01 01:47:08.274,167.884,0.025,-0.763,0.001,0.646,0.424,1.158,0.260
2016-12-01 01:47:08.286,167.905,0.025,-0.763,0.001,0.646,0.424,1.158,0.260
2016-12-01 01:47:08.297,167.927,0.025,-0.763,0.001,0.646,0.425,1.158,0.260
2016-12-01 01:47:08.308,167.927,0.025,-0.763,0.001,0.646,0.425,1.158,0.260
2016-12-01 01:47:08.319,167.948,0.025,-0.763,0.001,0.646,0.425,1.158,0.260
2016-12-01 01:47:08.331,167.948,0.025,-0.762,0.001,0.647,0.425,1.158,0.260
2016-12-01 01:47:08.341,167.969,0.025,-0.762,0.001,0.647,0.425,1.158,0.260
2016-12-01 01:47:08.353,167.969,0.025,-0.762,0.002,0.647,0.425,1.158,0.260
2016-12-01 01:47:08.364,167.991,0.025,-0.762,0.002,0.647,0.425,1.158,0.260
2016-12-01 01:47:08.375,167.991,0.025,-0.762,0.002,0.647,0.425,1.158,0.260
2016-12-01 01:47:08.386,168.012,0.025,-0.762,0.002,0.647,0.425,1.157,0.260
2016-12-01 01:47:08.397,168.033,0.025,-0.762,0.002,0.647,0.425,1.158,0.260
2016-12-01 01:47:08.408,168.033,0.025,-0.762,0.003,0.647,0.425,1.157,0.260
2016-12-01 01:47:08.419,168.033,0.025,-0.762,0.003,0.647,0.425,1.157,0.260
2016-12-01 01:47:08.430,168.055,0.025,-0.762,0.003,0.648,0.425,1.157,0.260
2016-12-01 01:47:08.442,168.055,0.025,-0.761,0.003,0.648,0.425,1.157,0.260
2016-12-01 01:47:08.453,168.076,0.025,-0.761,0.004,0.648,0.425,1.157,0.260
2016-12-01 01:47:08.464,168.076,0.026,-0.761,0.004,0.648,0.425,1.157,0.260
2016-12-01 01:47:08.476,168.097,0.026,-0.761,0.004,0.648,0.425,1.157,0.260
2016-12-01 01:47:08.487,168.119,0.026,-0.761,0.004,0.648,0.425,1.157,0.260
2016-12-01 01:47:08.498,168.119,0.026,-0.761,0.004,0.648,0.425,1.157,0.260
2016-12-01 01:47:08.509,168.140,0.026,-0.761,0.004,0.648,0.425,1.157,0.260
2016-12-01 01:47:08.521,168.140,0.026,-0.761,0.004,0.648,0.425,1.157,0.260
2016-12-01 01:47:08.531,168.161,0.026,-0.761,0.005,0.648,0.425,1.157,0.260
2016-12-01 01:47:08.542,168.161,0.026,-0.761,0.004,0.648,0.425,1.157,0.260
2016-12-01 01:47:08.554,168.183,0.026,-0.761,0.004,0.648,0.425,1.157,0.260
2016-12-01 01:47:08.565,168.183,0.026,-0.761,0.005,0.648,0.425,1.157,0.260
2016-12-01 01:47:08.576,168.204,0.026,-0.761,0.005,0.648,0.424,1.157,0.260
2016-12-01 01:47:08.587,168.204,0.026,-0.761,0.005,0.648,0.424,1.157,0.260
2016-12-01 01:47:08.598,168.225,0.026,-0.761,0.005,0.649,0.424,1.157,0.260
2016-12-01 01:47:08.609,168.225,0.026,-0.761,0.005,0.648,0.424,1.157,0.260
2016-12-01 01:47:08.620,168.247,0.026,-0.761,0.005,0.649,0.424,1.157,0.260
2016-12-01 01:47:08.632,168.247,0.026,-0.761,0.005,0.649,0.424,1.157,0.260
2016-12-01 01:47:08.642,168.268,0.026,-0.761,0.005,0.649,0.424,1.157,0.260
2016-12-01 01:47:08.654,168.268,0.027,-0.761,0.006,0.649,0.424,1.157,0.260
2016-12-01 01:47:08.665,168.289,0.027,-0.761,0.006,0.649,0.424,1.157,0.260
2016-12-01 01:47:08.677,168.311,0.027,-0.761,0.006,0.649,0.424,1.157,0.260
2016-12-01 01:47:08.688,168.311,0.027,-0.761,0.006,0.649,0.424,1.157,0.260
2016-12-01 01:47:08.699,168.332,0.027,-0.760,0.006,0.649,0.424,1.157,0.260
2016-12-01 01:47:08.710,168.332,0.027,-0.760,0.006,0.649,0.424,1.157,0.260
2016-12-01 01:47:08.721,168.353,0.027,-0.760,0.006,0.649,0.423,1.157,0.260
2016-12-01 01:47:08.733,168.353,0.027,-0.760,0.007,0.649,0.423,1.157,0.260
2016-12-01 01:47:08.743,168.353,0.028,-0.760,0.007,0.649,0.423,1.157,0.260
2016-12-01 01:47:08.754,168.375,0.028,-0.760,0.007,0.649,0.423,1.157,0.260
2016-12-01 01:47:08.766,168.396,0.028,-0.760,0.007,0.649,0.423,1.157,0.260
2016-12-01 01:47:08.777,168.396,0.028,-0.760,0.007,0.649,0.423,1.157,0.260
2016-12-01 01:47:08.788,168.417,0.028,-0.760,0.007,0.649,0.423,1.157,0.260
2016-12-01 01:47:08.799,168.417,0.029,-0.760,0.007,0.650,0.423,1.157,0.260
2016-12-01 01:47:08.810,168.439,0.029,-0.760,0.007,0.650,0.423,1.156,0.260
2016-12-01 01:47:08.822,168.439,0.029,-0.760,0.007,0.650,0.423,1.156,0.260
2016-12-01 01:47:08.832,168.460,0.029,-0.760,0.007,0.650,0.423,1.156,0.260
2016-12-01 01:47:08.844,168.460,0.029,-0.760,0.008,0.650,0.423,1.156,0.260
2016-12-01 01:47:08.855,168.481,0.029,-0.760,0.008,0.650,0.423,1.156,0.260
2016-12-01 01:47:08.867,168.503,0.030,-0.760,0.008,0.650,0.423,1.156,0.260
2016-12-01 01:47:08.878,168.503,0.030,-0.760,0.008,0.650,0.423,1.156,0.260
2016-12-01 01:47:08.889,168.503,0.030,-0.759,0.008,0.650,0.423,1.156,0.260
2016-12-01 01:47:08.900,168.524,0.030,-0.759,0.007,0.650,0.423,1.156,0.260
2016-12-01 01:47:08.911,168.524,0.030,-0.759,0.008,0.650,0.423,1.156,0.261
2016-12-01 01:47:08.923,168.545,0.030,-0.759,0.008,0.650,0.423,1.156,0.261
2016-12-01 01:47:08.934,168.545,0.030,-0.759,0.008,0.650,0.423,1.156,0.261
2016-12-01 01:47:08.944,168.567,0.031,-0.759,0.008,0.650,0.423,1.156,0.261
2016-12-01 01:47:08.955,168.567,0.031,-0.759,0.008,0.650,0.423,1.156,0.261
2016-12-01 01:47:08.967,168.588,0.031,-0.759,0.008,0.650,0.423,1.156,0.261
2016-12-01 01:47:08.978,168.609,0.031,-0.759,0.008,0.651,0.423,1.156,0.261
2016-12-01 01:47:08.989,168.609,0.031,-0.759,0.008,0.651,0.423,1.156,0.261
2016-12-01 01:47:09.000,168.631,0.032,-0.758,0.008,0.651,0.423,1.156,0.261
2016-12-01 01:47:09.011,168.631,0.032,-0.758,0.008,0.651,0.423,1.156,0.262
2016-12-01 01:47:09.022,168.652,0.032,-0.758,0.008,0.651,0.423,1.156,0.262
2016-12-01 01:47:09.034,168.652,0.032,-0.758,0.008,0.651,0.423,1.156,0.262
2016-12-01 01:47:09.045,168.673,0.032,-0.758,0.008,0.652,0.423,1.156,0.262
2016-12-01 01:47:09.057,168.673,0.033,-0.758,0.008,0.652,0.423,1.156,0.262
2016-12-01 01:47:09.067,168.695,0.033,-0.758,0.008,0.652,0.423,1.156,0.262
2016-12-01 01:47:09.079,168.695,0.033,-0.758,0.008,0.652,0.423,1.156,0.262
2016-12-01 01:47:09.090,168.716,0.033,-0.758,0.008,0.652,0.423,1.156,0.262
2016-12-01 01:47:09.101,168.716,0.033,-0.758,0.008,0.652,0.423,1.156,0.262
2016-12-01 01:47:09.112,168.737,0.033,-0.758,0.008,0.652,0.423,1.156,0.262
2016-12-01 01:47:09.124,168.737,0.033,-0.758,0.008,0.652,0.423,1.156,0.262
2016-12-01 01:47:09.134,168.759,0.033,-0.758,0.008,0.652,0.422,1.156,0.262
2016-12-01 01:47:09.145,168.759,0.034,-0.758,0.008,0.652,0.422,1.156,0.262
2016-12-01 01:47:09.157,168.780,0.034,-0.758,0.008,0.652,0.422,1.156,0.262
2016-12-01 01:47:09.168,168.801,0.034,-0.757,0.009,0.652,0.422,1.156,0.263
2016-12-01 01:47:09.179,168.801,0.034,-0.757,0.009,0.652,0.422,1.156,0.263
2016-12-01 01:47:09.190,168.823,0.034,-0.757,0.009,0.652,0.422,1.156,0.263
2016-12-01 01:47:09.201,168.823,0.034,-0.757,0.009,0.652,0.422,1.156,0.263
2016-12-01 01:47:09.212,168.844,0.034,-0.757,0.009,0.652,0.422,1.156,0.263
2016-12-01 01:47:09.224,168.844,0.034,-0.757,0.009,0.652,0.422,1.156,0.263
2016-12-01 01:47:09.235,168.844,0.034,-0.757,0.009,0.652,0.422,1.156,0.263
2016-12-01 01:47:09.246,168.865,0.035,-0.757,0.009,0.653,0.422,1.156,0.263
2016-12-01 01:47:09.257,168.887,0.035,-0.757,0.009,0.653,0.422,1.156,0.263
2016-12-01 01:47:09.269,168.887,0.035,-0.757,0.009,0.653,0.422,1.156,0.263
2016-12-01 01:47:09.279,168.908,0.035,-0.757,0.009,0.653,0.422,1.156,0.263
2016-12-01 01:47:09.291,168.908,0.035,-0.757,0.009,0.653,0.422,1.156,0.263
2016-12-01 01:47:09.302,168.929,0.035,-0.757,0.009,0.653,0.422,1.156,0.263
2016-12-01 01:47:09.313,168.929,0.035,-0.757,0.009,0.653,0.422,1.156,0.263
2016-12-01 01:47:09.324,168.951,0.035,-0.756,0.009,0.653,0.422,1.156,0.263
2016-12-01 01:47:09.336,168.972,0.035,-0.756,0.009,0.653,0.422,1.156,0.263
2016-12-01 01:47:09.346,168.972,0.035,-0.756,0.009,0.653,0.422,1.156,0.263
2016-12-01 01:47:09.358,168.993,0.036,-0.756,0.009,0.653,0.422,1.156,0.263
2016-12-01 01:47:09.369,168.993,0.036,-0.756,0.010,0.653,0.422,1.156,0.263
2016-12-01 01:47:09.380,168.993,0.036,-0.756,0.010,0.654,0.422,1.156,0.263
2016-12-01 01:47:09.391,169.015,0.036,-0.756,0.010,0.654,0.422,1.156,0.263
2016-12-01 01:47:09.402,169.015,0.036,-0.756,0.010,0.654,0.422,1.156,0.263
2016-12-01 01:47:09.414,169.036,0.036,-0.756,0.010,0.654,0.422,1.156,0.263
2016-12-01 01:47:09.425,169.036,0.036,-0.756,0.010,0.654,0.422,1.156,0.263
2016-12-01 01:47:09.436,169.057,0.036,-0.756,0.010,0.654,0.422,1.156,0.263
2016-12-01 01:47:09.447,169.079,0.036,-0.756,0.010,0.654,0.422,1.156,0.263
2016-12-01 01:47:09.459,169.079,0.036,-0.756,0.010,0.654,0.422,1.156,0.263
2016-12-01 01:47:09.469,169.100,0.035,-0.756,0.009,0.654,0.422,1.156,0.263
2016-12-01 01:47:09.481,169.100,0.035,-0.756,0.009,0.654,0.422,1.156,0.263
2016-12-01 01:47:09.492,169.121,0.035,-0.756,0.010,0.654,0.422,1.156,0.263
2016-12-01 01:47:09.503,169.121,0.035,-0.756,0.010,0.654,0.422,1.156,0.263
2016-12-01 01:47:09.514,169.143,0.035,-0.756,0.010,0.654,0.422,1.156,0.263
2016-12-01 01:47:09.525,169.143,0.035,-0.756,0.010,0.654,0.422,1.156,0.263
2016-12-01 01:47:09.536,169.164,0.035,-0.755,0.010,0.654,0.422,1.156,0.263
2016-12-01 01:47:09.547,169.164,0.036,-0.755,0.010,0.654,0.422,1.156,0.263
2016-12-01 01:47:09.559,169.185,0.036,-0.755,0.010,0.654,0.422,1.156,0.263
2016-12-01 01:47:09.570,169.185,0.036,-0.755,0.010,0.654,0.422,1.156,0.263
2016-12-01 01:47:09.581,169.207,0.036,-0.755,0.010,0.654,0.422,1.156,0.263
2016-12-01 01:47:09.592,169.207,0.036,-0.755,0.010,0.654,0.422,1.156,0.263
2016-12-01 01:47:09.603,169.228,0.036,-0.755,0.010,0.654,0.422,1.156,0.263
2016-12-01 01:47:09.615,169.228,0.036,-0.755,0.010,0.654,0.422,1.156,0.263
2016-12-01 01:47:09.626,169.249,0.036,-0.755,0.010,0.654,0.422,1.156,0.263
2016-12-01 01:47:09.637,169.271,0.036,-0.755,0.010,0.655,0.422,1.156,0.263
2016-12-01 01:47:09.649,169.271,0.036,-0.755,0.010,0.655,0.422,1.156,0.263
2016-12-01 01:47:09.659,169.292,0.036,-0.755,0.010,0.655,0.422,1.156,0.263
2016-12-01 01:47:09.671,169.292,0.036,-0.755,0.010,0.655,0.422,1.156,0.263
2016-12-01 01:47:09.682,169.313,0.036,-0.755,0.010,0.655,0.422,1.156,0.263
2016-12-01 01:47:09.693,169.313,0.036,-0.755,0.010,0.655,0.422,1.156,0.263
2016-12-01 01:47:09.704,169.313,0.036,-0.754,0.010,0.655,0.422,1.156,0.263
2016-12-01 01:47:09.715,169.335,0.036,-0.754,0.010,0.655,0.422,1.156,0.263
2016-12-01 01:47:09.726,169.356,0.036,-0.754,0.010,0.656,0.422,1.156,0.263
2016-12-01 01:47:09.738,169.356,0.036,-0.754,0.010,0.656,0.422,1.156,0.263
2016-12-01 01:47:09.749,169.377,0.036,-0.754,0.010,0.656,0.422,1.156,0.263
2016-12-01 01:47:09.760,169.377,0.036,-0.754,0.010,0.656,0.422,1.156,0.263
2016-12-01 01:47:09.771,169.399,0.036,-0.754,0.010,0.656,0.422,1.156,0.263
2016-12-01 01:47:09.782,169.399,0.036,-0.754,0.010,0.656,0.422,1.156,0.263
2016-12-01 01:47:09.794,169.420,0.036,-0.753,0.010,0.656,0.422,1.156,0.263
2016-12-01 01:47:09.805,169.420,0.036,-0.753,0.010,0.657,0.422,1.156,0.263
2016-12-01 01:47:09.816,169.441,0.036,-0.753,0.010,0.657,0.422,1.156,0.263
2016-12-01 01:47:09.829,169.463,0.036,-0.753,0.010,0.657,0.422,1.156,0.263
2016-12-01 01:47:09.838,169.463,0.036,-0.753,0.010,0.657,0.422,1.156,0.263
2016-12-01 01:47:09.849,169.484,0.036,-0.753,0.010,0.657,0.422,1.156,0.263
2016-12-01 01:47:09.861,169.484,0.036,-0.753,0.010,0.657,0.422,1.156,0.263
2016-12-01 01:47:09.871,169.484,0.036,-0.753,0.010,0.657,0.422,1.156,0.263
2016-12-01 01:47:09.883,169.505,0.036,-0.753,0.010,0.657,0.422,1.156,0.263
2016-12-01 01:47:09.894,169.505,0.036,-0.753,0.010,0.657,0.422,1.156,0.263
2016-12-01 01:47:09.905,169.527,0.036,-0.753,0.010,0.657,0.422,1.156,0.263
2016-12-01 01:47:09.916,169.548,0.036,-0.753,0.010,0.657,0.422,1.156,0.263
2016-12-01 01:47:09.928,169.548,0.036,-0.753,0.010,0.657,0.422,1.156,0.263
2016-12-01 01:47:09.939,169.569,0.036,-0.753,0.010,0.657,0.422,1.156,0.263
2016-12-01 01:47:09.949,169.569,0.036,-0.753,0.010,0.657,0.422,1.156,0.263
2016-12-01 01:47:09.961,169.591,0.036,-0.753,0.010,0.657,0.422,1.156,0.263
2016-12-01 01:47:09.972,169.591,0.036,-0.753,0.011,0.657,0.422,1.156,0.263
2016-12-01 01:47:09.983,169.612,0.036,-0.753,0.010,0.657,0.422,1.156,0.263
2016-12-01 01:47:09.995,169.612,0.036,-0.753,0.011,0.657,0.422,1.156,0.263
2016-12-01 01:47:10.006,169.633,0.036,-0.753,0.011,0.657,0.422,1.156,0.263
2016-12-01 01:47:10.017,169.655,0.036,-0.753,0.011,0.657,0.422,1.156,0.263
2016-12-01 01:47:10.028,169.655,0.035,-0.753,0.010,0.657,0.422,1.156,0.263
2016-12-01 01:47:10.039,169.655,0.035,-0.753,0.010,0.657,0.422,1.156,0.263
2016-12-01 01:47:10.050,169.676,0.035,-0.753,0.010,0.657,0.422,1.156,0.263
2016-12-01 01:47:10.062,169.676,0.035,-0.753,0.011,0.657,0.422,1.156,0.263
2016-12-01 01:47:10.073,169.697,0.035,-0.753,0.011,0.657,0.422,1.156,0.263
2016-12-01 01:47:10.084,169.697,0.035,-0.753,0.011,0.657,0.422,1.156,0.263
2016-12-01 01:47:10.095,169.719,0.036,-0.753,0.011,0.658,0.422,1.156,0.263
2016-12-01 01:47:10.106,169.740,0.036,-0.753,0.011,0.658,0.422,1.156,0.263
2016-12-01 01:47:10.117,169.740,0.036,-0.752,0.011,0.658,0.422,1.156,0.263
2016-12-01 01:47:10.128,169.761,0.036,-0.752,0.011,0.658,0.422,1.156,0.263
2016-12-01 01:47:10.139,169.761,0.036,-0.752,0.011,0.658,0.422,1.156,0.263
2016-12-01 01:47:10.150,169.783,0.036,-0.752,0.011,0.658,0.422,1.156,0.263
2016-12-01 01:47:10.162,169.783,0.035,-0.752,0.011,0.658,0.422,1.156,0.263
2016-12-01 01:47:10.173,169.804,0.035,-0.752,0.011,0.658,0.422,1.156,0.263
2016-12-01 01:47:10.185,169.804,0.035,-0.753,0.011,0.658,0.422,1.156,0.263
2016-12-01 01:47:10.196,169.804,0.035,-0.753,0.011,0.658,0.423,1.156,0.263
2016-12-01 01:47:10.207,169.825,0.035,-0.753,0.011,0.657,0.423,1.156,0.263
2016-12-01 01:47:10.218,169.847,0.035,-0.753,0.011,0.657,0.423,1.156,0.263
2016-12-01 01:47:10.229,169.847,0.035,-0.753,0.011,0.657,0.423,1.156,0.263
2016-12-01 01:47:10.240,169.868,0.035,-0.753,0.012,0.657,0.423,1.156,0.263
2016-12-01 01:47:10.251,169.868,0.035,-0.753,0.012,0.657,0.423,1.156,0.263
2016-12-01 01:47:10.262,169.889,0.035,-0.753,0.012,0.657,0.423,1.156,0.263
2016-12-01 01:47:10.274,169.889,0.035,-0.753,0.012,0.657,0.423,1.156,0.263
2016-12-01 01:47:10.285,169.911,0.035,-0.753,0.012,0.657,0.423,1.156,0.263
2016-12-01 01:47:10.296,169.932,0.035,-0.753,0.012,0.657,0.423,1.156,0.263
2016-12-01 01:47:10.307,169.932,0.035,-0.753,0.012,0.657,0.423,1.156,0.263
2016-12-01 01:47:10.318,169.953,0.034,-0.753,0.012,0.657,0.423,1.156,0.263
2016-12-01 01:47:10.330,169.953,0.034,-0.753,0.012,0.657,0.423,1.156,0.263
2016-12-01 01:47:10.340,169.975,0.034,-0.753,0.012,0.657,0.423,1.156,0.263
2016-12-01 01:47:10.353,169.975,0.034,-0.753,0.012,0.657,0.423,1.156,0.263
2016-12-01 01:47:10.363,169.975,0.034,-0.753,0.012,0.657,0.423,1.156,0.263
2016-12-01 01:47:10.374,169.996,0.034,-0.753,0.012,0.657,0.423,1.156,0.263
2016-12-01 01:47:10.385,169.996,0.034,-0.753,0.012,0.657,0.423,1.156,0.263
2016-12-01 01:47:10.396,170.017,0.034,-0.752,0.012,0.658,0.423,1.156,0.263
2016-12-01 01:47:10.408,170.039,0.034,-0.752,0.012,0.658,0.423,1.156,0.263
2016-12-01 01:47:10.419,170.039,0.034,-0.752,0.013,0.658,0.423,1.156,0.263
2016-12-01 01:47:10.430,170.060,0.034,-0.752,0.013,0.658,0.423,1.156,0.263
2016-12-01 01:47:10.441,170.060,0.034,-0.752,0.012,0.658,0.423,1.156,0.263
2016-12-01 01:47:10.452,170.081,0.034,-0.752,0.012,0.658,0.423,1.156,0.263
2016-12-01 01:47:10.464,170.081,0.034,-0.752,0.013,0.658,0.423,1.156,0.263
2016-12-01 01:47:10.475,170.103,0.034,-0.752,0.012,0.658,0.422,1.156,0.263
2016-12-01 01:47:10.486,170.124,0.034,-0.752,0.013,0.658,0.422,1.156,0.263
2016-12-01 01:47:10.497,170.124,0.034,-0.752,0.013,0.659,0.422,1.156,0.263
2016-12-01 01:47:10.508,170.124,0.034,-0.751,0.013,0.659,0.422,1.156,0.263
2016-12-01 01:47:10.519,170.145,0.035,-0.751,0.013,0.659,0.422,1.156,0.263
2016-12-01 01:47:10.531,170.145,0.035,-0.751,0.013,0.659,0.422,1.156,0.263
2016-12-01 01:47:10.542,170.167,0.035,-0.751,0.013,0.659,0.422,1.155,0.263
2016-12-01 01:47:10.553,170.167,0.035,-0.751,0.013,0.660,0.422,1.155,0.263
2016-12-01 01:47:10.564,170.188,0.035,-0.751,0.014,0.660,0.422,1.155,0.263
2016-12-01 01:47:10.575,170.188,0.035,-0.750,0.014,0.660,0.422,1.155,0.263
2016-12-01 01:47:10.586,170.209,0.035,-0.750,0.014,0.660,0.422,1.155,0.263
2016-12-01 01:47:10.598,170.231,0.035,-0.750,0.014,0.660,0.422,1.156,0.263
2016-12-01 01:47:10.609,170.231,0.035,-0.750,0.014,0.660,0.422,1.155,0.263
2016-12-01 01:47:10.620,170.252,0.035,-0.750,0.014,0.660,0.422,1.155,0.263
2016-12-01 01:47:10.631,170.252,0.035,-0.750,0.014,0.660,0.422,1.155,0.263
2016-12-01 01:47:10.642,170.273,0.035,-0.750,0.014,0.660,0.422,1.156,0.263
2016-12-01 01:47:10.654,170.273,0.035,-0.750,0.014,0.660,0.422,1.156,0.263
2016-12-01 01:47:10.664,170.295,0.035,-0.750,0.014,0.660,0.422,1.156,0.263
2016-12-01 01:47:10.676,170.295,0.035,-0.750,0.014,0.660,0.422,1.156,0.263
2016-12-01 01:47:10.687,170.316,0.035,-0.750,0.014,0.660,0.422,1.156,0.263
2016-12-01 01:47:10.698,170.316,0.035,-0.750,0.014,0.661,0.422,1.156,0.263
2016-12-01 01:47:10.709,170.337,0.035,-0.750,0.014,0.661,0.422,1.155,0.263
2016-12-01 01:47:10.721,170.337,0.035,-0.750,0.014,0.661,0.422,1.155,0.263
2016-12-01 01:47:10.732,170.359,0.035,-0.750,0.014,0.661,0.422,1.155,0.263
2016-12-01 01:47:10.743,170.359,0.035,-0.750,0.014,0.661,0.422,1.156,0.263
2016-12-01 01:47:10.754,170.380,0.035,-0.750,0.015,0.661,0.422,1.156,0.263
2016-12-01 01:47:10.766,170.380,0.035,-0.749,0.014,0.661,0.422,1.156,0.263
2016-12-01 01:47:10.776,170.401,0.035,-0.749,0.014,0.661,0.422,1.156,0.263
2016-12-01 01:47:10.787,170.423,0.035,-0.749,0.014,0.661,0.422,1.156,0.263
2016-12-01 01:47:10.799,170.423,0.035,-0.749,0.014,0.661,0.421,1.156,0.263
2016-12-01 01:47:10.810,170.444,0.035,-0.749,0.014,0.661,0.421,1.156,0.263
2016-12-01 01:47:10.821,170.444,0.035,-0.749,0.014,0.661,0.421,1.156,0.263
2016-12-01 01:47:10.832,170.465,0.035,-0.749,0.014,0.661,0.421,1.156,0.263
2016-12-01 01:47:10.844,170.465,0.035,-0.749,0.014,0.661,0.421,1.156,0.263
2016-12-01 01:47:10.854,170.465,0.035,-0.749,0.014,0.662,0.421,1.156,0.263
2016-12-01 01:47:10.866,170.487,0.036,-0.749,0.014,0.662,0.421,1.156,0.263
2016-12-01 01:47:10.877,170.508,0.036,-0.748,0.014,0.662,0.421,1.156,0.263
2016-12-01 01:47:10.888,170.508,0.036,-0.748,0.014,0.663,0.421,1.156,0.263
2016-12-01 01:47:10.899,170.529,0.036,-0.748,0.014,0.663,0.421,1.156,0.263
2016-12-01 01:47:10.910,170.529,0.036,-0.747,0.014,0.663,0.421,1.156,0.263
2016-12-01 01:47:10.922,170.551,0.036,-0.747,0.014,0.664,0.421,1.156,0.263
2016-12-01 01:47:10.933,170.551,0.036,-0.747,0.014,0.664,0.421,1.156,0.263
2016-12-01 01:47:10.944,170.572,0.035,-0.746,0.014,0.665,0.421,1.155,0.263
2016-12-01 01:47:10.955,170.572,0.035,-0.746,0.014,0.665,0.421,1.155,0.263
2016-12-01 01:47:10.966,170.593,0.035,-0.745,0.014,0.666,0.421,1.155,0.263
2016-12-01 01:47:10.977,170.615,0.035,-0.745,0.014,0.666,0.421,1.155,0.263
2016-12-01 01:47:10.989,170.615,0.035,-0.744,0.014,0.667,0.421,1.155,0.263
2016-12-01 01:47:11.000,170.615,0.035,-0.743,0.014,0.668,0.421,1.155,0.263
2016-12-01 01:47:11.011,170.636,0.035,-0.743,0.015,0.668,0.421,1.155,0.263
2016-12-01 01:47:11.022,170.636,0.036,-0.742,0.015,0.669,0.421,1.155,0.263
2016-12-01 01:47:11.033,170.657,0.036,-0.741,0.015,0.670,0.421,1.155,0.263
2016-12-01 01:47:11.045,170.657,0.036,-0.741,0.015,0.671,0.421,1.155,0.263
2016-12-01 01:47:11.056,170.679,0.036,-0.740,0.015,0.671,0.421,1.155,0.263
2016-12-01 01:47:11.067,170.700,0.036,-0.740,0.015,0.672,0.421,1.155,0.263
2016-12-01 01:47:11.077,170.700,0.036,-0.739,0.015,0.672,0.421,1.155,0.263
2016-12-01 01:47:11.089,170.721,0.036,-0.739,0.015,0.673,0.421,1.155,0.263
2016-12-01 01:47:11.100,170.721,0.036,-0.738,0.015,0.674,0.421,1.155,0.263
2016-12-01 01:47:11.111,170.743,0.036,-0.737,0.015,0.674,0.421,1.155,0.263
2016-12-01 01:47:11.123,170.743,0.036,-0.737,0.015,0.675,0.421,1.155,0.263
2016-12-01 01:47:11.134,170.764,0.036,-0.736,0.015,0.676,0.421,1.155,0.263
2016-12-01 01:47:11.145,170.764,0.036,-0.736,0.015,0.676,0.422,1.155,0.263
2016-12-01 01:47:11.156,170.785,0.036,-0.735,0.015,0.677,0.422,1.155,0.263
2016-12-01 01:47:11.168,170.785,0.036,-0.734,0.015,0.678,0.422,1.155,0.263
2016-12-01 01:47:11.178,170.807,0.036,-0.733,0.015,0.679,0.422,1.155,0.263
2016-12-01 01:47:11.190,170.807,0.036,-0.733,0.015,0.680,0.422,1.155,0.263
2016-12-01 01:47:11.201,170.828,0.036,-0.732,0.015,0.680,0.422,1.155,0.263
2016-12-01 01:47:11.212,170.828,0.036,-0.731,0.015,0.681,0.422,1.155,0.263
2016-12-01 01:47:11.223,170.849,0.036,-0.730,0.014,0.682,0.422,1.155,0.263
2016-12-01 01:47:11.234,170.849,0.036,-0.729,0.014,0.683,0.422,1.155,0.263
2016-12-01 01:47:11.245,170.871,0.036,-0.728,0.014,0.684,0.422,1.155,0.263
2016-12-01 01:47:11.256,170.892,0.036,-0.727,0.014,0.685,0.422,1.155,0.263
2016-12-01 01:47:11.268,170.892,0.036,-0.726,0.014,0.686,0.422,1.155,0.263
2016-12-01 01:47:11.279,170.913,0.035,-0.725,0.014,0.687,0.422,1.155,0.263
2016-12-01 01:47:11.291,170.913,0.035,-0.724,0.014,0.688,0.422,1.155,0.263
2016-12-01 01:47:11.301,170.935,0.035,-0.723,0.015,0.689,0.422,1.155,0.263
2016-12-01 01:47:11.313,170.935,0.035,-0.723,0.015,0.690,0.422,1.155,0.263
2016-12-01 01:47:11.324,170.935,0.035,-0.722,0.015,0.691,0.422,1.155,0.263
2016-12-01 01:47:11.335,170.956,0.035,-0.721,0.015,0.692,0.423,1.155,0.263
2016-12-01 01:47:11.346,170.977,0.035,-0.720,0.015,0.693,0.423,1.155,0.263
2016-12-01 01:47:11.357,170.977,0.035,-0.719,0.015,0.694,0.423,1.155,0.263
2016-12-01 01:47:11.368,170.999,0.035,-0.718,0.015,0.694,0.423,1.155,0.263
2016-12-01 01:47:11.380,170.999,0.035,-0.718,0.015,0.695,0.423,1.155,0.262
2016-12-01 01:47:11.391,171.020,0.035,-0.717,0.015,0.696,0.423,1.155,0.262
2016-12-01 01:47:11.402,171.020,0.035,-0.716,0.015,0.697,0.423,1.155,0.262
2016-12-01 01:47:11.413,171.041,0.035,-0.715,0.015,0.698,0.423,1.155,0.262
2016-12-01 01:47:11.424,171.041,0.035,-0.714,0.015,0.699,0.423,1.155,0.262
2016-12-01 01:47:11.435,171.063,0.035,-0.714,0.015,0.699,0.423,1.155,0.262
2016-12-01 01:47:11.446,171.084,0.035,-0.713,0.015,0.700,0.423,1.155,0.262
2016-12-01 01:47:11.458,171.084,0.035,-0.712,0.015,0.701,0.423,1.155,0.262
2016-12-01 01:47:11.468,171.105,0.036,-0.711,0.015,0.702,0.423,1.155,0.262
2016-12-01 01:47:11.481,171.105,0.036,-0.710,0.015,0.703,0.423,1.155,0.262
2016-12-01 01:47:11.491,171.105,0.036,-0.709,0.015,0.704,0.423,1.155,0.262
2016-12-01 01:47:11.502,171.127,0.036,-0.708,0.015,0.705,0.423,1.155,0.262
2016-12-01 01:47:11.514,171.127,0.035,-0.707,0.015,0.706,0.423,1.155,0.262
2016-12-01 01:47:11.525,171.148,0.035,-0.707,0.016,0.707,0.423,1.155,0.262
2016-12-01 01:47:11.536,171.169,0.035,-0.706,0.016,0.707,0.423,1.155,0.262
2016-12-01 01:47:11.547,171.169,0.035,-0.705,0.016,0.708,0.423,1.155,0.262
2016-12-01 01:47:11.558,171.191,0.035,-0.704,0.016,0.709,0.423,1.155,0.262
2016-12-01 01:47:11.570,171.191,0.035,-0.704,0.016,0.709,0.423,1.155,0.262
2016-12-01 01:47:11.580,171.212,0.035,-0.703,0.016,0.710,0.423,1.155,0.262
2016-12-01 01:47:11.592,171.212,0.035,-0.703,0.016,0.710,0.423,1.155,0.262
2016-12-01 01:47:11.603,171.233,0.035,-0.702,0.016,0.711,0.423,1.155,0.261
2016-12-01 01:47:11.614,171.233,0.035,-0.702,0.016,0.711,0.423,1.155,0.261
2016-12-01 01:47:11.625,171.255,0.035,-0.702,0.016,0.712,0.423,1.155,0.261
2016-12-01 01:47:11.637,171.276,0.035,-0.701,0.016,0.712,0.423,1.155,0.261
2016-12-01 01:47:11.648,171.276,0.035,-0.701,0.016,0.712,0.423,1.155,0.261
2016-12-01 01:47:11.658,171.276,0.035,-0.701,0.016,0.712,0.423,1.155,0.261
2016-12-01 01:47:11.670,171.297,0.035,-0.700,0.016,0.713,0.423,1.155,0.261
2016-12-01 01:47:11.681,171.297,0.035,-0.700,0.016,0.713,0.423,1.155,0.261
2016-12-01 01:47:11.692,171.319,0.035,-0.700,0.016,0.713,0.423,1.155,0.261
2016-12-01 01:47:11.704,171.319,0.035,-0.699,0.016,0.714,0.423,1.155,0.261
2016-12-01 01:47:11.715,171.340,0.035,-0.699,0.016,0.714,0.423,1.155,0.261
2016-12-01 01:47:11.726,171.361,0.035,-0.699,0.016,0.714,0.424,1.155,0.261
2016-12-01 01:47:11.737,171.361,0.035,-0.698,0.016,0.715,0.423,1.155,0.261
2016-12-01 01:47:11.748,171.383,0.035,-0.698,0.016,0.715,0.423,1.155,0.261
2016-12-01 01:47:11.760,171.383,0.034,-0.698,0.016,0.715,0.424,1.155,0.261
2016-12-01 01:47:11.770,171.404,0.034,-0.698,0.016,0.715,0.424,1.155,0.261
2016-12-01 01:47:11.781,171.404,0.034,-0.698,0.016,0.715,0.424,1.155,0.261
2016-12-01 01:47:11.793,171.425,0.033,-0.697,0.016,0.716,0.424,1.155,0.261
2016-12-01 01:47:11.804,171.425,0.033,-0.697,0.016,0.716,0.424,1.155,0.261
2016-12-01 01:47:11.815,171.425,0.033,-0.697,0.016,0.716,0.424,1.155,0.260
2016-12-01 01:47:11.826,171.447,0.033,-0.697,0.016,0.716,0.424,1.156,0.260
2016-12-01 01:47:11.837,171.468,0.032,-0.697,0.016,0.716,0.424,1.156,0.260
2016-12-01 01:47:11.848,171.468,0.032,-0.697,0.016,0.716,0.424,1.156,0.260
2016-12-01 01:47:11.860,171.489,0.032,-0.697,0.016,0.716,0.424,1.156,0.260
2016-12-01 01:47:11.871,171.489,0.031,-0.697,0.016,0.716,0.424,1.156,0.260
2016-12-01 01:47:11.882,171.511,0.031,-0.697,0.016,0.716,0.424,1.156,0.260
2016-12-01 01:47:11.894,171.511,0.031,-0.697,0.016,0.716,0.424,1.156,0.260
2016-12-01 01:47:11.904,171.532,0.030,-0.697,0.016,0.716,0.424,1.156,0.260
2016-12-01 01:47:11.916,171.532,0.030,-0.698,0.016,0.716,0.425,1.156,0.260
2016-12-01 01:47:11.927,171.553,0.029,-0.698,0.016,0.716,0.425,1.156,0.260
2016-12-01 01:47:11.938,171.575,0.029,-0.698,0.015,0.715,0.425,1.156,0.260
2016-12-01 01:47:11.949,171.575,0.029,-0.698,0.015,0.715,0.425,1.156,0.260
2016-12-01 01:47:11.960,171.596,0.029,-0.699,0.015,0.715,0.425,1.156,0.259
2016-12-01 01:47:11.971,171.596,0.028,-0.699,0.015,0.714,0.425,1.156,0.259
2016-12-01 01:47:11.983,171.596,0.028,-0.700,0.014,0.714,0.425,1.156,0.259
2016-12-01 01:47:11.994,171.617,0.028,-0.700,0.014,0.713,0.425,1.156,0.259
2016-12-01 01:47:12.005,171.617,0.027,-0.701,0.014,0.713,0.425,1.156,0.259
2016-12-01 01:47:12.016,171.639,0.027,-0.701,0.014,0.712,0.425,1.156,0.259
2016-12-01 01:47:12.027,171.660,0.027,-0.702,0.014,0.712,0.425,1.157,0.258
2016-12-01 01:47:12.038,171.660,0.027,-0.702,0.014,0.711,0.425,1.157,0.258
2016-12-01 01:47:12.050,171.681,0.027,-0.703,0.014,0.711,0.425,1.157,0.258
2016-12-01 01:47:12.062,171.681,0.026,-0.703,0.014,0.710,0.425,1.157,0.258
2016-12-01 01:47:12.072,171.703,0.026,-0.704,0.014,0.710,0.425,1.157,0.258
2016-12-01 01:47:12.083,171.703,0.026,-0.704,0.013,0.709,0.426,1.157,0.258
2016-12-01 01:47:12.094,171.724,0.026,-0.705,0.013,0.709,0.426,1.157,0.258
2016-12-01 01:47:12.106,171.724,0.026,-0.706,0.013,0.708,0.426,1.157,0.258
2016-12-01 01:47:12.117,171.745,0.025,-0.706,0.013,0.707,0.425,1.157,0.258
2016-12-01 01:47:12.128,171.745,0.025,-0.707,0.013,0.707,0.426,1.157,0.258
2016-12-01 01:47:12.139,171.767,0.025,-0.707,0.013,0.706,0.426,1.157,0.258
2016-12-01 01:47:12.150,171.767,0.024,-0.708,0.014,0.706,0.426,1.157,0.258
2016-12-01 01:47:12.162,171.788,0.024,-0.709,0.014,0.705,0.426,1.157,0.258
2016-12-01 01:47:12.173,171.788,0.023,-0.709,0.014,0.704,0.426,1.157,0.257
2016-12-01 01:47:12.184,171.809,0.023,-0.710,0.014,0.704,0.426,1.157,0.257
2016-12-01 01:47:12.195,171.809,0.023,-0.711,0.014,0.703,0.426,1.157,0.257
2016-12-01 01:47:12.206,171.831,0.023,-0.712,0.014,0.702,0.426,1.157,0.257
2016-12-01 01:47:12.217,171.852,0.023,-0.713,0.014,0.701,0.426,1.157,0.257
2016-12-01 01:47:12.229,171.852,0.022,-0.714,0.014,0.700,0.426,1.157,0.257
2016-12-01 01:47:12.240,171.873,0.022,-0.714,0.014,0.699,0.426,1.157,0.257
2016-12-01 01:47:12.251,171.873,0.022,-0.715,0.014,0.698,0.426,1.157,0.257
2016-12-01 01:47:12.262,171.895,0.022,-0.716,0.014,0.697,0.426,1.157,0.257
2016-12-01 01:47:12.274,171.895,0.021,-0.717,0.014,0.697,0.426,1.157,0.257
2016-12-01 01:47:12.284,171.916,0.021,-0.718,0.014,0.696,0.426,1.157,0.257
2016-12-01 01:47:12.296,171.916,0.021,-0.719,0.014,0.695,0.426,1.157,0.257
2016-12-01 01:47:12.307,171.937,0.021,-0.720,0.014,0.694,0.427,1.157,0.257
2016-12-01 01:47:12.318,171.937,0.020,-0.721,0.014,0.693,0.427,1.157,0.257
2016-12-01 01:47:12.329,171.959,0.020,-0.722,0.013,0.692,0.426,1.157,0.256
2016-12-01 01:47:12.340,171.959,0.020,-0.723,0.013,0.691,0.426,1.157,0.256
2016-12-01 01:47:12.351,171.980,0.020,-0.724,0.013,0.690,0.426,1.157,0.256
2016-12-01 01:47:12.363,171.980,0.019,-0.725,0.013,0.689,0.426,1.157,0.256
2016-12-01 01:47:12.373,172.001,0.019,-0.726,0.013,0.688,0.426,1.157,0.256
2016-12-01 01:47:12.385,172.001,0.019,-0.727,0.013,0.687,0.426,1.157,0.256
2016-12-01 01:47:12.396,172.023,0.019,-0.727,0.013,0.686,0.427,1.158,0.256
2016-12-01 01:47:12.407,172.044,0.019,-0.728,0.013,0.685,0.427,1.158,0.256
2016-12-01 01:47:12.418,172.044,0.019,-0.729,0.013,0.684,0.427,1.158,0.256
2016-12-01 01:47:12.430,172.065,0.019,-0.730,0.012,0.683,0.427,1.158,0.257
2016-12-01 01:47:12.441,172.065,0.019,-0.731,0.012,0.682,0.427,1.158,0.256
2016-12-01 01:47:12.452,172.087,0.018,-0.732,0.012,0.681,0.427,1.158,0.256
2016-12-01 01:47:12.464,172.087,0.018,-0.733,0.012,0.680,0.427,1.158,0.256
2016-12-01 01:47:12.474,172.087,0.018,-0.734,0.012,0.679,0.427,1.158,0.256
2016-12-01 01:47:12.485,172.108,0.017,-0.734,0.012,0.678,0.427,1.158,0.256
2016-12-01 01:47:12.497,172.129,0.017,-0.735,0.012,0.677,0.427,1.158,0.256
2016-12-01 01:47:12.508,172.129,0.017,-0.736,0.012,0.676,0.427,1.158,0.256
2016-12-01 01:47:12.519,172.151,0.017,-0.737,0.012,0.675,0.427,1.158,0.256
2016-12-01 01:47:12.530,172.151,0.017,-0.738,0.012,0.675,0.427,1.158,0.256
2016-12-01 01:47:12.541,172.172,0.017,-0.739,0.012,0.674,0.427,1.158,0.256
2016-12-01 01:47:12.552,172.172,0.017,-0.740,0.012,0.673,0.427,1.158,0.256
2016-12-01 01:47:12.563,172.193,0.017,-0.741,0.012,0.672,0.427,1.158,0.256
2016-12-01 01:47:12.575,172.193,0.017,-0.741,0.012,0.671,0.427,1.158,0.256
2016-12-01 01:47:12.586,172.215,0.017,-0.742,0.012,0.670,0.427,1.158,0.256
2016-12-01 01:47:12.597,172.236,0.017,-0.743,0.012,0.669,0.427,1.158,0.256
2016-12-01 01:47:12.608,172.236,0.017,-0.744,0.013,0.668,0.427,1.158,0.256
2016-12-01 01:47:12.619,172.236,0.017,-0.745,0.013,0.667,0.427,1.158,0.256
2016-12-01 01:47:12.631,172.257,0.017,-0.745,0.013,0.666,0.427,1.158,0.256
2016-12-01 01:47:12.642,172.257,0.017,-0.746,0.013,0.665,0.427,1.158,0.256
2016-12-01 01:47:12.653,172.279,0.017,-0.747,0.013,0.664,0.427,1.158,0.256
2016-12-01 01:47:12.665,172.279,0.017,-0.748,0.013,0.663,0.427,1.158,0.256
2016-12-01 01:47:12.675,172.300,0.017,-0.749,0.013,0.662,0.427,1.158,0.256
2016-12-01 01:47:12.686,172.300,0.017,-0.750,0.013,0.662,0.427,1.158,0.256
2016-12-01 01:47:12.697,172.321,0.017,-0.750,0.013,0.661,0.427,1.158,0.256
2016-12-01 01:47:12.709,172.343,0.017,-0.751,0.013,0.660,0.427,1.158,0.256
2016-12-01 01:47:12.720,172.343,0.017,-0.752,0.013,0.659,0.427,1.158,0.256
2016-12-01 01:47:12.732,172.364,0.017,-0.752,0.012,0.658,0.427,1.158,0.256
2016-12-01 01:47:12.742,172.364,0.018,-0.753,0.012,0.658,0.427,1.158,0.256
2016-12-01 01:47:12.754,172.385,0.018,-0.754,0.012,0.657,0.427,1.157,0.256
2016-12-01 01:47:12.765,172.385,0.018,-0.754,0.012,0.656,0.427,1.157,0.256
2016-12-01 01:47:12.775,172.407,0.018,-0.755,0.012,0.656,0.427,1.157,0.256
2016-12-01 01:47:12.787,172.407,0.018,-0.755,0.012,0.655,0.427,1.157,0.256
2016-12-01 01:47:12.798,172.428,0.018,-0.756,0.012,0.654,0.427,1.157,0.257
2016-12-01 01:47:12.809,172.428,0.019,-0.756,0.012,0.654,0.427,1.157,0.257
2016-12-01 01:47:12.821,172.449,0.019,-0.757,0.012,0.654,0.427,1.157,0.257
2016-12-01 01:47:12.832,172.449,0.019,-0.757,0.013,0.653,0.427,1.157,0.257
2016-12-01 01:47:12.843,172.471,0.019,-0.757,0.013,0.653,0.427,1.157,0.257
2016-12-01 01:47:12.854,172.471,0.020,-0.757,0.013,0.652,0.427,1.157,0.257
2016-12-01 01:47:12.865,172.492,0.020,-0.758,0.013,0.652,0.427,1.157,0.257
2016-12-01 01:47:12.877,172.513,0.020,-0.758,0.013,0.652,0.427,1.157,0.257
2016-12-01 01:47:12.888,172.513,0.020,-0.758,0.013,0.652,0.427,1.157,0.257
2016-12-01 01:47:12.898,172.535,0.020,-0.759,0.013,0.651,0.427,1.157,0.257
2016-12-01 01:47:12.910,172.535,0.020,-0.759,0.013,0.651,0.426,1.157,0.257
2016-12-01 01:47:12.921,172.556,0.020,-0.759,0.013,0.651,0.426,1.157,0.257
2016-12-01 01:47:12.932,172.556,0.020,-0.759,0.013,0.650,0.426,1.157,0.257
2016-12-01 01:47:12.943,172.556,0.020,-0.759,0.014,0.650,0.426,1.157,0.257
2016-12-01 01:47:12.954,172.577,0.021,-0.760,0.014,0.650,0.426,1.157,0.257
2016-12-01 01:47:12.966,172.599,0.021,-0.760,0.014,0.650,0.426,1.157,0.257
2016-12-01 01:47:12.977,172.599,0.021,-0.760,0.014,0.650,0.426,1.157,0.257
2016-12-01 01:47:12.988,172.620,0.021,-0.760,0.014,0.650,0.426,1.157,0.257
2016-12-01 01:47:13.000,172.620,0.021,-0.760,0.014,0.650,0.426,1.157,0.257
2016-12-01 01:47:13.010,172.641,0.021,-0.760,0.014,0.650,0.426,1.157,0.257
2016-12-01 01:47:13.022,172.641,0.022,-0.760,0.014,0.650,0.426,1.157,0.257
2016-12-01 01:47:13.033,172.663,0.022,-0.760,0.015,0.650,0.426,1.157,0.257
2016-12-01 01:47:13.044,172.663,0.022,-0.759,0.015,0.650,0.425,1.157,0.257
2016-12-01 01:47:13.055,172.684,0.022,-0.759,0.015,0.650,0.425,1.157,0.257
2016-12-01 01:47:13.066,172.705,0.022,-0.759,0.015,0.651,0.425,1.157,0.257
2016-12-01 01:47:13.077,172.705,0.023,-0.759,0.015,0.651,0.425,1.156,0.257
2016-12-01 01:47:13.088,172.727,0.023,-0.758,0.015,0.651,0.425,1.156,0.257
2016-12-01 01:47:13.100,172.727,0.023,-0.758,0.015,0.652,0.425,1.156,0.257
2016-12-01 01:47:13.111,172.727,0.024,-0.758,0.015,0.652,0.425,1.156,0.257
2016-12-01 01:47:13.122,172.748,0.024,-0.757,0.015,0.653,0.425,1.156,0.257
2016-12-01 01:47:13.133,172.748,0.025,-0.757,0.016,0.653,0.425,1.156,0.257
2016-12-01 01:47:13.144,172.769,0.025,-0.756,0.016,0.653,0.425,1.156,0.257
2016-12-01 01:47:13.155,172.769,0.026,-0.756,0.016,0.654,0.425,1.156,0.257
2016-12-01 01:47:13.166,172.791,0.026,-0.756,0.016,0.654,0.425,1.156,0.257
2016-12-01 01:47:13.179,172.812,0.027,-0.755,0.016,0.655,0.425,1.156,0.257
2016-12-01 01:47:13.190,172.812,0.027,-0.755,0.016,0.655,0.425,1.156,0.257
2016-12-01 01:47:13.200,172.833,0.027,-0.754,0.017,0.656,0.425,1.156,0.257
2016-12-01 01:47:13.211,172.833,0.028,-0.754,0.017,0.656,0.425,1.156,0.257
2016-12-01 01:47:13.223,172.855,0.028,-0.754,0.017,0.656,0.425,1.156,0.257
2016-12-01 01:47:13.234,172.855,0.028,-0.753,0.017,0.657,0.425,1.156,0.257
2016-12-01 01:47:13.245,172.876,0.029,-0.753,0.017,0.657,0.425,1.156,0.257
2016-12-01 01:47:13.256,172.897,0.029,-0.753,0.018,0.658,0.425,1.156,0.257
2016-12-01 01:47:13.267,172.897,0.030,-0.752,0.018,0.658,0.425,1.155,0.257
2016-12-01 01:47:13.278,172.897,0.030,-0.752,0.018,0.659,0.425,1.155,0.257
2016-12-01 01:47:13.289,172.919,0.030,-0.751,0.018,0.659,0.425,1.155,0.257
2016-12-01 01:47:13.301,172.919,0.031,-0.751,0.019,0.659,0.425,1.155,0.257
2016-12-01 01:47:13.312,172.940,0.031,-0.751,0.019,0.660,0.425,1.155,0.257
2016-12-01 01:47:13.323,172.940,0.031,-0.750,0.019,0.660,0.425,1.155,0.257
2016-12-01 01:47:13.334,172.961,0.031,-0.750,0.019,0.661,0.425,1.155,0.257
2016-12-01 01:47:13.345,172.961,0.031,-0.749,0.020,0.661,0.425,1.155,0.257
2016-12-01 01:47:13.356,172.983,0.032,-0.749,0.020,0.662,0.425,1.155,0.257
2016-12-01 01:47:13.368,173.004,0.032,-0.748,0.020,0.662,0.424,1.155,0.257
2016-12-01 01:47:13.379,173.004,0.032,-0.748,0.020,0.663,0.424,1.155,0.257
2016-12-01 01:47:13.390,173.025,0.032,-0.747,0.020,0.663,0.424,1.155,0.257
2016-12-01 01:47:13.402,173.025,0.032,-0.747,0.021,0.664,0.424,1.155,0.257
2016-12-01 01:47:13.413,173.047,0.032,-0.746,0.021,0.664,0.424,1.155,0.257
2016-12-01 01:47:13.424,173.047,0.033,-0.746,0.021,0.665,0.424,1.155,0.257
2016-12-01 01:47:13.435,173.047,0.033,-0.745,0.021,0.666,0.424,1.155,0.257
2016-12-01 01:47:13.446,173.068,0.033,-0.745,0.021,0.666,0.424,1.154,0.257
2016-12-01 01:47:13.457,173.089,0.033,-0.744,0.021,0.667,0.424,1.155,0.257
2016-12-01 01:47:13.469,173.089,0.033,-0.744,0.021,0.667,0.424,1.155,0.257
2016-12-01 01:47:13.480,173.111,0.033,-0.743,0.022,0.668,0.424,1.155,0.257
2016-12-01 01:47:13.491,173.111,0.032,-0.743,0.022,0.669,0.424,1.155,0.257
2016-12-01 01:47:13.502,173.132,0.033,-0.742,0.022,0.669,0.424,1.155,0.257
2016-12-01 01:47:13.513,173.132,0.033,-0.741,0.022,0.670,0.424,1.155,0.257
2016-12-01 01:47:13.524,173.153,0.033,-0.741,0.022,0.671,0.424,1.155,0.257
2016-12-01 01:47:13.535,173.153,0.033,-0.740,0.022,0.671,0.424,1.155,0.257
2016-12-01 01:47:13.546,173.175,0.033,-0.739,0.022,0.672,0.424,1.154,0.257
2016-12-01 01:47:13.558,173.196,0.033,-0.739,0.022,0.673,0.424,1.154,0.257
2016-12-01 01:47:13.569,173.196,0.033,-0.738,0.022,0.674,0.424,1.154,0.256
2016-12-01 01:47:13.580,173.217,0.033,-0.737,0.023,0.675,0.424,1.154,0.256
2016-12-01 01:47:13.592,173.217,0.032,-0.736,0.023,0.675,0.424,1.154,0.256
2016-12-01 01:47:13.602,173.217,0.032,-0.736,0.023,0.676,0.425,1.154,0.256
2016-12-01 01:47:13.614,173.239,0.032,-0.735,0.023,0.677,0.425,1.154,0.256
2016-12-01 01:47:13.625,173.239,0.032,-0.734,0.023,0.678,0.425,1.155,0.256
2016-12-01 01:47:13.636,173.260,0.032,-0.733,0.023,0.679,0.424,1.154,0.256
2016-12-01 01:47:13.647,173.281,0.032,-0.732,0.023,0.680,0.424,1.155,0.256
2016-12-01 01:47:13.658,173.281,0.032,-0.731,0.023,0.681,0.424,1.154,0.256
2016-12-01 01:47:13.669,173.303,0.032,-0.730,0.023,0.682,0.424,1.154,0.256
2016-12-01 01:47:13.680,173.303,0.032,-0.729,0.023,0.683,0.424,1.154,0.255
2016-12-01 01:47:13.691,173.324,0.033,-0.728,0.024,0.684,0.424,1.154,0.255
2016-12-01 01:47:13.703,173.324,0.033,-0.727,0.024,0.685,0.424,1.154,0.255
2016-12-01 01:47:13.714,173.345,0.033,-0.726,0.024,0.686,0.424,1.154,0.255
2016-12-01 01:47:13.725,173.345,0.033,-0.725,0.024,0.687,0.424,1.154,0.255
2016-12-01 01:47:13.737,173.367,0.033,-0.724,0.025,0.688,0.424,1.154,0.255
2016-12-01 01:47:13.748,173.388,0.034,-0.723,0.025,0.690,0.424,1.154,0.255
2016-12-01 01:47:13.759,173.388,0.034,-0.722,0.025,0.691,0.424,1.154,0.255
2016-12-01 01:47:13.770,173.388,0.034,-0.721,0.026,0.692,0.424,1.154,0.255
2016-12-01 01:47:13.781,173.409,0.034,-0.720,0.026,0.693,0.424,1.154,0.255
2016-12-01 01:47:13.792,173.409,0.035,-0.719,0.027,0.694,0.424,1.154,0.255
2016-12-01 01:47:13.803,173.431,0.035,-0.718,0.027,0.695,0.424,1.154,0.255
2016-12-01 01:47:13.815,173.431,0.035,-0.717,0.028,0.696,0.424,1.154,0.255
2016-12-01 01:47:13.826,173.452,0.035,-0.716,0.029,0.697,0.424,1.153,0.254
2016-12-01 01:47:13.837,173.473,0.036,-0.715,0.030,0.698,0.424,1.153,0.254
2016-12-01 01:47:13.848,173.473,0.036,-0.714,0.031,0.699,0.424,1.153,0.254
2016-12-01 01:47:13.859,173.495,0.037,-0.713,0.032,0.700,0.424,1.153,0.254
2016-12-01 01:47:13.871,173.495,0.037,-0.712,0.033,0.700,0.424,1.152,0.254
2016-12-01 01:47:13.881,173.516,0.038,-0.711,0.034,0.701,0.424,1.152,0.254
2016-12-01 01:47:13.893,173.516,0.039,-0.710,0.035,0.702,0.424,1.152,0.254
2016-12-01 01:47:13.904,173.537,0.040,-0.709,0.037,0.703,0.424,1.152,0.254
2016-12-01 01:47:13.915,173.537,0.040,-0.709,0.038,0.703,0.424,1.151,0.253
2016-12-01 01:47:13.926,173.559,0.041,-0.708,0.040,0.704,0.423,1.151,0.253
2016-12-01 01:47:13.938,173.559,0.042,-0.707,0.042,0.705,0.423,1.151,0.253
2016-12-01 01:47:13.949,173.580,0.043,-0.706,0.044,0.705,0.423,1.150,0.253
2016-12-01 01:47:13.960,173.580,0.044,-0.706,0.045,0.706,0.423,1.150,0.253
2016-12-01 01:47:13.971,173.601,0.046,-0.705,0.047,0.706,0.423,1.150,0.252
2016-12-01 01:47:13.982,173.601,0.047,-0.704,0.049,0.707,0.423,1.150,0.252
2016-12-01 01:47:13.993,173.623,0.048,-0.704,0.051,0.707,0.422,1.149,0.252
2016-12-01 01:47:14.005,173.623,0.049,-0.703,0.053,0.707,0.422,1.149,0.252
2016-12-01 01:47:14.016,173.644,0.050,-0.703,0.054,0.707,0.422,1.149,0.252
2016-12-01 01:47:14.027,173.665,0.051,-0.703,0.056,0.707,0.422,1.148,0.251
2016-12-01 01:47:14.038,173.665,0.052,-0.703,0.058,0.707,0.421,1.148,0.251
2016-12-01 01:47:14.049,173.687,0.053,-0.702,0.059,0.707,0.421,1.148,0.251
2016-12-01 01:47:14.061,173.687,0.055,-0.702,0.061,0.707,0.421,1.147,0.251
2016-12-01 01:47:14.071,173.708,0.056,-0.702,0.063,0.707,0.421,1.147,0.250
2016-12-01 01:47:14.083,173.708,0.057,-0.702,0.064,0.707,0.420,1.147,0.250
2016-12-01 01:47:14.094,173.708,0.058,-0.702,0.066,0.707,0.420,1.146,0.249
2016-12-01 01:47:14.105,173.729,0.059,-0.702,0.068,0.706,0.420,1.146,0.249
2016-12-01 01:47:14.116,173.751,0.060,-0.702,0.069,0.706,0.419,1.146,0.249
2016-12-01 01:47:14.128,173.751,0.061,-0.702,0.071,0.706,0.419,1.145,0.248
2016-12-01 01:47:14.139,173.772,0.062,-0.702,0.073,0.705,0.418,1.145,0.248
2016-12-01 01:47:14.150,173.772,0.063,-0.703,0.076,0.705,0.418,1.144,0.247
2016-12-01 01:47:14.161,173.793,0.065,-0.703,0.078,0.704,0.417,1.144,0.247
2016-12-01 01:47:14.172,173.793,0.067,-0.703,0.080,0.704,0.417,1.143,0.246
2016-12-01 01:47:14.183,173.815,0.069,-0.703,0.083,0.703,0.416,1.143,0.246
2016-12-01 01:47:14.195,173.815,0.070,-0.703,0.084,0.703,0.416,1.142,0.246
2016-12-01 01:47:14.205,173.836,0.072,-0.703,0.087,0.702,0.415,1.142,0.245
2016-12-01 01:47:14.217,173.857,0.075,-0.703,0.090,0.702,0.415,1.141,0.245
2016-12-01 01:47:14.228,173.857,0.077,-0.703,0.092,0.701,0.414,1.141,0.244
2016-12-01 01:47:14.239,173.857,0.079,-0.703,0.094,0.700,0.413,1.140,0.244
2016-12-01 01:47:14.250,173.879,0.080,-0.703,0.097,0.700,0.413,1.140,0.243
2016-12-01 01:47:14.262,173.879,0.082,-0.703,0.099,0.699,0.412,1.139,0.243
2016-12-01 01:47:14.272,173.900,0.084,-0.704,0.101,0.698,0.411,1.139,0.242
2016-12-01 01:47:14.283,173.900,0.085,-0.704,0.103,0.698,0.411,1.138,0.242
2016-12-01 01:47:14.295,173.921,0.087,-0.704,0.105,0.697,0.410,1.138,0.241
2016-12-01 01:47:14.307,173.943,0.089,-0.704,0.107,0.697,0.409,1.137,0.241
2016-12-01 01:47:14.318,173.943,0.091,-0.704,0.109,0.696,0.409,1.137,0.241
2016-12-01 01:47:14.328,173.964,0.093,-0.704,0.111,0.696,0.408,1.136,0.240
2016-12-01 01:47:14.340,173.964,0.095,-0.704,0.113,0.695,0.407,1.136,0.240
2016-12-01 01:47:14.351,173.985,0.096,-0.703,0.115,0.695,0.406,1.135,0.239
2016-12-01 01:47:14.362,173.985,0.098,-0.703,0.117,0.694,0.405,1.135,0.239
2016-12-01 01:47:14.373,174.007,0.100,-0.703,0.119,0.694,0.405,1.134,0.239
2016-12-01 01:47:14.384,174.007,0.101,-0.703,0.121,0.693,0.404,1.134,0.238
2016-12-01 01:47:14.395,174.028,0.103,-0.703,0.123,0.693,0.403,1.133,0.238
2016-12-01 01:47:14.407,174.028,0.105,-0.703,0.124,0.692,0.402,1.133,0.237
2016-12-01 01:47:14.418,174.049,0.106,-0.703,0.126,0.692,0.402,1.132,0.237
2016-12-01 01:47:14.430,174.049,0.107,-0.703,0.128,0.692,0.401,1.132,0.237
2016-12-01 01:47:14.440,174.071,0.108,-0.703,0.129,0.691,0.400,1.132,0.236
2016-12-01 01:47:14.451,174.071,0.109,-0.703,0.130,0.691,0.400,1.131,0.236
2016-12-01 01:47:14.462,174.092,0.110,-0.703,0.131,0.690,0.399,1.131,0.236
2016-12-01 01:47:14.474,174.092,0.110,-0.703,0.132,0.690,0.398,1.131,0.235
2016-12-01 01:47:14.484,174.113,0.110,-0.703,0.133,0.689,0.397,1.130,0.235
2016-12-01 01:47:14.497,174.135,0.110,-0.704,0.134,0.689,0.397,1.130,0.235
2016-12-01 01:47:14.507,174.135,0.111,-0.704,0.135,0.689,0.396,1.130,0.234
2016-12-01 01:47:14.518,174.156,0.111,-0.704,0.136,0.688,0.396,1.130,0.234
2016-12-01 01:47:14.530,174.156,0.111,-0.704,0.137,0.688,0.395,1.130,0.234
2016-12-01 01:47:14.541,174.177,0.111,-0.704,0.138,0.688,0.395,1.130,0.233
2016-12-01 01:47:14.552,174.177,0.110,-0.704,0.139,0.688,0.394,1.129,0.233
2016-12-01 01:47:14.563,174.199,0.110,-0.704,0.141,0.687,0.394,1.129,0.233
2016-12-01 01:47:14.574,174.199,0.111,-0.704,0.142,0.687,0.393,1.129,0.233
2016-12-01 01:47:14.585,174.199,0.110,-0.704,0.143,0.687,0.393,1.129,0.232
2016-12-01 01:47:14.596,174.220,0.110,-0.704,0.144,0.686,0.392,1.129,0.232
2016-12-01 01:47:14.608,174.241,0.110,-0.705,0.146,0.686,0.392,1.128,0.232
2016-12-01 01:47:14.619,174.241,0.109,-0.705,0.147,0.685,0.391,1.128,0.231
2016-12-01 01:47:14.630,174.263,0.109,-0.706,0.148,0.684,0.390,1.128,0.231
2016-12-01 01:47:14.641,174.263,0.109,-0.706,0.150,0.683,0.390,1.128,0.231
2016-12-01 01:47:14.652,174.284,0.108,-0.707,0.152,0.682,0.390,1.127,0.230
2016-12-01 01:47:14.664,174.284,0.108,-0.708,0.153,0.681,0.389,1.127,0.230
2016-12-01 01:47:14.674,174.305,0.108,-0.709,0.154,0.680,0.389,1.127,0.230
2016-12-01 01:47:14.686,174.305,0.108,-0.709,0.155,0.679,0.389,1.127,0.229
2016-12-01 01:47:14.697,174.327,0.108,-0.710,0.156,0.678,0.388,1.127,0.229
2016-12-01 01:47:14.709,174.348,0.108,-0.711,0.157,0.676,0.388,1.126,0.229
2016-12-01 01:47:14.720,174.348,0.109,-0.713,0.158,0.675,0.388,1.126,0.228
2016-12-01 01:47:14.731,174.348,0.109,-0.714,0.159,0.674,0.387,1.126,0.228
2016-12-01 01:47:14.742,174.369,0.109,-0.715,0.159,0.672,0.387,1.126,0.228
2016-12-01 01:47:14.753,174.369,0.110,-0.716,0.159,0.671,0.387,1.126,0.227
2016-12-01 01:47:14.764,174.391,0.110,-0.717,0.159,0.670,0.387,1.125,0.227
2016-12-01 01:47:14.776,174.391,0.110,-0.718,0.160,0.669,0.387,1.125,0.227
2016-12-01 01:47:14.786,174.412,0.111,-0.719,0.160,0.667,0.387,1.125,0.226
2016-12-01 01:47:14.798,174.433,0.111,-0.720,0.160,0.666,0.387,1.125,0.226
2016-12-01 01:47:14.808,174.433,0.112,-0.721,0.159,0.665,0.387,1.125,0.226
2016-12-01 01:47:14.820,174.455,0.112,-0.722,0.159,0.664,0.387,1.125,0.226
2016-12-01 01:47:14.831,174.455,0.112,-0.723,0.159,0.663,0.387,1.125,0.225
2016-12-01 01:47:14.842,174.476,0.113,-0.724,0.159,0.661,0.387,1.125,0.225
2016-12-01 01:47:14.854,174.476,0.113,-0.726,0.159,0.660,0.387,1.125,0.225
2016-12-01 01:47:14.864,174.497,0.114,-0.727,0.159,0.658,0.387,1.125,0.225
2016-12-01 01:47:14.876,174.497,0.115,-0.728,0.158,0.657,0.388,1.125,0.225
2016-12-01 01:47:14.887,174.519,0.115,-0.730,0.158,0.655,0.388,1.125,0.225
2016-12-01 01:47:14.898,174.519,0.116,-0.731,0.158,0.654,0.388,1.125,0.225
2016-12-01 01:47:14.909,174.540,0.117,-0.732,0.158,0.652,0.388,1.124,0.225
2016-12-01 01:47:14.920,174.540,0.118,-0.734,0.158,0.650,0.388,1.124,0.225
2016-12-01 01:47:14.931,174.561,0.119,-0.735,0.158,0.649,0.388,1.124,0.225
2016-12-01 01:47:14.943,174.561,0.120,-0.736,0.157,0.647,0.389,1.124,0.225
2016-12-01 01:47:14.954,174.583,0.121,-0.737,0.157,0.646,0.389,1.124,0.225
2016-12-01 01:47:14.965,174.583,0.122,-0.738,0.157,0.644,0.389,1.124,0.225
2016-12-01 01:47:14.976,174.604,0.123,-0.739,0.157,0.643,0.389,1.124,0.225
2016-12-01 01:47:14.987,174.625,0.124,-0.741,0.156,0.641,0.390,1.124,0.225
2016-12-01 01:47:14.999,174.625,0.125,-0.742,0.156,0.640,0.390,1.124,0.225
2016-12-01 01:47:15.009,174.647,0.126,-0.743,0.155,0.639,0.390,1.123,0.225
2016-12-01 01:47:15.021,174.647,0.127,-0.744,0.155,0.637,0.390,1.123,0.225
2016-12-01 01:47:15.032,174.668,0.127,-0.746,0.154,0.636,0.390,1.123,0.225
2016-12-01 01:47:15.043,174.668,0.128,-0.747,0.154,0.634,0.390,1.123,0.225
2016-12-01 01:47:15.054,174.668,0.129,-0.749,0.153,0.632,0.391,1.124,0.225
2016-12-01 01:47:15.066,174.689,0.129,-0.751,0.152,0.630,0.391,1.124,0.225
2016-12-01 01:47:15.077,174.711,0.130,-0.753,0.151,0.628,0.391,1.124,0.226
2016-12-01 01:47:15.088,174.711,0.131,-0.755,0.149,0.625,0.391,1.124,0.226
2016-12-01 01:47:15.099,174.732,0.133,-0.757,0.148,0.623,0.391,1.124,0.226
2016-12-01 01:47:15.110,174.732,0.134,-0.758,0.147,0.621,0.391,1.124,0.226
2016-12-01 01:47:15.121,174.753,0.135,-0.760,0.145,0.618,0.392,1.124,0.226
2016-12-01 01:47:15.133,174.753,0.136,-0.762,0.144,0.616,0.392,1.124,0.226
2016-12-01 01:47:15.144,174.775,0.137,-0.764,0.142,0.614,0.392,1.124,0.226
2016-12-01 01:47:15.155,174.775,0.138,-0.766,0.140,0.612,0.392,1.125,0.226
2016-12-01 01:47:15.166,174.796,0.139,-0.768,0.139,0.609,0.392,1.125,0.227
2016-12-01 01:47:15.177,174.817,0.140,-0.770,0.137,0.607,0.392,1.125,0.227
2016-12-01 01:47:15.189,174.817,0.141,-0.772,0.136,0.605,0.392,1.125,0.227
2016-12-01 01:47:15.199,174.839,0.141,-0.774,0.134,0.603,0.392,1.125,0.227
2016-12-01 01:47:15.210,174.839,0.142,-0.776,0.133,0.600,0.393,1.126,0.228
2016-12-01 01:47:15.222,174.839,0.142,-0.778,0.131,0.598,0.393,1.126,0.228
2016-12-01 01:47:15.233,174.860,0.142,-0.780,0.130,0.596,0.393,1.126,0.228
2016-12-01 01:47:15.245,174.860,0.143,-0.781,0.128,0.594,0.393,1.126,0.228
2016-12-01 01:47:15.256,174.881,0.143,-0.783,0.127,0.592,0.393,1.126,0.229
2016-12-01 01:47:15.267,174.903,0.143,-0.785,0.126,0.590,0.393,1.127,0.229
2016-12-01 01:47:15.278,174.903,0.144,-0.786,0.125,0.588,0.393,1.127,0.229
2016-12-01 01:47:15.289,174.924,0.144,-0.788,0.123,0.586,0.393,1.127,0.230
2016-12-01 01:47:15.301,174.924,0.145,-0.789,0.122,0.585,0.393,1.127,0.230
2016-12-01 01:47:15.311,174.945,0.145,-0.790,0.121,0.584,0.393,1.127,0.230
2016-12-01 01:47:15.323,174.945,0.145,-0.791,0.120,0.582,0.393,1.128,0.231
2016-12-01 01:47:15.334,174.967,0.146,-0.791,0.119,0.582,0.393,1.128,0.231
2016-12-01 01:47:15.345,174.967,0.146,-0.792,0.119,0.581,0.393,1.128,0.232
2016-12-01 01:47:15.356,174.988,0.147,-0.792,0.118,0.580,0.393,1.128,0.232
2016-12-01 01:47:15.367,175.009,0.147,-0.793,0.117,0.580,0.393,1.128,0.232
2016-12-01 01:47:15.379,175.009,0.147,-0.793,0.117,0.580,0.393,1.128,0.233
2016-12-01 01:47:15.390,175.009,0.147,-0.793,0.116,0.580,0.393,1.128,0.234
2016-12-01 01:47:15.401,175.031,0.147,-0.793,0.116,0.580,0.393,1.128,0.234
2016-12-01 01:47:15.412,175.031,0.147,-0.793,0.115,0.580,0.393,1.128,0.235
2016-12-01 01:47:15.423,175.052,0.146,-0.793,0.115,0.580,0.393,1.129,0.235
2016-12-01 01:47:15.435,175.052,0.146,-0.793,0.114,0.581,0.393,1.129,0.236
2016-12-01 01:47:15.446,175.073,0.145,-0.793,0.113,0.581,0.393,1.129,0.237
2016-12-01 01:47:15.457,175.095,0.144,-0.793,0.113,0.581,0.392,1.129,0.237
2016-12-01 01:47:15.468,175.095,0.144,-0.793,0.112,0.582,0.392,1.129,0.238
2016-12-01 01:47:15.479,175.116,0.143,-0.793,0.111,0.582,0.392,1.130,0.238
2016-12-01 01:47:15.490,175.116,0.141,-0.793,0.111,0.582,0.392,1.130,0.239
2016-12-01 01:47:15.501,175.137,0.141,-0.793,0.110,0.582,0.392,1.130,0.239
2016-12-01 01:47:15.512,175.137,0.140,-0.793,0.109,0.582,0.392,1.131,0.240
2016-12-01 01:47:15.523,175.159,0.139,-0.793,0.109,0.582,0.392,1.131,0.240
2016-12-01 01:47:15.535,175.159,0.139,-0.794,0.108,0.582,0.392,1.131,0.241
2016-12-01 01:47:15.546,175.180,0.138,-0.794,0.107,0.582,0.393,1.131,0.241
2016-12-01 01:47:15.557,175.180,0.137,-0.794,0.106,0.582,0.393,1.132,0.242
2016-12-01 01:47:15.568,175.201,0.136,-0.795,0.105,0.582,0.393,1.132,0.242
2016-12-01 01:47:15.579,175.201,0.135,-0.795,0.104,0.582,0.393,1.132,0.242
2016-12-01 01:47:15.591,175.223,0.134,-0.796,0.103,0.582,0.393,1.133,0.243
2016-12-01 01:47:15.602,175.223,0.133,-0.796,0.102,0.581,0.393,1.133,0.243
2016-12-01 01:47:15.613,175.244,0.132,-0.797,0.101,0.581,0.393,1.133,0.244
2016-12-01 01:47:15.625,175.244,0.131,-0.797,0.101,0.581,0.393,1.133,0.244
2016-12-01 01:47:15.635,175.265,0.130,-0.797,0.100,0.581,0.394,1.134,0.244
2016-12-01 01:47:15.647,175.287,0.129,-0.798,0.099,0.580,0.394,1.134,0.245
2016-12-01 01:47:15.658,175.287,0.128,-0.798,0.098,0.580,0.394,1.134,0.245
2016-12-01 01:47:15.669,175.308,0.127,-0.799,0.098,0.580,0.394,1.134,0.246
2016-12-01 01:47:15.680,175.308,0.126,-0.799,0.097,0.579,0.394,1.135,0.246
2016-12-01 01:47:15.691,175.329,0.125,-0.800,0.096,0.579,0.395,1.135,0.247
2016-12-01 01:47:15.703,175.329,0.123,-0.801,0.095,0.578,0.395,1.135,0.247
2016-12-01 01:47:15.714,175.329,0.122,-0.802,0.095,0.577,0.395,1.136,0.247
2016-12-01 01:47:15.725,175.351,0.120,-0.803,0.093,0.577,0.396,1.136,0.247
2016-12-01 01:47:15.736,175.372,0.119,-0.804,0.092,0.576,0.396,1.136,0.248
2016-12-01 01:47:15.747,175.372,0.118,-0.805,0.091,0.575,0.396,1.136,0.248
2016-12-01 01:47:15.758,175.393,0.116,-0.806,0.090,0.574,0.397,1.137,0.248
2016-12-01 01:47:15.769,175.393,0.115,-0.807,0.089,0.572,0.397,1.137,0.248
2016-12-01 01:47:15.780,175.415,0.113,-0.808,0.088,0.571,0.397,1.138,0.249
2016-12-01 01:47:15.792,175.415,0.112,-0.809,0.087,0.570,0.398,1.138,0.249
2016-12-01 01:47:15.803,175.436,0.111,-0.811,0.086,0.568,0.398,1.138,0.249
2016-12-01 01:47:15.814,175.436,0.110,-0.812,0.085,0.567,0.399,1.138,0.249
2016-12-01 01:47:15.825,175.457,0.108,-0.814,0.083,0.565,0.399,1.139,0.249
2016-12-01 01:47:15.837,175.479,0.107,-0.815,0.083,0.563,0.399,1.139,0.249
2016-12-01 01:47:15.848,175.479,0.105,-0.817,0.082,0.561,0.400,1.139,0.249
2016-12-01 01:47:15.859,175.479,0.104,-0.818,0.081,0.560,0.400,1.140,0.249
2016-12-01 01:47:15.870,175.500,0.102,-0.820,0.080,0.558,0.401,1.140,0.249
2016-12-01 01:47:15.881,175.500,0.101,-0.822,0.078,0.556,0.401,1.140,0.249
2016-12-01 01:47:15.892,175.521,0.099,-0.823,0.077,0.554,0.401,1.141,0.249
2016-12-01 01:47:15.904,175.521,0.098,-0.825,0.076,0.552,0.402,1.141,0.249
2016-12-01 01:47:15.914,175.543,0.096,-0.826,0.075,0.550,0.402,1.141,0.249
2016-12-01 01:47:15.926,175.564,0.095,-0.828,0.073,0.548,0.403,1.141,0.249
2016-12-01 01:47:15.937,175.564,0.093,-0.830,0.072,0.546,0.403,1.142,0.249
2016-12-01 01:47:15.948,175.585,0.091,-0.831,0.071,0.543,0.403,1.142,0.249
2016-12-01 01:47:15.959,175.585,0.089,-0.833,0.070,0.541,0.404,1.143,0.248
2016-12-01 01:47:15.970,175.607,0.088,-0.835,0.068,0.539,0.404,1.143,0.248
2016-12-01 01:47:15.981,175.607,0.086,-0.836,0.066,0.537,0.404,1.143,0.248
2016-12-01 01:47:15.993,175.628,0.084,-0.838,0.064,0.535,0.405,1.144,0.248
2016-12-01 01:47:16.004,175.628,0.082,-0.840,0.063,0.533,0.405,1.144,0.248
2016-12-01 01:47:16.015,175.649,0.080,-0.842,0.061,0.531,0.406,1.145,0.247
2016-12-01 01:47:16.027,175.649,0.079,-0.843,0.059,0.529,0.406,1.145,0.247
2016-12-01 01:47:16.037,175.671,0.077,-0.845,0.057,0.527,0.406,1.146,0.247
2016-12-01 01:47:16.048,175.671,0.075,-0.846,0.055,0.525,0.407,1.146,0.247
2016-12-01 01:47:16.060,175.692,0.074,-0.847,0.052,0.523,0.407,1.147,0.246
2016-12-01 01:47:16.071,175.692,0.072,-0.849,0.050,0.521,0.407,1.147,0.246
2016-12-01 01:47:16.082,175.713,0.070,-0.850,0.048,0.520,0.408,1.148,0.246
2016-12-01 01:47:16.093,175.713,0.068,-0.852,0.046,0.518,0.408,1.148,0.246
2016-12-01 01:47:16.104,175.735,0.066,-0.853,0.044,0.516,0.408,1.149,0.245
2016-12-01 01:47:16.115,175.735,0.064,-0.854,0.042,0.514,0.409,1.149,0.245
2016-12-01 01:47:16.126,175.756,0.063,-0.855,0.040,0.513,0.409,1.150,0.245
2016-12-01 01:47:16.138,175.777,0.062,-0.856,0.038,0.511,0.409,1.150,0.245
2016-12-01 01:47:16.150,175.777,0.061,-0.857,0.036,0.510,0.410,1.150,0.245
2016-12-01 01:47:16.160,175.799,0.061,-0.858,0.035,0.509,0.410,1.151,0.244
2016-12-01 01:47:16.172,175.799,0.060,-0.859,0.034,0.508,0.411,1.151,0.244
2016-12-01 01:47:16.183,175.820,0.058,-0.859,0.032,0.507,0.411,1.151,0.244
2016-12-01 01:47:16.194,175.820,0.057,-0.860,0.031,0.506,0.411,1.152,0.244
2016-12-01 01:47:16.205,175.820,0.056,-0.861,0.030,0.505,0.412,1.152,0.244
2016-12-01 01:47:16.216,175.841,0.055,-0.861,0.029,0.504,0.412,1.152,0.244
2016-12-01 01:47:16.227,175.863,0.054,-0.862,0.028,0.504,0.413,1.152,0.244
2016-12-01 01:47:16.239,175.863,0.054,-0.862,0.028,0.503,0.413,1.152,0.243
2016-12-01 01:47:16.249,175.884,0.053,-0.862,0.027,0.503,0.413,1.153,0.243
2016-12-01 01:47:16.261,175.884,0.052,-0.862,0.027,0.503,0.414,1.152,0.243
2016-12-01 01:47:16.272,175.905,0.051,-0.863,0.027,0.503,0.414,1.153,0.243
2016-12-01 01:47:16.283,175.905,0.051,-0.862,0.026,0.503,0.414,1.153,0.243
2016-12-01 01:47:16.294,175.927,0.050,-0.862,0.026,0.503,0.415,1.153,0.243
2016-12-01 01:47:16.306,175.927,0.049,-0.862,0.026,0.503,0.415,1.153,0.243
2016-12-01 01:47:16.316,175.948,0.048,-0.862,0.026,0.504,0.415,1.153,0.243
2016-12-01 01:47:16.328,175.969,0.048,-0.862,0.026,0.504,0.415,1.153,0.243
2016-12-01 01:47:16.339,175.969,0.048,-0.862,0.026,0.504,0.416,1.153,0.243
2016-12-01 01:47:16.350,175.969,0.047,-0.861,0.026,0.505,0.416,1.153,0.243
2016-12-01 01:47:16.361,175.991,0.047,-0.861,0.026,0.505,0.416,1.153,0.243
2016-12-01 01:47:16.373,175.991,0.047,-0.861,0.025,0.506,0.417,1.153,0.243
2016-12-01 01:47:16.384,176.012,0.046,-0.861,0.025,0.506,0.417,1.153,0.242
2016-12-01 01:47:16.395,176.012,0.045,-0.861,0.025,0.507,0.417,1.153,0.242
2016-12-01 01:47:16.406,176.033,0.045,-0.860,0.025,0.507,0.417,1.153,0.242
2016-12-01 01:47:16.417,176.055,0.044,-0.860,0.024,0.507,0.418,1.153,0.242
2016-12-01 01:47:16.429,176.055,0.044,-0.860,0.024,0.508,0.418,1.153,0.242
2016-12-01 01:47:16.439,176.076,0.044,-0.860,0.024,0.508,0.418,1.153,0.242
2016-12-01 01:47:16.450,176.076,0.044,-0.859,0.024,0.509,0.418,1.153,0.242
2016-12-01 01:47:16.462,176.097,0.044,-0.859,0.023,0.510,0.419,1.153,0.242
2016-12-01 01:47:16.473,176.097,0.044,-0.858,0.023,0.510,0.419,1.153,0.242
2016-12-01 01:47:16.484,176.119,0.044,-0.858,0.023,0.511,0.419,1.153,0.242
2016-12-01 01:47:16.496,176.119,0.044,-0.857,0.023,0.512,0.419,1.153,0.242
2016-12-01 01:47:16.507,176.140,0.044,-0.857,0.023,0.513,0.419,1.153,0.242
2016-12-01 01:47:16.518,176.140,0.045,-0.856,0.023,0.514,0.419,1.153,0.242
2016-12-01 01:47:16.529,176.161,0.045,-0.855,0.023,0.516,0.420,1.153,0.242
2016-12-01 01:47:16.540,176.161,0.046,-0.855,0.023,0.517,0.420,1.153,0.242
2016-12-01 01:47:16.551,176.183,0.046,-0.854,0.023,0.518,0.420,1.153,0.242
2016-12-01 01:47:16.563,176.183,0.046,-0.853,0.023,0.520,0.420,1.153,0.242
2016-12-01 01:47:16.573,176.204,0.046,-0.852,0.023,0.521,0.420,1.153,0.242
2016-12-01 01:47:16.585,176.204,0.046,-0.851,0.023,0.523,0.420,1.153,0.242
2016-12-01 01:47:16.596,176.225,0.046,-0.850,0.023,0.524,0.420,1.153,0.242
2016-12-01 01:47:16.607,176.247,0.046,-0.849,0.024,0.526,0.420,1.153,0.242
2016-12-01 01:47:16.618,176.247,0.045,-0.848,0.024,0.527,0.421,1.153,0.242
2016-12-01 01:47:16.629,176.268,0.045,-0.847,0.024,0.529,0.421,1.153,0.242
2016-12-01 01:47:16.640,176.268,0.044,-0.846,0.024,0.531,0.421,1.153,0.242
2016-12-01 01:47:16.651,176.289,0.043,-0.845,0.024,0.532,0.421,1.153,0.242
2016-12-01 01:47:16.663,176.289,0.043,-0.844,0.024,0.534,0.421,1.153,0.242
2016-12-01 01:47:16.674,176.289,0.043,-0.843,0.024,0.535,0.421,1.153,0.242
2016-12-01 01:47:16.685,176.311,0.042,-0.843,0.024,0.536,0.421,1.153,0.242
2016-12-01 01:47:16.697,176.332,0.042,-0.842,0.024,0.538,0.421,1.153,0.242
2016-12-01 01:47:16.708,176.332,0.042,-0.841,0.024,0.539,0.421,1.153,0.242
2016-12-01 01:47:16.719,176.353,0.041,-0.840,0.024,0.541,0.421,1.153,0.242
2016-12-01 01:47:16.730,176.353,0.041,-0.839,0.024,0.542,0.421,1.153,0.243
2016-12-01 01:47:16.741,176.375,0.041,-0.838,0.024,0.544,0.421,1.153,0.243
2016-12-01 01:47:16.752,176.375,0.041,-0.837,0.024,0.545,0.421,1.154,0.242
2016-12-01 01:47:16.763,176.396,0.040,-0.836,0.024,0.547,0.421,1.154,0.243
2016-12-01 01:47:16.775,176.396,0.040,-0.835,0.023,0.548,0.421,1.154,0.242
2016-12-01 01:47:16.786,176.417,0.040,-0.834,0.023,0.550,0.421,1.154,0.243
2016-12-01 01:47:16.798,176.439,0.040,-0.833,0.023,0.551,0.421,1.154,0.243
2016-12-01 01:47:16.808,176.439,0.040,-0.832,0.023,0.553,0.421,1.154,0.243
2016-12-01 01:47:16.819,176.460,0.039,-0.831,0.023,0.554,0.421,1.154,0.243
2016-12-01 01:47:16.831,176.460,0.039,-0.830,0.023,0.556,0.421,1.154,0.243
2016-12-01 01:47:16.841,176.460,0.039,-0.829,0.023,0.558,0.421,1.154,0.243
2016-12-01 01:47:16.853,176.481,0.039,-0.828,0.022,0.559,0.421,1.154,0.243
2016-12-01 01:47:16.864,176.481,0.039,-0.827,0.022,0.561,0.421,1.154,0.243
2016-12-01 01:47:16.875,176.503,0.039,-0.825,0.022,0.563,0.421,1.154,0.243
2016-12-01 01:47:16.887,176.524,0.039,-0.824,0.021,0.564,0.421,1.154,0.244
2016-12-01 01:47:16.898,176.524,0.038,-0.823,0.021,0.566,0.421,1.154,0.244
2016-12-01 01:47:16.909,176.545,0.038,-0.822,0.021,0.568,0.421,1.154,0.244
2016-12-01 01:47:16.921,176.545,0.038,-0.821,0.021,0.570,0.421,1.154,0.244
2016-12-01 01:47:16.931,176.567,0.037,-0.820,0.021,0.571,0.422,1.154,0.244
2016-12-01 01:47:16.942,176.567,0.037,-0.818,0.021,0.573,0.422,1.155,0.244
2016-12-01 01:47:16.954,176.588,0.037,-0.817,0.021,0.575,0.422,1.155,0.244
2016-12-01 01:47:16.965,176.588,0.038,-0.816,0.021,0.577,0.422,1.154,0.245
2016-12-01 01:47:16.975,176.609,0.038,-0.814,0.021,0.579,0.422,1.154,0.245
2016-12-01 01:47:16.987,176.631,0.038,-0.813,0.021,0.581,0.422,1.154,0.245
2016-12-01 01:47:16.999,176.631,0.038,-0.811,0.021,0.583,0.422,1.154,0.245
2016-12-01 01:47:17.009,176.631,0.038,-0.810,0.021,0.585,0.422,1.154,0.245
2016-12-01 01:47:17.020,176.652,0.038,-0.809,0.021,0.587,0.422,1.154,0.245
2016-12-01 01:47:17.032,176.652,0.038,-0.807,0.021,0.588,0.422,1.154,0.245
2016-12-01 01:47:17.042,176.673,0.038,-0.806,0.021,0.590,0.422,1.154,0.245
2016-12-01 01:47:17.053,176.673,0.038,-0.805,0.020,0.592,0.422,1.154,0.245
2016-12-01 01:47:17.065,176.695,0.038,-0.803,0.020,0.594,0.422,1.154,0.246
2016-12-01 01:47:17.077,176.716,0.038,-0.802,0.020,0.596,0.422,1.154,0.246
2016-12-01 01:47:17.088,176.716,0.038,-0.800,0.020,0.598,0.422,1.154,0.246
2016-12-01 01:47:17.099,176.737,0.039,-0.799,0.020,0.600,0.422,1.154,0.246
2016-12-01 01:47:17.110,176.737,0.038,-0.798,0.020,0.602,0.422,1.154,0.246
2016-12-01 01:47:17.121,176.759,0.038,-0.796,0.019,0.603,0.422,1.154,0.247
2016-12-01 01:47:17.132,176.759,0.039,-0.795,0.019,0.605,0.422,1.154,0.247
2016-12-01 01:47:17.143,176.780,0.038,-0.793,0.019,0.607,0.423,1.154,0.247
2016-12-01 01:47:17.155,176.780,0.039,-0.792,0.018,0.609,0.423,1.154,0.247
2016-12-01 01:47:17.166,176.780,0.038,-0.791,0.018,0.611,0.423,1.154,0.247
2016-12-01 01:47:17.177,176.801,0.038,-0.789,0.018,0.613,0.423,1.154,0.248
2016-12-01 01:47:17.188,176.823,0.038,-0.788,0.018,0.615,0.423,1.154,0.248
2016-12-01 01:47:17.200,176.823,0.038,-0.786,0.017,0.616,0.423,1.154,0.248
2016-12-01 01:47:17.210,176.844,0.038,-0.785,0.017,0.618,0.423,1.154,0.248
2016-12-01 01:47:17.222,176.844,0.038,-0.783,0.017,0.620,0.423,1.154,0.248
2016-12-01 01:47:17.232,176.865,0.037,-0.782,0.016,0.622,0.424,1.154,0.249
2016-12-01 01:47:17.243,176.865,0.037,-0.780,0.016,0.624,0.424,1.155,0.249
2016-12-01 01:47:17.254,176.887,0.037,-0.779,0.016,0.626,0.424,1.155,0.249
2016-12-01 01:47:17.267,176.908,0.037,-0.777,0.016,0.628,0.424,1.155,0.249
2016-12-01 01:47:17.277,176.908,0.037,-0.776,0.016,0.630,0.424,1.155,0.249
2016-12-01 01:47:17.288,176.929,0.036,-0.774,0.016,0.632,0.424,1.155,0.249
2016-12-01 01:47:17.300,176.929,0.036,-0.773,0.016,0.633,0.424,1.155,0.249
2016-12-01 01:47:17.311,176.951,0.036,-0.771,0.016,0.635,0.424,1.155,0.249
2016-12-01 01:47:17.322,176.951,0.036,-0.770,0.016,0.637,0.424,1.155,0.249
2016-12-01 01:47:17.333,176.951,0.036,-0.769,0.017,0.639,0.424,1.155,0.250
2016-12-01 01:47:17.344,176.972,0.036,-0.767,0.017,0.640,0.424,1.154,0.250
2016-12-01 01:47:17.355,176.972,0.036,-0.766,0.017,0.642,0.424,1.154,0.250
2016-12-01 01:47:17.366,176.993,0.037,-0.764,0.017,0.644,0.424,1.154,0.250
2016-12-01 01:47:17.378,177.015,0.037,-0.763,0.017,0.645,0.424,1.154,0.250
2016-12-01 01:47:17.389,177.015,0.037,-0.761,0.017,0.647,0.425,1.154,0.250
2016-12-01 01:47:17.400,177.036,0.038,-0.760,0.017,0.649,0.425,1.154,0.250
2016-12-01 01:47:17.411,177.036,0.038,-0.758,0.017,0.650,0.425,1.154,0.250
2016-12-01 01:47:17.422,177.057,0.038,-0.757,0.017,0.652,0.425,1.154,0.251
2016-12-01 01:47:17.434,177.057,0.039,-0.756,0.018,0.654,0.425,1.154,0.250
2016-12-01 01:47:17.444,177.079,0.039,-0.754,0.018,0.655,0.425,1.154,0.251
2016-12-01 01:47:17.457,177.100,0.039,-0.753,0.018,0.657,0.425,1.154,0.251
2016-12-01 01:47:17.468,177.100,0.040,-0.751,0.018,0.658,0.425,1.154,0.251
2016-12-01 01:47:17.478,177.100,0.040,-0.750,0.019,0.660,0.425,1.153,0.251
2016-12-01 01:47:17.489,177.121,0.040,-0.749,0.019,0.661,0.425,1.153,0.251
2016-12-01 01:47:17.501,177.121,0.040,-0.747,0.019,0.663,0.425,1.153,0.251
2016-12-01 01:47:17.512,177.143,0.041,-0.746,0.020,0.664,0.425,1.154,0.251
2016-12-01 01:47:17.523,177.143,0.041,-0.745,0.020,0.666,0.425,1.154,0.251
2016-12-01 01:47:17.534,177.164,0.041,-0.743,0.021,0.668,0.425,1.153,0.251
2016-12-01 01:47:17.546,177.185,0.041,-0.742,0.021,0.669,0.425,1.153,0.251
2016-12-01 01:47:17.557,177.185,0.042,-0.740,0.021,0.670,0.425,1.153,0.251
2016-12-01 01:47:17.568,177.207,0.042,-0.739,0.022,0.672,0.425,1.153,0.251
2016-12-01 01:47:17.579,177.207,0.042,-0.738,0.022,0.673,0.425,1.153,0.251
2016-12-01 01:47:17.590,177.228,0.042,-0.737,0.022,0.675,0.425,1.153,0.251
2016-12-01 01:47:17.601,177.228,0.042,-0.735,0.022,0.676,0.425,1.153,0.251
2016-12-01 01:47:17.612,177.249,0.042,-0.734,0.022,0.677,0.425,1.153,0.251
2016-12-01 01:47:17.624,177.249,0.042,-0.733,0.022,0.679,0.425,1.153,0.251
2016-12-01 01:47:17.634,177.271,0.042,-0.731,0.022,0.680,0.425,1.153,0.251
2016-12-01 01:47:17.646,177.271,0.042,-0.730,0.022,0.682,0.425,1.153,0.251
2016-12-01 01:47:17.657,177.292,0.042,-0.729,0.022,0.683,0.425,1.153,0.251
2016-12-01 01:47:17.669,177.292,0.042,-0.728,0.022,0.684,0.425,1.153,0.251
2016-12-01 01:47:17.679,177.313,0.042,-0.726,0.023,0.686,0.424,1.153,0.251
2016-12-01 01:47:17.691,177.313,0.042,-0.725,0.023,0.687,0.424,1.153,0.251
2016-12-01 01:47:17.703,177.335,0.042,-0.724,0.023,0.688,0.424,1.153,0.251
2016-12-01 01:47:17.713,177.335,0.042,-0.723,0.023,0.690,0.424,1.153,0.251
2016-12-01 01:47:17.724,177.356,0.042,-0.721,0.023,0.691,0.424,1.153,0.251
2016-12-01 01:47:17.736,177.356,0.042,-0.720,0.023,0.692,0.424,1.153,0.251
2016-12-01 01:47:17.746,177.377,0.042,-0.719,0.024,0.693,0.424,1.153,0.250
2016-12-01 01:47:17.758,177.399,0.042,-0.718,0.024,0.694,0.424,1.153,0.250
2016-12-01 01:47:17.768,177.399,0.042,-0.717,0.024,0.695,0.424,1.153,0.250
2016-12-01 01:47:17.780,177.420,0.042,-0.716,0.024,0.697,0.424,1.153,0.250
2016-12-01 01:47:17.791,177.420,0.042,-0.715,0.024,0.698,0.424,1.153,0.250
2016-12-01 01:47:17.802,177.441,0.042,-0.714,0.024,0.698,0.424,1.153,0.250
2016-12-01 01:47:17.813,177.441,0.042,-0.713,0.024,0.699,0.424,1.153,0.250
2016-12-01 01:47:17.825,177.441,0.042,-0.712,0.024,0.700,0.424,1.153,0.250
2016-12-01 01:47:17.836,177.463,0.042,-0.711,0.025,0.701,0.424,1.153,0.250
2016-12-01 01:47:17.847,177.484,0.042,-0.710,0.025,0.702,0.424,1.153,0.250
2016-12-01 01:47:17.859,177.484,0.042,-0.710,0.025,0.703,0.424,1.153,0.250
2016-12-01 01:47:17.869,177.505,0.042,-0.709,0.025,0.704,0.424,1.153,0.250
2016-12-01 01:47:17.880,177.505,0.042,-0.708,0.025,0.704,0.423,1.153,0.250
2016-12-01 01:47:17.891,177.527,0.042,-0.707,0.025,0.705,0.423,1.153,0.250
2016-12-01 01:47:17.903,177.527,0.042,-0.707,0.025,0.706,0.423,1.153,0.250
2016-12-01 01:47:17.914,177.548,0.042,-0.706,0.025,0.707,0.423,1.153,0.250
2016-12-01 01:47:17.925,177.548,0.042,-0.705,0.025,0.707,0.423,1.153,0.250
2016-12-01 01:47:17.936,177.569,0.042,-0.704,0.025,0.708,0.423,1.153,0.250
2016-12-01 01:47:17.947,177.591,0.042,-0.704,0.025,0.709,0.423,1.153,0.250
2016-12-01 01:47:17.959,177.591,0.042,-0.703,0.025,0.709,0.423,1.153,0.250
2016-12-01 01:47:17.970,177.591,0.042,-0.702,0.025,0.710,0.423,1.153,0.250
2016-12-01 01:47:17.981,177.612,0.042,-0.702,0.025,0.711,0.423,1.153,0.250
2016-12-01 01:47:17.992,177.612,0.042,-0.701,0.025,0.711,0.423,1.153,0.250
2016-12-01 01:47:18.003,177.633,0.042,-0.701,0.026,0.712,0.423,1.153,0.250
2016-12-01 01:47:18.015,177.633,0.042,-0.700,0.026,0.712,0.423,1.153,0.250
2016-12-01 01:47:18.026,177.655,0.042,-0.700,0.026,0.713,0.423,1.153,0.250
2016-12-01 01:47:18.037,177.676,0.042,-0.699,0.026,0.713,0.423,1.153,0.250
2016-12-01 01:47:18.048,177.676,0.042,-0.699,0.026,0.714,0.423,1.153,0.250
2016-12-01 01:47:18.060,177.697,0.042,-0.698,0.026,0.714,0.422,1.153,0.250
2016-12-01 01:47:18.071,177.697,0.042,-0.698,0.026,0.714,0.422,1.153,0.250
2016-12-01 01:47:18.082,177.719,0.042,-0.698,0.026,0.715,0.422,1.153,0.250
2016-12-01 01:47:18.093,177.719,0.042,-0.697,0.026,0.715,0.422,1.153,0.250
2016-12-01 01:47:18.104,177.740,0.042,-0.697,0.026,0.715,0.422,1.153,0.250
2016-12-01 01:47:18.115,177.740,0.042,-0.697,0.026,0.715,0.422,1.153,0.250
2016-12-01 01:47:18.126,177.761,0.041,-0.697,0.026,0.715,0.422,1.153,0.250
2016-12-01 01:47:18.138,177.761,0.041,-0.697,0.026,0.716,0.422,1.153,0.250
2016-12-01 01:47:18.148,177.783,0.041,-0.697,0.026,0.716,0.422,1.153,0.250
2016-12-01 01:47:18.160,177.783,0.041,-0.697,0.026,0.716,0.422,1.153,0.250
2016-12-01 01:47:18.170,177.804,0.041,-0.697,0.026,0.716,0.422,1.153,0.250
2016-12-01 01:47:18.182,177.804,0.041,-0.697,0.026,0.716,0.422,1.153,0.250
2016-12-01 01:47:18.193,177.825,0.040,-0.697,0.026,0.715,0.422,1.153,0.250
2016-12-01 01:47:18.205,177.825,0.040,-0.697,0.027,0.715,0.422,1.153,0.250
2016-12-01 01:47:18.216,177.847,0.040,-0.697,0.027,0.715,0.422,1.153,0.250
2016-12-01 01:47:18.227,177.868,0.040,-0.697,0.027,0.715,0.422,1.153,0.250
2016-12-01 01:47:18.238,177.868,0.040,-0.698,0.027,0.715,0.422,1.153,0.251
2016-12-01 01:47:18.249,177.889,0.040,-0.698,0.027,0.715,0.422,1.153,0.250
2016-12-01 01:47:18.261,177.889,0.040,-0.698,0.027,0.714,0.421,1.153,0.250
2016-12-01 01:47:18.271,177.911,0.040,-0.698,0.027,0.714,0.422,1.153,0.250
2016-12-01 01:47:18.282,177.911,0.040,-0.698,0.027,0.714,0.422,1.153,0.250
2016-12-01 01:47:18.294,177.911,0.041,-0.699,0.027,0.714,0.421,1.153,0.250
2016-12-01 01:47:18.305,177.932,0.041,-0.699,0.027,0.714,0.421,1.153,0.250
2016-12-01 01:47:18.316,177.953,0.041,-0.699,0.027,0.713,0.421,1.153,0.250
2016-12-01 01:47:18.327,177.953,0.041,-0.699,0.027,0.713,0.422,1.153,0.251
2016-12-01 01:47:18.338,177.975,0.041,-0.699,0.027,0.713,0.422,1.153,0.251
2016-12-01 01:47:18.349,177.975,0.041,-0.700,0.027,0.713,0.422,1.153,0.251
2016-12-01 01:47:18.360,177.996,0.041,-0.700,0.027,0.713,0.422,1.153,0.251
2016-12-01 01:47:18.372,177.996,0.040,-0.700,0.027,0.713,0.422,1.153,0.251
2016-12-01 01:47:18.383,178.017,0.040,-0.700,0.027,0.713,0.422,1.152,0.251
2016-12-01 01:47:18.395,178.017,0.040,-0.700,0.027,0.712,0.422,1.153,0.251
2016-12-01 01:47:18.406,178.039,0.040,-0.700,0.027,0.712,0.422,1.153,0.251
2016-12-01 01:47:18.417,178.060,0.040,-0.700,0.027,0.712,0.422,1.153,0.251
2016-12-01 01:47:18.428,178.060,0.040,-0.700,0.027,0.712,0.422,1.153,0.251
2016-12-01 01:47:18.439,178.081,0.040,-0.701,0.027,0.712,0.422,1.153,0.252
2016-12-01 01:47:18.451,178.081,0.040,-0.701,0.027,0.712,0.422,1.153,0.252
2016-12-01 01:47:18.461,178.081,0.040,-0.701,0.027,0.712,0.422,1.153,0.252
2016-12-01 01:47:18.472,178.103,0.039,-0.701,0.026,0.712,0.423,1.153,0.252
2016-12-01 01:47:18.484,178.103,0.039,-0.701,0.026,0.711,0.423,1.153,0.252
2016-12-01 01:47:18.495,178.124,0.038,-0.701,0.026,0.711,0.423,1.153,0.252
2016-12-01 01:47:18.506,178.145,0.038,-0.702,0.026,0.711,0.423,1.153,0.253
2016-12-01 01:47:18.517,178.145,0.038,-0.702,0.026,0.711,0.423,1.153,0.253
2016-12-01 01:47:18.528,178.167,0.037,-0.702,0.025,0.711,0.423,1.153,0.253
2016-12-01 01:47:18.539,178.167,0.037,-0.702,0.025,0.711,0.423,1.153,0.253
2016-12-01 01:47:18.550,178.188,0.036,-0.702,0.025,0.711,0.423,1.154,0.253
2016-12-01 01:47:18.562,178.188,0.036,-0.702,0.025,0.711,0.423,1.154,0.253
2016-12-01 01:47:18.573,178.209,0.036,-0.703,0.025,0.710,0.423,1.154,0.253
2016-12-01 01:47:18.584,178.209,0.035,-0.703,0.024,0.710,0.423,1.154,0.253
2016-12-01 01:47:18.595,178.231,0.035,-0.703,0.024,0.710,0.423,1.154,0.253
2016-12-01 01:47:18.607,178.252,0.035,-0.703,0.024,0.710,0.423,1.154,0.253
2016-12-01 01:47:18.618,178.252,0.034,-0.703,0.023,0.710,0.423,1.154,0.253
2016-12-01 01:47:18.629,178.252,0.034,-0.703,0.023,0.710,0.424,1.154,0.253
2016-12-01 01:47:18.640,178.273,0.034,-0.703,0.023,0.710,0.424,1.154,0.253
2016-12-01 01:47:18.651,178.273,0.034,-0.703,0.023,0.710,0.424,1.154,0.254
2016-12-01 01:47:18.662,178.295,0.034,-0.703,0.023,0.710,0.424,1.154,0.254
2016-12-01 01:47:18.674,178.295,0.034,-0.704,0.023,0.710,0.424,1.154,0.254
2016-12-01 01:47:18.684,178.316,0.034,-0.704,0.023,0.709,0.424,1.154,0.254
2016-12-01 01:47:18.696,178.337,0.033,-0.704,0.023,0.709,0.424,1.154,0.254
2016-12-01 01:47:18.707,178.337,0.034,-0.704,0.022,0.709,0.424,1.154,0.254
2016-12-01 01:47:18.718,178.359,0.034,-0.704,0.022,0.709,0.424,1.154,0.254
2016-12-01 01:47:18.729,178.359,0.034,-0.704,0.022,0.709,0.424,1.154,0.254
2016-12-01 01:47:18.740,178.380,0.034,-0.705,0.022,0.708,0.424,1.154,0.254
2016-12-01 01:47:18.752,178.380,0.034,-0.705,0.022,0.708,0.425,1.154,0.255
2016-12-01 01:47:18.764,178.401,0.034,-0.705,0.022,0.708,0.425,1.154,0.255
2016-12-01 01:47:18.774,178.401,0.034,-0.705,0.022,0.708,0.425,1.154,0.255
2016-12-01 01:47:18.785,178.401,0.034,-0.706,0.022,0.707,0.425,1.154,0.255
2016-12-01 01:47:18.796,178.423,0.034,-0.706,0.022,0.707,0.425,1.154,0.255
2016-12-01 01:47:18.808,178.444,0.034,-0.706,0.022,0.707,0.425,1.154,0.255
2016-12-01 01:47:18.819,178.444,0.034,-0.707,0.021,0.706,0.425,1.154,0.255
2016-12-01 01:47:18.830,178.465,0.034,-0.707,0.021,0.706,0.425,1.154,0.255
2016-12-01 01:47:18.841,178.465,0.034,-0.707,0.021,0.706,0.425,1.154,0.255
2016-12-01 01:47:18.852,178.487,0.034,-0.708,0.021,0.705,0.425,1.154,0.255
2016-12-01 01:47:18.864,178.487,0.034,-0.708,0.021,0.705,0.425,1.154,0.255
2016-12-01 01:47:18.875,178.508,0.034,-0.708,0.021,0.705,0.424,1.154,0.255
2016-12-01 01:47:18.886,178.529,0.034,-0.709,0.021,0.705,0.425,1.154,0.255
2016-12-01 01:47:18.897,178.529,0.034,-0.709,0.021,0.704,0.425,1.154,0.255
2016-12-01 01:47:18.908,178.551,0.034,-0.709,0.021,0.704,0.424,1.154,0.256
2016-12-01 01:47:18.919,178.551,0.034,-0.709,0.021,0.704,0.424,1.154,0.256
2016-12-01 01:47:18.930,178.572,0.034,-0.709,0.021,0.704,0.424,1.154,0.255
2016-12-01 01:47:18.941,178.572,0.034,-0.710,0.021,0.703,0.424,1.154,0.256
2016-12-01 01:47:18.953,178.572,0.034,-0.710,0.021,0.703,0.424,1.154,0.256
2016-12-01 01:47:18.964,178.593,0.034,-0.710,0.021,0.703,0.424,1.154,0.256
2016-12-01 01:47:18.976,178.593,0.034,-0.710,0.021,0.703,0.424,1.154,0.256
2016-12-01 01:47:18.986,178.615,0.034,-0.710,0.021,0.703,0.424,1.154,0.256
2016-12-01 01:47:18.998,178.636,0.034,-0.710,0.021,0.703,0.424,1.154,0.256
2016-12-01 01:47:19.009,178.636,0.034,-0.711,0.021,0.703,0.424,1.154,0.256
2016-12-01 01:47:19.020,178.657,0.034,-0.711,0.021,0.702,0.424,1.154,0.256
2016-12-01 01:47:19.031,178.657,0.034,-0.711,0.021,0.702,0.424,1.154,0.256
2016-12-01 01:47:19.042,178.679,0.035,-0.711,0.021,0.702,0.424,1.154,0.256
2016-12-01 01:47:19.054,178.679,0.035,-0.711,0.021,0.702,0.424,1.154,0.256
2016-12-01 01:47:19.064,178.700,0.035,-0.711,0.021,0.702,0.424,1.154,0.256
2016-12-01 01:47:19.075,178.700,0.035,-0.711,0.021,0.702,0.424,1.154,0.256
2016-12-01 01:47:19.087,178.721,0.035,-0.711,0.021,0.702,0.424,1.154,0.256
2016-12-01 01:47:19.098,178.721,0.035,-0.711,0.021,0.702,0.424,1.154,0.256
2016-12-01 01:47:19.109,178.743,0.035,-0.711,0.021,0.702,0.424,1.154,0.256
2016-12-01 01:47:19.120,178.743,0.035,-0.711,0.021,0.702,0.424,1.154,0.256
2016-12-01 01:47:19.131,178.764,0.035,-0.711,0.021,0.702,0.424,1.154,0.256
2016-12-01 01:47:19.143,178.764,0.035,-0.711,0.020,0.702,0.424,1.154,0.256
2016-12-01 01:47:19.154,178.785,0.035,-0.711,0.020,0.702,0.424,1.154,0.256
2016-12-01 01:47:19.165,178.785,0.035,-0.711,0.020,0.702,0.424,1.154,0.256
2016-12-01 01:47:19.176,178.807,0.035,-0.711,0.020,0.702,0.424,1.154,0.256
2016-12-01 01:47:19.187,178.828,0.035,-0.711,0.020,0.702,0.424,1.154,0.256
2016-12-01 01:47:19.199,178.828,0.035,-0.711,0.020,0.702,0.424,1.154,0.256
2016-12-01 01:47:19.210,178.849,0.035,-0.711,0.020,0.702,0.424,1.154,0.256
2016-12-01 01:47:19.221,178.849,0.035,-0.711,0.021,0.702,0.424,1.154,0.256
2016-12-01 01:47:19.232,178.871,0.035,-0.711,0.021,0.702,0.424,1.154,0.256
2016-12-01 01:47:19.243,178.871,0.035,-0.711,0.021,0.702,0.424,1.154,0.256
2016-12-01 01:47:19.254,178.892,0.035,-0.711,0.021,0.702,0.424,1.154,0.256
2016-12-01 01:47:19.266,178.892,0.035,-0.711,0.021,0.702,0.424,1.154,0.256
2016-12-01 01:47:19.276,178.913,0.035,-0.711,0.021,0.702,0.424,1.154,0.256
2016-12-01 01:47:19.288,178.913,0.035,-0.711,0.021,0.702,0.424,1.154,0.256
2016-12-01 01:47:19.299,178.935,0.035,-0.711,0.021,0.702,0.424,1.154,0.256
2016-12-01 01:47:19.310,178.935,0.035,-0.711,0.021,0.702,0.424,1.154,0.256
2016-12-01 01:47:19.321,178.956,0.035,-0.711,0.021,0.702,0.424,1.154,0.256
2016-12-01 01:47:19.333,178.956,0.035,-0.711,0.021,0.702,0.424,1.154,0.256
2016-12-01 01:47:19.344,178.977,0.035,-0.711,0.021,0.702,0.424,1.154,0.256
2016-12-01 01:47:19.355,178.977,0.035,-0.711,0.021,0.702,0.424,1.154,0.256
2016-12-01 01:47:19.366,178.999,0.035,-0.711,0.021,0.702,0.424,1.154,0.256
2016-12-01 01:47:19.378,179.020,0.036,-0.711,0.021,0.702,0.424,1.154,0.256
2016-12-01 01:47:19.389,179.020,0.036,-0.710,0.021,0.703,0.424,1.154,0.256
2016-12-01 01:47:19.399,179.041,0.036,-0.710,0.021,0.703,0.424,1.154,0.256
2016-12-01 01:47:19.411,179.041,0.036,-0.710,0.022,0.703,0.424,1.154,0.256
2016-12-01 01:47:19.422,179.063,0.035,-0.710,0.022,0.703,0.424,1.154,0.256
2016-12-01 01:47:19.433,179.063,0.035,-0.710,0.022,0.703,0.424,1.154,0.256
2016-12-01 01:47:19.444,179.063,0.035,-0.710,0.022,0.703,0.424,1.154,0.256
2016-12-01 01:47:19.455,179.084,0.035,-0.710,0.022,0.703,0.424,1.154,0.255
2016-12-01 01:47:19.467,179.105,0.035,-0.710,0.022,0.703,0.424,1.154,0.255
2016-12-01 01:47:19.477,179.105,0.035,-0.710,0.022,0.703,0.424,1.154,0.255
2016-12-01 01:47:19.489,179.127,0.035,-0.710,0.022,0.703,0.424,1.154,0.255
2016-12-01 01:47:19.500,179.127,0.035,-0.710,0.023,0.703,0.424,1.154,0.255
2016-12-01 01:47:19.511,179.148,0.035,-0.711,0.023,0.702,0.424,1.154,0.255
2016-12-01 01:47:19.523,179.148,0.034,-0.711,0.023,0.702,0.424,1.154,0.255
2016-12-01 01:47:19.534,179.169,0.034,-0.711,0.023,0.702,0.423,1.154,0.255
2016-12-01 01:47:19.545,179.169,0.034,-0.711,0.023,0.702,0.423,1.154,0.255
2016-12-01 01:47:19.556,179.191,0.034,-0.711,0.023,0.702,0.423,1.154,0.254
2016-12-01 01:47:19.568,179.212,0.033,-0.712,0.023,0.701,0.423,1.154,0.254
2016-12-01 01:47:19.578,179.212,0.033,-0.712,0.023,0.701,0.423,1.154,0.254
2016-12-01 01:47:19.589,179.212,0.033,-0.712,0.023,0.701,0.423,1.154,0.254
2016-12-01 01:47:19.600,179.233,0.033,-0.712,0.024,0.701,0.423,1.154,0.254
2016-12-01 01:47:19.612,179.233,0.033,-0.712,0.024,0.701,0.423,1.154,0.254
2016-12-01 01:47:19.623,179.255,0.033,-0.712,0.024,0.701,0.423,1.154,0.254
2016-12-01 01:47:19.635,179.255,0.032,-0.713,0.024,0.700,0.423,1.154,0.254
2016-12-01 01:47:19.645,179.276,0.032,-0.713,0.024,0.700,0.423,1.154,0.254
2016-12-01 01:47:19.656,179.297,0.032,-0.713,0.025,0.700,0.423,1.154,0.253
2016-12-01 01:47:19.668,179.297,0.032,-0.713,0.025,0.700,0.423,1.154,0.254
2016-12-01 01:47:19.679,179.319,0.032,-0.713,0.025,0.700,0.423,1.154,0.253
2016-12-01 01:47:19.690,179.319,0.032,-0.713,0.025,0.700,0.423,1.154,0.253
2016-12-01 01:47:19.701,179.340,0.032,-0.713,0.025,0.700,0.423,1.154,0.253
2016-12-01 01:47:19.712,179.340,0.032,-0.713,0.025,0.700,0.423,1.154,0.253
2016-12-01 01:47:19.724,179.361,0.032,-0.713,0.026,0.700,0.423,1.154,0.253
2016-12-01 01:47:19.735,179.361,0.032,-0.713,0.026,0.700,0.423,1.154,0.253
2016-12-01 01:47:19.746,179.383,0.032,-0.713,0.026,0.700,0.423,1.154,0.253
2016-12-01 01:47:19.757,179.383,0.032,-0.713,0.026,0.700,0.423,1.154,0.253
2016-12-01 01:47:19.768,179.404,0.032,-0.713,0.027,0.700,0.423,1.154,0.253
2016-12-01 01:47:19.779,179.404,0.032,-0.713,0.027,0.700,0.423,1.154,0.253
2016-12-01 01:47:19.790,179.425,0.032,-0.713,0.027,0.700,0.423,1.154,0.253
2016-12-01 01:47:19.802,179.425,0.032,-0.713,0.027,0.700,0.423,1.153,0.253
2016-12-01 01:47:19.813,179.447,0.032,-0.713,0.027,0.699,0.422,1.154,0.253
2016-12-01 01:47:19.824,179.447,0.032,-0.714,0.027,0.699,0.422,1.153,0.253
2016-12-01 01:47:19.835,179.468,0.032,-0.714,0.028,0.699,0.423,1.153,0.253
2016-12-01 01:47:19.846,179.489,0.033,-0.714,0.028,0.699,0.423,1.154,0.252
2016-12-01 01:47:19.858,179.489,0.033,-0.714,0.028,0.699,0.423,1.154,0.252
2016-12-01 01:47:19.868,179.511,0.033,-0.714,0.028,0.699,0.423,1.153,0.252
2016-12-01 01:47:19.880,179.511,0.033,-0.714,0.029,0.698,0.423,1.154,0.252
2016-12-01 01:47:19.891,179.532,0.033,-0.714,0.029,0.699,0.423,1.154,0.252
2016-12-01 01:47:19.903,179.532,0.033,-0.714,0.029,0.699,0.423,1.153,0.252
2016-12-01 01:47:19.914,179.532,0.034,-0.714,0.029,0.699,0.423,1.153,0.252
2016-12-01 01:47:19.925,179.553,0.034,-0.714,0.029,0.699,0.423,1.153,0.252
2016-12-01 01:47:19.936,179.575,0.034,-0.714,0.030,0.698,0.423,1.153,0.252
2016-12-01 01:47:19.947,179.575,0.034,-0.714,0.030,0.698,0.423,1.153,0.252
2016-12-01 01:47:19.958,179.596,0.034,-0.714,0.030,0.698,0.422,1.153,0.252
2016-12-01 01:47:19.970,179.596,0.034,-0.714,0.030,0.698,0.422,1.153,0.252
2016-12-01 01:47:19.980,179.617,0.034,-0.714,0.030,0.699,0.422,1.153,0.252
2016-12-01 01:47:19.992,179.617,0.034,-0.714,0.030,0.699,0.423,1.153,0.252
2016-12-01 01:47:20.003,179.639,0.034,-0.714,0.030,0.699,0.423,1.153,0.252
2016-12-01 01:47:20.014,179.639,0.034,-0.714,0.030,0.699,0.423,1.153,0.252
2016-12-01 01:47:20.025,179.660,0.034,-0.714,0.030,0.699,0.423,1.153,0.252
2016-12-01 01:47:20.036,179.681,0.034,-0.714,0.030,0.699,0.423,1.153,0.252
2016-12-01 01:47:20.048,179.681,0.034,-0.714,0.030,0.699,0.423,1.153,0.252
2016-12-01 01:47:20.058,179.703,0.034,-0.714,0.030,0.699,0.423,1.153,0.252
2016-12-01 01:47:20.069,179.703,0.034,-0.713,0.030,0.699,0.423,1.153,0.252
2016-12-01 01:47:20.081,179.703,0.034,-0.713,0.030,0.699,0.423,1.153,0.252
2016-12-01 01:47:20.092,179.724,0.033,-0.713,0.030,0.699,0.423,1.153,0.252
2016-12-01 01:47:20.104,179.724,0.033,-0.713,0.030,0.699,0.423,1.153,0.252
2016-12-01 01:47:20.115,179.745,0.033,-0.713,0.030,0.700,0.423,1.153,0.252
2016-12-01 01:47:20.126,179.745,0.033,-0.713,0.030,0.700,0.423,1.153,0.252
2016-12-01 01:47:20.137,179.767,0.033,-0.713,0.030,0.700,0.423,1.153,0.252
2016-12-01 01:47:20.148,179.788,0.033,-0.713,0.030,0.700,0.423,1.153,0.252
2016-12-01 01:47:20.159,179.788,0.033,-0.713,0.030,0.700,0.423,1.153,0.252
2016-12-01 01:47:20.170,179.809,0.033,-0.712,0.030,0.700,0.423,1.153,0.252
2016-12-01 01:47:20.181,179.809,0.033,-0.712,0.030,0.700,0.423,1.153,0.252
2016-12-01 01:47:20.192,179.831,0.033,-0.712,0.030,0.701,0.423,1.153,0.252
2016-12-01 01:47:20.204,179.831,0.033,-0.712,0.030,0.701,0.423,1.153,0.252
2016-12-01 01:47:20.215,179.852,0.033,-0.712,0.030,0.701,0.423,1.153,0.252
2016-12-01 01:47:20.226,179.873,0.033,-0.712,0.030,0.701,0.423,1.153,0.252
2016-12-01 01:47:20.237,179.873,0.033,-0.712,0.029,0.701,0.423,1.153,0.252
2016-12-01 01:47:20.248,179.873,0.033,-0.712,0.029,0.701,0.423,1.153,0.252
2016-12-01 01:47:20.259,179.895,0.033,-0.712,0.029,0.701,0.423,1.153,0.253
2016-12-01 01:47:20.271,179.895,0.033,-0.712,0.029,0.701,0.423,1.153,0.253
2016-12-01 01:47:20.282,179.916,0.033,-0.712,0.030,0.701,0.423,1.153,0.253
2016-12-01 01:47:20.294,179.916,0.033,-0.712,0.030,0.701,0.423,1.153,0.253
2016-12-01 01:47:20.305,179.937,0.033,-0.712,0.029,0.701,0.423,1.153,0.253
2016-12-01 01:47:20.315,179.937,0.033,-0.712,0.030,0.701,0.423,1.153,0.253
2016-12-01 01:47:20.327,179.959,0.033,-0.712,0.030,0.701,0.423,1.153,0.253
2016-12-01 01:47:20.339,179.980,0.034,-0.712,0.030,0.701,0.423,1.153,0.253
2016-12-01 01:47:20.350,179.980,0.034,-0.712,0.030,0.701,0.422,1.153,0.253
2016-12-01 01:47:20.360,180.001,0.034,-0.712,0.030,0.701,0.422,1.153,0.253
2016-12-01 01:47:20.371,180.001,0.034,-0.712,0.030,0.701,0.422,1.153,0.253
2016-12-01 01:47:20.382,180.023,0.034,-0.712,0.030,0.701,0.422,1.153,0.253
2016-12-01 01:47:20.394,180.023,0.034,-0.712,0.030,0.701,0.422,1.153,0.253
2016-12-01 01:47:20.405,180.023,0.034,-0.712,0.030,0.701,0.422,1.153,0.253
2016-12-01 01:47:20.416,180.044,0.035,-0.712,0.030,0.701,0.422,1.153,0.253
2016-12-01 01:47:20.427,180.065,0.035,-0.712,0.031,0.701,0.422,1.153,0.253
2016-12-01 01:47:20.439,180.065,0.035,-0.712,0.031,0.701,0.422,1.153,0.253
2016-12-01 01:47:20.449,180.087,0.035,-0.712,0.031,0.701,0.422,1.153,0.253
2016-12-01 01:47:20.461,180.087,0.035,-0.712,0.031,0.700,0.422,1.153,0.253
2016-12-01 01:47:20.472,180.108,0.035,-0.712,0.031,0.700,0.422,1.153,0.253
2016-12-01 01:47:20.483,180.108,0.035,-0.712,0.031,0.700,0.422,1.153,0.253
2016-12-01 01:47:20.494,180.129,0.036,-0.712,0.031,0.700,0.422,1.153,0.253
2016-12-01 01:47:20.506,180.129,0.036,-0.712,0.031,0.700,0.422,1.153,0.253
2016-12-01 01:47:20.517,180.151,0.036,-0.712,0.031,0.700,0.422,1.153,0.253
2016-12-01 01:47:20.528,180.172,0.036,-0.712,0.031,0.700,0.422,1.153,0.253
2016-12-01 01:47:20.539,180.172,0.036,-0.713,0.031,0.700,0.422,1.153,0.253
2016-12-01 01:47:20.550,180.193,0.036,-0.713,0.031,0.700,0.422,1.153,0.253
2016-12-01 01:47:20.562,180.193,0.036,-0.713,0.031,0.700,0.422,1.153,0.253
2016-12-01 01:47:20.572,180.193,0.036,-0.713,0.031,0.700,0.422,1.153,0.253
2016-12-01 01:47:20.584,180.215,0.036,-0.713,0.031,0.700,0.422,1.153,0.253
2016-12-01 01:47:20.595,180.215,0.036,-0.713,0.031,0.699,0.422,1.153,0.253
2016-12-01 01:47:20.606,180.236,0.036,-0.713,0.031,0.699,0.422,1.153,0.253
2016-12-01 01:47:20.617,180.257,0.035,-0.714,0.030,0.699,0.422,1.153,0.253
2016-12-01 01:47:20.628,180.257,0.035,-0.714,0.030,0.699,0.422,1.153,0.253
2016-12-01 01:47:20.639,180.279,0.035,-0.714,0.030,0.699,0.422,1.153,0.253
2016-12-01 01:47:20.651,180.279,0.035,-0.714,0.030,0.698,0.422,1.153,0.253
2016-12-01 01:47:20.662,180.300,0.035,-0.715,0.030,0.698,0.422,1.153,0.252
2016-12-01 01:47:20.674,180.300,0.035,-0.715,0.030,0.698,0.422,1.153,0.252
2016-12-01 01:47:20.684,180.321,0.034,-0.715,0.030,0.697,0.422,1.153,0.252
2016-12-01 01:47:20.696,180.321,0.034,-0.716,0.030,0.697,0.422,1.153,0.252
2016-12-01 01:47:20.706,180.343,0.034,-0.716,0.030,0.697,0.422,1.153,0.252
2016-12-01 01:47:20.718,180.343,0.033,-0.717,0.030,0.696,0.422,1.153,0.252
2016-12-01 01:47:20.729,180.364,0.033,-0.717,0.030,0.696,0.422,1.153,0.252
2016-12-01 01:47:20.740,180.364,0.032,-0.717,0.029,0.695,0.422,1.153,0.252
2016-12-01 01:47:20.751,180.385,0.032,-0.718,0.029,0.695,0.422,1.153,0.251
2016-12-01 01:47:20.763,180.385,0.031,-0.718,0.029,0.694,0.422,1.153,0.251
2016-12-01 01:47:20.773,180.407,0.031,-0.719,0.029,0.694,0.422,1.153,0.251
2016-12-01 01:47:20.784,180.407,0.030,-0.719,0.029,0.693,0.422,1.153,0.251
2016-12-01 01:47:20.796,180.428,0.030,-0.720,0.029,0.693,0.422,1.153,0.251
2016-12-01 01:47:20.807,180.449,0.029,-0.721,0.029,0.692,0.422,1.153,0.251
2016-12-01 01:47:20.818,180.449,0.029,-0.721,0.029,0.691,0.422,1.154,0.251
2016-12-01 01:47:20.829,180.471,0.029,-0.722,0.028,0.691,0.422,1.154,0.251
2016-12-01 01:47:20.841,180.471,0.028,-0.723,0.029,0.690,0.422,1.154,0.250
2016-12-01 01:47:20.852,180.492,0.027,-0.723,0.029,0.689,0.422,1.154,0.250
2016-12-01 01:47:20.864,180.492,0.027,-0.724,0.029,0.689,0.422,1.154,0.250
2016-12-01 01:47:20.874,180.513,0.026,-0.725,0.028,0.688,0.422,1.154,0.250
2016-12-01 01:47:20.885,180.513,0.026,-0.725,0.028,0.687,0.422,1.154,0.249
2016-12-01 01:47:20.896,180.535,0.025,-0.726,0.028,0.686,0.422,1.154,0.249
2016-12-01 01:47:20.908,180.535,0.025,-0.727,0.027,0.686,0.422,1.154,0.249
2016-12-01 01:47:20.919,180.556,0.024,-0.728,0.027,0.685,0.423,1.154,0.249
2016-12-01 01:47:20.931,180.556,0.024,-0.729,0.027,0.684,0.423,1.154,0.248
2016-12-01 01:47:20.941,180.577,0.023,-0.730,0.027,0.683,0.423,1.155,0.248
2016-12-01 01:47:20.952,180.577,0.022,-0.731,0.027,0.682,0.423,1.155,0.248
2016-12-01 01:47:20.963,180.599,0.022,-0.732,0.027,0.681,0.423,1.155,0.247
2016-12-01 01:47:20.975,180.599,0.021,-0.733,0.028,0.680,0.424,1.155,0.247
2016-12-01 01:47:20.985,180.620,0.021,-0.733,0.028,0.679,0.424,1.155,0.247
2016-12-01 01:47:20.997,180.641,0.020,-0.734,0.028,0.678,0.424,1.155,0.246
2016-12-01 01:47:21.008,180.641,0.020,-0.735,0.029,0.677,0.424,1.155,0.246
2016-12-01 01:47:21.019,180.663,0.019,-0.736,0.029,0.676,0.424,1.155,0.246
2016-12-01 01:47:21.031,180.663,0.018,-0.737,0.029,0.675,0.424,1.155,0.245
2016-12-01 01:47:21.042,180.684,0.018,-0.737,0.029,0.675,0.424,1.155,0.245
2016-12-01 01:47:21.053,180.684,0.018,-0.738,0.030,0.674,0.425,1.155,0.245
2016-12-01 01:47:21.064,180.684,0.017,-0.739,0.030,0.673,0.425,1.154,0.244
2016-12-01 01:47:21.075,180.705,0.017,-0.740,0.031,0.672,0.425,1.154,0.244
2016-12-01 01:47:21.086,180.727,0.017,-0.741,0.031,0.671,0.425,1.154,0.244
2016-12-01 01:47:21.098,180.727,0.017,-0.741,0.031,0.670,0.425,1.154,0.243
2016-12-01 01:47:21.108,180.748,0.016,-0.742,0.032,0.669,0.425,1.154,0.243
2016-12-01 01:47:21.120,180.748,0.017,-0.743,0.032,0.669,0.425,1.154,0.243
2016-12-01 01:47:21.131,180.769,0.016,-0.743,0.032,0.668,0.425,1.154,0.243
2016-12-01 01:47:21.142,180.769,0.016,-0.744,0.033,0.667,0.425,1.154,0.242
2016-12-01 01:47:21.153,180.791,0.016,-0.745,0.033,0.666,0.425,1.154,0.242
2016-12-01 01:47:21.164,180.791,0.016,-0.745,0.034,0.666,0.425,1.154,0.242
2016-12-01 01:47:21.175,180.812,0.016,-0.746,0.034,0.665,0.425,1.154,0.242
2016-12-01 01:47:21.186,180.833,0.016,-0.747,0.034,0.664,0.425,1.154,0.241
2016-12-01 01:47:21.198,180.833,0.016,-0.747,0.035,0.664,0.425,1.154,0.241
2016-12-01 01:47:21.209,180.833,0.016,-0.748,0.035,0.663,0.425,1.154,0.241
2016-12-01 01:47:21.220,180.855,0.016,-0.748,0.035,0.662,0.425,1.154,0.241
2016-12-01 01:47:21.232,180.855,0.016,-0.749,0.035,0.662,0.425,1.154,0.240
2016-12-01 01:47:21.243,180.876,0.015,-0.749,0.036,0.661,0.425,1.154,0.240
2016-12-01 01:47:21.254,180.876,0.015,-0.750,0.036,0.661,0.425,1.154,0.240
2016-12-01 01:47:21.265,180.897,0.015,-0.750,0.036,0.660,0.425,1.154,0.239
2016-12-01 01:47:21.277,180.919,0.014,-0.751,0.036,0.659,0.426,1.154,0.239
2016-12-01 01:47:21.288,180.919,0.014,-0.751,0.036,0.659,0.426,1.154,0.239
2016-12-01 01:47:21.298,180.940,0.014,-0.752,0.037,0.659,0.425,1.154,0.239
2016-12-01 01:47:21.310,180.940,0.014,-0.752,0.037,0.658,0.425,1.154,0.239
2016-12-01 01:47:21.321,180.961,0.013,-0.752,0.037,0.658,0.425,1.154,0.238
2016-12-01 01:47:21.332,180.961,0.013,-0.752,0.037,0.657,0.425,1.154,0.238
2016-12-01 01:47:21.343,180.983,0.013,-0.753,0.037,0.657,0.425,1.154,0.238
2016-12-01 01:47:21.355,180.983,0.013,-0.753,0.037,0.657,0.425,1.154,0.238
2016-12-01 01:47:21.365,181.004,0.012,-0.753,0.038,0.657,0.425,1.154,0.237
2016-12-01 01:47:21.376,181.004,0.012,-0.753,0.038,0.656,0.425,1.154,0.237
2016-12-01 01:47:21.387,181.025,0.012,-0.754,0.038,0.656,0.425,1.154,0.237
2016-12-01 01:47:21.399,181.025,0.011,-0.754,0.038,0.656,0.425,1.154,0.237
2016-12-01 01:47:21.410,181.047,0.011,-0.754,0.038,0.656,0.425,1.154,0.237
2016-12-01 01:47:21.421,181.047,0.010,-0.754,0.038,0.655,0.425,1.154,0.237
2016-12-01 01:47:21.433,181.068,0.010,-0.754,0.038,0.655,0.425,1.154,0.237
2016-12-01 01:47:21.444,181.068,0.010,-0.755,0.038,0.655,0.425,1.154,0.236
2016-12-01 01:47:21.455,181.089,0.009,-0.755,0.038,0.655,0.425,1.154,0.236
2016-12-01 01:47:21.466,181.111,0.009,-0.755,0.038,0.655,0.425,1.154,0.236
2016-12-01 01:47:21.477,181.111,0.009,-0.755,0.039,0.654,0.425,1.154,0.236
2016-12-01 01:47:21.488,181.132,0.009,-0.755,0.039,0.654,0.425,1.154,0.236
2016-12-01 01:47:21.500,181.132,0.009,-0.755,0.039,0.654,0.425,1.154,0.236
2016-12-01 01:47:21.511,181.153,0.009,-0.756,0.039,0.654,0.424,1.154,0.236
2016-12-01 01:47:21.522,181.153,0.009,-0.756,0.039,0.653,0.424,1.154,0.236
2016-12-01 01:47:21.533,181.153,0.009,-0.756,0.039,0.653,0.425,1.154,0.236
2016-12-01 01:47:21.544,181.175,0.009,-0.756,0.039,0.653,0.424,1.154,0.236
2016-12-01 01:47:21.555,181.175,0.009,-0.757,0.039,0.653,0.425,1.154,0.236
2016-12-01 01:47:21.566,181.196,0.008,-0.757,0.039,0.653,0.425,1.154,0.235
2016-12-01 01:47:21.578,181.217,0.008,-0.757,0.039,0.652,0.425,1.154,0.235
2016-12-01 01:47:21.589,181.217,0.008,-0.757,0.039,0.652,0.425,1.154,0.235
2016-12-01 01:47:21.600,181.239,0.008,-0.757,0.039,0.652,0.425,1.154,0.236
2016-12-01 01:47:21.611,181.239,0.008,-0.758,0.039,0.651,0.425,1.154,0.236
2016-12-01 01:47:21.623,181.260,0.008,-0.758,0.039,0.651,0.425,1.154,0.236
2016-12-01 01:47:21.634,181.260,0.008,-0.758,0.039,0.651,0.425,1.154,0.236
2016-12-01 01:47:21.645,181.281,0.008,-0.758,0.039,0.651,0.425,1.154,0.236
2016-12-01 01:47:21.656,181.303,0.008,-0.759,0.039,0.650,0.425,1.154,0.236
2016-12-01 01:47:21.667,181.303,0.008,-0.759,0.039,0.650,0.425,1.154,0.236
2016-12-01 01:47:21.678,181.324,0.008,-0.759,0.039,0.650,0.425,1.154,0.236
2016-12-01 01:47:21.690,181.324,0.007,-0.759,0.039,0.650,0.425,1.154,0.236
2016-12-01 01:47:21.700,181.324,0.007,-0.759,0.039,0.650,0.426,1.154,0.235
2016-12-01 01:47:21.712,181.345,0.007,-0.759,0.038,0.649,0.426,1.154,0.235
2016-12-01 01:47:21.723,181.345,0.007,-0.760,0.039,0.649,0.426,1.154,0.235
2016-12-01 01:47:21.734,181.367,0.007,-0.760,0.039,0.649,0.426,1.154,0.235
2016-12-01 01:47:21.745,181.367,0.007,-0.760,0.039,0.649,0.426,1.154,0.235
2016-12-01 01:47:21.756,181.388,0.007,-0.760,0.039,0.649,0.426,1.154,0.235
2016-12-01 01:47:21.768,181.409,0.007,-0.760,0.039,0.649,0.426,1.154,0.235
2016-12-01 01:47:21.779,181.409,0.007,-0.760,0.039,0.649,0.426,1.154,0.235
2016-12-01 01:47:21.790,181.431,0.007,-0.760,0.039,0.649,0.426,1.154,0.235
2016-12-01 01:47:21.801,181.431,0.007,-0.760,0.039,0.649,0.426,1.154,0.235
2016-12-01 01:47:21.812,181.452,0.007,-0.760,0.039,0.649,0.426,1.154,0.235
2016-12-01 01:47:21.824,181.452,0.007,-0.760,0.039,0.649,0.426,1.154,0.235
2016-12-01 01:47:21.835,181.473,0.007,-0.760,0.039,0.649,0.426,1.154,0.235
2016-12-01 01:47:21.846,181.473,0.007,-0.760,0.039,0.649,0.426,1.154,0.235
2016-12-01 01:47:21.857,181.495,0.007,-0.760,0.039,0.649,0.426,1.154,0.235
2016-12-01 01:47:21.868,181.495,0.007,-0.760,0.039,0.649,0.426,1.154,0.235
2016-12-01 01:47:21.879,181.516,0.007,-0.760,0.039,0.649,0.426,1.154,0.235
2016-12-01 01:47:21.891,181.516,0.007,-0.760,0.039,0.649,0.426,1.154,0.235
2016-12-01 01:47:21.901,181.537,0.007,-0.760,0.039,0.649,0.426,1.154,0.235
2016-12-01 01:47:21.913,181.537,0.007,-0.760,0.039,0.649,0.426,1.154,0.235
2016-12-01 01:47:21.924,181.559,0.007,-0.760,0.039,0.649,0.426,1.154,0.235
2016-12-01 01:47:21.935,181.559,0.007,-0.760,0.039,0.649,0.426,1.154,0.235
2016-12-01 01:47:21.946,181.580,0.007,-0.760,0.040,0.649,0.426,1.154,0.235
2016-12-01 01:47:21.957,181.601,0.007,-0.760,0.040,0.649,0.426,1.154,0.235
2016-12-01 01:47:21.969,181.601,0.007,-0.760,0.040,0.649,0.426,1.154,0.235
2016-12-01 01:47:21.980,181.623,0.007,-0.760,0.040,0.649,0.426,1.154,0.235
2016-12-01 01:47:21.991,181.623,0.007,-0.760,0.040,0.649,0.426,1.154,0.235
2016-12-01 01:47:22.002,181.644,0.007,-0.760,0.040,0.649,0.426,1.154,0.235
2016-12-01 01:47:22.013,181.644,0.007,-0.759,0.040,0.649,0.426,1.154,0.235
2016-12-01 01:47:22.024,181.644,0.007,-0.759,0.040,0.649,0.426,1.154,0.235
2016-12-01 01:47:22.036,181.665,0.007,-0.759,0.040,0.650,0.426,1.154,0.235
2016-12-01 01:47:22.047,181.687,0.007,-0.759,0.040,0.650,0.426,1.154,0.235
2016-12-01 01:47:22.058,181.687,0.007,-0.759,0.040,0.650,0.426,1.154,0.235
2016-12-01 01:47:22.069,181.708,0.007,-0.759,0.040,0.650,0.426,1.154,0.235
2016-12-01 01:47:22.080,181.708,0.007,-0.759,0.040,0.650,0.425,1.154,0.235
2016-12-01 01:47:22.091,181.729,0.007,-0.759,0.040,0.650,0.425,1.154,0.235
2016-12-01 01:47:22.103,181.729,0.007,-0.759,0.040,0.650,0.425,1.154,0.235
2016-12-01 01:47:22.114,181.751,0.007,-0.759,0.040,0.650,0.425,1.154,0.235
2016-12-01 01:47:22.125,181.751,0.007,-0.759,0.040,0.650,0.425,1.154,0.235
2016-12-01 01:47:22.136,181.772,0.008,-0.758,0.040,0.651,0.425,1.154,0.235
2016-12-01 01:47:22.147,181.793,0.008,-0.758,0.040,0.651,0.425,1.154,0.235
2016-12-01 01:47:22.159,181.793,0.008,-0.758,0.040,0.651,0.425,1.154,0.235
2016-12-01 01:47:22.170,181.815,0.008,-0.758,0.041,0.651,0.425,1.154,0.235
2016-12-01 01:47:22.181,181.815,0.009,-0.758,0.041,0.651,0.425,1.154,0.235
2016-12-01 01:47:22.192,181.815,0.009,-0.758,0.041,0.651,0.425,1.154,0.235
2016-12-01 01:47:22.203,181.836,0.009,-0.757,0.041,0.652,0.425,1.154,0.235
2016-12-01 01:47:22.215,181.836,0.009,-0.757,0.041,0.652,0.425,1.154,0.235
2016-12-01 01:47:22.225,181.857,0.009,-0.757,0.041,0.652,0.425,1.154,0.235
2016-12-01 01:47:22.237,181.879,0.010,-0.757,0.041,0.652,0.425,1.154,0.235
2016-12-01 01:47:22.248,181.879,0.010,-0.757,0.041,0.652,0.425,1.153,0.235
2016-12-01 01:47:22.259,181.900,0.010,-0.757,0.041,0.652,0.425,1.153,0.235
2016-12-01 01:47:22.270,181.900,0.010,-0.757,0.041,0.652,0.425,1.153,0.235
2016-12-01 01:47:22.281,181.921,0.010,-0.757,0.041,0.652,0.425,1.153,0.235
2016-12-01 01:47:22.293,181.921,0.011,-0.756,0.041,0.653,0.425,1.153,0.235
2016-12-01 01:47:22.303,181.943,0.011,-0.756,0.041,0.653,0.425,1.153,0.235
2016-12-01 01:47:22.315,181.943,0.011,-0.756,0.041,0.653,0.425,1.153,0.235
2016-12-01 01:47:22.326,181.964,0.011,-0.756,0.041,0.653,0.425,1.153,0.235
2016-12-01 01:47:22.338,181.964,0.011,-0.756,0.041,0.654,0.424,1.153,0.236
2016-12-01 01:47:22.349,181.985,0.011,-0.755,0.041,0.654,0.425,1.153,0.236
2016-12-01 01:47:22.360,181.985,0.011,-0.755,0.041,0.654,0.425,1.153,0.236
2016-12-01 01:47:22.371,182.007,0.012,-0.755,0.041,0.655,0.425,1.153,0.236
2016-12-01 01:47:22.382,182.007,0.012,-0.755,0.041,0.655,0.425,1.153,0.236
2016-12-01 01:47:22.393,182.028,0.012,-0.754,0.041,0.655,0.425,1.153,0.236
2016-12-01 01:47:22.405,182.028,0.012,-0.754,0.040,0.655,0.425,1.153,0.236
2016-12-01 01:47:22.415,182.049,0.013,-0.754,0.040,0.656,0.425,1.153,0.237
2016-12-01 01:47:22.427,182.071,0.013,-0.753,0.040,0.656,0.425,1.153,0.237
2016-12-01 01:47:22.438,182.071,0.013,-0.753,0.040,0.657,0.425,1.153,0.237
2016-12-01 01:47:22.449,182.092,0.013,-0.753,0.040,0.657,0.425,1.153,0.237
2016-12-01 01:47:22.460,182.092,0.014,-0.752,0.040,0.657,0.425,1.153,0.237
2016-12-01 01:47:22.471,182.113,0.014,-0.752,0.040,0.658,0.425,1.153,0.237
2016-12-01 01:47:22.482,182.113,0.014,-0.752,0.040,0.658,0.425,1.153,0.237
2016-12-01 01:47:22.493,182.135,0.014,-0.751,0.040,0.658,0.425,1.153,0.238
2016-12-01 01:47:22.505,182.135,0.014,-0.751,0.040,0.659,0.425,1.153,0.238
2016-12-01 01:47:22.516,182.156,0.014,-0.751,0.040,0.659,0.425,1.153,0.238
2016-12-01 01:47:22.527,182.156,0.014,-0.751,0.040,0.659,0.425,1.153,0.238
2016-12-01 01:47:22.538,182.177,0.014,-0.750,0.040,0.660,0.425,1.153,0.238
2016-12-01 01:47:22.549,182.177,0.014,-0.750,0.040,0.660,0.425,1.153,0.238
2016-12-01 01:47:22.561,182.199,0.014,-0.750,0.040,0.660,0.425,1.153,0.238
2016-12-01 01:47:22.572,182.199,0.014,-0.750,0.040,0.661,0.425,1.153,0.238
2016-12-01 01:47:22.583,182.220,0.014,-0.749,0.040,0.661,0.425,1.153,0.239
2016-12-01 01:47:22.594,182.220,0.014,-0.749,0.040,0.661,0.425,1.153,0.239
2016-12-01 01:47:22.605,182.241,0.014,-0.749,0.040,0.661,0.425,1.153,0.239
2016-12-01 01:47:22.616,182.263,0.014,-0.748,0.040,0.662,0.425,1.153,0.239
2016-12-01 01:47:22.628,182.263,0.014,-0.748,0.040,0.662,0.425,1.153,0.239
2016-12-01 01:47:22.639,182.284,0.014,-0.748,0.040,0.662,0.425,1.153,0.239
2016-12-01 01:47:22.650,182.284,0.014,-0.748,0.040,0.663,0.425,1.153,0.239
2016-12-01 01:47:22.661,182.305,0.014,-0.748,0.040,0.663,0.425,1.153,0.239
2016-12-01 01:47:22.672,182.305,0.015,-0.747,0.040,0.663,0.425,1.153,0.239
2016-12-01 01:47:22.683,182.305,0.015,-0.747,0.040,0.663,0.424,1.153,0.239
2016-12-01 01:47:22.694,182.327,0.015,-0.747,0.039,0.663,0.424,1.153,0.239
2016-12-01 01:47:22.706,182.348,0.015,-0.747,0.039,0.664,0.424,1.153,0.239
2016-12-01 01:47:22.717,182.348,0.014,-0.747,0.039,0.664,0.425,1.154,0.239
2016-12-01 01:47:22.728,182.369,0.014,-0.747,0.039,0.664,0.425,1.154,0.240
2016-12-01 01:47:22.740,182.369,0.015,-0.746,0.039,0.664,0.425,1.154,0.240
2016-12-01 01:47:22.751,182.391,0.015,-0.746,0.039,0.665,0.425,1.154,0.240
2016-12-01 01:47:22.762,182.391,0.015,-0.746,0.039,0.665,0.425,1.154,0.240
2016-12-01 01:47:22.773,182.412,0.015,-0.746,0.039,0.665,0.425,1.154,0.240
2016-12-01 01:47:22.784,182.412,0.015,-0.745,0.038,0.665,0.425,1.154,0.240
2016-12-01 01:47:22.796,182.433,0.015,-0.745,0.038,0.666,0.425,1.154,0.240
2016-12-01 01:47:22.807,182.455,0.015,-0.745,0.038,0.666,0.425,1.154,0.240
2016-12-01 01:47:22.818,182.455,0.015,-0.745,0.038,0.666,0.425,1.154,0.240
2016-12-01 01:47:22.829,182.455,0.015,-0.745,0.038,0.666,0.424,1.153,0.240
2016-12-01 01:47:22.840,182.476,0.015,-0.745,0.038,0.666,0.424,1.153,0.240
2016-12-01 01:47:22.851,182.476,0.015,-0.745,0.038,0.666,0.424,1.154,0.240
2016-12-01 01:47:22.862,182.497,0.015,-0.744,0.037,0.666,0.424,1.153,0.240
2016-12-01 01:47:22.873,182.497,0.015,-0.744,0.037,0.667,0.424,1.153,0.240
2016-12-01 01:47:22.884,182.519,0.015,-0.744,0.037,0.667,0.424,1.153,0.240
2016-12-01 01:47:22.896,182.540,0.015,-0.744,0.037,0.667,0.424,1.153,0.240
2016-12-01 01:47:22.907,182.540,0.016,-0.744,0.036,0.667,0.424,1.153,0.241
2016-12-01 01:47:22.918,182.561,0.016,-0.744,0.036,0.667,0.424,1.153,0.241
2016-12-01 01:47:22.930,182.561,0.016,-0.744,0.036,0.667,0.424,1.153,0.241
2016-12-01 01:47:22.941,182.583,0.016,-0.744,0.036,0.667,0.424,1.153,0.241
2016-12-01 01:47:22.952,182.583,0.017,-0.743,0.035,0.668,0.424,1.153,0.241
2016-12-01 01:47:22.963,182.604,0.017,-0.743,0.035,0.668,0.424,1.153,0.241
2016-12-01 01:47:22.974,182.604,0.016,-0.743,0.035,0.668,0.424,1.153,0.241
2016-12-01 01:47:22.985,182.625,0.017,-0.743,0.034,0.668,0.424,1.154,0.241
2016-12-01 01:47:22.997,182.625,0.017,-0.743,0.033,0.669,0.424,1.154,0.241
2016-12-01 01:47:23.007,182.647,0.016,-0.742,0.033,0.669,0.424,1.154,0.241
2016-12-01 01:47:23.018,182.647,0.017,-0.742,0.032,0.669,0.424,1.154,0.242
2016-12-01 01:47:23.030,182.668,0.016,-0.742,0.031,0.670,0.424,1.154,0.242
2016-12-01 01:47:23.041,182.668,0.016,-0.741,0.030,0.670,0.424,1.154,0.242
2016-12-01 01:47:23.052,182.689,0.016,-0.741,0.030,0.671,0.424,1.154,0.242
2016-12-01 01:47:23.063,182.689,0.016,-0.741,0.029,0.671,0.424,1.154,0.242
2016-12-01 01:47:23.074,182.711,0.016,-0.740,0.029,0.672,0.424,1.154,0.242
2016-12-01 01:47:23.085,182.711,0.016,-0.740,0.028,0.672,0.424,1.154,0.243
2016-12-01 01:47:23.097,182.732,0.016,-0.739,0.027,0.673,0.424,1.154,0.243
2016-12-01 01:47:23.108,182.753,0.015,-0.739,0.027,0.673,0.424,1.155,0.243
2016-12-01 01:47:23.119,182.753,0.015,-0.739,0.027,0.673,0.424,1.155,0.243
2016-12-01 01:47:23.130,182.775,0.014,-0.738,0.026,0.674,0.424,1.155,0.243
2016-12-01 01:47:23.141,182.775,0.014,-0.738,0.026,0.674,0.425,1.155,0.243
2016-12-01 01:47:23.153,182.796,0.013,-0.738,0.025,0.674,0.425,1.155,0.243
2016-12-01 01:47:23.164,182.796,0.012,-0.738,0.025,0.675,0.425,1.156,0.243
2016-12-01 01:47:23.175,182.796,0.012,-0.738,0.025,0.675,0.425,1.156,0.244
2016-12-01 01:47:23.186,182.817,0.011,-0.738,0.024,0.675,0.425,1.156,0.244
2016-12-01 01:47:23.198,182.839,0.011,-0.738,0.024,0.675,0.425,1.156,0.244
2016-12-01 01:47:23.208,182.839,0.010,-0.738,0.023,0.675,0.425,1.156,0.244
2016-12-01 01:47:23.219,182.860,0.010,-0.738,0.023,0.675,0.425,1.156,0.244
2016-12-01 01:47:23.231,182.860,0.009,-0.738,0.022,0.674,0.425,1.156,0.244
2016-12-01 01:47:23.242,182.881,0.009,-0.738,0.022,0.674,0.425,1.156,0.244
2016-12-01 01:47:23.253,182.881,0.009,-0.739,0.022,0.674,0.425,1.156,0.244
2016-12-01 01:47:23.264,182.903,0.009,-0.739,0.021,0.673,0.425,1.156,0.245
2016-12-01 01:47:23.276,182.903,0.008,-0.740,0.021,0.673,0.425,1.157,0.245
2016-12-01 01:47:23.287,182.924,0.009,-0.740,0.021,0.672,0.425,1.157,0.245
2016-12-01 01:47:23.298,182.945,0.009,-0.741,0.021,0.671,0.426,1.157,0.245
2016-12-01 01:47:23.309,182.945,0.009,-0.742,0.020,0.670,0.426,1.157,0.245
2016-12-01 01:47:23.320,182.945,0.010,-0.742,0.020,0.669,0.426,1.157,0.245
2016-12-01 01:47:23.331,182.967,0.010,-0.743,0.020,0.669,0.426,1.157,0.245
2016-12-01 01:47:23.343,182.967,0.011,-0.744,0.020,0.668,0.426,1.157,0.245
2016-12-01 01:47:23.354,182.988,0.011,-0.745,0.019,0.667,0.426,1.157,0.246
2016-12-01 01:47:23.365,182.988,0.012,-0.746,0.019,0.666,0.426,1.157,0.246
2016-12-01 01:47:23.376,183.009,0.014,-0.747,0.018,0.665,0.426,1.157,0.246
2016-12-01 01:47:23.387,183.031,0.015,-0.748,0.017,0.664,0.426,1.157,0.246
2016-12-01 01:47:23.399,183.031,0.016,-0.748,0.016,0.663,0.426,1.157,0.246
2016-12-01 01:47:23.410,183.052,0.018,-0.749,0.015,0.663,0.426,1.157,0.247
2016-12-01 01:47:23.421,183.052,0.019,-0.749,0.014,0.662,0.426,1.157,0.247
2016-12-01 01:47:23.432,183.073,0.020,-0.749,0.013,0.662,0.426,1.158,0.247
2016-12-01 01:47:23.443,183.073,0.021,-0.750,0.012,0.661,0.426,1.158,0.247
2016-12-01 01:47:23.454,183.095,0.022,-0.750,0.011,0.661,0.426,1.158,0.248
2016-12-01 01:47:23.465,183.095,0.022,-0.751,0.010,0.660,0.426,1.158,0.248
2016-12-01 01:47:23.477,183.116,0.023,-0.751,0.010,0.660,0.426,1.158,0.249
2016-12-01 01:47:23.488,183.116,0.024,-0.752,0.009,0.659,0.426,1.158,0.249
2016-12-01 01:47:23.499,183.137,0.025,-0.752,0.008,0.659,0.426,1.158,0.249
2016-12-01 01:47:23.511,183.137,0.026,-0.752,0.007,0.658,0.426,1.158,0.249
2016-12-01 01:47:23.521,183.159,0.026,-0.753,0.007,0.658,0.426,1.158,0.250
2016-12-01 01:47:23.533,183.159,0.027,-0.753,0.007,0.657,0.426,1.158,0.250
2016-12-01 01:47:23.544,183.180,0.027,-0.754,0.006,0.656,0.426,1.158,0.250
2016-12-01 01:47:23.555,183.180,0.027,-0.755,0.006,0.656,0.426,1.158,0.250
2016-12-01 01:47:23.566,183.201,0.028,-0.755,0.006,0.655,0.426,1.158,0.250
2016-12-01 01:47:23.578,183.223,0.028,-0.756,0.006,0.654,0.426,1.158,0.251
2016-12-01 01:47:23.589,183.223,0.028,-0.757,0.006,0.653,0.426,1.158,0.251
2016-12-01 01:47:23.599,183.244,0.028,-0.758,0.006,0.652,0.426,1.158,0.251
2016-12-01 01:47:23.610,183.244,0.027,-0.758,0.006,0.651,0.426,1.158,0.251
2016-12-01 01:47:23.622,183.265,0.027,-0.759,0.006,0.650,0.426,1.158,0.251
2016-12-01 01:47:23.633,183.265,0.027,-0.760,0.006,0.649,0.426,1.158,0.251
2016-12-01 01:47:23.644,183.265,0.028,-0.761,0.006,0.648,0.426,1.158,0.251
2016-12-01 01:47:23.655,183.287,0.028,-0.763,0.006,0.646,0.426,1.158,0.251
2016-12-01 01:47:23.667,183.308,0.028,-0.764,0.007,0.645,0.426,1.158,0.251
2016-12-01 01:47:23.678,183.308,0.027,-0.765,0.008,0.643,0.426,1.158,0.251
2016-12-01 01:47:23.689,183.329,0.027,-0.766,0.009,0.642,0.426,1.158,0.252
2016-12-01 01:47:23.700,183.329,0.027,-0.768,0.009,0.640,0.426,1.158,0.251
2016-12-01 01:47:23.711,183.351,0.028,-0.769,0.011,0.639,0.426,1.158,0.251
2016-12-01 01:47:23.723,183.351,0.028,-0.770,0.012,0.637,0.426,1.158,0.251
2016-12-01 01:47:23.733,183.372,0.029,-0.772,0.013,0.635,0.426,1.158,0.251
2016-12-01 01:47:23.745,183.372,0.029,-0.773,0.014,0.634,0.426,1.158,0.251
2016-12-01 01:47:23.756,183.393,0.030,-0.774,0.015,0.632,0.426,1.157,0.251
2016-12-01 01:47:23.767,183.415,0.031,-0.776,0.017,0.630,0.425,1.157,0.251
2016-12-01 01:47:23.778,183.415,0.031,-0.777,0.019,0.629,0.425,1.157,0.251
2016-12-01 01:47:23.789,183.436,0.030,-0.778,0.020,0.627,0.425,1.157,0.251
2016-12-01 01:47:23.801,183.436,0.030,-0.779,0.021,0.626,0.425,1.157,0.251
2016-12-01 01:47:23.812,183.436,0.030,-0.780,0.023,0.625,0.425,1.157,0.251
2016-12-01 01:47:23.823,183.457,0.030,-0.780,0.024,0.624,0.425,1.156,0.251
2016-12-01 01:47:23.834,183.457,0.030,-0.781,0.024,0.623,0.425,1.156,0.251
2016-12-01 01:47:23.846,183.479,0.030,-0.782,0.025,0.622,0.425,1.156,0.251
2016-12-01 01:47:23.856,183.500,0.030,-0.782,0.026,0.622,0.424,1.156,0.251
2016-12-01 01:47:23.868,183.500,0.030,-0.782,0.026,0.622,0.424,1.156,0.251
2016-12-01 01:47:23.879,183.521,0.031,-0.782,0.027,0.622,0.424,1.156,0.252
2016-12-01 01:47:23.890,183.521,0.031,-0.782,0.027,0.622,0.424,1.156,0.252
2016-12-01 01:47:23.901,183.543,0.031,-0.782,0.027,0.622,0.424,1.156,0.252
2016-12-01 01:47:23.912,183.543,0.031,-0.782,0.027,0.622,0.424,1.156,0.252
2016-12-01 01:47:23.923,183.564,0.031,-0.782,0.027,0.622,0.424,1.156,0.252
2016-12-01 01:47:23.935,183.564,0.031,-0.781,0.028,0.623,0.423,1.156,0.252
2016-12-01 01:47:23.946,183.585,0.031,-0.781,0.028,0.624,0.423,1.156,0.252
2016-12-01 01:47:23.957,183.607,0.031,-0.780,0.028,0.624,0.423,1.156,0.253
2016-12-01 01:47:23.968,183.607,0.031,-0.780,0.028,0.625,0.423,1.156,0.253
2016-12-01 01:47:23.979,183.607,0.031,-0.779,0.028,0.625,0.422,1.156,0.253
2016-12-01 01:47:23.990,183.628,0.031,-0.779,0.028,0.626,0.422,1.156,0.253
2016-12-01 01:47:24.002,183.628,0.031,-0.778,0.028,0.627,0.422,1.156,0.253
2016-12-01 01:47:24.013,183.649,0.031,-0.777,0.028,0.628,0.422,1.156,0.253
2016-12-01 01:47:24.024,183.649,0.031,-0.777,0.028,0.628,0.422,1.156,0.254
2016-12-01 01:47:24.035,183.671,0.031,-0.776,0.028,0.629,0.421,1.156,0.254
2016-12-01 01:47:24.047,183.692,0.031,-0.776,0.028,0.630,0.421,1.156,0.254
2016-12-01 01:47:24.058,183.692,0.031,-0.775,0.027,0.630,0.421,1.156,0.254
2016-12-01 01:47:24.069,183.713,0.031,-0.775,0.028,0.631,0.421,1.155,0.254
2016-12-01 01:47:24.080,183.713,0.031,-0.774,0.028,0.631,0.421,1.155,0.254
2016-12-01 01:47:24.091,183.735,0.031,-0.774,0.028,0.632,0.421,1.155,0.255
2016-12-01 01:47:24.102,183.735,0.031,-0.774,0.028,0.632,0.421,1.155,0.255
2016-12-01 01:47:24.113,183.756,0.031,-0.773,0.029,0.633,0.420,1.155,0.255
2016-12-01 01:47:24.125,183.756,0.031,-0.773,0.029,0.633,0.420,1.155,0.255
2016-12-01 01:47:24.135,183.756,0.030,-0.773,0.029,0.633,0.420,1.155,0.255
2016-12-01 01:47:24.147,183.777,0.030,-0.773,0.029,0.634,0.420,1.155,0.255
2016-12-01 01:47:24.158,183.799,0.030,-0.772,0.029,0.634,0.420,1.155,0.255
2016-12-01 01:47:24.169,183.799,0.030,-0.772,0.028,0.634,0.419,1.155,0.255
2016-12-01 01:47:24.180,183.820,0.030,-0.772,0.028,0.635,0.419,1.155,0.255
2016-12-01 01:47:24.192,183.820,0.029,-0.771,0.028,0.635,0.419,1.155,0.255
2016-12-01 01:47:24.203,183.841,0.029,-0.771,0.027,0.636,0.419,1.155,0.255
2016-12-01 01:47:24.213,183.841,0.029,-0.771,0.027,0.636,0.419,1.155,0.256
2016-12-01 01:47:24.225,183.863,0.028,-0.770,0.026,0.637,0.419,1.155,0.256
2016-12-01 01:47:24.236,183.863,0.028,-0.770,0.026,0.637,0.418,1.155,0.256
2016-12-01 01:47:24.247,183.884,0.028,-0.769,0.025,0.638,0.418,1.155,0.256
2016-12-01 01:47:24.259,183.905,0.028,-0.768,0.025,0.639,0.418,1.155,0.256
2016-12-01 01:47:24.270,183.905,0.028,-0.768,0.025,0.640,0.418,1.155,0.256
2016-12-01 01:47:24.281,183.927,0.029,-0.767,0.024,0.641,0.418,1.155,0.257
2016-12-01 01:47:24.292,183.927,0.029,-0.766,0.024,0.641,0.418,1.155,0.257
2016-12-01 01:47:24.303,183.927,0.029,-0.766,0.023,0.642,0.418,1.155,0.257
2016-12-01 01:47:24.314,183.948,0.029,-0.765,0.023,0.643,0.418,1.155,0.257
2016-12-01 01:47:24.325,183.948,0.028,-0.765,0.022,0.643,0.418,1.155,0.257
2016-12-01 01:47:24.336,183.969,0.028,-0.764,0.022,0.644,0.418,1.155,0.257
2016-12-01 01:47:24.348,183.991,0.028,-0.764,0.022,0.645,0.418,1.155,0.258
2016-12-01 01:47:24.359,183.991,0.028,-0.763,0.021,0.645,0.418,1.155,0.258
2016-12-01 01:47:24.370,184.012,0.028,-0.763,0.021,0.646,0.418,1.155,0.258
2016-12-01 01:47:24.381,184.012,0.028,-0.762,0.021,0.646,0.418,1.155,0.258
2016-12-01 01:47:24.392,184.033,0.028,-0.762,0.021,0.647,0.419,1.155,0.258
2016-12-01 01:47:24.404,184.033,0.028,-0.761,0.021,0.647,0.419,1.155,0.258
2016-12-01 01:47:24.415,184.055,0.028,-0.761,0.021,0.648,0.419,1.155,0.258
2016-12-01 01:47:24.427,184.076,0.028,-0.761,0.021,0.648,0.419,1.155,0.258
2016-12-01 01:47:24.437,184.076,0.028,-0.760,0.021,0.648,0.419,1.155,0.258
2016-12-01 01:47:24.448,184.076,0.028,-0.760,0.021,0.649,0.419,1.155,0.258
2016-12-01 01:47:24.460,184.097,0.028,-0.760,0.021,0.649,0.419,1.155,0.258
2016-12-01 01:47:24.471,184.097,0.028,-0.759,0.021,0.650,0.419,1.155,0.258
2016-12-01 01:47:24.482,184.119,0.029,-0.759,0.021,0.650,0.419,1.155,0.258
2016-12-01 01:47:24.494,184.119,0.029,-0.759,0.021,0.651,0.419,1.155,0.259
2016-12-01 01:47:24.504,184.140,0.029,-0.758,0.021,0.651,0.419,1.155,0.259
2016-12-01 01:47:24.515,184.140,0.029,-0.758,0.021,0.652,0.419,1.155,0.259
2016-12-01 01:47:24.526,184.161,0.029,-0.757,0.021,0.652,0.419,1.155,0.259
2016-12-01 01:47:24.538,184.183,0.029,-0.757,0.021,0.653,0.420,1.155,0.259
2016-12-01 01:47:24.549,184.183,0.029,-0.756,0.021,0.653,0.420,1.155,0.259
2016-12-01 01:47:24.560,184.204,0.029,-0.756,0.020,0.654,0.420,1.155,0.259
2016-12-01 01:47:24.571,184.204,0.029,-0.756,0.020,0.654,0.420,1.155,0.259
2016-12-01 01:47:24.582,184.225,0.029,-0.755,0.020,0.655,0.420,1.155,0.259
2016-12-01 01:47:24.594,184.225,0.029,-0.755,0.020,0.655,0.420,1.155,0.259
2016-12-01 01:47:24.605,184.247,0.029,-0.754,0.019,0.656,0.420,1.155,0.259
2016-12-01 01:47:24.616,184.247,0.029,-0.754,0.019,0.656,0.421,1.155,0.259
2016-12-01 01:47:24.627,184.268,0.029,-0.754,0.019,0.657,0.421,1.155,0.259
2016-12-01 01:47:24.639,184.268,0.029,-0.753,0.018,0.657,0.421,1.155,0.259
2016-12-01 01:47:24.650,184.289,0.029,-0.753,0.018,0.658,0.421,1.155,0.259
2016-12-01 01:47:24.661,184.289,0.029,-0.752,0.018,0.658,0.421,1.155,0.259
2016-12-01 01:47:24.672,184.311,0.030,-0.752,0.017,0.659,0.421,1.155,0.258
2016-12-01 01:47:24.683,184.311,0.030,-0.751,0.017,0.659,0.421,1.155,0.259
2016-12-01 01:47:24.694,184.332,0.030,-0.751,0.016,0.660,0.421,1.155,0.259
2016-12-01 01:47:24.706,184.332,0.030,-0.750,0.016,0.660,0.421,1.155,0.259
2016-12-01 01:47:24.716,184.353,0.030,-0.750,0.015,0.661,0.422,1.155,0.259
2016-12-01 01:47:24.728,184.375,0.030,-0.749,0.015,0.662,0.422,1.155,0.259
2016-12-01 01:47:24.739,184.375,0.030,-0.749,0.015,0.662,0.422,1.155,0.259
2016-12-01 01:47:24.750,184.396,0.030,-0.748,0.014,0.663,0.422,1.155,0.259
2016-12-01 01:47:24.761,184.396,0.030,-0.747,0.014,0.664,0.422,1.155,0.258
2016-12-01 01:47:24.772,184.417,0.030,-0.747,0.014,0.664,0.422,1.155,0.258
2016-12-01 01:47:24.783,184.417,0.030,-0.746,0.013,0.665,0.422,1.155,0.258
2016-12-01 01:47:24.795,184.417,0.030,-0.745,0.013,0.666,0.422,1.155,0.258
2016-12-01 01:47:24.806,184.439,0.030,-0.745,0.013,0.667,0.423,1.155,0.258
2016-12-01 01:47:24.817,184.460,0.030,-0.744,0.013,0.667,0.423,1.155,0.258
2016-12-01 01:47:24.828,184.460,0.030,-0.744,0.013,0.668,0.423,1.155,0.258
2016-12-01 01:47:24.839,184.481,0.029,-0.743,0.013,0.669,0.423,1.155,0.258
2016-12-01 01:47:24.850,184.481,0.029,-0.742,0.013,0.669,0.423,1.155,0.258
2016-12-01 01:47:24.862,184.503,0.029,-0.742,0.013,0.670,0.423,1.155,0.257
2016-12-01 01:47:24.873,184.503,0.028,-0.741,0.013,0.671,0.423,1.155,0.257
2016-12-01 01:47:24.884,184.524,0.028,-0.740,0.013,0.672,0.423,1.155,0.257
2016-12-01 01:47:24.896,184.524,0.028,-0.740,0.013,0.672,0.423,1.155,0.257
2016-12-01 01:47:24.906,184.545,0.027,-0.739,0.013,0.673,0.423,1.155,0.257
2016-12-01 01:47:24.917,184.567,0.027,-0.738,0.013,0.674,0.423,1.155,0.257
2016-12-01 01:47:24.929,184.567,0.027,-0.738,0.013,0.675,0.423,1.155,0.257
2016-12-01 01:47:24.940,184.567,0.027,-0.737,0.013,0.675,0.423,1.155,0.256
2016-12-01 01:47:24.951,184.588,0.027,-0.736,0.013,0.676,0.423,1.155,0.256
2016-12-01 01:47:24.962,184.588,0.027,-0.735,0.013,0.677,0.423,1.155,0.256
2016-12-01 01:47:24.973,184.609,0.027,-0.734,0.013,0.678,0.423,1.155,0.256
2016-12-01 01:47:24.985,184.609,0.026,-0.733,0.014,0.679,0.423,1.155,0.256
2016-12-01 01:47:24.996,184.631,0.026,-0.733,0.014,0.680,0.423,1.155,0.256
2016-12-01 01:47:25.007,184.652,0.026,-0.732,0.014,0.681,0.423,1.155,0.256
2016-12-01 01:47:25.018,184.652,0.026,-0.731,0.014,0.682,0.423,1.155,0.255
2016-12-01 01:47:25.029,184.673,0.026,-0.730,0.014,0.683,0.423,1.155,0.255
2016-12-01 01:47:25.040,184.673,0.026,-0.729,0.014,0.684,0.423,1.155,0.255
2016-12-01 01:47:25.052,184.695,0.026,-0.728,0.014,0.685,0.423,1.155,0.255
2016-12-01 01:47:25.063,184.695,0.026,-0.728,0.014,0.685,0.423,1.155,0.255
2016-12-01 01:47:25.074,184.716,0.026,-0.727,0.014,0.686,0.423,1.155,0.255
2016-12-01 01:47:25.085,184.716,0.026,-0.726,0.013,0.687,0.424,1.155,0.255
2016-12-01 01:47:25.096,184.737,0.025,-0.725,0.013,0.688,0.424,1.155,0.255
2016-12-01 01:47:25.108,184.737,0.025,-0.725,0.013,0.688,0.423,1.155,0.255
2016-12-01 01:47:25.118,184.759,0.025,-0.724,0.013,0.689,0.424,1.155,0.255
2016-12-01 01:47:25.130,184.759,0.026,-0.723,0.013,0.690,0.424,1.155,0.254
2016-12-01 01:47:25.141,184.780,0.026,-0.723,0.012,0.691,0.423,1.155,0.254
2016-12-01 01:47:25.152,184.780,0.025,-0.722,0.012,0.691,0.424,1.155,0.254
2016-12-01 01:47:25.164,184.801,0.025,-0.722,0.012,0.692,0.424,1.156,0.254
2016-12-01 01:47:25.175,184.801,0.025,-0.721,0.012,0.692,0.424,1.156,0.254
2016-12-01 01:47:25.186,184.823,0.024,-0.721,0.011,0.692,0.424,1.156,0.254
2016-12-01 01:47:25.197,184.844,0.024,-0.721,0.011,0.693,0.424,1.156,0.254
2016-12-01 01:47:25.208,184.844,0.024,-0.721,0.011,0.693,0.424,1.156,0.254
2016-12-01 01:47:25.219,184.865,0.024,-0.720,0.010,0.693,0.424,1.156,0.254
2016-12-01 01:47:25.231,184.865,0.023,-0.720,0.010,0.693,0.424,1.156,0.253
2016-12-01 01:47:25.241,184.887,0.023,-0.720,0.009,0.694,0.424,1.156,0.253
2016-12-01 01:47:25.253,184.887,0.023,-0.720,0.009,0.694,0.424,1.156,0.253
2016-12-01 01:47:25.264,184.887,0.022,-0.720,0.009,0.694,0.424,1.156,0.253
2016-12-01 01:47:25.275,184.908,0.022,-0.720,0.008,0.694,0.425,1.156,0.253
2016-12-01 01:47:25.286,184.929,0.021,-0.720,0.008,0.694,0.425,1.156,0.253
2016-12-01 01:47:25.297,184.929,0.021,-0.720,0.008,0.694,0.425,1.156,0.252
2016-12-01 01:47:25.308,184.951,0.021,-0.720,0.008,0.693,0.425,1.156,0.252
2016-12-01 01:47:25.319,184.951,0.020,-0.720,0.007,0.693,0.425,1.156,0.252
2016-12-01 01:47:25.330,184.972,0.020,-0.721,0.007,0.693,0.425,1.157,0.252
2016-12-01 01:47:25.342,184.972,0.020,-0.721,0.007,0.693,0.425,1.157,0.252
2016-12-01 01:47:25.353,184.993,0.019,-0.721,0.006,0.692,0.425,1.157,0.251
2016-12-01 01:47:25.365,184.993,0.019,-0.722,0.006,0.692,0.425,1.157,0.251
2016-12-01 01:47:25.376,185.015,0.018,-0.722,0.005,0.691,0.425,1.157,0.251
2016-12-01 01:47:25.387,185.036,0.018,-0.723,0.005,0.691,0.425,1.157,0.251
2016-12-01 01:47:25.398,185.036,0.018,-0.723,0.004,0.690,0.425,1.157,0.250
2016-12-01 01:47:25.409,185.057,0.017,-0.724,0.004,0.690,0.425,1.157,0.250
2016-12-01 01:47:25.421,185.057,0.017,-0.724,0.003,0.689,0.425,1.157,0.250
2016-12-01 01:47:25.431,185.057,0.017,-0.725,0.003,0.689,0.425,1.157,0.250
2016-12-01 01:47:25.442,185.079,0.017,-0.726,0.002,0.688,0.425,1.158,0.249
2016-12-01 01:47:25.454,185.079,0.016,-0.726,0.001,0.687,0.425,1.158,0.249
2016-12-01 01:47:25.465,185.100,0.016,-0.727,0.001,0.687,0.425,1.158,0.249
2016-12-01 01:47:25.476,185.121,0.015,-0.728,0.000,0.686,0.425,1.158,0.248
2016-12-01 01:47:25.487,185.121,0.015,-0.728,0.000,0.685,0.425,1.158,0.248
2016-12-01 01:47:25.498,185.143,0.015,-0.729,-0.001,0.684,0.425,1.158,0.248
2016-12-01 01:47:25.509,185.143,0.014,-0.730,-0.001,0.683,0.425,1.158,0.247
2016-12-01 01:47:25.520,185.164,0.014,-0.731,-0.002,0.683,0.425,1.158,0.247
2016-12-01 01:47:25.532,185.164,0.014,-0.731,-0.003,0.682,0.425,1.158,0.247
2016-12-01 01:47:25.544,185.185,0.013,-0.732,-0.003,0.681,0.425,1.158,0.247
2016-12-01 01:47:25.555,185.185,0.013,-0.733,-0.004,0.680,0.425,1.158,0.246
2016-12-01 01:47:25.565,185.207,0.013,-0.734,-0.005,0.679,0.426,1.158,0.246
2016-12-01 01:47:25.577,185.228,0.012,-0.734,-0.005,0.679,0.425,1.159,0.246
2016-12-01 01:47:25.588,185.228,0.012,-0.735,-0.005,0.678,0.425,1.159,0.246
2016-12-01 01:47:25.599,185.228,0.012,-0.736,-0.006,0.677,0.426,1.159,0.246
2016-12-01 01:47:25.610,185.249,0.012,-0.736,-0.006,0.677,0.426,1.159,0.246
2016-12-01 01:47:25.621,185.249,0.012,-0.737,-0.006,0.676,0.426,1.159,0.245
2016-12-01 01:47:25.632,185.271,0.011,-0.737,-0.006,0.675,0.426,1.159,0.245
2016-12-01 01:47:25.644,185.271,0.011,-0.738,-0.007,0.675,0.426,1.159,0.245
2016-12-01 01:47:25.654,185.292,0.011,-0.738,-0.007,0.674,0.426,1.159,0.245
2016-12-01 01:47:25.666,185.313,0.011,-0.739,-0.007,0.674,0.426,1.159,0.245
2016-12-01 01:47:25.677,185.313,0.011,-0.739,-0.007,0.673,0.426,1.159,0.245
2016-12-01 01:47:25.688,185.335,0.011,-0.740,-0.007,0.673,0.426,1.159,0.245
2016-12-01 01:47:25.700,185.335,0.011,-0.740,-0.007,0.672,0.426,1.159,0.245
2016-12-01 01:47:25.710,185.356,0.010,-0.740,-0.007,0.672,0.426,1.159,0.245
2016-12-01 01:47:25.722,185.356,0.010,-0.741,-0.006,0.671,0.426,1.159,0.244
2016-12-01 01:47:25.733,185.377,0.010,-0.741,-0.006,0.671,0.426,1.159,0.244
2016-12-01 01:47:25.744,185.377,0.010,-0.742,-0.006,0.671,0.426,1.159,0.244
2016-12-01 01:47:25.755,185.377,0.011,-0.742,-0.005,0.670,0.426,1.159,0.244
2016-12-01 01:47:25.766,185.399,0.011,-0.742,-0.005,0.670,0.426,1.159,0.244
2016-12-01 01:47:25.778,185.420,0.011,-0.743,-0.005,0.670,0.426,1.159,0.244
2016-12-01 01:47:25.789,185.420,0.011,-0.743,-0.004,0.669,0.426,1.159,0.244
2016-12-01 01:47:25.800,185.441,0.011,-0.743,-0.004,0.669,0.426,1.159,0.244
2016-12-01 01:47:25.811,185.441,0.011,-0.744,-0.004,0.668,0.426,1.159,0.244
2016-12-01 01:47:25.822,185.463,0.012,-0.744,-0.004,0.668,0.426,1.159,0.244
2016-12-01 01:47:25.834,185.463,0.012,-0.745,-0.003,0.667,0.426,1.159,0.244
2016-12-01 01:47:25.845,185.484,0.012,-0.745,-0.003,0.667,0.426,1.159,0.244
2016-12-01 01:47:25.856,185.484,0.012,-0.746,-0.003,0.666,0.426,1.159,0.244
2016-12-01 01:47:25.867,185.505,0.011,-0.747,-0.003,0.665,0.426,1.158,0.244
2016-12-01 01:47:25.878,185.527,0.011,-0.747,-0.003,0.664,0.426,1.158,0.244
2016-12-01 01:47:25.889,185.527,0.011,-0.748,-0.003,0.663,0.426,1.158,0.244
2016-12-01 01:47:25.900,185.548,0.011,-0.749,-0.003,0.663,0.426,1.158,0.244
2016-12-01 01:47:25.911,185.548,0.012,-0.750,-0.003,0.662,0.426,1.158,0.244
2016-12-01 01:47:25.923,185.548,0.012,-0.750,-0.002,0.661,0.426,1.158,0.244
2016-12-01 01:47:25.934,185.569,0.012,-0.751,-0.002,0.660,0.426,1.158,0.244
2016-12-01 01:47:25.946,185.569,0.012,-0.752,-0.002,0.659,0.427,1.158,0.244
2016-12-01 01:47:25.956,185.591,0.012,-0.753,-0.002,0.658,0.427,1.158,0.244
2016-12-01 01:47:25.968,185.612,0.012,-0.754,-0.002,0.657,0.427,1.158,0.245
2016-12-01 01:47:25.979,185.612,0.012,-0.755,-0.002,0.656,0.427,1.158,0.245
2016-12-01 01:47:25.990,185.633,0.012,-0.755,-0.003,0.655,0.427,1.158,0.245
2016-12-01 01:47:26.001,185.633,0.012,-0.756,-0.003,0.654,0.427,1.158,0.245
2016-12-01 01:47:26.012,185.655,0.012,-0.757,-0.003,0.653,0.427,1.159,0.245
2016-12-01 01:47:26.024,185.655,0.012,-0.758,-0.003,0.652,0.427,1.159,0.245
2016-12-01 01:47:26.034,185.676,0.012,-0.759,-0.003,0.651,0.427,1.159,0.245
2016-12-01 01:47:26.046,185.676,0.012,-0.760,-0.003,0.650,0.428,1.159,0.245
2016-12-01 01:47:26.057,185.697,0.012,-0.761,-0.003,0.649,0.428,1.159,0.245
2016-12-01 01:47:26.068,185.697,0.012,-0.761,-0.003,0.648,0.428,1.159,0.245
2016-12-01 01:47:26.079,185.719,0.012,-0.762,-0.003,0.647,0.428,1.159,0.245
2016-12-01 01:47:26.090,185.719,0.012,-0.763,-0.003,0.646,0.428,1.159,0.245
2016-12-01 01:47:26.102,185.740,0.012,-0.764,-0.003,0.645,0.428,1.159,0.246
2016-12-01 01:47:26.113,185.740,0.012,-0.765,-0.004,0.644,0.428,1.159,0.246
2016-12-01 01:47:26.124,185.761,0.012,-0.766,-0.004,0.643,0.428,1.159,0.246
2016-12-01 01:47:26.135,185.761,0.012,-0.766,-0.004,0.642,0.428,1.159,0.246
2016-12-01 01:47:26.146,185.783,0.012,-0.767,-0.004,0.641,0.428,1.159,0.246
2016-12-01 01:47:26.157,185.804,0.012,-0.768,-0.004,0.640,0.428,1.159,0.246
2016-12-01 01:47:26.169,185.804,0.012,-0.769,-0.004,0.639,0.428,1.159,0.246
2016-12-01 01:47:26.180,185.804,0.012,-0.770,-0.004,0.638,0.428,1.159,0.246
2016-12-01 01:47:26.191,185.804,0.012,-0.771,-0.003,0.637,0.428,1.159,0.246
2016-12-01 01:47:26.202,185.825,0.012,-0.772,-0.003,0.636,0.428,1.159,0.246
2016-12-01 01:47:26.214,185.825,0.013,-0.773,-0.003,0.635,0.428,1.159,0.246
2016-12-01 01:47:26.224,185.847,0.013,-0.774,-0.003,0.634,0.428,1.159,0.246
2016-12-01 01:47:26.235,185.847,0.013,-0.775,-0.003,0.632,0.428,1.159,0.246
2016-12-01 01:47:26.247,185.868,0.013,-0.776,-0.003,0.631,0.428,1.159,0.246
2016-12-01 01:47:26.258,185.868,0.013,-0.777,-0.003,0.630,0.428,1.159,0.246
2016-12-01 01:47:26.269,185.889,0.013,-0.778,-0.003,0.628,0.428,1.159,0.246
2016-12-01 01:47:26.280,185.889,0.013,-0.779,-0.003,0.627,0.428,1.159,0.246
2016-12-01 01:47:26.292,185.911,0.013,-0.780,-0.003,0.626,0.428,1.159,0.246
2016-12-01 01:47:26.303,185.911,0.013,-0.781,-0.003,0.624,0.428,1.159,0.246
2016-12-01 01:47:26.314,185.932,0.013,-0.782,-0.003,0.623,0.428,1.159,0.246
2016-12-01 01:47:26.325,185.932,0.013,-0.783,-0.003,0.622,0.428,1.159,0.246
2016-12-01 01:47:26.336,185.953,0.013,-0.784,-0.003,0.620,0.428,1.159,0.246
2016-12-01 01:47:26.348,185.975,0.013,-0.785,-0.003,0.619,0.428,1.159,0.246
2016-12-01 01:47:26.359,185.975,0.013,-0.786,-0.003,0.618,0.428,1.159,0.246
2016-12-01 01:47:26.370,185.996,0.013,-0.787,-0.003,0.617,0.428,1.159,0.247
2016-12-01 01:47:26.381,185.996,0.014,-0.788,-0.003,0.616,0.428,1.159,0.247
2016-12-01 01:47:26.392,186.017,0.014,-0.789,-0.003,0.615,0.428,1.159,0.247
2016-12-01 01:47:26.403,186.017,0.014,-0.789,-0.004,0.614,0.428,1.159,0.247
2016-12-01 01:47:26.414,186.017,0.014,-0.790,-0.003,0.613,0.428,1.159,0.247
2016-12-01 01:47:26.425,186.039,0.014,-0.791,-0.004,0.612,0.428,1.159,0.247
2016-12-01 01:47:26.437,186.060,0.014,-0.792,-0.003,0.611,0.428,1.159,0.247
2016-12-01 01:47:26.448,186.060,0.014,-0.792,-0.004,0.610,0.428,1.159,0.247
2016-12-01 01:47:26.459,186.081,0.015,-0.793,-0.003,0.609,0.428,1.159,0.247
2016-12-01 01:47:26.470,186.081,0.015,-0.793,-0.003,0.608,0.428,1.159,0.247
2016-12-01 01:47:26.481,186.103,0.015,-0.794,-0.003,0.608,0.428,1.159,0.247
2016-12-01 01:47:26.493,186.103,0.015,-0.795,-0.003,0.607,0.428,1.159,0.247
2016-12-01 01:47:26.504,186.124,0.016,-0.796,-0.004,0.606,0.427,1.159,0.248
2016-12-01 01:47:26.516,186.124,0.016,-0.796,-0.004,0.605,0.427,1.159,0.248
2016-12-01 01:47:26.526,186.145,0.016,-0.797,-0.004,0.604,0.427,1.159,0.248
2016-12-01 01:47:26.537,186.167,0.016,-0.798,-0.004,0.603,0.427,1.159,0.248
2016-12-01 01:47:26.548,186.167,0.016,-0.799,-0.004,0.602,0.427,1.159,0.248
2016-12-01 01:47:26.559,186.167,0.016,-0.799,-0.004,0.601,0.427,1.159,0.248
2016-12-01 01:47:26.571,186.188,0.016,-0.800,-0.004,0.600,0.427,1.159,0.248
2016-12-01 01:47:26.582,186.188,0.016,-0.801,-0.004,0.599,0.427,1.158,0.248
2016-12-01 01:47:26.593,186.209,0.016,-0.801,-0.004,0.598,0.427,1.158,0.248
2016-12-01 01:47:26.604,186.209,0.017,-0.802,-0.004,0.597,0.427,1.158,0.248
2016-12-01 01:47:26.615,186.231,0.017,-0.803,-0.004,0.596,0.427,1.158,0.248
2016-12-01 01:47:26.627,186.252,0.017,-0.803,-0.003,0.595,0.427,1.158,0.248
2016-12-01 01:47:26.637,186.252,0.017,-0.804,-0.003,0.595,0.427,1.158,0.248
2016-12-01 01:47:26.649,186.273,0.017,-0.804,-0.003,0.594,0.427,1.158,0.249
2016-12-01 01:47:26.660,186.273,0.017,-0.805,-0.003,0.593,0.427,1.158,0.249
2016-12-01 01:47:26.672,186.295,0.017,-0.806,-0.004,0.592,0.427,1.158,0.249
2016-12-01 01:47:26.683,186.295,0.017,-0.806,-0.004,0.592,0.427,1.159,0.249
2016-12-01 01:47:26.694,186.316,0.017,-0.807,-0.004,0.591,0.427,1.159,0.249
2016-12-01 01:47:26.705,186.316,0.017,-0.807,-0.003,0.590,0.427,1.159,0.249
2016-12-01 01:47:26.716,186.337,0.017,-0.808,-0.003,0.589,0.427,1.159,0.249
2016-12-01 01:47:26.727,186.337,0.017,-0.808,-0.003,0.588,0.427,1.159,0.249
2016-12-01 01:47:26.738,186.359,0.017,-0.809,-0.003,0.588,0.427,1.159,0.249
2016-12-01 01:47:26.750,186.359,0.017,-0.809,-0.003,0.587,0.427,1.159,0.249
2016-12-01 01:47:26.760,186.380,0.017,-0.810,-0.003,0.586,0.427,1.158,0.249
2016-12-01 01:47:26.772,186.380,0.018,-0.810,-0.003,0.586,0.427,1.158,0.249
2016-12-01 01:47:26.783,186.401,0.018,-0.811,-0.003,0.585,0.426,1.158,0.249
2016-12-01 01:47:26.794,186.401,0.018,-0.811,-0.003,0.584,0.427,1.158,0.249
2016-12-01 01:47:26.805,186.423,0.018,-0.812,-0.003,0.584,0.426,1.158,0.249
2016-12-01 01:47:26.817,186.444,0.018,-0.812,-0.003,0.583,0.427,1.158,0.250
2016-12-01 01:47:26.828,186.444,0.018,-0.813,-0.003,0.582,0.427,1.158,0.250
2016-12-01 01:47:26.839,186.465,0.018,-0.813,-0.003,0.582,0.426,1.158,0.250
2016-12-01 01:47:26.850,186.465,0.018,-0.814,-0.003,0.581,0.426,1.158,0.250
2016-12-01 01:47:26.861,186.487,0.019,-0.814,-0.003,0.581,0.426,1.158,0.250
2016-12-01 01:47:26.873,186.487,0.019,-0.814,-0.003,0.580,0.426,1.158,0.250
2016-12-01 01:47:26.884,186.487,0.019,-0.815,-0.003,0.579,0.426,1.158,0.250
2016-12-01 01:47:26.895,186.508,0.019,-0.815,-0.003,0.579,0.426,1.158,0.250
2016-12-01 01:47:26.906,186.508,0.019,-0.816,-0.003,0.578,0.426,1.158,0.250
2016-12-01 01:47:26.917,186.529,0.019,-0.816,-0.003,0.578,0.426,1.158,0.250
2016-12-01 01:47:26.929,186.551,0.019,-0.816,-0.003,0.577,0.426,1.158,0.250
2016-12-01 01:47:26.939,186.551,0.019,-0.817,-0.003,0.577,0.426,1.158,0.250
2016-12-01 01:47:26.950,186.572,0.019,-0.817,-0.003,0.576,0.426,1.158,0.250
2016-12-01 01:47:26.962,186.572,0.019,-0.818,-0.003,0.575,0.426,1.158,0.250
2016-12-01 01:47:26.973,186.593,0.019,-0.818,-0.003,0.575,0.426,1.158,0.250
2016-12-01 01:47:26.984,186.593,0.019,-0.818,-0.003,0.574,0.426,1.158,0.250
2016-12-01 01:47:26.995,186.615,0.019,-0.819,-0.003,0.574,0.426,1.158,0.250
2016-12-01 01:47:27.006,186.636,0.019,-0.819,-0.003,0.573,0.427,1.158,0.250
2016-12-01 01:47:27.018,186.636,0.019,-0.819,-0.003,0.573,0.427,1.158,0.250
2016-12-01 01:47:27.029,186.657,0.019,-0.820,-0.003,0.573,0.427,1.158,0.250
2016-12-01 01:47:27.040,186.657,0.019,-0.820,-0.002,0.572,0.427,1.158,0.250
2016-12-01 01:47:27.051,186.657,0.020,-0.820,-0.002,0.572,0.427,1.158,0.250
2016-12-01 01:47:27.062,186.679,0.020,-0.820,-0.002,0.572,0.427,1.158,0.250
2016-12-01 01:47:27.074,186.679,0.020,-0.820,-0.002,0.572,0.426,1.158,0.250
2016-12-01 01:47:27.085,186.700,0.020,-0.820,-0.002,0.572,0.427,1.158,0.250
2016-12-01 01:47:27.096,186.721,0.019,-0.820,-0.002,0.571,0.427,1.158,0.250
2016-12-01 01:47:27.107,186.721,0.020,-0.820,-0.002,0.571,0.427,1.158,0.250
2016-12-01 01:47:27.118,186.743,0.020,-0.820,-0.001,0.571,0.427,1.158,0.250
2016-12-01 01:47:27.129,186.743,0.020,-0.820,-0.001,0.571,0.427,1.158,0.250
2016-12-01 01:47:27.140,186.764,0.020,-0.820,-0.001,0.572,0.427,1.158,0.250
2016-12-01 01:47:27.152,186.764,0.020,-0.820,-0.001,0.572,0.426,1.158,0.250
2016-12-01 01:47:27.162,186.785,0.020,-0.820,-0.001,0.572,0.427,1.158,0.250
2016-12-01 01:47:27.174,186.785,0.020,-0.820,-0.001,0.572,0.427,1.158,0.250
2016-12-01 01:47:27.185,186.807,0.020,-0.820,-0.001,0.572,0.427,1.158,0.250
2016-12-01 01:47:27.196,186.828,0.020,-0.820,-0.001,0.573,0.427,1.158,0.250
2016-12-01 01:47:27.207,186.828,0.020,-0.819,0.000,0.573,0.427,1.158,0.250
2016-12-01 01:47:27.218,186.828,0.021,-0.819,0.000,0.573,0.427,1.158,0.250
2016-12-01 01:47:27.229,186.849,0.021,-0.819,0.000,0.574,0.427,1.158,0.250
2016-12-01 01:47:27.241,186.849,0.021,-0.818,0.000,0.574,0.427,1.158,0.250
2016-12-01 01:47:27.252,186.871,0.021,-0.818,0.000,0.575,0.426,1.158,0.250
2016-12-01 01:47:27.264,186.871,0.021,-0.818,0.000,0.575,0.427,1.158,0.250
2016-12-01 01:47:27.274,186.892,0.022,-0.817,0.001,0.576,0.426,1.158,0.250
2016-12-01 01:47:27.286,186.892,0.022,-0.817,0.001,0.577,0.426,1.158,0.250
2016-12-01 01:47:27.297,186.913,0.022,-0.816,0.001,0.577,0.426,1.157,0.250
2016-12-01 01:47:27.308,186.935,0.022,-0.816,0.001,0.578,0.426,1.157,0.250
2016-12-01 01:47:27.319,186.935,0.022,-0.815,0.002,0.579,0.426,1.157,0.250
2016-12-01 01:47:27.330,186.956,0.022,-0.814,0.002,0.580,0.426,1.157,0.250
2016-12-01 01:47:27.341,186.956,0.022,-0.814,0.002,0.581,0.426,1.157,0.250
2016-12-01 01:47:27.352,186.977,0.022,-0.813,0.002,0.582,0.426,1.157,0.250
2016-12-01 01:47:27.364,186.977,0.023,-0.812,0.003,0.583,0.426,1.157,0.250
2016-12-01 01:47:27.375,186.977,0.023,-0.812,0.003,0.584,0.426,1.157,0.251
2016-12-01 01:47:27.386,186.999,0.023,-0.811,0.003,0.584,0.426,1.157,0.251
2016-12-01 01:47:27.397,187.020,0.023,-0.810,0.004,0.585,0.426,1.157,0.251
2016-12-01 01:47:27.408,187.020,0.023,-0.810,0.004,0.586,0.426,1.157,0.251
2016-12-01 01:47:27.420,187.041,0.023,-0.809,0.004,0.587,0.426,1.157,0.251
2016-12-01 01:47:27.432,187.041,0.023,-0.809,0.004,0.588,0.426,1.157,0.251
2016-12-01 01:47:27.442,187.063,0.023,-0.808,0.004,0.589,0.426,1.157,0.251
2016-12-01 01:47:27.454,187.063,0.023,-0.807,0.004,0.589,0.426,1.157,0.251
2016-12-01 01:47:27.465,187.084,0.023,-0.807,0.004,0.590,0.426,1.157,0.251
2016-12-01 01:47:27.476,187.084,0.023,-0.806,0.004,0.591,0.426,1.157,0.251
2016-12-01 01:47:27.487,187.105,0.023,-0.806,0.004,0.592,0.426,1.157,0.251
2016-12-01 01:47:27.498,187.127,0.023,-0.805,0.004,0.592,0.426,1.157,0.251
2016-12-01 01:47:27.509,187.127,0.023,-0.805,0.004,0.593,0.426,1.157,0.252
2016-12-01 01:47:27.520,187.148,0.023,-0.804,0.003,0.594,0.426,1.157,0.252
2016-12-01 01:47:27.531,187.148,0.023,-0.804,0.003,0.594,0.427,1.157,0.252
2016-12-01 01:47:27.543,187.148,0.023,-0.804,0.003,0.595,0.426,1.157,0.252
2016-12-01 01:47:27.554,187.169,0.023,-0.803,0.003,0.595,0.426,1.157,0.252
2016-12-01 01:47:27.565,187.169,0.023,-0.803,0.003,0.596,0.426,1.157,0.252
2016-12-01 01:47:27.576,187.191,0.023,-0.802,0.003,0.597,0.427,1.157,0.251
2016-12-01 01:47:27.587,187.212,0.023,-0.802,0.003,0.597,0.427,1.157,0.251
2016-12-01 01:47:27.598,187.212,0.023,-0.801,0.003,0.598,0.427,1.157,0.252
2016-12-01 01:47:27.610,187.233,0.023,-0.801,0.003,0.599,0.427,1.157,0.252
2016-12-01 01:47:27.621,187.233,0.023,-0.800,0.003,0.599,0.427,1.157,0.252
2016-12-01 01:47:27.632,187.255,0.023,-0.800,0.003,0.600,0.426,1.157,0.251
2016-12-01 01:47:27.643,187.255,0.023,-0.799,0.003,0.601,0.426,1.157,0.251
2016-12-01 01:47:27.654,187.276,0.023,-0.799,0.003,0.601,0.426,1.157,0.251
2016-12-01 01:47:27.665,187.276,0.023,-0.798,0.004,0.602,0.426,1.157,0.251
2016-12-01 01:47:27.676,187.297,0.023,-0.798,0.004,0.602,0.426,1.157,0.251
2016-12-01 01:47:27.688,187.297,0.023,-0.797,0.004,0.603,0.426,1.157,0.251
2016-12-01 01:47:27.699,187.319,0.023,-0.797,0.004,0.604,0.426,1.157,0.251
2016-12-01 01:47:27.710,187.319,0.022,-0.797,0.004,0.604,0.426,1.157,0.251
2016-12-01 01:47:27.721,187.340,0.022,-0.796,0.004,0.605,0.426,1.157,0.251
2016-12-01 01:47:27.733,187.340,0.022,-0.796,0.004,0.605,0.426,1.157,0.251
2016-12-01 01:47:27.743,187.361,0.022,-0.795,0.004,0.606,0.426,1.157,0.251
2016-12-01 01:47:27.755,187.361,0.022,-0.795,0.004,0.607,0.426,1.157,0.251
2016-12-01 01:47:27.766,187.383,0.022,-0.794,0.004,0.607,0.426,1.157,0.251
2016-12-01 01:47:27.777,187.404,0.022,-0.794,0.004,0.608,0.426,1.157,0.251
2016-12-01 01:47:27.788,187.404,0.022,-0.793,0.004,0.609,0.426,1.157,0.251
2016-12-01 01:47:27.799,187.425,0.022,-0.793,0.004,0.609,0.426,1.157,0.251
2016-12-01 01:47:27.811,187.425,0.022,-0.792,0.004,0.610,0.426,1.157,0.251
2016-12-01 01:47:27.822,187.447,0.022,-0.791,0.004,0.611,0.426,1.157,0.251
2016-12-01 01:47:27.833,187.447,0.022,-0.791,0.004,0.612,0.427,1.157,0.251
2016-12-01 01:47:27.844,187.468,0.022,-0.790,0.004,0.612,0.427,1.157,0.252
2016-12-01 01:47:27.856,187.468,0.022,-0.790,0.004,0.613,0.427,1.157,0.252
2016-12-01 01:47:27.866,187.489,0.022,-0.789,0.004,0.614,0.427,1.157,0.251
2016-12-01 01:47:27.878,187.489,0.022,-0.788,0.004,0.615,0.427,1.157,0.251
2016-12-01 01:47:27.889,187.511,0.022,-0.788,0.004,0.615,0.427,1.157,0.251
2016-12-01 01:47:27.900,187.511,0.022,-0.787,0.004,0.616,0.427,1.157,0.251
2016-12-01 01:47:27.911,187.532,0.022,-0.787,0.004,0.617,0.427,1.157,0.251
2016-12-01 01:47:27.922,187.532,0.022,-0.786,0.004,0.617,0.427,1.157,0.251
2016-12-01 01:47:27.933,187.553,0.022,-0.786,0.004,0.618,0.427,1.157,0.251
2016-12-01 01:47:27.944,187.553,0.023,-0.785,0.004,0.619,0.427,1.157,0.252
2016-12-01 01:47:27.955,187.575,0.023,-0.784,0.004,0.620,0.427,1.157,0.252
2016-12-01 01:47:27.967,187.596,0.023,-0.784,0.004,0.621,0.427,1.157,0.252
2016-12-01 01:47:27.978,187.596,0.023,-0.783,0.004,0.621,0.427,1.157,0.252
2016-12-01 01:47:27.989,187.617,0.023,-0.782,0.004,0.622,0.427,1.157,0.252
2016-12-01 01:47:28.001,187.617,0.023,-0.782,0.005,0.623,0.427,1.157,0.252
2016-12-01 01:47:28.012,187.639,0.023,-0.781,0.005,0.624,0.427,1.157,0.252
2016-12-01 01:47:28.023,187.639,0.024,-0.781,0.005,0.625,0.427,1.157,0.252
2016-12-01 01:47:28.034,187.639,0.024,-0.780,0.005,0.625,0.427,1.157,0.252
2016-12-01 01:47:28.045,187.660,0.024,-0.779,0.005,0.626,0.427,1.157,0.252
2016-12-01 01:47:28.057,187.681,0.024,-0.779,0.005,0.627,0.427,1.157,0.252
2016-12-01 01:47:28.068,187.681,0.024,-0.778,0.005,0.628,0.427,1.157,0.252
2016-12-01 01:47:28.079,187.703,0.024,-0.778,0.004,0.628,0.427,1.157,0.252
2016-12-01 01:47:28.091,187.703,0.024,-0.777,0.004,0.629,0.427,1.157,0.252
2016-12-01 01:47:28.101,187.724,0.024,-0.776,0.004,0.630,0.427,1.157,0.252
2016-12-01 01:47:28.112,187.724,0.024,-0.776,0.004,0.630,0.427,1.157,0.252
2016-12-01 01:47:28.123,187.745,0.024,-0.775,0.004,0.631,0.427,1.157,0.252
2016-12-01 01:47:28.134,187.745,0.024,-0.775,0.004,0.632,0.428,1.157,0.252
2016-12-01 01:47:28.146,187.767,0.024,-0.774,0.004,0.633,0.427,1.157,0.252
2016-12-01 01:47:28.157,187.788,0.024,-0.773,0.004,0.634,0.427,1.157,0.252
2016-12-01 01:47:28.168,187.788,0.024,-0.773,0.003,0.635,0.427,1.157,0.252
2016-12-01 01:47:28.179,187.788,0.023,-0.772,0.003,0.635,0.427,1.157,0.252
2016-12-01 01:47:28.190,187.809,0.023,-0.771,0.003,0.636,0.427,1.157,0.252
2016-12-01 01:47:28.201,187.809,0.023,-0.771,0.003,0.637,0.428,1.157,0.252
2016-12-01 01:47:28.213,187.831,0.023,-0.770,0.003,0.638,0.427,1.157,0.252
2016-12-01 01:47:28.225,187.831,0.023,-0.769,0.003,0.639,0.427,1.157,0.252
2016-12-01 01:47:28.235,187.852,0.023,-0.768,0.003,0.640,0.427,1.157,0.252
2016-12-01 01:47:28.246,187.873,0.023,-0.768,0.003,0.641,0.428,1.157,0.252
2016-12-01 01:47:28.258,187.873,0.023,-0.767,0.003,0.641,0.428,1.157,0.252
2016-12-01 01:47:28.268,187.895,0.023,-0.766,0.003,0.642,0.428,1.157,0.252
2016-12-01 01:47:28.280,187.895,0.023,-0.766,0.003,0.643,0.427,1.157,0.252
2016-12-01 01:47:28.291,187.916,0.023,-0.765,0.003,0.644,0.427,1.157,0.252
2016-12-01 01:47:28.302,187.916,0.022,-0.764,0.003,0.644,0.427,1.157,0.252
2016-12-01 01:47:28.313,187.937,0.023,-0.764,0.003,0.645,0.427,1.157,0.252
2016-12-01 01:47:28.325,187.937,0.023,-0.763,0.003,0.646,0.427,1.157,0.252
2016-12-01 01:47:28.335,187.959,0.023,-0.763,0.002,0.646,0.428,1.157,0.252
2016-12-01 01:47:28.347,187.959,0.022,-0.762,0.002,0.647,0.428,1.157,0.252
2016-12-01 01:47:28.357,187.980,0.022,-0.762,0.002,0.648,0.428,1.157,0.252
2016-12-01 01:47:28.369,187.980,0.022,-0.761,0.002,0.648,0.428,1.157,0.252
2016-12-01 01:47:28.380,188.001,0.022,-0.761,0.002,0.649,0.428,1.157,0.252
2016-12-01 01:47:28.392,188.001,0.021,-0.760,0.002,0.650,0.428,1.157,0.252
2016-12-01 01:47:28.403,188.023,0.021,-0.759,0.002,0.650,0.428,1.157,0.252
2016-12-01 01:47:28.414,188.023,0.021,-0.759,0.002,0.651,0.428,1.157,0.251
2016-12-01 01:47:28.425,188.044,0.021,-0.758,0.002,0.652,0.428,1.157,0.251
2016-12-01 01:47:28.436,188.044,0.021,-0.757,0.002,0.653,0.428,1.157,0.251
2016-12-01 01:47:28.447,188.065,0.021,-0.756,0.002,0.654,0.428,1.157,0.251
2016-12-01 01:47:28.459,188.087,0.021,-0.756,0.002,0.655,0.428,1.157,0.251
2016-12-01 01:47:28.469,188.087,0.021,-0.755,0.003,0.656,0.428,1.157,0.251
2016-12-01 01:47:28.480,188.108,0.021,-0.754,0.003,0.657,0.428,1.157,0.251
2016-12-01 01:47:28.492,188.108,0.020,-0.753,0.003,0.658,0.428,1.157,0.251
2016-12-01 01:47:28.503,188.108,0.021,-0.752,0.003,0.659,0.428,1.157,0.251
2016-12-01 01:47:28.514,188.129,0.021,-0.751,0.003,0.659,0.428,1.157,0.251
2016-12-01 01:47:28.525,188.129,0.021,-0.751,0.003,0.660,0.428,1.157,0.251
2016-12-01 01:47:28.536,188.151,0.021,-0.750,0.003,0.661,0.428,1.157,0.251
2016-12-01 01:47:28.548,188.172,0.021,-0.749,0.003,0.662,0.427,1.157,0.251
2016-12-01 01:47:28.559,188.172,0.021,-0.748,0.004,0.663,0.427,1.157,0.251
2016-12-01 01:47:28.570,188.193,0.021,-0.747,0.004,0.664,0.427,1.157,0.250
2016-12-01 01:47:28.582,188.193,0.021,-0.746,0.004,0.665,0.427,1.157,0.250
2016-12-01 01:47:28.592,188.215,0.021,-0.746,0.004,0.666,0.427,1.157,0.250
2016-12-01 01:47:28.604,188.215,0.022,-0.745,0.005,0.667,0.427,1.157,0.250
2016-12-01 01:47:28.615,188.236,0.022,-0.744,0.005,0.668,0.427,1.157,0.250
2016-12-01 01:47:28.626,188.257,0.022,-0.743,0.005,0.668,0.427,1.157,0.250
2016-12-01 01:47:28.638,188.257,0.022,-0.743,0.005,0.669,0.427,1.157,0.250
2016-12-01 01:47:28.648,188.279,0.022,-0.742,0.005,0.670,0.427,1.157,0.250
2016-12-01 01:47:28.659,188.279,0.022,-0.741,0.005,0.671,0.427,1.157,0.250
2016-12-01 01:47:28.671,188.279,0.022,-0.741,0.005,0.671,0.427,1.157,0.250
2016-12-01 01:47:28.682,188.300,0.022,-0.740,0.005,0.672,0.427,1.157,0.250
2016-12-01 01:47:28.693,188.300,0.022,-0.740,0.005,0.673,0.427,1.157,0.249
2016-12-01 01:47:28.704,188.321,0.021,-0.739,0.005,0.673,0.427,1.157,0.249
2016-12-01 01:47:28.715,188.321,0.021,-0.738,0.005,0.674,0.427,1.157,0.249
2016-12-01 01:47:28.726,188.343,0.021,-0.738,0.005,0.674,0.427,1.157,0.249
2016-12-01 01:47:28.738,188.364,0.021,-0.738,0.005,0.675,0.427,1.157,0.249
2016-12-01 01:47:28.750,188.364,0.021,-0.738,0.005,0.675,0.426,1.157,0.249
2016-12-01 01:47:28.760,188.385,0.021,-0.737,0.005,0.675,0.426,1.157,0.249
2016-12-01 01:47:28.772,188.385,0.021,-0.737,0.005,0.675,0.426,1.157,0.249
2016-12-01 01:47:28.782,188.407,0.021,-0.737,0.006,0.676,0.426,1.157,0.249
2016-12-01 01:47:28.794,188.407,0.021,-0.737,0.006,0.676,0.426,1.157,0.249
2016-12-01 01:47:28.805,188.428,0.021,-0.737,0.006,0.676,0.426,1.157,0.249
2016-12-01 01:47:28.816,188.449,0.021,-0.736,0.007,0.676,0.426,1.156,0.249
2016-12-01 01:47:28.827,188.449,0.022,-0.736,0.007,0.676,0.426,1.156,0.248
2016-12-01 01:47:28.838,188.449,0.022,-0.736,0.007,0.676,0.426,1.156,0.248
2016-12-01 01:47:28.849,188.471,0.022,-0.736,0.008,0.677,0.426,1.156,0.248
2016-12-01 01:47:28.861,188.471,0.022,-0.736,0.008,0.677,0.426,1.156,0.248
2016-12-01 01:47:28.872,188.492,0.022,-0.736,0.009,0.676,0.426,1.156,0.248
2016-12-01 01:47:28.883,188.492,0.022,-0.736,0.009,0.676,0.426,1.156,0.248
2016-12-01 01:47:28.894,188.513,0.022,-0.737,0.010,0.676,0.426,1.156,0.247
2016-12-01 01:47:28.905,188.513,0.022,-0.737,0.010,0.675,0.426,1.156,0.247
2016-12-01 01:47:28.916,188.535,0.022,-0.738,0.010,0.675,0.426,1.156,0.247
2016-12-01 01:47:28.928,188.556,0.022,-0.738,0.010,0.674,0.425,1.156,0.247
2016-12-01 01:47:28.939,188.556,0.022,-0.739,0.010,0.673,0.425,1.156,0.247
2016-12-01 01:47:28.950,188.577,0.022,-0.740,0.011,0.673,0.425,1.156,0.246
2016-12-01 01:47:28.961,188.577,0.022,-0.740,0.011,0.672,0.425,1.156,0.246
2016-12-01 01:47:28.972,188.599,0.022,-0.741,0.011,0.671,0.425,1.156,0.246
2016-12-01 01:47:28.984,188.599,0.022,-0.742,0.012,0.670,0.425,1.156,0.246
2016-12-01 01:47:28.995,188.599,0.022,-0.742,0.012,0.670,0.425,1.156,0.246
2016-12-01 01:47:29.006,188.620,0.022,-0.743,0.012,0.669,0.425,1.156,0.246
2016-12-01 01:47:29.017,188.641,0.022,-0.744,0.012,0.668,0.425,1.156,0.246
2016-12-01 01:47:29.028,188.641,0.022,-0.744,0.012,0.668,0.425,1.156,0.246
2016-12-01 01:47:29.039,188.663,0.022,-0.745,0.013,0.667,0.425,1.156,0.246
2016-12-01 01:47:29.050,188.663,0.022,-0.745,0.013,0.666,0.425,1.156,0.246
2016-12-01 01:47:29.061,188.684,0.022,-0.746,0.013,0.665,0.425,1.156,0.246
2016-12-01 01:47:29.073,188.684,0.022,-0.747,0.013,0.665,0.425,1.156,0.246
2016-12-01 01:47:29.084,188.705,0.022,-0.747,0.013,0.664,0.425,1.156,0.246
2016-12-01 01:47:29.095,188.705,0.022,-0.748,0.013,0.663,0.425,1.156,0.246
2016-12-01 01:47:29.106,188.727,0.023,-0.749,0.014,0.663,0.425,1.156,0.246
2016-12-01 01:47:29.118,188.748,0.023,-0.749,0.014,0.662,0.425,1.156,0.246
2016-12-01 01:47:29.129,188.748,0.023,-0.750,0.014,0.661,0.425,1.156,0.246
2016-12-01 01:47:29.140,188.769,0.023,-0.751,0.014,0.660,0.425,1.156,0.246
2016-12-01 01:47:29.151,188.769,0.023,-0.751,0.014,0.659,0.425,1.156,0.246
2016-12-01 01:47:29.162,188.769,0.023,-0.752,0.015,0.658,0.425,1.156,0.246
2016-12-01 01:47:29.173,188.791,0.023,-0.753,0.015,0.657,0.425,1.155,0.246
2016-12-01 01:47:29.185,188.791,0.024,-0.754,0.016,0.656,0.425,1.155,0.246
2016-12-01 01:47:29.196,188.812,0.024,-0.755,0.016,0.655,0.425,1.155,0.246
2016-12-01 01:47:29.207,188.833,0.024,-0.756,0.016,0.654,0.425,1.155,0.246
2016-12-01 01:47:29.218,188.833,0.024,-0.757,0.016,0.653,0.425,1.155,0.246
2016-12-01 01:47:29.229,188.855,0.024,-0.758,0.017,0.652,0.425,1.155,0.246
2016-12-01 01:47:29.240,188.855,0.025,-0.759,0.017,0.651,0.425,1.155,0.246
2016-12-01 01:47:29.251,188.876,0.025,-0.760,0.017,0.649,0.425,1.155,0.246
2016-12-01 01:47:29.263,188.876,0.025,-0.761,0.017,0.648,0.425,1.155,0.246
2016-12-01 01:47:29.273,188.897,0.025,-0.762,0.018,0.647,0.425,1.155,0.246
2016-12-01 01:47:29.285,188.897,0.025,-0.763,0.018,0.646,0.425,1.155,0.246
2016-12-01 01:47:29.296,188.919,0.025,-0.764,0.018,0.645,0.425,1.155,0.246
2016-12-01 01:47:29.307,188.919,0.025,-0.765,0.018,0.644,0.425,1.155,0.246
2016-12-01 01:47:29.319,188.940,0.025,-0.766,0.018,0.642,0.425,1.155,0.246
2016-12-01 01:47:29.330,188.940,0.025,-0.767,0.018,0.641,0.425,1.155,0.246
2016-12-01 01:47:29.341,188.961,0.025,-0.768,0.018,0.640,0.425,1.155,0.246
2016-12-01 01:47:29.352,188.961,0.025,-0.769,0.017,0.639,0.425,1.155,0.246
2016-12-01 01:47:29.363,188.983,0.025,-0.770,0.017,0.637,0.425,1.155,0.246
2016-12-01 01:47:29.374,188.983,0.024,-0.771,0.017,0.636,0.425,1.155,0.246
2016-12-01 01:47:29.385,189.004,0.024,-0.772,0.017,0.635,0.425,1.155,0.246
2016-12-01 01:47:29.397,189.025,0.024,-0.773,0.017,0.634,0.425,1.155,0.246
2016-12-01 01:47:29.408,189.025,0.024,-0.774,0.017,0.633,0.425,1.155,0.246
2016-12-01 01:47:29.419,189.047,0.024,-0.775,0.017,0.632,0.425,1.155,0.246
2016-12-01 01:47:29.430,189.047,0.024,-0.776,0.018,0.630,0.425,1.155,0.246
2016-12-01 01:47:29.441,189.068,0.024,-0.776,0.018,0.629,0.425,1.155,0.246
2016-12-01 01:47:29.453,189.068,0.024,-0.777,0.018,0.628,0.424,1.155,0.246
2016-12-01 01:47:29.463,189.089,0.025,-0.778,0.018,0.627,0.424,1.155,0.246
2016-12-01 01:47:29.475,189.089,0.025,-0.779,0.018,0.626,0.424,1.155,0.246
2016-12-01 01:47:29.486,189.089,0.025,-0.780,0.018,0.625,0.424,1.155,0.246
2016-12-01 01:47:29.497,189.111,0.025,-0.781,0.018,0.623,0.424,1.155,0.246
2016-12-01 01:47:29.509,189.132,0.025,-0.782,0.018,0.622,0.424,1.155,0.246
2016-12-01 01:47:29.520,189.132,0.025,-0.783,0.018,0.621,0.424,1.155,0.246
2016-12-01 01:47:29.531,189.153,0.025,-0.784,0.018,0.620,0.424,1.155,0.246
2016-12-01 01:47:29.542,189.153,0.026,-0.785,0.018,0.619,0.424,1.155,0.246
2016-12-01 01:47:29.553,189.175,0.026,-0.786,0.018,0.617,0.424,1.155,0.246
2016-12-01 01:47:29.565,189.175,0.026,-0.787,0.018,0.616,0.424,1.154,0.246
2016-12-01 01:47:29.575,189.196,0.026,-0.788,0.019,0.615,0.424,1.154,0.246
2016-12-01 01:47:29.587,189.217,0.027,-0.789,0.019,0.614,0.423,1.154,0.246
2016-12-01 01:47:29.598,189.217,0.027,-0.789,0.019,0.613,0.424,1.155,0.246
2016-12-01 01:47:29.609,189.239,0.027,-0.790,0.019,0.612,0.424,1.154,0.247
2016-12-01 01:47:29.620,189.239,0.027,-0.791,0.019,0.611,0.424,1.154,0.247
2016-12-01 01:47:29.631,189.260,0.028,-0.792,0.019,0.610,0.424,1.154,0.247
2016-12-01 01:47:29.643,189.260,0.028,-0.793,0.019,0.609,0.424,1.154,0.247
2016-12-01 01:47:29.653,189.260,0.028,-0.793,0.019,0.608,0.424,1.154,0.247
2016-12-01 01:47:29.664,189.281,0.028,-0.794,0.019,0.607,0.424,1.154,0.247
2016-12-01 01:47:29.676,189.303,0.028,-0.795,0.018,0.606,0.424,1.154,0.247
2016-12-01 01:47:29.687,189.303,0.028,-0.795,0.018,0.605,0.424,1.154,0.247
2016-12-01 01:47:29.699,189.324,0.028,-0.796,0.018,0.604,0.424,1.154,0.247
2016-12-01 01:47:29.710,189.324,0.029,-0.797,0.018,0.603,0.424,1.154,0.248
2016-12-01 01:47:29.721,189.345,0.029,-0.797,0.018,0.603,0.424,1.154,0.248
2016-12-01 01:47:29.732,189.345,0.029,-0.798,0.018,0.602,0.424,1.154,0.248
2016-12-01 01:47:29.743,189.367,0.029,-0.798,0.018,0.601,0.424,1.155,0.248
2016-12-01 01:47:29.754,189.367,0.029,-0.799,0.018,0.600,0.424,1.155,0.248
2016-12-01 01:47:29.765,189.388,0.029,-0.799,0.018,0.600,0.424,1.155,0.248
2016-12-01 01:47:29.776,189.409,0.029,-0.800,0.018,0.599,0.424,1.155,0.248
2016-12-01 01:47:29.788,189.409,0.029,-0.800,0.018,0.598,0.424,1.155,0.248
2016-12-01 01:47:29.799,189.409,0.029,-0.801,0.018,0.598,0.424,1.155,0.248
2016-12-01 01:47:29.810,189.431,0.030,-0.801,0.017,0.598,0.424,1.154,0.248
2016-12-01 01:47:29.821,189.431,0.030,-0.801,0.017,0.597,0.424,1.154,0.248
2016-12-01 01:47:29.832,189.452,0.030,-0.802,0.017,0.597,0.424,1.154,0.249
2016-12-01 01:47:29.844,189.452,0.030,-0.802,0.017,0.597,0.424,1.154,0.249
2016-12-01 01:47:29.854,189.473,0.030,-0.802,0.017,0.597,0.424,1.154,0.249
2016-12-01 01:47:29.866,189.495,0.031,-0.802,0.017,0.597,0.423,1.154,0.249
2016-12-01 01:47:29.878,189.495,0.031,-0.802,0.017,0.597,0.424,1.154,0.249
2016-12-01 01:47:29.888,189.516,0.031,-0.802,0.017,0.597,0.423,1.154,0.249
2016-12-01 01:47:29.899,189.516,0.031,-0.802,0.017,0.597,0.423,1.154,0.249
2016-12-01 01:47:29.911,189.537,0.031,-0.801,0.017,0.597,0.423,1.154,0.249
2016-12-01 01:47:29.923,189.537,0.031,-0.801,0.017,0.597,0.423,1.154,0.249
2016-12-01 01:47:29.933,189.559,0.031,-0.801,0.017,0.597,0.423,1.154,0.249
2016-12-01 01:47:29.945,189.559,0.031,-0.801,0.017,0.598,0.423,1.154,0.250
2016-12-01 01:47:29.955,189.580,0.031,-0.801,0.017,0.598,0.423,1.154,0.250
2016-12-01 01:47:29.966,189.580,0.031,-0.801,0.017,0.598,0.423,1.154,0.250
2016-12-01 01:47:29.977,189.601,0.031,-0.800,0.017,0.599,0.423,1.154,0.250
2016-12-01 01:47:29.989,189.601,0.031,-0.800,0.016,0.599,0.423,1.154,0.250
2016-12-01 01:47:30.000,189.623,0.030,-0.800,0.016,0.599,0.423,1.154,0.250
2016-12-01 01:47:30.011,189.623,0.030,-0.800,0.016,0.600,0.423,1.155,0.250
2016-12-01 01:47:30.022,189.644,0.030,-0.799,0.016,0.600,0.423,1.155,0.250
2016-12-01 01:47:30.033,189.644,0.030,-0.799,0.016,0.600,0.423,1.155,0.250
2016-12-01 01:47:30.044,189.665,0.030,-0.799,0.015,0.601,0.423,1.155,0.250
2016-12-01 01:47:30.056,189.687,0.030,-0.798,0.015,0.602,0.423,1.155,0.250
2016-12-01 01:47:30.067,189.687,0.030,-0.798,0.015,0.602,0.423,1.155,0.250
2016-12-01 01:47:30.078,189.708,0.030,-0.797,0.015,0.603,0.423,1.155,0.251
2016-12-01 01:47:30.090,189.708,0.030,-0.797,0.015,0.603,0.423,1.155,0.251
2016-12-01 01:47:30.100,189.729,0.030,-0.796,0.015,0.604,0.423,1.155,0.251
2016-12-01 01:47:30.112,189.729,0.030,-0.796,0.015,0.604,0.423,1.155,0.251
2016-12-01 01:47:30.123,189.729,0.030,-0.795,0.014,0.605,0.423,1.155,0.251
2016-12-01 01:47:30.134,189.751,0.029,-0.795,0.015,0.606,0.423,1.155,0.251
2016-12-01 01:47:30.145,189.751,0.029,-0.794,0.015,0.607,0.422,1.155,0.251
2016-12-01 01:47:30.156,189.772,0.029,-0.794,0.014,0.607,0.422,1.155,0.251
2016-12-01 01:47:30.168,189.793,0.029,-0.793,0.014,0.608,0.422,1.155,0.251
2016-12-01 01:47:30.179,189.793,0.029,-0.793,0.015,0.609,0.422,1.155,0.251
2016-12-01 01:47:30.189,189.815,0.029,-0.792,0.014,0.610,0.422,1.155,0.251
2016-12-01 01:47:30.201,189.815,0.029,-0.791,0.014,0.611,0.422,1.155,0.251
2016-12-01 01:47:30.212,189.836,0.029,-0.791,0.014,0.612,0.422,1.155,0.251
2016-12-01 01:47:30.223,189.836,0.030,-0.790,0.014,0.612,0.422,1.155,0.252
2016-12-01 01:47:30.234,189.857,0.030,-0.789,0.015,0.613,0.422,1.155,0.252
2016-12-01 01:47:30.246,189.879,0.031,-0.788,0.015,0.614,0.422,1.155,0.252
2016-12-01 01:47:30.257,189.879,0.031,-0.787,0.015,0.615,0.422,1.155,0.252
2016-12-01 01:47:30.268,189.900,0.032,-0.787,0.015,0.616,0.422,1.155,0.252
2016-12-01 01:47:30.280,189.900,0.032,-0.786,0.015,0.617,0.422,1.155,0.252
2016-12-01 01:47:30.290,189.900,0.032,-0.785,0.015,0.618,0.422,1.154,0.252
2016-12-01 01:47:30.301,189.921,0.033,-0.784,0.015,0.619,0.422,1.154,0.252
2016-12-01 01:47:30.313,189.921,0.033,-0.784,0.015,0.620,0.422,1.154,0.252
2016-12-01 01:47:30.324,189.943,0.033,-0.783,0.015,0.621,0.422,1.154,0.252
2016-12-01 01:47:30.335,189.943,0.033,-0.782,0.015,0.622,0.422,1.154,0.252
2016-12-01 01:47:30.346,189.964,0.033,-0.781,0.015,0.623,0.422,1.154,0.252
2016-12-01 01:47:30.357,189.985,0.034,-0.780,0.015,0.624,0.422,1.154,0.252
2016-12-01 01:47:30.368,189.985,0.034,-0.780,0.015,0.625,0.422,1.154,0.252
2016-12-01 01:47:30.379,190.007,0.034,-0.779,0.015,0.626,0.422,1.154,0.252
2016-12-01 01:47:30.391,190.007,0.034,-0.778,0.015,0.627,0.423,1.154,0.253
2016-12-01 01:47:30.402,190.028,0.034,-0.777,0.015,0.628,0.422,1.154,0.252
2016-12-01 01:47:30.413,190.028,0.034,-0.776,0.015,0.629,0.423,1.154,0.253
2016-12-01 01:47:30.424,190.049,0.034,-0.775,0.014,0.630,0.423,1.154,0.253
2016-12-01 01:47:30.436,190.049,0.034,-0.775,0.014,0.631,0.423,1.154,0.253
2016-12-01 01:47:30.447,190.071,0.034,-0.774,0.014,0.632,0.423,1.154,0.253
2016-12-01 01:47:30.458,190.071,0.034,-0.773,0.014,0.633,0.423,1.154,0.253
2016-12-01 01:47:30.469,190.092,0.033,-0.772,0.013,0.634,0.423,1.154,0.253
2016-12-01 01:47:30.481,190.092,0.033,-0.772,0.013,0.635,0.423,1.154,0.253
2016-12-01 01:47:30.491,190.113,0.033,-0.771,0.013,0.636,0.423,1.154,0.253
2016-12-01 01:47:30.502,190.113,0.032,-0.770,0.013,0.637,0.423,1.155,0.253
2016-12-01 01:47:30.514,190.135,0.032,-0.769,0.013,0.638,0.423,1.155,0.253
2016-12-01 01:47:30.525,190.135,0.032,-0.768,0.013,0.639,0.423,1.155,0.253
2016-12-01 01:47:30.536,190.156,0.032,-0.768,0.012,0.640,0.423,1.155,0.253
2016-12-01 01:47:30.547,190.177,0.031,-0.767,0.012,0.641,0.423,1.155,0.253
2016-12-01 01:47:30.559,190.177,0.031,-0.766,0.012,0.642,0.423,1.155,0.253
2016-12-01 01:47:30.569,190.199,0.031,-0.765,0.012,0.643,0.423,1.155,0.253
2016-12-01 01:47:30.581,190.199,0.031,-0.765,0.012,0.644,0.423,1.155,0.253
2016-12-01 01:47:30.591,190.220,0.031,-0.764,0.012,0.644,0.424,1.155,0.253
2016-12-01 01:47:30.603,190.220,0.030,-0.763,0.012,0.645,0.424,1.155,0.253
2016-12-01 01:47:30.614,190.220,0.030,-0.763,0.012,0.646,0.424,1.155,0.253
2016-12-01 01:47:30.625,190.241,0.030,-0.762,0.012,0.647,0.424,1.155,0.252
2016-12-01 01:47:30.637,190.263,0.029,-0.761,0.012,0.648,0.424,1.155,0.252
2016-12-01 01:47:30.648,190.263,0.029,-0.761,0.012,0.648,0.424,1.155,0.252
2016-12-01 01:47:30.659,190.284,0.029,-0.760,0.012,0.649,0.424,1.155,0.252
2016-12-01 01:47:30.670,190.284,0.029,-0.760,0.012,0.649,0.424,1.155,0.252
2016-12-01 01:47:30.681,190.305,0.029,-0.759,0.012,0.650,0.424,1.156,0.252
2016-12-01 01:47:30.693,190.305,0.029,-0.759,0.012,0.651,0.424,1.156,0.252
2016-12-01 01:47:30.704,190.327,0.028,-0.758,0.012,0.652,0.424,1.156,0.252
2016-12-01 01:47:30.715,190.327,0.028,-0.757,0.012,0.652,0.424,1.156,0.252
2016-12-01 01:47:30.726,190.348,0.028,-0.757,0.012,0.653,0.424,1.156,0.252
2016-12-01 01:47:30.737,190.369,0.028,-0.756,0.012,0.654,0.424,1.156,0.252
2016-12-01 01:47:30.749,190.369,0.028,-0.756,0.012,0.654,0.424,1.156,0.252
2016-12-01 01:47:30.759,190.391,0.028,-0.755,0.012,0.655,0.424,1.156,0.252
2016-12-01 01:47:30.771,190.391,0.027,-0.754,0.012,0.656,0.424,1.156,0.252
2016-12-01 01:47:30.781,190.391,0.027,-0.754,0.012,0.656,0.424,1.156,0.252
2016-12-01 01:47:30.793,190.412,0.027,-0.753,0.012,0.657,0.424,1.156,0.252
2016-12-01 01:47:30.804,190.412,0.027,-0.753,0.012,0.658,0.424,1.156,0.252
2016-12-01 01:47:30.815,190.433,0.027,-0.752,0.013,0.658,0.424,1.156,0.252
2016-12-01 01:47:30.827,190.455,0.027,-0.752,0.013,0.659,0.424,1.156,0.251
2016-12-01 01:47:30.838,190.455,0.026,-0.751,0.013,0.659,0.424,1.156,0.251
2016-12-01 01:47:30.849,190.476,0.026,-0.751,0.013,0.659,0.424,1.156,0.251
2016-12-01 01:47:30.860,190.476,0.026,-0.751,0.013,0.660,0.424,1.156,0.251
2016-12-01 01:47:30.871,190.497,0.026,-0.751,0.013,0.660,0.424,1.156,0.251
2016-12-01 01:47:30.883,190.497,0.026,-0.750,0.013,0.660,0.424,1.156,0.251
2016-12-01 01:47:30.893,190.519,0.026,-0.750,0.013,0.661,0.424,1.156,0.251
2016-12-01 01:47:30.905,190.519,0.026,-0.750,0.013,0.661,0.424,1.156,0.251
2016-12-01 01:47:30.916,190.540,0.026,-0.750,0.014,0.661,0.424,1.156,0.251
2016-12-01 01:47:30.927,190.540,0.026,-0.749,0.014,0.662,0.425,1.156,0.251
2016-12-01 01:47:30.938,190.561,0.027,-0.749,0.014,0.662,0.424,1.155,0.251
2016-12-01 01:47:30.949,190.561,0.027,-0.749,0.014,0.662,0.424,1.156,0.251
2016-12-01 01:47:30.960,190.583,0.027,-0.749,0.014,0.662,0.424,1.156,0.251
2016-12-01 01:47:30.972,190.583,0.027,-0.748,0.014,0.663,0.424,1.156,0.251
2016-12-01 01:47:30.983,190.604,0.027,-0.748,0.014,0.663,0.425,1.155,0.251
2016-12-01 01:47:30.995,190.604,0.027,-0.748,0.015,0.663,0.425,1.155,0.251
2016-12-01 01:47:31.005,190.625,0.027,-0.748,0.015,0.663,0.425,1.155,0.251
2016-12-01 01:47:31.017,190.647,0.027,-0.748,0.015,0.663,0.425,1.155,0.251
2016-12-01 01:47:31.028,190.647,0.027,-0.748,0.015,0.663,0.425,1.155,0.251
2016-12-01 01:47:31.039,190.668,0.027,-0.748,0.015,0.663,0.425,1.155,0.251
2016-12-01 01:47:31.050,190.668,0.027,-0.748,0.015,0.663,0.425,1.155,0.251
2016-12-01 01:47:31.061,190.689,0.027,-0.747,0.016,0.664,0.425,1.155,0.250
2016-12-01 01:47:31.072,190.689,0.027,-0.747,0.016,0.664,0.425,1.155,0.250
2016-12-01 01:47:31.083,190.711,0.027,-0.747,0.016,0.664,0.425,1.155,0.250
2016-12-01 01:47:31.095,190.711,0.027,-0.747,0.016,0.664,0.425,1.155,0.250
2016-12-01 01:47:31.106,190.732,0.027,-0.747,0.016,0.664,0.425,1.155,0.250
2016-12-01 01:47:31.117,190.732,0.027,-0.747,0.016,0.664,0.425,1.155,0.250
2016-12-01 01:47:31.128,190.753,0.026,-0.747,0.016,0.664,0.425,1.155,0.250
2016-12-01 01:47:31.139,190.753,0.026,-0.748,0.016,0.663,0.425,1.155,0.250
2016-12-01 01:47:31.150,190.775,0.026,-0.748,0.016,0.663,0.425,1.155,0.250
2016-12-01 01:47:31.162,190.775,0.026,-0.748,0.016,0.663,0.425,1.155,0.249
2016-12-01 01:47:31.173,190.796,0.026,-0.748,0.016,0.663,0.425,1.155,0.249
2016-12-01 01:47:31.184,190.796,0.026,-0.748,0.016,0.663,0.425,1.155,0.249
2016-12-01 01:47:31.195,190.817,0.026,-0.748,0.017,0.663,0.425,1.155,0.249
2016-12-01 01:47:31.206,190.839,0.026,-0.748,0.017,0.663,0.425,1.155,0.249
2016-12-01 01:47:31.218,190.839,0.026,-0.748,0.017,0.662,0.425,1.155,0.249
2016-12-01 01:47:31.229,190.860,0.026,-0.749,0.017,0.662,0.425,1.155,0.249
2016-12-01 01:47:31.240,190.860,0.026,-0.749,0.017,0.662,0.425,1.155,0.249
2016-12-01 01:47:31.251,190.881,0.026,-0.749,0.017,0.662,0.424,1.155,0.249
2016-12-01 01:47:31.262,190.881,0.026,-0.749,0.017,0.662,0.425,1.155,0.249
2016-12-01 01:47:31.273,190.881,0.026,-0.749,0.017,0.661,0.425,1.155,0.249
2016-12-01 01:47:31.284,190.903,0.026,-0.750,0.017,0.661,0.424,1.155,0.249
2016-12-01 01:47:31.296,190.924,0.026,-0.750,0.017,0.661,0.424,1.155,0.249
2016-12-01 01:47:31.307,190.924,0.026,-0.750,0.018,0.661,0.424,1.155,0.249
2016-12-01 01:47:31.318,190.945,0.026,-0.750,0.018,0.661,0.424,1.155,0.249
2016-12-01 01:47:31.329,190.945,0.027,-0.750,0.018,0.661,0.424,1.155,0.249
2016-12-01 01:47:31.340,190.967,0.027,-0.750,0.018,0.661,0.424,1.155,0.249
2016-12-01 01:47:31.351,190.967,0.027,-0.750,0.018,0.661,0.424,1.155,0.249
2016-12-01 01:47:31.363,190.988,0.027,-0.750,0.018,0.661,0.424,1.155,0.249
2016-12-01 01:47:31.374,190.988,0.027,-0.750,0.018,0.661,0.424,1.155,0.249
2016-12-01 01:47:31.385,191.009,0.027,-0.750,0.018,0.661,0.424,1.155,0.249
2016-12-01 01:47:31.397,191.031,0.027,-0.750,0.018,0.661,0.424,1.155,0.249
2016-12-01 01:47:31.408,191.031,0.027,-0.750,0.018,0.661,0.424,1.155,0.249
2016-12-01 01:47:31.419,191.031,0.027,-0.750,0.018,0.661,0.424,1.155,0.249
2016-12-01 01:47:31.430,191.052,0.027,-0.750,0.018,0.661,0.424,1.155,0.249
2016-12-01 01:47:31.441,191.052,0.026,-0.750,0.018,0.661,0.424,1.155,0.249
2016-12-01 01:47:31.452,191.073,0.026,-0.750,0.018,0.661,0.424,1.155,0.249
2016-12-01 01:47:31.464,191.073,0.026,-0.750,0.018,0.661,0.424,1.155,0.249
2016-12-01 01:47:31.474,191.095,0.026,-0.750,0.018,0.661,0.423,1.155,0.249
2016-12-01 01:47:31.486,191.116,0.026,-0.750,0.018,0.661,0.423,1.155,0.249
2016-12-01 01:47:31.496,191.116,0.026,-0.750,0.018,0.661,0.423,1.155,0.249
2016-12-01 01:47:31.508,191.137,0.026,-0.750,0.018,0.661,0.423,1.155,0.249
2016-12-01 01:47:31.519,191.137,0.026,-0.750,0.018,0.661,0.423,1.155,0.249
2016-12-01 01:47:31.530,191.159,0.026,-0.750,0.018,0.661,0.423,1.155,0.249
2016-12-01 01:47:31.541,191.159,0.026,-0.750,0.018,0.661,0.424,1.155,0.249
2016-12-01 01:47:31.552,191.180,0.026,-0.750,0.018,0.661,0.424,1.155,0.249
2016-12-01 01:47:31.564,191.180,0.026,-0.750,0.018,0.661,0.424,1.155,0.249
2016-12-01 01:47:31.575,191.201,0.026,-0.750,0.018,0.661,0.423,1.155,0.249
2016-12-01 01:47:31.587,191.201,0.026,-0.750,0.018,0.661,0.423,1.155,0.249
2016-12-01 01:47:31.597,191.223,0.026,-0.750,0.019,0.661,0.423,1.155,0.249
2016-12-01 01:47:31.608,191.223,0.026,-0.750,0.018,0.661,0.423,1.155,0.249
2016-12-01 01:47:31.619,191.244,0.026,-0.750,0.018,0.661,0.423,1.155,0.249
2016-12-01 01:47:31.631,191.244,0.026,-0.750,0.018,0.661,0.424,1.155,0.249
2016-12-01 01:47:31.642,191.265,0.026,-0.750,0.018,0.661,0.424,1.155,0.249
2016-12-01 01:47:31.653,191.265,0.026,-0.750,0.018,0.661,0.424,1.155,0.249
2016-12-01 01:47:31.664,191.287,0.026,-0.750,0.018,0.661,0.424,1.155,0.249
2016-12-01 01:47:31.675,191.287,0.026,-0.750,0.019,0.661,0.424,1.155,0.249
2016-12-01 01:47:31.686,191.308,0.026,-0.750,0.019,0.661,0.424,1.155,0.249
2016-12-01 01:47:31.698,191.329,0.026,-0.750,0.019,0.661,0.424,1.155,0.249
2016-12-01 01:47:31.709,191.329,0.026,-0.750,0.019,0.661,0.424,1.155,0.249
2016-12-01 01:47:31.720,191.351,0.026,-0.750,0.019,0.661,0.424,1.155,0.249
2016-12-01 01:47:31.731,191.351,0.026,-0.750,0.019,0.660,0.424,1.155,0.249
2016-12-01 01:47:31.742,191.351,0.026,-0.750,0.019,0.660,0.424,1.155,0.249
2016-12-01 01:47:31.754,191.372,0.026,-0.750,0.019,0.660,0.424,1.155,0.249
2016-12-01 01:47:31.765,191.372,0.026,-0.751,0.019,0.660,0.424,1.155,0.249
2016-12-01 01:47:31.776,191.393,0.026,-0.751,0.019,0.660,0.424,1.155,0.249
2016-12-01 01:47:31.788,191.415,0.025,-0.751,0.019,0.660,0.424,1.155,0.249
2016-12-01 01:47:31.798,191.415,0.025,-0.751,0.019,0.660,0.424,1.155,0.249
2016-12-01 01:47:31.809,191.436,0.025,-0.751,0.019,0.660,0.424,1.155,0.249
2016-12-01 01:47:31.821,191.436,0.025,-0.751,0.019,0.660,0.424,1.155,0.249
2016-12-01 01:47:31.832,191.457,0.025,-0.751,0.019,0.660,0.424,1.155,0.249
2016-12-01 01:47:31.843,191.457,0.025,-0.751,0.019,0.660,0.424,1.155,0.249
2016-12-01 01:47:31.854,191.479,0.025,-0.751,0.019,0.660,0.424,1.155,0.249
2016-12-01 01:47:31.865,191.479,0.025,-0.751,0.019,0.660,0.424,1.155,0.249
2016-12-01 01:47:31.876,191.500,0.025,-0.751,0.019,0.660,0.425,1.155,0.249
2016-12-01 01:47:31.888,191.521,0.025,-0.751,0.019,0.660,0.425,1.155,0.249
2016-12-01 01:47:31.898,191.521,0.025,-0.751,0.019,0.659,0.425,1.155,0.249
2016-12-01 01:47:31.910,191.521,0.025,-0.751,0.019,0.659,0.425,1.155,0.249
2016-12-01 01:47:31.921,191.543,0.025,-0.751,0.019,0.659,0.425,1.155,0.249
2016-12-01 01:47:31.932,191.543,0.024,-0.751,0.019,0.659,0.425,1.155,0.248
2016-12-01 01:47:31.943,191.564,0.024,-0.751,0.019,0.659,0.425,1.155,0.248
2016-12-01 01:47:31.955,191.564,0.024,-0.751,0.019,0.659,0.425,1.155,0.248
2016-12-01 01:47:31.966,191.585,0.024,-0.751,0.019,0.659,0.425,1.155,0.248
2016-12-01 01:47:31.977,191.607,0.024,-0.752,0.019,0.659,0.425,1.155,0.248
2016-12-01 01:47:31.989,191.607,0.024,-0.752,0.019,0.659,0.425,1.155,0.248
2016-12-01 01:47:31.999,191.628,0.024,-0.752,0.019,0.659,0.425,1.155,0.248
2016-12-01 01:47:32.011,191.628,0.024,-0.752,0.019,0.659,0.425,1.155,0.248
2016-12-01 01:47:32.022,191.649,0.024,-0.752,0.019,0.659,0.425,1.155,0.248
2016-12-01 01:47:32.033,191.649,0.024,-0.752,0.019,0.659,0.425,1.155,0.248
2016-12-01 01:47:32.044,191.671,0.024,-0.752,0.019,0.659,0.425,1.155,0.248
2016-12-01 01:47:32.056,191.692,0.024,-0.752,0.018,0.659,0.425,1.155,0.248
2016-12-01 01:47:32.066,191.692,0.023,-0.752,0.018,0.658,0.425,1.156,0.248
2016-12-01 01:47:32.077,191.692,0.023,-0.752,0.018,0.658,0.425,1.156,0.248
2016-12-01 01:47:32.088,191.713,0.023,-0.752,0.018,0.658,0.425,1.156,0.248
2016-12-01 01:47:32.099,191.713,0.023,-0.752,0.018,0.658,0.425,1.156,0.248
2016-12-01 01:47:32.111,191.735,0.023,-0.752,0.018,0.658,0.425,1.156,0.248
2016-12-01 01:47:32.123,191.735,0.023,-0.752,0.018,0.658,0.425,1.156,0.248
2016-12-01 01:47:32.134,191.756,0.023,-0.752,0.018,0.658,0.425,1.156,0.248
2016-12-01 01:47:32.145,191.756,0.023,-0.752,0.018,0.658,0.425,1.156,0.248
2016-12-01 01:47:32.156,191.777,0.023,-0.752,0.018,0.658,0.425,1.156,0.248
2016-12-01 01:47:32.167,191.799,0.023,-0.752,0.018,0.658,0.425,1.156,0.248
2016-12-01 01:47:32.178,191.799,0.023,-0.752,0.018,0.658,0.425,1.155,0.248
2016-12-01 01:47:32.189,191.820,0.023,-0.752,0.018,0.658,0.425,1.155,0.248
2016-12-01 01:47:32.200,191.820,0.023,-0.752,0.018,0.658,0.425,1.155,0.248
2016-12-01 01:47:32.212,191.841,0.023,-0.752,0.018,0.658,0.425,1.155,0.248
2016-12-01 01:47:32.223,191.841,0.023,-0.752,0.018,0.658,0.425,1.155,0.249
2016-12-01 01:47:32.234,191.841,0.023,-0.752,0.018,0.658,0.425,1.155,0.249
2016-12-01 01:47:32.245,191.863,0.023,-0.752,0.018,0.658,0.425,1.155,0.249
2016-12-01 01:47:32.256,191.884,0.023,-0.752,0.018,0.658,0.425,1.155,0.249
2016-12-01 01:47:32.267,191.884,0.023,-0.752,0.018,0.658,0.425,1.155,0.248
2016-12-01 01:47:32.279,191.905,0.023,-0.752,0.018,0.658,0.425,1.155,0.248
2016-12-01 01:47:32.290,191.905,0.023,-0.752,0.018,0.658,0.425,1.155,0.249
2016-12-01 01:47:32.301,191.927,0.023,-0.752,0.018,0.658,0.425,1.155,0.249
2016-12-01 01:47:32.313,191.927,0.023,-0.752,0.017,0.658,0.425,1.155,0.249
2016-12-01 01:47:32.323,191.948,0.023,-0.752,0.017,0.658,0.425,1.155,0.249
2016-12-01 01:47:32.334,191.948,0.023,-0.752,0.017,0.658,0.425,1.155,0.249
2016-12-01 01:47:32.346,191.969,0.023,-0.752,0.017,0.658,0.425,1.155,0.249
2016-12-01 01:47:32.357,191.991,0.023,-0.752,0.017,0.658,0.425,1.155,0.249
2016-12-01 01:47:32.368,191.991,0.022,-0.752,0.017,0.658,0.425,1.155,0.249
2016-12-01 01:47:32.379,192.012,0.022,-0.752,0.017,0.658,0.425,1.156,0.249
2016-12-01 01:47:32.391,192.012,0.022,-0.752,0.017,0.658,0.425,1.156,0.249
2016-12-01 01:47:32.401,192.012,0.022,-0.752,0.017,0.658,0.425,1.156,0.249
2016-12-01 01:47:32.412,192.033,0.022,-0.752,0.017,0.658,0.425,1.156,0.249
2016-12-01 01:47:32.424,192.033,0.022,-0.752,0.017,0.658,0.425,1.156,0.249
2016-12-01 01:47:32.435,192.055,0.023,-0.752,0.017,0.658,0.425,1.156,0.249
2016-12-01 01:47:32.446,192.076,0.023,-0.752,0.017,0.658,0.425,1.156,0.249
2016-12-01 01:47:32.457,192.076,0.023,-0.752,0.017,0.658,0.425,1.156,0.249
2016-12-01 01:47:32.468,192.097,0.023,-0.752,0.017,0.658,0.425,1.156,0.249
2016-12-01 01:47:32.480,192.097,0.023,-0.752,0.017,0.659,0.425,1.156,0.249
2016-12-01 01:47:32.490,192.119,0.023,-0.752,0.017,0.659,0.425,1.156,0.249
2016-12-01 01:47:32.502,192.119,0.023,-0.752,0.017,0.659,0.425,1.156,0.249
2016-12-01 01:47:32.513,192.140,0.023,-0.752,0.016,0.659,0.425,1.156,0.249
2016-12-01 01:47:32.525,192.140,0.023,-0.752,0.016,0.659,0.425,1.156,0.249
2016-12-01 01:47:32.535,192.161,0.023,-0.752,0.016,0.659,0.425,1.156,0.249
2016-12-01 01:47:32.547,192.183,0.023,-0.752,0.016,0.658,0.425,1.156,0.249
2016-12-01 01:47:32.558,192.183,0.023,-0.752,0.016,0.658,0.425,1.156,0.249
2016-12-01 01:47:32.569,192.183,0.022,-0.752,0.016,0.658,0.426,1.156,0.249
2016-12-01 01:47:32.580,192.204,0.022,-0.752,0.016,0.658,0.426,1.156,0.249
2016-12-01 01:47:32.592,192.204,0.022,-0.752,0.016,0.658,0.426,1.156,0.249
2016-12-01 01:47:32.602,192.225,0.022,-0.752,0.016,0.658,0.426,1.156,0.249
2016-12-01 01:47:32.613,192.225,0.022,-0.752,0.016,0.658,0.426,1.156,0.249
2016-12-01 01:47:32.625,192.247,0.022,-0.752,0.016,0.658,0.426,1.156,0.249
2016-12-01 01:47:32.636,192.268,0.022,-0.752,0.016,0.658,0.426,1.156,0.250
2016-12-01 01:47:32.647,192.268,0.022,-0.752,0.016,0.658,0.426,1.156,0.250
2016-12-01 01:47:32.658,192.289,0.022,-0.752,0.016,0.658,0.426,1.156,0.250
2016-12-01 01:47:32.669,192.289,0.022,-0.752,0.015,0.658,0.426,1.156,0.250
2016-12-01 01:47:32.680,192.311,0.022,-0.752,0.015,0.658,0.426,1.156,0.250
2016-12-01 01:47:32.692,192.311,0.022,-0.753,0.015,0.658,0.426,1.156,0.249
2016-12-01 01:47:32.703,192.332,0.022,-0.752,0.015,0.658,0.426,1.156,0.249
2016-12-01 01:47:32.715,192.332,0.022,-0.752,0.015,0.658,0.426,1.156,0.249
2016-12-01 01:47:32.725,192.332,0.021,-0.752,0.015,0.658,0.426,1.156,0.249
2016-12-01 01:47:32.737,192.353,0.021,-0.752,0.015,0.658,0.426,1.156,0.249
2016-12-01 01:47:32.748,192.375,0.021,-0.752,0.015,0.658,0.426,1.156,0.249
2016-12-01 01:47:32.759,192.375,0.021,-0.752,0.015,0.658,0.426,1.156,0.249
2016-12-01 01:47:32.770,192.396,0.021,-0.752,0.015,0.658,0.427,1.156,0.249
2016-12-01 01:47:32.781,192.396,0.021,-0.752,0.015,0.658,0.427,1.156,0.249
2016-12-01 01:47:32.792,192.417,0.021,-0.752,0.015,0.658,0.427,1.156,0.249
2016-12-01 01:47:32.803,192.417,0.021,-0.752,0.015,0.658,0.427,1.156,0.249
2016-12-01 01:47:32.814,192.439,0.021,-0.752,0.015,0.658,0.427,1.156,0.249
2016-12-01 01:47:32.826,192.460,0.022,-0.752,0.015,0.658,0.427,1.156,0.249
2016-12-01 01:47:32.837,192.460,0.022,-0.752,0.015,0.658,0.427,1.156,0.249
2016-12-01 01:47:32.848,192.481,0.022,-0.752,0.015,0.658,0.426,1.156,0.249
2016-12-01 01:47:32.859,192.481,0.022,-0.752,0.015,0.658,0.426,1.156,0.249
2016-12-01 01:47:32.870,192.503,0.022,-0.752,0.015,0.658,0.426,1.156,0.249
2016-12-01 01:47:32.882,192.503,0.022,-0.752,0.015,0.658,0.427,1.156,0.249
2016-12-01 01:47:32.893,192.503,0.022,-0.752,0.015,0.659,0.427,1.156,0.249
2016-12-01 01:47:32.904,192.524,0.022,-0.752,0.015,0.659,0.427,1.156,0.249
2016-12-01 01:47:32.915,192.524,0.022,-0.752,0.015,0.659,0.426,1.156,0.249
2016-12-01 01:47:32.926,192.545,0.022,-0.752,0.015,0.658,0.427,1.156,0.249
2016-12-01 01:47:32.938,192.567,0.022,-0.752,0.015,0.658,0.427,1.156,0.249
2016-12-01 01:47:32.949,192.567,0.022,-0.752,0.015,0.658,0.427,1.156,0.249
2016-12-01 01:47:32.960,192.588,0.022,-0.752,0.015,0.658,0.427,1.156,0.249
2016-12-01 01:47:32.971,192.588,0.022,-0.752,0.015,0.658,0.427,1.156,0.249
2016-12-01 01:47:32.982,192.609,0.022,-0.752,0.015,0.658,0.427,1.156,0.249
2016-12-01 01:47:32.994,192.609,0.022,-0.752,0.015,0.658,0.426,1.156,0.249
2016-12-01 01:47:33.004,192.631,0.021,-0.752,0.015,0.658,0.426,1.156,0.249
2016-12-01 01:47:33.016,192.652,0.021,-0.752,0.015,0.658,0.426,1.156,0.249
2016-12-01 01:47:33.027,192.652,0.022,-0.752,0.015,0.658,0.426,1.156,0.249
2016-12-01 01:47:33.038,192.652,0.022,-0.752,0.015,0.658,0.426,1.156,0.249
2016-12-01 01:47:33.049,192.673,0.022,-0.752,0.016,0.658,0.426,1.156,0.249
2016-12-01 01:47:33.060,192.673,0.022,-0.752,0.016,0.658,0.426,1.156,0.249
2016-12-01 01:47:33.072,192.695,0.022,-0.752,0.016,0.658,0.426,1.156,0.249
2016-12-01 01:47:33.083,192.695,0.022,-0.752,0.016,0.658,0.426,1.156,0.249
2016-12-01 01:47:33.094,192.716,0.022,-0.752,0.016,0.658,0.426,1.156,0.249
2016-12-01 01:47:33.105,192.716,0.022,-0.752,0.016,0.658,0.426,1.156,0.249
2016-12-01 01:47:33.116,192.737,0.023,-0.752,0.016,0.658,0.426,1.156,0.249
2016-12-01 01:47:33.128,192.759,0.023,-0.752,0.016,0.658,0.426,1.156,0.249
2016-12-01 01:47:33.138,192.759,0.023,-0.752,0.017,0.658,0.426,1.155,0.249
2016-12-01 01:47:33.150,192.780,0.023,-0.752,0.017,0.659,0.425,1.155,0.249
2016-12-01 01:47:33.161,192.780,0.024,-0.752,0.017,0.659,0.425,1.155,0.249
2016-12-01 01:47:33.172,192.801,0.024,-0.752,0.017,0.659,0.425,1.155,0.249
2016-12-01 01:47:33.184,192.801,0.024,-0.752,0.017,0.659,0.425,1.155,0.249
2016-12-01 01:47:33.194,192.823,0.025,-0.752,0.017,0.659,0.425,1.155,0.249
2016-12-01 01:47:33.205,192.823,0.025,-0.752,0.018,0.659,0.425,1.155,0.249
2016-12-01 01:47:33.217,192.844,0.025,-0.752,0.018,0.659,0.425,1.155,0.249
2016-12-01 01:47:33.228,192.844,0.025,-0.752,0.018,0.659,0.425,1.155,0.249
2016-12-01 01:47:33.239,192.865,0.025,-0.752,0.018,0.659,0.425,1.155,0.249
2016-12-01 01:47:33.251,192.865,0.025,-0.752,0.018,0.659,0.425,1.155,0.249
2016-12-01 01:47:33.262,192.887,0.025,-0.752,0.018,0.659,0.425,1.155,0.249
2016-12-01 01:47:33.273,192.887,0.025,-0.752,0.018,0.659,0.425,1.155,0.249
2016-12-01 01:47:33.284,192.908,0.026,-0.752,0.018,0.659,0.425,1.155,0.249
2016-12-01 01:47:33.295,192.908,0.026,-0.751,0.018,0.659,0.425,1.155,0.249
2016-12-01 01:47:33.306,192.929,0.026,-0.751,0.018,0.659,0.425,1.155,0.249
2016-12-01 01:47:33.318,192.951,0.026,-0.751,0.018,0.659,0.425,1.155,0.249
2016-12-01 01:47:33.329,192.951,0.026,-0.751,0.018,0.659,0.425,1.155,0.249
2016-12-01 01:47:33.340,192.972,0.026,-0.751,0.018,0.659,0.425,1.155,0.249
2016-12-01 01:47:33.351,192.972,0.026,-0.752,0.019,0.659,0.425,1.155,0.249
2016-12-01 01:47:33.362,192.993,0.026,-0.752,0.019,0.659,0.425,1.155,0.249
2016-12-01 01:47:33.373,192.993,0.026,-0.752,0.018,0.659,0.425,1.155,0.249
2016-12-01 01:47:33.384,192.993,0.026,-0.752,0.018,0.659,0.425,1.155,0.249
2016-12-01 01:47:33.395,193.015,0.026,-0.752,0.018,0.659,0.425,1.155,0.249
2016-12-01 01:47:33.406,193.036,0.026,-0.752,0.018,0.659,0.425,1.155,0.249
2016-12-01 01:47:33.418,193.036,0.026,-0.752,0.018,0.659,0.425,1.155,0.249
2016-12-01 01:47:33.429,193.057,0.026,-0.751,0.018,0.659,0.425,1.155,0.249
2016-12-01 01:47:33.440,193.057,0.026,-0.751,0.018,0.659,0.425,1.155,0.249
2016-12-01 01:47:33.452,193.079,0.026,-0.751,0.019,0.659,0.425,1.155,0.250
2016-12-01 01:47:33.463,193.079,0.026,-0.751,0.019,0.659,0.425,1.155,0.250
2016-12-01 01:47:33.474,193.100,0.026,-0.751,0.019,0.659,0.425,1.155,0.249
2016-12-01 01:47:33.486,193.100,0.026,-0.751,0.019,0.659,0.425,1.155,0.249
2016-12-01 01:47:33.496,193.121,0.026,-0.751,0.018,0.659,0.424,1.155,0.249
2016-12-01 01:47:33.507,193.143,0.026,-0.751,0.019,0.659,0.425,1.155,0.249
2016-12-01 01:47:33.519,193.143,0.026,-0.751,0.018,0.659,0.424,1.155,0.249
2016-12-01 01:47:33.529,193.143,0.026,-0.751,0.019,0.659,0.424,1.155,0.249
2016-12-01 01:47:33.541,193.164,0.026,-0.751,0.019,0.659,0.424,1.155,0.249
2016-12-01 01:47:33.552,193.164,0.027,-0.751,0.019,0.659,0.425,1.155,0.249
2016-12-01 01:47:33.563,193.185,0.027,-0.751,0.019,0.659,0.424,1.155,0.249
2016-12-01 01:47:33.574,193.185,0.027,-0.751,0.019,0.659,0.424,1.155,0.249
2016-12-01 01:47:33.585,193.207,0.027,-0.751,0.019,0.659,0.424,1.155,0.249
2016-12-01 01:47:33.597,193.228,0.027,-0.751,0.019,0.660,0.424,1.155,0.249
2016-12-01 01:47:33.608,193.228,0.027,-0.751,0.019,0.660,0.424,1.155,0.249
2016-12-01 01:47:33.618,193.249,0.027,-0.751,0.019,0.660,0.424,1.155,0.249
2016-12-01 01:47:33.630,193.249,0.027,-0.751,0.019,0.660,0.424,1.155,0.249
2016-12-01 01:47:33.641,193.271,0.027,-0.751,0.019,0.660,0.425,1.155,0.249
2016-12-01 01:47:33.653,193.271,0.027,-0.751,0.019,0.660,0.425,1.155,0.249
2016-12-01 01:47:33.664,193.292,0.027,-0.751,0.019,0.660,0.425,1.155,0.249
2016-12-01 01:47:33.675,193.292,0.027,-0.751,0.019,0.660,0.425,1.155,0.249
2016-12-01 01:47:33.686,193.313,0.027,-0.751,0.019,0.659,0.424,1.155,0.249
2016-12-01 01:47:33.698,193.313,0.027,-0.751,0.019,0.659,0.424,1.155,0.249
2016-12-01 01:47:33.708,193.335,0.027,-0.751,0.019,0.659,0.424,1.154,0.249
2016-12-01 01:47:33.720,193.335,0.027,-0.751,0.019,0.659,0.424,1.154,0.249
2016-12-01 01:47:33.731,193.356,0.027,-0.751,0.019,0.659,0.424,1.154,0.249
2016-12-01 01:47:33.742,193.356,0.027,-0.751,0.020,0.659,0.424,1.155,0.249
2016-12-01 01:47:33.753,193.377,0.027,-0.751,0.020,0.659,0.424,1.155,0.249
2016-12-01 01:47:33.765,193.377,0.027,-0.751,0.020,0.660,0.424,1.155,0.249
2016-12-01 01:47:33.775,193.399,0.027,-0.751,0.020,0.660,0.424,1.155,0.249
2016-12-01 01:47:33.787,193.420,0.027,-0.751,0.020,0.660,0.424,1.155,0.249
2016-12-01 01:47:33.797,193.420,0.027,-0.751,0.020,0.660,0.424,1.155,0.249
2016-12-01 01:47:33.808,193.441,0.027,-0.751,0.020,0.660,0.424,1.155,0.249
2016-12-01 01:47:33.820,193.441,0.027,-0.751,0.020,0.660,0.424,1.155,0.249
2016-12-01 01:47:33.831,193.463,0.027,-0.751,0.020,0.660,0.424,1.155,0.249
2016-12-01 01:47:33.843,193.463,0.027,-0.751,0.020,0.660,0.424,1.154,0.249
2016-12-01 01:47:33.853,193.463,0.028,-0.751,0.020,0.660,0.424,1.154,0.249
2016-12-01 01:47:33.865,193.484,0.028,-0.750,0.020,0.660,0.424,1.154,0.249
2016-12-01 01:47:33.876,193.484,0.028,-0.750,0.020,0.660,0.424,1.154,0.249
2016-12-01 01:47:33.887,193.505,0.028,-0.750,0.020,0.660,0.424,1.154,0.249
2016-12-01 01:47:33.899,193.527,0.028,-0.750,0.021,0.660,0.424,1.154,0.249
2016-12-01 01:47:33.909,193.527,0.028,-0.750,0.021,0.660,0.424,1.154,0.249
2016-12-01 01:47:33.920,193.548,0.028,-0.750,0.021,0.660,0.424,1.154,0.249
2016-12-01 01:47:33.932,193.548,0.029,-0.750,0.021,0.660,0.424,1.154,0.249
2016-12-01 01:47:33.943,193.569,0.029,-0.750,0.021,0.660,0.424,1.154,0.249
2016-12-01 01:47:33.955,193.569,0.029,-0.750,0.021,0.660,0.424,1.154,0.249
2016-12-01 01:47:33.965,193.591,0.029,-0.750,0.021,0.660,0.424,1.154,0.249
2016-12-01 01:47:33.976,193.612,0.029,-0.750,0.021,0.660,0.424,1.154,0.249
2016-12-01 01:47:33.988,193.612,0.028,-0.750,0.021,0.660,0.424,1.154,0.249
2016-12-01 01:47:33.998,193.633,0.028,-0.750,0.021,0.660,0.424,1.154,0.249
2016-12-01 01:47:34.010,193.633,0.029,-0.750,0.021,0.660,0.424,1.154,0.249
2016-12-01 01:47:34.021,193.633,0.028,-0.750,0.021,0.660,0.424,1.154,0.249
2016-12-01 01:47:34.032,193.655,0.028,-0.750,0.021,0.660,0.423,1.154,0.249
2016-12-01 01:47:34.043,193.655,0.029,-0.750,0.021,0.660,0.423,1.154,0.249
2016-12-01 01:47:34.055,193.676,0.029,-0.750,0.021,0.660,0.423,1.154,0.249
2016-12-01 01:47:34.066,193.697,0.029,-0.750,0.022,0.660,0.423,1.154,0.249
2016-12-01 01:47:34.077,193.697,0.029,-0.750,0.022,0.661,0.423,1.154,0.249
2016-12-01 01:47:34.088,193.719,0.029,-0.750,0.022,0.661,0.423,1.154,0.249
2016-12-01 01:47:34.099,193.719,0.029,-0.750,0.022,0.661,0.423,1.154,0.249
2016-12-01 01:47:34.110,193.740,0.029,-0.750,0.022,0.661,0.424,1.154,0.249
2016-12-01 01:47:34.122,193.740,0.029,-0.750,0.022,0.661,0.424,1.154,0.249
2016-12-01 01:47:34.132,193.761,0.029,-0.750,0.022,0.661,0.423,1.154,0.249
2016-12-01 01:47:34.144,193.761,0.029,-0.749,0.022,0.661,0.423,1.154,0.249
2016-12-01 01:47:34.155,193.783,0.029,-0.749,0.022,0.661,0.423,1.154,0.249
2016-12-01 01:47:34.166,193.804,0.029,-0.749,0.022,0.661,0.423,1.154,0.249
2016-12-01 01:47:34.178,193.804,0.029,-0.749,0.022,0.661,0.423,1.154,0.249
2016-12-01 01:47:34.188,193.804,0.029,-0.749,0.022,0.662,0.423,1.154,0.249
2016-12-01 01:47:34.200,193.825,0.029,-0.749,0.022,0.662,0.423,1.154,0.249
2016-12-01 01:47:34.211,193.825,0.029,-0.749,0.022,0.662,0.423,1.154,0.249
2016-12-01 01:47:34.222,193.847,0.029,-0.749,0.022,0.662,0.423,1.154,0.249
2016-12-01 01:47:34.234,193.847,0.029,-0.749,0.022,0.662,0.423,1.154,0.249
2016-12-01 01:47:34.245,193.868,0.029,-0.748,0.021,0.662,0.424,1.154,0.250
2016-12-01 01:47:34.256,193.868,0.029,-0.748,0.021,0.662,0.424,1.154,0.250
2016-12-01 01:47:34.267,193.889,0.029,-0.748,0.021,0.662,0.424,1.154,0.250
2016-12-01 01:47:34.278,193.911,0.029,-0.748,0.021,0.663,0.424,1.154,0.250
2016-12-01 01:47:34.289,193.911,0.029,-0.748,0.021,0.663,0.424,1.154,0.250
2016-12-01 01:47:34.300,193.932,0.029,-0.748,0.021,0.663,0.424,1.154,0.250
2016-12-01 01:47:34.312,193.932,0.029,-0.748,0.021,0.663,0.424,1.154,0.250
2016-12-01 01:47:34.322,193.953,0.029,-0.748,0.021,0.663,0.424,1.154,0.250
2016-12-01 01:47:34.334,193.953,0.029,-0.747,0.021,0.663,0.423,1.154,0.250
2016-12-01 01:47:34.345,193.953,0.029,-0.747,0.021,0.663,0.423,1.154,0.250
2016-12-01 01:47:34.356,193.975,0.029,-0.747,0.021,0.664,0.423,1.154,0.250
2016-12-01 01:47:34.367,193.996,0.029,-0.747,0.021,0.664,0.423,1.154,0.250
2016-12-01 01:47:34.379,193.996,0.029,-0.747,0.021,0.664,0.423,1.154,0.250
2016-12-01 01:47:34.390,194.017,0.030,-0.747,0.021,0.664,0.423,1.154,0.250
2016-12-01 01:47:34.401,194.017,0.030,-0.747,0.021,0.664,0.423,1.154,0.250
2016-12-01 01:47:34.412,194.039,0.030,-0.747,0.022,0.664,0.423,1.154,0.250
2016-12-01 01:47:34.424,194.039,0.030,-0.747,0.022,0.664,0.423,1.154,0.250
2016-12-01 01:47:34.434,194.060,0.030,-0.747,0.022,0.664,0.423,1.154,0.250
2016-12-01 01:47:34.446,194.060,0.030,-0.747,0.021,0.664,0.423,1.154,0.250
2016-12-01 01:47:34.457,194.081,0.030,-0.747,0.022,0.664,0.423,1.154,0.250
2016-12-01 01:47:34.468,194.103,0.030,-0.747,0.021,0.664,0.423,1.154,0.250
2016-12-01 01:47:34.480,194.103,0.030,-0.747,0.021,0.664,0.423,1.154,0.250
2016-12-01 01:47:34.490,194.124,0.030,-0.747,0.021,0.664,0.423,1.154,0.250
2016-12-01 01:47:34.501,194.124,0.030,-0.747,0.021,0.664,0.423,1.154,0.250
2016-12-01 01:47:34.513,194.124,0.030,-0.747,0.021,0.664,0.423,1.154,0.250
2016-12-01 01:47:34.523,194.145,0.030,-0.747,0.021,0.664,0.423,1.154,0.250
2016-12-01 01:47:34.535,194.145,0.030,-0.747,0.021,0.664,0.423,1.154,0.250
2016-12-01 01:47:34.546,194.167,0.030,-0.746,0.021,0.664,0.423,1.154,0.250
2016-12-01 01:47:34.557,194.188,0.030,-0.746,0.021,0.665,0.423,1.154,0.250
2016-12-01 01:47:34.569,194.188,0.030,-0.746,0.021,0.665,0.423,1.154,0.250
2016-12-01 01:47:34.581,194.209,0.030,-0.746,0.021,0.665,0.423,1.154,0.250
2016-12-01 01:47:34.591,194.209,0.030,-0.746,0.021,0.665,0.423,1.154,0.250
2016-12-01 01:47:34.602,194.231,0.030,-0.746,0.021,0.665,0.423,1.154,0.250
2016-12-01 01:47:34.614,194.231,0.029,-0.746,0.021,0.665,0.423,1.154,0.250
2016-12-01 01:47:34.624,194.252,0.030,-0.746,0.021,0.665,0.423,1.154,0.250
2016-12-01 01:47:34.635,194.252,0.030,-0.745,0.021,0.666,0.423,1.154,0.250
2016-12-01 01:47:34.647,194.273,0.029,-0.745,0.021,0.666,0.423,1.154,0.250
2016-12-01 01:47:34.658,194.273,0.029,-0.745,0.021,0.666,0.423,1.155,0.250
2016-12-01 01:47:34.669,194.295,0.030,-0.745,0.022,0.666,0.423,1.155,0.250
2016-12-01 01:47:34.681,194.295,0.030,-0.745,0.022,0.667,0.423,1.155,0.250
2016-12-01 01:47:34.691,194.316,0.030,-0.744,0.022,0.667,0.423,1.155,0.250
2016-12-01 01:47:34.702,194.316,0.029,-0.744,0.023,0.667,0.423,1.155,0.250
2016-12-01 01:47:34.713,194.337,0.029,-0.744,0.023,0.667,0.422,1.155,0.251
2016-12-01 01:47:34.725,194.337,0.029,-0.744,0.023,0.667,0.422,1.155,0.250
2016-12-01 01:47:34.736,194.359,0.029,-0.744,0.023,0.667,0.422,1.155,0.251
2016-12-01 01:47:34.747,194.380,0.029,-0.744,0.023,0.667,0.422,1.155,0.251
2016-12-01 01:47:34.759,194.380,0.029,-0.744,0.023,0.667,0.422,1.155,0.251
2016-12-01 01:47:34.769,194.401,0.029,-0.745,0.023,0.666,0.422,1.155,0.251
2016-12-01 01:47:34.781,194.401,0.028,-0.745,0.023,0.666,0.422,1.155,0.251
2016-12-01 01:47:34.792,194.423,0.028,-0.746,0.023,0.665,0.422,1.155,0.251
2016-12-01 01:47:34.803,194.423,0.028,-0.746,0.023,0.665,0.422,1.155,0.251
2016-12-01 01:47:34.814,194.444,0.028,-0.747,0.022,0.664,0.422,1.155,0.251
2016-12-01 01:47:34.825,194.444,0.028,-0.747,0.022,0.663,0.422,1.155,0.251
2016-12-01 01:47:34.836,194.465,0.028,-0.748,0.022,0.662,0.422,1.155,0.251
2016-12-01 01:47:34.848,194.465,0.028,-0.749,0.022,0.661,0.422,1.155,0.251
2016-12-01 01:47:34.859,194.487,0.028,-0.750,0.022,0.660,0.421,1.155,0.251
2016-12-01 01:47:34.870,194.487,0.029,-0.751,0.022,0.659,0.421,1.155,0.251
2016-12-01 01:47:34.881,194.508,0.029,-0.752,0.021,0.658,0.421,1.155,0.251
2016-12-01 01:47:34.892,194.508,0.030,-0.754,0.021,0.656,0.421,1.155,0.251
2016-12-01 01:47:34.903,194.529,0.030,-0.755,0.021,0.655,0.421,1.155,0.251
2016-12-01 01:47:34.915,194.529,0.030,-0.756,0.021,0.653,0.421,1.155,0.251
2016-12-01 01:47:34.925,194.551,0.030,-0.758,0.021,0.652,0.421,1.155,0.252
2016-12-01 01:47:34.937,194.572,0.031,-0.759,0.020,0.650,0.421,1.154,0.252
2016-12-01 01:47:34.949,194.572,0.031,-0.760,0.020,0.649,0.421,1.155,0.251
2016-12-01 01:47:34.959,194.593,0.032,-0.762,0.020,0.647,0.420,1.154,0.251
2016-12-01 01:47:34.971,194.593,0.032,-0.763,0.020,0.646,0.420,1.154,0.252
2016-12-01 01:47:34.982,194.615,0.033,-0.764,0.020,0.644,0.420,1.154,0.252
2016-12-01 01:47:34.993,194.615,0.033,-0.765,0.021,0.643,0.420,1.154,0.252
2016-12-01 01:47:35.004,194.615,0.033,-0.766,0.020,0.642,0.420,1.154,0.252
2016-12-01 01:47:35.015,194.636,0.034,-0.767,0.021,0.641,0.420,1.154,0.252
2016-12-01 01:47:35.027,194.657,0.034,-0.768,0.021,0.639,0.420,1.154,0.252
2016-12-01 01:47:35.037,194.657,0.034,-0.769,0.020,0.638,0.420,1.154,0.252
2016-12-01 01:47:35.049,194.679,0.034,-0.770,0.020,0.637,0.420,1.154,0.252
2016-12-01 01:47:35.060,194.679,0.034,-0.771,0.020,0.636,0.420,1.155,0.252
2016-12-01 01:47:35.071,194.700,0.034,-0.772,0.020,0.635,0.420,1.155,0.252
2016-12-01 01:47:35.082,194.700,0.034,-0.773,0.019,0.633,0.420,1.155,0.252
2016-12-01 01:47:35.093,194.721,0.034,-0.774,0.019,0.632,0.420,1.155,0.252
2016-12-01 01:47:35.104,194.721,0.034,-0.775,0.019,0.631,0.420,1.155,0.252
2016-12-01 01:47:35.115,194.743,0.034,-0.776,0.019,0.629,0.420,1.155,0.252
2016-12-01 01:47:35.127,194.764,0.033,-0.777,0.019,0.628,0.420,1.155,0.252
2016-12-01 01:47:35.138,194.764,0.033,-0.778,0.019,0.627,0.420,1.155,0.253
2016-12-01 01:47:35.149,194.764,0.033,-0.779,0.018,0.625,0.420,1.155,0.253
2016-12-01 01:47:35.160,194.785,0.033,-0.781,0.019,0.624,0.420,1.155,0.253
2016-12-01 01:47:35.172,194.785,0.032,-0.782,0.018,0.622,0.420,1.155,0.253
2016-12-01 01:47:35.183,194.807,0.032,-0.783,0.019,0.621,0.421,1.155,0.253
2016-12-01 01:47:35.194,194.807,0.032,-0.784,0.019,0.620,0.421,1.155,0.253
2016-12-01 01:47:35.205,194.828,0.032,-0.785,0.019,0.618,0.421,1.155,0.253
2016-12-01 01:47:35.216,194.849,0.032,-0.786,0.019,0.617,0.421,1.155,0.253
2016-12-01 01:47:35.228,194.849,0.032,-0.787,0.018,0.616,0.421,1.155,0.253
2016-12-01 01:47:35.238,194.871,0.031,-0.788,0.018,0.614,0.421,1.155,0.253
2016-12-01 01:47:35.250,194.871,0.031,-0.789,0.018,0.613,0.421,1.155,0.253
2016-12-01 01:47:35.261,194.892,0.032,-0.790,0.018,0.612,0.421,1.155,0.253
2016-12-01 01:47:35.272,194.892,0.032,-0.791,0.018,0.611,0.421,1.155,0.253
2016-12-01 01:47:35.283,194.913,0.032,-0.792,0.018,0.610,0.421,1.155,0.253
2016-12-01 01:47:35.295,194.913,0.032,-0.793,0.018,0.609,0.421,1.155,0.253
2016-12-01 01:47:35.305,194.935,0.032,-0.793,0.018,0.608,0.421,1.155,0.253
2016-12-01 01:47:35.317,194.935,0.032,-0.794,0.018,0.607,0.421,1.155,0.253
2016-12-01 01:47:35.328,194.956,0.032,-0.795,0.018,0.606,0.421,1.155,0.253
2016-12-01 01:47:35.339,194.956,0.032,-0.795,0.018,0.605,0.421,1.155,0.253
2016-12-01 01:47:35.351,194.977,0.032,-0.796,0.017,0.605,0.421,1.155,0.253
2016-12-01 01:47:35.362,194.977,0.032,-0.796,0.018,0.604,0.421,1.155,0.253
2016-12-01 01:47:35.373,194.999,0.032,-0.796,0.018,0.604,0.421,1.155,0.253
2016-12-01 01:47:35.384,194.999,0.032,-0.797,0.018,0.603,0.421,1.155,0.253
2016-12-01 01:47:35.395,195.020,0.032,-0.797,0.018,0.603,0.421,1.155,0.253
2016-12-01 01:47:35.406,195.020,0.032,-0.797,0.018,0.603,0.421,1.155,0.253
2016-12-01 01:47:35.417,195.041,0.033,-0.797,0.018,0.603,0.421,1.155,0.253
2016-12-01 01:47:35.429,195.063,0.033,-0.797,0.018,0.603,0.421,1.155,0.253
2016-12-01 01:47:35.440,195.063,0.033,-0.797,0.018,0.602,0.421,1.155,0.253
2016-12-01 01:47:35.451,195.084,0.033,-0.797,0.018,0.602,0.421,1.155,0.253
2016-12-01 01:47:35.462,195.084,0.033,-0.797,0.018,0.602,0.421,1.155,0.253
2016-12-01 01:47:35.473,195.084,0.033,-0.797,0.018,0.602,0.421,1.155,0.253
2016-12-01 01:47:35.484,195.105,0.033,-0.797,0.018,0.602,0.421,1.155,0.253
2016-12-01 01:47:35.496,195.127,0.033,-0.797,0.018,0.602,0.421,1.155,0.253
2016-12-01 01:47:35.507,195.127,0.033,-0.797,0.018,0.602,0.421,1.155,0.253
2016-12-01 01:47:35.518,195.148,0.033,-0.797,0.018,0.603,0.421,1.155,0.253
2016-12-01 01:47:35.529,195.148,0.033,-0.797,0.018,0.603,0.421,1.155,0.253
2016-12-01 01:47:35.540,195.169,0.033,-0.797,0.018,0.603,0.421,1.155,0.253
2016-12-01 01:47:35.552,195.169,0.033,-0.797,0.018,0.603,0.421,1.155,0.253
2016-12-01 01:47:35.563,195.191,0.033,-0.796,0.018,0.604,0.420,1.155,0.253
2016-12-01 01:47:35.574,195.191,0.033,-0.796,0.018,0.604,0.420,1.155,0.253
2016-12-01 01:47:35.585,195.212,0.033,-0.796,0.019,0.604,0.420,1.155,0.253
2016-12-01 01:47:35.596,195.233,0.033,-0.796,0.019,0.605,0.420,1.155,0.253
2016-12-01 01:47:35.607,195.233,0.033,-0.795,0.019,0.605,0.420,1.155,0.253
2016-12-01 01:47:35.618,195.255,0.034,-0.795,0.019,0.606,0.420,1.155,0.253
2016-12-01 01:47:35.629,195.255,0.034,-0.795,0.019,0.606,0.420,1.155,0.253
2016-12-01 01:47:35.640,195.255,0.034,-0.794,0.019,0.606,0.420,1.155,0.253
2016-12-01 01:47:35.652,195.276,0.034,-0.794,0.019,0.607,0.420,1.155,0.253
2016-12-01 01:47:35.663,195.276,0.034,-0.794,0.019,0.607,0.420,1.155,0.253
2016-12-01 01:47:35.674,195.297,0.034,-0.793,0.019,0.608,0.420,1.155,0.253
2016-12-01 01:47:35.685,195.297,0.034,-0.793,0.019,0.608,0.420,1.155,0.253
2016-12-01 01:47:35.697,195.319,0.034,-0.792,0.020,0.609,0.420,1.155,0.253
2016-12-01 01:47:35.708,195.340,0.034,-0.792,0.020,0.609,0.420,1.155,0.253
2016-12-01 01:47:35.719,195.340,0.034,-0.791,0.020,0.610,0.420,1.155,0.253
2016-12-01 01:47:35.730,195.361,0.034,-0.791,0.020,0.611,0.419,1.154,0.253
2016-12-01 01:47:35.741,195.361,0.034,-0.790,0.020,0.611,0.419,1.154,0.253
2016-12-01 01:47:35.753,195.383,0.034,-0.790,0.020,0.612,0.419,1.154,0.253
2016-12-01 01:47:35.764,195.383,0.034,-0.789,0.020,0.613,0.419,1.154,0.253
2016-12-01 01:47:35.775,195.404,0.034,-0.788,0.020,0.614,0.419,1.154,0.253
2016-12-01 01:47:35.786,195.425,0.035,-0.788,0.020,0.615,0.419,1.154,0.253
2016-12-01 01:47:35.797,195.425,0.035,-0.787,0.020,0.616,0.419,1.154,0.253
2016-12-01 01:47:35.808,195.425,0.035,-0.786,0.020,0.617,0.419,1.154,0.253
2016-12-01 01:47:35.819,195.447,0.035,-0.785,0.020,0.618,0.419,1.154,0.253
2016-12-01 01:47:35.831,195.447,0.035,-0.784,0.021,0.619,0.419,1.154,0.253
2016-12-01 01:47:35.841,195.468,0.035,-0.783,0.021,0.620,0.419,1.154,0.253
2016-12-01 01:47:35.853,195.468,0.035,-0.783,0.021,0.621,0.419,1.154,0.253
2016-12-01 01:47:35.864,195.489,0.035,-0.782,0.021,0.622,0.419,1.154,0.253
2016-12-01 01:47:35.875,195.489,0.035,-0.781,0.021,0.623,0.419,1.154,0.253
2016-12-01 01:47:35.887,195.511,0.035,-0.780,0.021,0.624,0.419,1.154,0.253
2016-12-01 01:47:35.898,195.532,0.035,-0.779,0.021,0.625,0.419,1.154,0.253
2016-12-01 01:47:35.909,195.532,0.036,-0.778,0.021,0.626,0.419,1.154,0.253
2016-12-01 01:47:35.920,195.553,0.036,-0.778,0.020,0.627,0.419,1.154,0.253
2016-12-01 01:47:35.931,195.553,0.036,-0.777,0.020,0.628,0.419,1.154,0.253
2016-12-01 01:47:35.942,195.575,0.036,-0.776,0.020,0.629,0.419,1.154,0.253
2016-12-01 01:47:35.954,195.575,0.036,-0.775,0.020,0.630,0.419,1.154,0.253
2016-12-01 01:47:35.965,195.575,0.036,-0.774,0.020,0.632,0.419,1.154,0.253
2016-12-01 01:47:35.976,195.596,0.036,-0.773,0.020,0.633,0.419,1.154,0.253
2016-12-01 01:47:35.988,195.617,0.035,-0.773,0.020,0.634,0.419,1.154,0.253
2016-12-01 01:47:35.998,195.617,0.035,-0.772,0.020,0.635,0.419,1.154,0.253
2016-12-01 01:47:36.009,195.639,0.035,-0.771,0.020,0.636,0.419,1.154,0.253
2016-12-01 01:47:36.021,195.639,0.035,-0.770,0.021,0.637,0.419,1.154,0.253
2016-12-01 01:47:36.031,195.660,0.035,-0.769,0.021,0.638,0.419,1.154,0.253
2016-12-01 01:47:36.043,195.660,0.035,-0.768,0.021,0.639,0.419,1.154,0.253
2016-12-01 01:47:36.054,195.681,0.035,-0.767,0.021,0.641,0.419,1.154,0.253
2016-12-01 01:47:36.065,195.681,0.035,-0.766,0.020,0.642,0.419,1.154,0.253
2016-12-01 01:47:36.076,195.703,0.035,-0.765,0.020,0.643,0.419,1.154,0.254
2016-12-01 01:47:36.088,195.724,0.035,-0.764,0.020,0.644,0.420,1.154,0.254
2016-12-01 01:47:36.099,195.724,0.035,-0.763,0.021,0.646,0.420,1.154,0.253
2016-12-01 01:47:36.110,195.745,0.035,-0.762,0.021,0.647,0.420,1.154,0.254
2016-12-01 01:47:36.121,195.745,0.035,-0.760,0.021,0.648,0.420,1.154,0.253
2016-12-01 01:47:36.132,195.745,0.035,-0.759,0.021,0.649,0.420,1.154,0.253
2016-12-01 01:47:36.143,195.767,0.035,-0.758,0.021,0.651,0.420,1.154,0.253
2016-12-01 01:47:36.155,195.767,0.035,-0.757,0.021,0.652,0.420,1.154,0.253
2016-12-01 01:47:36.166,195.788,0.035,-0.756,0.021,0.653,0.420,1.154,0.253
2016-12-01 01:47:36.177,195.809,0.035,-0.755,0.021,0.654,0.420,1.154,0.253
2016-12-01 01:47:36.188,195.809,0.035,-0.754,0.021,0.655,0.420,1.154,0.253
2016-12-01 01:47:36.199,195.831,0.035,-0.753,0.021,0.656,0.421,1.154,0.253
2016-12-01 01:47:36.210,195.831,0.035,-0.752,0.021,0.657,0.421,1.154,0.253
2016-12-01 01:47:36.221,195.852,0.035,-0.751,0.021,0.659,0.421,1.154,0.253
2016-12-01 01:47:36.232,195.852,0.035,-0.751,0.021,0.660,0.421,1.154,0.253
2016-12-01 01:47:36.244,195.873,0.035,-0.750,0.021,0.661,0.421,1.154,0.253
2016-12-01 01:47:36.255,195.873,0.034,-0.749,0.021,0.662,0.421,1.154,0.253
2016-12-01 01:47:36.266,195.895,0.034,-0.748,0.021,0.663,0.421,1.154,0.253
2016-12-01 01:47:36.277,195.895,0.034,-0.747,0.021,0.664,0.422,1.154,0.252
2016-12-01 01:47:36.289,195.916,0.034,-0.746,0.021,0.665,0.422,1.154,0.252
2016-12-01 01:47:36.300,195.916,0.034,-0.745,0.021,0.666,0.422,1.154,0.252
2016-12-01 01:47:36.311,195.937,0.034,-0.744,0.021,0.667,0.422,1.154,0.252
2016-12-01 01:47:36.322,195.937,0.033,-0.743,0.021,0.668,0.422,1.154,0.252
2016-12-01 01:47:36.333,195.959,0.033,-0.743,0.021,0.669,0.422,1.154,0.252
2016-12-01 01:47:36.344,195.959,0.033,-0.742,0.021,0.670,0.422,1.154,0.252
2016-12-01 01:47:36.355,195.980,0.033,-0.741,0.020,0.670,0.422,1.154,0.252
2016-12-01 01:47:36.367,196.001,0.033,-0.740,0.020,0.671,0.423,1.154,0.252
2016-12-01 01:47:36.378,196.001,0.032,-0.739,0.020,0.672,0.423,1.154,0.252
2016-12-01 01:47:36.389,196.023,0.032,-0.739,0.020,0.673,0.423,1.154,0.252
2016-12-01 01:47:36.400,196.023,0.032,-0.738,0.020,0.674,0.423,1.154,0.252
2016-12-01 01:47:36.411,196.044,0.031,-0.737,0.020,0.675,0.423,1.154,0.252
2016-12-01 01:47:36.423,196.044,0.031,-0.737,0.020,0.675,0.423,1.154,0.252
2016-12-01 01:47:36.433,196.065,0.031,-0.736,0.020,0.676,0.423,1.154,0.252
2016-12-01 01:47:36.445,196.065,0.031,-0.735,0.020,0.677,0.423,1.154,0.252
2016-12-01 01:47:36.456,196.087,0.031,-0.734,0.020,0.678,0.423,1.154,0.252
2016-12-01 01:47:36.467,196.087,0.031,-0.734,0.020,0.678,0.423,1.154,0.252
2016-12-01 01:47:36.478,196.108,0.031,-0.733,0.020,0.679,0.423,1.154,0.251
2016-12-01 01:47:36.490,196.108,0.030,-0.732,0.019,0.680,0.423,1.154,0.251
2016-12-01 01:47:36.501,196.129,0.030,-0.732,0.019,0.681,0.423,1.154,0.251
2016-12-01 01:47:36.512,196.129,0.030,-0.731,0.019,0.681,0.423,1.154,0.251
2016-12-01 01:47:36.523,196.151,0.030,-0.730,0.019,0.682,0.423,1.154,0.251
2016-12-01 01:47:36.534,196.151,0.030,-0.730,0.019,0.683,0.423,1.154,0.251
2016-12-01 01:47:36.546,196.172,0.029,-0.729,0.019,0.683,0.423,1.154,0.251
2016-12-01 01:47:36.557,196.193,0.029,-0.728,0.020,0.684,0.423,1.154,0.251
2016-12-01 01:47:36.568,196.193,0.029,-0.728,0.020,0.685,0.423,1.154,0.251
2016-12-01 01:47:36.579,196.215,0.030,-0.727,0.020,0.686,0.423,1.154,0.251
2016-12-01 01:47:36.590,196.215,0.029,-0.727,0.020,0.686,0.423,1.154,0.251
2016-12-01 01:47:36.601,196.236,0.029,-0.726,0.020,0.687,0.423,1.154,0.251
2016-12-01 01:47:36.613,196.236,0.029,-0.726,0.020,0.687,0.423,1.154,0.251
2016-12-01 01:47:36.623,196.236,0.029,-0.725,0.020,0.688,0.423,1.154,0.251
2016-12-01 01:47:36.634,196.257,0.029,-0.725,0.020,0.688,0.423,1.154,0.251
2016-12-01 01:47:36.646,196.279,0.029,-0.724,0.020,0.689,0.423,1.154,0.251
2016-12-01 01:47:36.658,196.279,0.029,-0.724,0.021,0.689,0.423,1.154,0.251
2016-12-01 01:47:36.668,196.300,0.029,-0.723,0.021,0.690,0.423,1.154,0.251
2016-12-01 01:47:36.680,196.300,0.029,-0.723,0.021,0.690,0.423,1.154,0.251
2016-12-01 01:47:36.691,196.321,0.029,-0.723,0.021,0.690,0.423,1.154,0.251
2016-12-01 01:47:36.702,196.321,0.029,-0.722,0.021,0.691,0.423,1.154,0.250
2016-12-01 01:47:36.713,196.343,0.029,-0.722,0.021,0.691,0.423,1.154,0.251
2016-12-01 01:47:36.725,196.343,0.029,-0.721,0.021,0.691,0.423,1.154,0.250
2016-12-01 01:47:36.735,196.364,0.030,-0.721,0.022,0.692,0.422,1.154,0.251
2016-12-01 01:47:36.747,196.385,0.030,-0.721,0.022,0.692,0.422,1.154,0.251
2016-12-01 01:47:36.757,196.385,0.030,-0.720,0.022,0.693,0.422,1.154,0.251
2016-12-01 01:47:36.769,196.385,0.030,-0.720,0.022,0.693,0.422,1.154,0.251
2016-12-01 01:47:36.780,196.407,0.030,-0.720,0.022,0.693,0.422,1.154,0.251
2016-12-01 01:47:36.791,196.407,0.030,-0.719,0.022,0.694,0.422,1.154,0.251
2016-12-01 01:47:36.802,196.428,0.030,-0.719,0.022,0.694,0.422,1.154,0.251
2016-12-01 01:47:36.813,196.428,0.030,-0.719,0.022,0.694,0.422,1.154,0.251
2016-12-01 01:47:36.825,196.449,0.030,-0.719,0.022,0.694,0.422,1.154,0.251
2016-12-01 01:47:36.836,196.471,0.030,-0.719,0.022,0.695,0.422,1.154,0.251
2016-12-01 01:47:36.847,196.471,0.030,-0.718,0.022,0.695,0.422,1.154,0.251
2016-12-01 01:47:36.859,196.492,0.030,-0.718,0.022,0.695,0.422,1.154,0.251
2016-12-01 01:47:36.869,196.492,0.030,-0.718,0.022,0.695,0.422,1.154,0.251
2016-12-01 01:47:36.881,196.513,0.031,-0.718,0.022,0.695,0.422,1.154,0.251
2016-12-01 01:47:36.892,196.513,0.031,-0.718,0.022,0.695,0.422,1.154,0.251
2016-12-01 01:47:36.903,196.535,0.031,-0.718,0.023,0.695,0.422,1.154,0.251
2016-12-01 01:47:36.915,196.535,0.031,-0.717,0.023,0.696,0.422,1.154,0.251
2016-12-01 01:47:36.926,196.556,0.031,-0.717,0.023,0.696,0.422,1.154,0.251
2016-12-01 01:47:36.937,196.556,0.031,-0.717,0.023,0.696,0.422,1.154,0.251
2016-12-01 01:47:36.948,196.577,0.031,-0.717,0.023,0.696,0.422,1.154,0.251
2016-12-01 01:47:36.959,196.577,0.032,-0.717,0.023,0.696,0.422,1.154,0.251
2016-12-01 01:47:36.970,196.599,0.032,-0.717,0.023,0.696,0.422,1.154,0.251
2016-12-01 01:47:36.981,196.599,0.032,-0.718,0.023,0.695,0.422,1.154,0.251
2016-12-01 01:47:36.992,196.620,0.032,-0.718,0.023,0.695,0.422,1.154,0.251
2016-12-01 01:47:37.003,196.620,0.032,-0.718,0.023,0.695,0.422,1.154,0.251
2016-12-01 01:47:37.015,196.641,0.032,-0.718,0.023,0.695,0.421,1.154,0.251
2016-12-01 01:47:37.026,196.663,0.032,-0.718,0.023,0.695,0.421,1.154,0.251
2016-12-01 01:47:37.037,196.663,0.032,-0.718,0.023,0.695,0.421,1.154,0.251
2016-12-01 01:47:37.048,196.684,0.032,-0.718,0.023,0.695,0.422,1.154,0.251
2016-12-01 01:47:37.060,196.684,0.032,-0.718,0.023,0.695,0.422,1.154,0.251
2016-12-01 01:47:37.071,196.705,0.032,-0.718,0.023,0.695,0.422,1.154,0.251
2016-12-01 01:47:37.082,196.705,0.032,-0.718,0.023,0.695,0.422,1.154,0.252
2016-12-01 01:47:37.093,196.705,0.033,-0.718,0.022,0.695,0.422,1.154,0.252
2016-12-01 01:47:37.104,196.727,0.033,-0.718,0.022,0.695,0.422,1.154,0.252
2016-12-01 01:47:37.115,196.727,0.033,-0.718,0.022,0.695,0.422,1.154,0.252
2016-12-01 01:47:37.126,196.748,0.033,-0.718,0.022,0.695,0.422,1.154,0.252
2016-12-01 01:47:37.138,196.769,0.033,-0.718,0.022,0.695,0.422,1.154,0.252
2016-12-01 01:47:37.149,196.769,0.033,-0.718,0.021,0.695,0.422,1.154,0.252
2016-12-01 01:47:37.160,196.791,0.033,-0.718,0.021,0.695,0.422,1.154,0.253
2016-12-01 01:47:37.171,196.791,0.033,-0.718,0.021,0.695,0.422,1.154,0.253
2016-12-01 01:47:37.182,196.812,0.033,-0.718,0.021,0.695,0.422,1.154,0.253
2016-12-01 01:47:37.193,196.812,0.033,-0.718,0.021,0.695,0.422,1.154,0.253
2016-12-01 01:47:37.205,196.833,0.034,-0.718,0.021,0.695,0.422,1.154,0.253
2016-12-01 01:47:37.216,196.855,0.034,-0.718,0.021,0.695,0.422,1.154,0.253
2016-12-01 01:47:37.227,196.855,0.034,-0.718,0.021,0.695,0.422,1.154,0.253
2016-12-01 01:47:37.238,196.876,0.034,-0.718,0.021,0.695,0.422,1.154,0.254
2016-12-01 01:47:37.250,196.876,0.034,-0.718,0.021,0.694,0.422,1.154,0.254
2016-12-01 01:47:37.260,196.876,0.034,-0.719,0.020,0.694,0.422,1.154,0.254
2016-12-01 01:47:37.271,196.897,0.034,-0.719,0.020,0.694,0.422,1.154,0.254
2016-12-01 01:47:37.283,196.897,0.034,-0.719,0.020,0.694,0.422,1.154,0.254
2016-12-01 01:47:37.294,196.919,0.034,-0.719,0.020,0.694,0.422,1.154,0.254
2016-12-01 01:47:37.305,196.919,0.034,-0.719,0.020,0.694,0.422,1.154,0.254
2016-12-01 01:47:37.316,196.940,0.034,-0.719,0.020,0.694,0.422,1.154,0.254
2016-12-01 01:47:37.328,196.961,0.034,-0.719,0.020,0.694,0.422,1.154,0.254
2016-12-01 01:47:37.338,196.961,0.034,-0.719,0.020,0.694,0.422,1.154,0.254
2016-12-01 01:47:37.349,196.983,0.034,-0.719,0.020,0.694,0.422,1.154,0.254
2016-12-01 01:47:37.361,196.983,0.034,-0.719,0.020,0.694,0.422,1.154,0.254
2016-12-01 01:47:37.372,197.004,0.034,-0.718,0.020,0.694,0.422,1.154,0.254
2016-12-01 01:47:37.384,197.004,0.034,-0.718,0.020,0.694,0.422,1.154,0.254
2016-12-01 01:47:37.395,197.025,0.034,-0.718,0.019,0.695,0.422,1.154,0.254
2016-12-01 01:47:37.406,197.025,0.034,-0.718,0.019,0.695,0.422,1.154,0.255
2016-12-01 01:47:37.417,197.047,0.034,-0.718,0.019,0.695,0.422,1.154,0.255
2016-12-01 01:47:37.428,197.047,0.034,-0.718,0.019,0.695,0.422,1.154,0.255
2016-12-01 01:47:37.439,197.068,0.034,-0.718,0.019,0.695,0.422,1.154,0.255
2016-12-01 01:47:37.451,197.068,0.034,-0.718,0.019,0.695,0.422,1.154,0.255
2016-12-01 01:47:37.462,197.089,0.033,-0.718,0.019,0.695,0.422,1.154,0.254
2016-12-01 01:47:37.473,197.089,0.033,-0.718,0.019,0.695,0.422,1.154,0.255
2016-12-01 01:47:37.484,197.111,0.033,-0.718,0.018,0.695,0.422,1.154,0.255
2016-12-01 01:47:37.495,197.111,0.033,-0.718,0.019,0.695,0.422,1.154,0.255
2016-12-01 01:47:37.506,197.132,0.032,-0.718,0.019,0.695,0.422,1.154,0.255
2016-12-01 01:47:37.518,197.153,0.032,-0.718,0.019,0.695,0.422,1.154,0.255
2016-12-01 01:47:37.528,197.153,0.032,-0.717,0.018,0.696,0.422,1.154,0.255
2016-12-01 01:47:37.539,197.175,0.032,-0.717,0.018,0.696,0.422,1.154,0.255
2016-12-01 01:47:37.551,197.175,0.032,-0.717,0.018,0.696,0.422,1.154,0.255
2016-12-01 01:47:37.562,197.196,0.032,-0.717,0.018,0.696,0.422,1.154,0.255
2016-12-01 01:47:37.573,197.196,0.032,-0.717,0.018,0.696,0.422,1.154,0.255
2016-12-01 01:47:37.585,197.196,0.032,-0.717,0.018,0.696,0.422,1.154,0.255
2016-12-01 01:47:37.596,197.217,0.032,-0.717,0.018,0.696,0.422,1.155,0.255
2016-12-01 01:47:37.607,197.239,0.032,-0.717,0.018,0.696,0.422,1.155,0.255
2016-12-01 01:47:37.618,197.239,0.032,-0.717,0.018,0.697,0.422,1.154,0.255
2016-12-01 01:47:37.629,197.260,0.032,-0.717,0.018,0.697,0.422,1.154,0.255
2016-12-01 01:47:37.640,197.260,0.032,-0.716,0.018,0.697,0.422,1.154,0.255
2016-12-01 01:47:37.651,197.281,0.032,-0.716,0.018,0.697,0.422,1.154,0.255
2016-12-01 01:47:37.663,197.281,0.032,-0.716,0.018,0.697,0.422,1.154,0.255
2016-12-01 01:47:37.674,197.303,0.032,-0.717,0.018,0.697,0.422,1.154,0.255
2016-12-01 01:47:37.685,197.303,0.032,-0.717,0.018,0.697,0.422,1.154,0.255
2016-12-01 01:47:37.696,197.324,0.032,-0.717,0.018,0.697,0.422,1.154,0.255
2016-12-01 01:47:37.707,197.345,0.032,-0.717,0.018,0.697,0.422,1.154,0.255
2016-12-01 01:47:37.718,197.345,0.033,-0.716,0.018,0.697,0.422,1.154,0.255
2016-12-01 01:47:37.729,197.367,0.033,-0.716,0.018,0.697,0.422,1.154,0.255
2016-12-01 01:47:37.741,197.367,0.033,-0.716,0.018,0.697,0.422,1.154,0.255
2016-12-01 01:47:37.751,197.367,0.033,-0.716,0.018,0.697,0.422,1.154,0.255
2016-12-01 01:47:37.763,197.388,0.033,-0.716,0.018,0.697,0.422,1.154,0.255
2016-12-01 01:47:37.774,197.388,0.033,-0.716,0.018,0.697,0.422,1.154,0.255
2016-12-01 01:47:37.785,197.409,0.033,-0.716,0.018,0.697,0.422,1.154,0.255
2016-12-01 01:47:37.797,197.431,0.033,-0.716,0.018,0.698,0.423,1.154,0.255
2016-12-01 01:47:37.808,197.431,0.033,-0.716,0.018,0.698,0.422,1.154,0.256
2016-12-01 01:47:37.819,197.452,0.033,-0.716,0.018,0.698,0.422,1.154,0.256
2016-12-01 01:47:37.831,197.452,0.033,-0.715,0.017,0.698,0.423,1.154,0.256
2016-12-01 01:47:37.841,197.473,0.033,-0.715,0.017,0.698,0.423,1.155,0.256
2016-12-01 01:47:37.853,197.473,0.033,-0.715,0.017,0.698,0.423,1.155,0.255
2016-12-01 01:47:37.864,197.495,0.032,-0.715,0.017,0.698,0.423,1.155,0.255
2016-12-01 01:47:37.875,197.495,0.032,-0.715,0.017,0.698,0.423,1.155,0.255
2016-12-01 01:47:37.886,197.516,0.032,-0.715,0.017,0.698,0.423,1.155,0.256
2016-12-01 01:47:37.897,197.516,0.032,-0.715,0.017,0.698,0.423,1.155,0.255
2016-12-01 01:47:37.908,197.537,0.032,-0.715,0.017,0.698,0.423,1.155,0.255
2016-12-01 01:47:37.920,197.537,0.032,-0.715,0.017,0.698,0.423,1.155,0.255
2016-12-01 01:47:37.930,197.559,0.032,-0.716,0.017,0.698,0.423,1.155,0.255
2016-12-01 01:47:37.941,197.559,0.032,-0.716,0.017,0.698,0.423,1.155,0.255
2016-12-01 01:47:37.953,197.580,0.032,-0.716,0.017,0.698,0.423,1.155,0.255
2016-12-01 01:47:37.965,197.580,0.032,-0.716,0.017,0.697,0.423,1.155,0.255
2016-12-01 01:47:37.975,197.601,0.032,-0.716,0.017,0.697,0.423,1.155,0.255
2016-12-01 01:47:37.987,197.623,0.032,-0.716,0.017,0.697,0.423,1.154,0.255
2016-12-01 01:47:37.998,197.623,0.032,-0.716,0.017,0.697,0.423,1.155,0.255
2016-12-01 01:47:38.009,197.644,0.032,-0.716,0.017,0.698,0.423,1.154,0.255
2016-12-01 01:47:38.021,197.644,0.032,-0.716,0.017,0.698,0.423,1.154,0.256
2016-12-01 01:47:38.031,197.665,0.032,-0.716,0.018,0.698,0.423,1.154,0.255
2016-12-01 01:47:38.043,197.665,0.032,-0.716,0.018,0.698,0.423,1.154,0.255
2016-12-01 01:47:38.053,197.687,0.032,-0.715,0.018,0.698,0.423,1.154,0.255
2016-12-01 01:47:38.064,197.687,0.032,-0.716,0.018,0.698,0.423,1.154,0.255
2016-12-01 01:47:38.076,197.708,0.033,-0.715,0.018,0.698,0.423,1.154,0.255
2016-12-01 01:47:38.087,197.708,0.032,-0.716,0.018,0.698,0.423,1.154,0.255
2016-12-01 01:47:38.098,197.729,0.033,-0.716,0.018,0.698,0.423,1.154,0.255
2016-12-01 01:47:38.109,197.729,0.033,-0.716,0.018,0.697,0.422,1.154,0.255
2016-12-01 01:47:38.120,197.751,0.033,-0.716,0.018,0.697,0.422,1.154,0.255
2016-12-01 01:47:38.132,197.751,0.033,-0.716,0.018,0.697,0.422,1.154,0.255
2016-12-01 01:47:38.143,197.772,0.033,-0.716,0.018,0.697,0.422,1.154,0.255
2016-12-01 01:47:38.155,197.772,0.032,-0.716,0.018,0.697,0.422,1.154,0.255
2016-12-01 01:47:38.165,197.793,0.032,-0.716,0.018,0.697,0.422,1.154,0.255
2016-12-01 01:47:38.176,197.815,0.032,-0.716,0.019,0.697,0.422,1.154,0.255
2016-12-01 01:47:38.188,197.815,0.032,-0.716,0.019,0.697,0.422,1.154,0.255
2016-12-01 01:47:38.199,197.836,0.032,-0.716,0.019,0.697,0.422,1.154,0.255
2016-12-01 01:47:38.210,197.836,0.032,-0.716,0.019,0.697,0.422,1.154,0.255
2016-12-01 01:47:38.221,197.857,0.032,-0.716,0.019,0.697,0.422,1.154,0.255
2016-12-01 01:47:38.233,197.857,0.032,-0.716,0.018,0.697,0.422,1.154,0.255
2016-12-01 01:47:38.244,197.857,0.032,-0.716,0.019,0.697,0.422,1.154,0.255
2016-12-01 01:47:38.255,197.879,0.032,-0.716,0.019,0.697,0.422,1.154,0.255
2016-12-01 01:47:38.266,197.900,0.032,-0.716,0.019,0.697,0.422,1.154,0.255
2016-12-01 01:47:38.277,197.900,0.033,-0.716,0.019,0.697,0.422,1.154,0.255
2016-12-01 01:47:38.288,197.921,0.033,-0.716,0.019,0.697,0.422,1.154,0.255
2016-12-01 01:47:38.299,197.921,0.033,-0.716,0.019,0.697,0.422,1.154,0.255
2016-12-01 01:47:38.310,197.943,0.033,-0.716,0.019,0.697,0.422,1.154,0.255
2016-12-01 01:47:38.321,197.943,0.033,-0.716,0.019,0.697,0.422,1.154,0.255
2016-12-01 01:47:38.333,197.964,0.033,-0.716,0.019,0.697,0.422,1.154,0.255
2016-12-01 01:47:38.344,197.964,0.033,-0.716,0.019,0.697,0.422,1.154,0.255
2016-12-01 01:47:38.355,197.985,0.033,-0.716,0.019,0.697,0.422,1.154,0.255
2016-12-01 01:47:38.367,198.007,0.033,-0.716,0.019,0.697,0.422,1.154,0.255
2016-12-01 01:47:38.378,198.007,0.033,-0.716,0.019,0.697,0.422,1.154,0.255
2016-12-01 01:47:38.389,198.007,0.033,-0.716,0.019,0.697,0.422,1.154,0.255
2016-12-01 01:47:38.400,198.028,0.033,-0.716,0.019,0.697,0.422,1.154,0.255
2016-12-01 01:47:38.411,198.028,0.033,-0.716,0.019,0.697,0.422,1.154,0.255
2016-12-01 01:47:38.422,198.049,0.033,-0.716,0.019,0.697,0.423,1.154,0.255
2016-12-01 01:47:38.434,198.049,0.033,-0.717,0.020,0.697,0.423,1.154,0.255
2016-12-01 01:47:38.444,198.071,0.033,-0.717,0.020,0.696,0.423,1.154,0.255
2016-12-01 01:47:38.456,198.092,0.033,-0.717,0.020,0.696,0.423,1.154,0.255
2016-12-01 01:47:38.467,198.092,0.033,-0.717,0.020,0.696,0.423,1.154,0.255
2016-12-01 01:47:38.478,198.113,0.033,-0.717,0.020,0.696,0.423,1.154,0.255
2016-12-01 01:47:38.489,198.113,0.033,-0.717,0.020,0.696,0.423,1.154,0.255
2016-12-01 01:47:38.500,198.135,0.033,-0.717,0.020,0.696,0.423,1.154,0.255
2016-12-01 01:47:38.512,198.135,0.033,-0.717,0.020,0.696,0.423,1.154,0.254
2016-12-01 01:47:38.523,198.156,0.033,-0.717,0.020,0.696,0.423,1.154,0.254
2016-12-01 01:47:38.534,198.156,0.033,-0.717,0.020,0.696,0.423,1.154,0.255
2016-12-01 01:47:38.545,198.177,0.033,-0.717,0.020,0.696,0.423,1.154,0.255
2016-12-01 01:47:38.557,198.177,0.033,-0.717,0.020,0.696,0.423,1.154,0.255
2016-12-01 01:47:38.567,198.199,0.033,-0.717,0.020,0.696,0.423,1.154,0.254
2016-12-01 01:47:38.579,198.199,0.033,-0.717,0.020,0.696,0.423,1.154,0.254
2016-12-01 01:47:38.590,198.220,0.033,-0.717,0.020,0.696,0.423,1.154,0.254
2016-12-01 01:47:38.601,198.220,0.033,-0.717,0.020,0.696,0.423,1.154,0.255
2016-12-01 01:47:38.612,198.241,0.033,-0.717,0.020,0.696,0.423,1.154,0.255
2016-12-01 01:47:38.624,198.241,0.033,-0.717,0.020,0.696,0.423,1.154,0.254
2016-12-01 01:47:38.634,198.263,0.033,-0.717,0.020,0.696,0.423,1.154,0.255
2016-12-01 01:47:38.645,198.263,0.033,-0.717,0.020,0.696,0.423,1.154,0.255
2016-12-01 01:47:38.656,198.284,0.033,-0.717,0.020,0.696,0.423,1.154,0.255
2016-12-01 01:47:38.668,198.305,0.033,-0.717,0.020,0.696,0.423,1.154,0.255
2016-12-01 01:47:38.679,198.305,0.033,-0.717,0.020,0.696,0.423,1.154,0.255
2016-12-01 01:47:38.690,198.327,0.033,-0.717,0.020,0.696,0.423,1.154,0.255
2016-12-01 01:47:38.701,198.327,0.033,-0.717,0.020,0.696,0.423,1.154,0.255
2016-12-01 01:47:38.713,198.327,0.033,-0.717,0.020,0.696,0.423,1.154,0.255
2016-12-01 01:47:38.724,198.348,0.033,-0.717,0.020,0.696,0.423,1.154,0.255
2016-12-01 01:47:38.735,198.348,0.033,-0.717,0.020,0.696,0.422,1.154,0.255
2016-12-01 01:47:38.746,198.369,0.033,-0.717,0.020,0.696,0.422,1.154,0.255
2016-12-01 01:47:38.758,198.391,0.033,-0.717,0.021,0.696,0.422,1.154,0.254
2016-12-01 01:47:38.768,198.391,0.033,-0.717,0.021,0.696,0.422,1.154,0.254
2016-12-01 01:47:38.780,198.412,0.034,-0.717,0.021,0.696,0.422,1.154,0.254
2016-12-01 01:47:38.791,198.412,0.034,-0.717,0.021,0.696,0.422,1.154,0.254
2016-12-01 01:47:38.802,198.433,0.034,-0.717,0.021,0.696,0.422,1.154,0.254
2016-12-01 01:47:38.813,198.433,0.034,-0.717,0.021,0.696,0.422,1.154,0.254
2016-12-01 01:47:38.824,198.455,0.034,-0.717,0.021,0.696,0.422,1.154,0.254
2016-12-01 01:47:38.835,198.455,0.034,-0.717,0.021,0.696,0.422,1.154,0.254
2016-12-01 01:47:38.846,198.476,0.034,-0.717,0.021,0.696,0.422,1.154,0.254
2016-12-01 01:47:38.858,198.497,0.034,-0.717,0.022,0.696,0.422,1.154,0.254
2016-12-01 01:47:38.869,198.497,0.034,-0.717,0.022,0.696,0.421,1.153,0.254
2016-12-01 01:47:38.880,198.497,0.034,-0.717,0.022,0.696,0.421,1.153,0.254
2016-12-01 01:47:38.891,198.519,0.034,-0.717,0.022,0.696,0.421,1.153,0.254
2016-12-01 01:47:38.903,198.519,0.034,-0.717,0.022,0.696,0.421,1.154,0.254
2016-12-01 01:47:38.914,198.540,0.034,-0.717,0.022,0.696,0.421,1.154,0.254
2016-12-01 01:47:38.925,198.540,0.034,-0.717,0.022,0.696,0.421,1.154,0.254
2016-12-01 01:47:38.936,198.561,0.034,-0.717,0.022,0.696,0.421,1.154,0.254
2016-12-01 01:47:38.947,198.583,0.034,-0.717,0.023,0.695,0.421,1.154,0.254
2016-12-01 01:47:38.959,198.583,0.034,-0.717,0.023,0.696,0.421,1.154,0.254
2016-12-01 01:47:38.969,198.604,0.035,-0.717,0.022,0.696,0.421,1.153,0.254
2016-12-01 01:47:38.981,198.604,0.035,-0.717,0.023,0.696,0.421,1.153,0.254
2016-12-01 01:47:38.991,198.625,0.035,-0.717,0.023,0.696,0.421,1.153,0.254
2016-12-01 01:47:39.003,198.625,0.035,-0.717,0.023,0.696,0.421,1.153,0.254
2016-12-01 01:47:39.014,198.647,0.035,-0.717,0.023,0.696,0.421,1.153,0.254
2016-12-01 01:47:39.025,198.647,0.035,-0.717,0.023,0.696,0.421,1.153,0.254
2016-12-01 01:47:39.036,198.668,0.035,-0.717,0.023,0.696,0.421,1.153,0.254
2016-12-01 01:47:39.048,198.668,0.035,-0.717,0.023,0.696,0.421,1.153,0.254
2016-12-01 01:47:39.058,198.689,0.035,-0.717,0.023,0.696,0.421,1.153,0.254
2016-12-01 01:47:39.070,198.689,0.036,-0.717,0.023,0.696,0.421,1.153,0.254
2016-12-01 01:47:39.081,198.711,0.036,-0.717,0.023,0.696,0.421,1.153,0.254
2016-12-01 01:47:39.093,198.711,0.036,-0.717,0.023,0.696,0.421,1.153,0.254
2016-12-01 01:47:39.103,198.732,0.036,-0.717,0.023,0.696,0.421,1.153,0.254
2016-12-01 01:47:39.115,198.732,0.035,-0.717,0.023,0.695,0.421,1.153,0.254
2016-12-01 01:47:39.126,198.753,0.035,-0.717,0.023,0.695,0.421,1.153,0.254
2016-12-01 01:47:39.137,198.775,0.035,-0.717,0.023,0.695,0.421,1.153,0.254
2016-12-01 01:47:39.148,198.775,0.035,-0.717,0.023,0.695,0.421,1.153,0.254
2016-12-01 01:47:39.159,198.796,0.035,-0.717,0.023,0.695,0.421,1.153,0.254
2016-12-01 01:47:39.170,198.796,0.035,-0.717,0.023,0.695,0.421,1.153,0.254
2016-12-01 01:47:39.181,198.817,0.035,-0.717,0.023,0.695,0.421,1.153,0.254
2016-12-01 01:47:39.193,198.817,0.035,-0.718,0.023,0.695,0.421,1.153,0.254
2016-12-01 01:47:39.204,198.817,0.035,-0.718,0.023,0.695,0.421,1.153,0.254
2016-12-01 01:47:39.215,198.839,0.035,-0.718,0.023,0.695,0.421,1.153,0.254
2016-12-01 01:47:39.226,198.860,0.035,-0.718,0.023,0.695,0.421,1.153,0.254
2016-12-01 01:47:39.237,198.860,0.035,-0.718,0.023,0.695,0.421,1.153,0.254
2016-12-01 01:47:39.248,198.881,0.035,-0.718,0.023,0.695,0.421,1.153,0.254
2016-12-01 01:47:39.260,198.881,0.035,-0.718,0.023,0.695,0.421,1.153,0.254
2016-12-01 01:47:39.271,198.903,0.035,-0.718,0.023,0.695,0.421,1.153,0.254
2016-12-01 01:47:39.283,198.903,0.035,-0.718,0.023,0.695,0.422,1.153,0.254
2016-12-01 01:47:39.294,198.924,0.035,-0.718,0.023,0.695,0.422,1.153,0.254
2016-12-01 01:47:39.305,198.924,0.035,-0.718,0.023,0.695,0.422,1.153,0.254
2016-12-01 01:47:39.316,198.945,0.035,-0.718,0.023,0.695,0.422,1.153,0.254
2016-12-01 01:47:39.327,198.967,0.035,-0.718,0.023,0.695,0.422,1.153,0.254
2016-12-01 01:47:39.338,198.967,0.035,-0.718,0.023,0.695,0.421,1.153,0.254
2016-12-01 01:47:39.349,198.988,0.035,-0.718,0.023,0.695,0.421,1.153,0.254
2016-12-01 01:47:39.361,198.988,0.035,-0.718,0.023,0.695,0.421,1.153,0.254
2016-12-01 01:47:39.372,198.988,0.035,-0.718,0.023,0.695,0.421,1.153,0.254
2016-12-01 01:47:39.383,199.009,0.035,-0.718,0.023,0.695,0.421,1.153,0.254
2016-12-01 01:47:39.395,199.009,0.035,-0.718,0.023,0.695,0.421,1.153,0.254
2016-12-01 01:47:39.405,199.031,0.035,-0.718,0.023,0.695,0.421,1.153,0.254
2016-12-01 01:47:39.416,199.052,0.035,-0.718,0.023,0.695,0.421,1.153,0.254
2016-12-01 01:47:39.428,199.052,0.035,-0.717,0.023,0.695,0.421,1.153,0.254
2016-12-01 01:47:39.438,199.073,0.035,-0.717,0.023,0.695,0.421,1.153,0.254
2016-12-01 01:47:39.450,199.073,0.035,-0.717,0.023,0.695,0.421,1.153,0.254
2016-12-01 01:47:39.461,199.095,0.035,-0.717,0.023,0.695,0.421,1.153,0.254
2016-12-01 01:47:39.472,199.095,0.035,-0.717,0.023,0.695,0.421,1.153,0.254
2016-12-01 01:47:39.484,199.116,0.035,-0.717,0.023,0.695,0.421,1.153,0.254
2016-12-01 01:47:39.495,199.116,0.035,-0.717,0.023,0.695,0.421,1.153,0.254
2016-12-01 01:47:39.506,199.137,0.035,-0.718,0.023,0.695,0.421,1.153,0.254
2016-12-01 01:47:39.517,199.137,0.035,-0.718,0.023,0.695,0.421,1.153,0.254
2016-12-01 01:47:39.528,199.159,0.035,-0.718,0.023,0.695,0.421,1.153,0.254
2016-12-01 01:47:39.539,199.159,0.035,-0.718,0.023,0.695,0.422,1.153,0.254
2016-12-01 01:47:39.550,199.180,0.035,-0.718,0.023,0.695,0.422,1.153,0.254
2016-12-01 01:47:39.562,199.180,0.035,-0.718,0.023,0.695,0.422,1.153,0.254
2016-12-01 01:47:39.572,199.201,0.035,-0.718,0.023,0.695,0.422,1.153,0.254
2016-12-01 01:47:39.584,199.201,0.035,-0.718,0.023,0.695,0.422,1.153,0.254
2016-12-01 01:47:39.595,199.223,0.035,-0.718,0.023,0.695,0.422,1.153,0.254
2016-12-01 01:47:39.606,199.244,0.035,-0.718,0.022,0.695,0.422,1.153,0.254
2016-12-01 01:47:39.617,199.244,0.035,-0.718,0.022,0.695,0.422,1.153,0.254
2016-12-01 01:47:39.628,199.265,0.035,-0.718,0.022,0.695,0.422,1.153,0.254
2016-12-01 01:47:39.639,199.265,0.035,-0.718,0.022,0.695,0.422,1.153,0.254
2016-12-01 01:47:39.651,199.287,0.035,-0.718,0.022,0.695,0.422,1.153,0.254
2016-12-01 01:47:39.663,199.287,0.035,-0.718,0.022,0.695,0.422,1.153,0.255
2016-12-01 01:47:39.673,199.308,0.035,-0.718,0.022,0.695,0.422,1.153,0.255
2016-12-01 01:47:39.685,199.308,0.034,-0.718,0.022,0.695,0.422,1.154,0.254
2016-12-01 01:47:39.696,199.308,0.034,-0.718,0.022,0.695,0.422,1.154,0.254
2016-12-01 01:47:39.707,199.329,0.034,-0.718,0.022,0.695,0.422,1.154,0.255
2016-12-01 01:47:39.718,199.351,0.034,-0.718,0.022,0.695,0.422,1.154,0.254
2016-12-01 01:47:39.729,199.351,0.034,-0.718,0.022,0.694,0.421,1.154,0.254
2016-12-01 01:47:39.740,199.372,0.034,-0.718,0.022,0.694,0.421,1.154,0.254
2016-12-01 01:47:39.752,199.372,0.034,-0.719,0.022,0.694,0.421,1.154,0.254
2016-12-01 01:47:39.762,199.393,0.035,-0.718,0.022,0.694,0.421,1.153,0.254
2016-12-01 01:47:39.774,199.393,0.035,-0.719,0.022,0.694,0.421,1.153,0.254
2016-12-01 01:47:39.785,199.415,0.035,-0.718,0.022,0.694,0.421,1.153,0.254
2016-12-01 01:47:39.796,199.436,0.035,-0.718,0.022,0.694,0.421,1.153,0.254
2016-12-01 01:47:39.807,199.436,0.035,-0.718,0.022,0.694,0.421,1.153,0.254
2016-12-01 01:47:39.818,199.457,0.036,-0.719,0.022,0.694,0.421,1.153,0.254
2016-12-01 01:47:39.829,199.457,0.036,-0.719,0.022,0.694,0.421,1.153,0.254
2016-12-01 01:47:39.841,199.479,0.036,-0.719,0.022,0.694,0.421,1.153,0.254
2016-12-01 01:47:39.852,199.479,0.036,-0.719,0.022,0.694,0.421,1.153,0.254
2016-12-01 01:47:39.863,199.479,0.036,-0.719,0.022,0.694,0.421,1.153,0.254
2016-12-01 01:47:39.874,199.500,0.036,-0.719,0.022,0.694,0.421,1.153,0.254
2016-12-01 01:47:39.886,199.500,0.036,-0.719,0.022,0.694,0.421,1.153,0.254
2016-12-01 01:47:39.896,199.521,0.036,-0.719,0.022,0.694,0.421,1.153,0.254
2016-12-01 01:47:39.908,199.543,0.036,-0.719,0.022,0.693,0.421,1.153,0.254
2016-12-01 01:47:39.919,199.543,0.036,-0.719,0.022,0.693,0.421,1.153,0.254
2016-12-01 01:47:39.930,199.564,0.036,-0.719,0.022,0.693,0.421,1.153,0.254
2016-12-01 01:47:39.941,199.564,0.036,-0.720,0.022,0.693,0.421,1.153,0.254
2016-12-01 01:47:39.953,199.585,0.036,-0.720,0.022,0.693,0.421,1.153,0.254
2016-12-01 01:47:39.964,199.585,0.036,-0.720,0.022,0.693,0.421,1.153,0.254
2016-12-01 01:47:39.974,199.607,0.035,-0.720,0.022,0.693,0.421,1.153,0.254
2016-12-01 01:47:39.986,199.628,0.035,-0.720,0.022,0.692,0.421,1.153,0.254
2016-12-01 01:47:39.997,199.628,0.035,-0.721,0.022,0.692,0.421,1.154,0.254
2016-12-01 01:47:40.008,199.628,0.035,-0.721,0.022,0.692,0.421,1.154,0.254
2016-12-01 01:47:40.019,199.649,0.035,-0.721,0.022,0.692,0.421,1.154,0.254
2016-12-01 01:47:40.031,199.649,0.035,-0.721,0.022,0.691,0.421,1.154,0.254
2016-12-01 01:47:40.042,199.671,0.034,-0.722,0.022,0.691,0.421,1.154,0.253
2016-12-01 01:47:40.054,199.671,0.034,-0.722,0.022,0.690,0.421,1.154,0.253
2016-12-01 01:47:40.064,199.692,0.033,-0.723,0.021,0.690,0.421,1.155,0.253
2016-12-01 01:47:40.075,199.692,0.033,-0.723,0.021,0.689,0.421,1.155,0.253
2016-12-01 01:47:40.087,199.713,0.033,-0.724,0.021,0.689,0.421,1.155,0.253
2016-12-01 01:47:40.098,199.735,0.032,-0.725,0.021,0.688,0.421,1.155,0.253
2016-12-01 01:47:40.109,199.735,0.032,-0.726,0.021,0.687,0.421,1.155,0.253
2016-12-01 01:47:40.120,199.756,0.032,-0.727,0.021,0.686,0.420,1.155,0.252
2016-12-01 01:47:40.131,199.756,0.031,-0.728,0.021,0.685,0.420,1.155,0.252
2016-12-01 01:47:40.142,199.777,0.031,-0.729,0.021,0.683,0.420,1.155,0.252
2016-12-01 01:47:40.154,199.777,0.031,-0.730,0.022,0.682,0.420,1.155,0.252
2016-12-01 01:47:40.164,199.799,0.030,-0.732,0.022,0.681,0.420,1.154,0.251
2016-12-01 01:47:40.175,199.799,0.030,-0.733,0.022,0.679,0.419,1.155,0.251
2016-12-01 01:47:40.187,199.820,0.030,-0.734,0.023,0.678,0.419,1.154,0.251
2016-12-01 01:47:40.198,199.820,0.030,-0.736,0.023,0.676,0.419,1.154,0.250
2016-12-01 01:47:40.209,199.841,0.030,-0.738,0.024,0.674,0.419,1.154,0.250
2016-12-01 01:47:40.221,199.841,0.030,-0.739,0.024,0.672,0.419,1.154,0.250
2016-12-01 01:47:40.232,199.863,0.030,-0.741,0.025,0.671,0.418,1.154,0.250
2016-12-01 01:47:40.243,199.863,0.030,-0.742,0.025,0.669,0.418,1.154,0.249
2016-12-01 01:47:40.254,199.884,0.030,-0.744,0.026,0.667,0.418,1.154,0.249
2016-12-01 01:47:40.266,199.884,0.030,-0.746,0.027,0.665,0.418,1.154,0.249
2016-12-01 01:47:40.276,199.905,0.030,-0.748,0.027,0.663,0.418,1.154,0.248
2016-12-01 01:47:40.288,199.927,0.030,-0.749,0.028,0.661,0.417,1.154,0.248
2016-12-01 01:47:40.299,199.927,0.030,-0.751,0.029,0.659,0.417,1.154,0.248
2016-12-01 01:47:40.310,199.948,0.030,-0.753,0.029,0.657,0.417,1.154,0.248
2016-12-01 01:47:40.321,199.948,0.031,-0.754,0.030,0.655,0.417,1.153,0.247
2016-12-01 01:47:40.332,199.948,0.031,-0.756,0.031,0.653,0.417,1.153,0.247
2016-12-01 01:47:40.343,199.969,0.031,-0.757,0.032,0.651,0.417,1.153,0.247
2016-12-01 01:47:40.355,199.969,0.032,-0.759,0.032,0.650,0.417,1.153,0.247
2016-12-01 01:47:40.365,199.991,0.032,-0.761,0.033,0.648,0.417,1.153,0.247
2016-12-01 01:47:40.376,200.012,0.032,-0.762,0.033,0.646,0.417,1.153,0.247
2016-12-01 01:47:40.388,200.012,0.032,-0.764,0.034,0.644,0.417,1.153,0.246
2016-12-01 01:47:40.399,200.033,0.032,-0.765,0.034,0.642,0.417,1.153,0.246
2016-12-01 01:47:40.411,200.033,0.032,-0.767,0.034,0.640,0.417,1.153,0.247
2016-12-01 01:47:40.422,200.055,0.032,-0.768,0.034,0.639,0.417,1.152,0.247
2016-12-01 01:47:40.433,200.055,0.032,-0.769,0.034,0.637,0.417,1.152,0.246
2016-12-01 01:47:40.444,200.076,0.032,-0.771,0.034,0.635,0.418,1.152,0.246
2016-12-01 01:47:40.455,200.076,0.032,-0.772,0.034,0.634,0.418,1.152,0.246
2016-12-01 01:47:40.466,200.097,0.032,-0.774,0.034,0.632,0.418,1.152,0.246
2016-12-01 01:47:40.478,200.119,0.032,-0.775,0.034,0.630,0.418,1.153,0.246
2016-12-01 01:47:40.489,200.119,0.032,-0.776,0.034,0.629,0.418,1.153,0.246
2016-12-01 01:47:40.499,200.119,0.031,-0.778,0.034,0.627,0.418,1.153,0.246
2016-12-01 01:47:40.511,200.140,0.031,-0.779,0.033,0.625,0.418,1.153,0.246
2016-12-01 01:47:40.522,200.140,0.031,-0.781,0.033,0.623,0.418,1.153,0.246
2016-12-01 01:47:40.533,200.161,0.030,-0.782,0.033,0.622,0.418,1.153,0.246
2016-12-01 01:47:40.544,200.161,0.030,-0.783,0.033,0.620,0.418,1.153,0.246
2016-12-01 01:47:40.555,200.183,0.030,-0.785,0.033,0.618,0.418,1.153,0.246
2016-12-01 01:47:40.567,200.204,0.029,-0.786,0.033,0.616,0.419,1.153,0.246
2016-12-01 01:47:40.578,200.204,0.029,-0.788,0.032,0.615,0.419,1.153,0.246
2016-12-01 01:47:40.589,200.225,0.029,-0.789,0.032,0.613,0.419,1.153,0.246
2016-12-01 01:47:40.600,200.225,0.028,-0.790,0.032,0.611,0.419,1.153,0.246
2016-12-01 01:47:40.611,200.247,0.028,-0.792,0.032,0.610,0.419,1.153,0.246
2016-12-01 01:47:40.623,200.247,0.028,-0.793,0.032,0.608,0.419,1.153,0.246
2016-12-01 01:47:40.634,200.268,0.028,-0.794,0.032,0.606,0.419,1.153,0.246
2016-12-01 01:47:40.645,200.268,0.028,-0.795,0.032,0.605,0.419,1.153,0.246
2016-12-01 01:47:40.656,200.289,0.028,-0.797,0.032,0.603,0.419,1.153,0.246
2016-12-01 01:47:40.667,200.289,0.028,-0.798,0.031,0.601,0.419,1.153,0.246
2016-12-01 01:47:40.678,200.311,0.028,-0.799,0.031,0.600,0.419,1.153,0.246
2016-12-01 01:47:40.690,200.311,0.028,-0.800,0.031,0.599,0.419,1.153,0.246
2016-12-01 01:47:40.701,200.332,0.028,-0.801,0.031,0.597,0.419,1.153,0.246
2016-12-01 01:47:40.712,200.332,0.027,-0.802,0.031,0.596,0.420,1.153,0.247
2016-12-01 01:47:40.723,200.353,0.027,-0.803,0.031,0.595,0.420,1.153,0.247
2016-12-01 01:47:40.735,200.353,0.028,-0.804,0.031,0.593,0.420,1.153,0.247
2016-12-01 01:47:40.745,200.375,0.028,-0.805,0.031,0.592,0.420,1.153,0.247
2016-12-01 01:47:40.756,200.396,0.028,-0.806,0.030,0.591,0.420,1.153,0.247
2016-12-01 01:47:40.768,200.396,0.028,-0.806,0.030,0.590,0.420,1.153,0.247
2016-12-01 01:47:40.779,200.417,0.028,-0.807,0.030,0.589,0.420,1.153,0.247
2016-12-01 01:47:40.790,200.417,0.028,-0.808,0.030,0.588,0.420,1.154,0.247
2016-12-01 01:47:40.801,200.439,0.028,-0.808,0.029,0.587,0.420,1.154,0.247
2016-12-01 01:47:40.813,200.439,0.028,-0.809,0.029,0.586,0.420,1.154,0.247
2016-12-01 01:47:40.824,200.439,0.028,-0.810,0.029,0.586,0.420,1.154,0.247
2016-12-01 01:47:40.835,200.460,0.028,-0.810,0.029,0.585,0.420,1.154,0.247
2016-12-01 01:47:40.846,200.481,0.028,-0.810,0.029,0.584,0.420,1.154,0.247
2016-12-01 01:47:40.857,200.481,0.028,-0.811,0.029,0.584,0.420,1.154,0.247
2016-12-01 01:47:40.868,200.503,0.028,-0.811,0.029,0.583,0.420,1.154,0.247
2016-12-01 01:47:40.880,200.503,0.028,-0.811,0.029,0.583,0.420,1.154,0.247
2016-12-01 01:47:40.891,200.524,0.029,-0.812,0.029,0.583,0.419,1.154,0.248
2016-12-01 01:47:40.901,200.524,0.029,-0.812,0.028,0.583,0.420,1.154,0.248
2016-12-01 01:47:40.913,200.545,0.029,-0.812,0.029,0.582,0.419,1.154,0.248
2016-12-01 01:47:40.924,200.545,0.029,-0.812,0.028,0.582,0.419,1.154,0.248
2016-12-01 01:47:40.935,200.567,0.029,-0.812,0.028,0.582,0.419,1.154,0.248
2016-12-01 01:47:40.946,200.588,0.029,-0.812,0.029,0.582,0.419,1.154,0.248
2016-12-01 01:47:40.958,200.588,0.030,-0.812,0.029,0.582,0.419,1.153,0.248
2016-12-01 01:47:40.969,200.609,0.030,-0.812,0.029,0.582,0.419,1.153,0.248
2016-12-01 01:47:40.980,200.609,0.030,-0.812,0.029,0.582,0.419,1.153,0.248
2016-12-01 01:47:40.991,200.609,0.031,-0.812,0.029,0.582,0.419,1.153,0.248
2016-12-01 01:47:41.003,200.631,0.031,-0.812,0.029,0.582,0.418,1.153,0.248
2016-12-01 01:47:41.014,200.631,0.031,-0.812,0.029,0.582,0.418,1.153,0.248
2016-12-01 01:47:41.025,200.652,0.031,-0.812,0.029,0.582,0.418,1.153,0.248
2016-12-01 01:47:41.036,200.673,0.032,-0.812,0.029,0.582,0.419,1.153,0.248
2016-12-01 01:47:41.047,200.673,0.032,-0.812,0.029,0.582,0.419,1.153,0.248
2016-12-01 01:47:41.058,200.695,0.032,-0.812,0.030,0.582,0.418,1.153,0.248
2016-12-01 01:47:41.069,200.695,0.032,-0.811,0.030,0.583,0.418,1.153,0.248
2016-12-01 01:47:41.080,200.716,0.032,-0.811,0.030,0.583,0.418,1.153,0.248
2016-12-01 01:47:41.092,200.716,0.032,-0.811,0.030,0.583,0.418,1.153,0.248
2016-12-01 01:47:41.103,200.737,0.032,-0.811,0.030,0.584,0.418,1.153,0.248
2016-12-01 01:47:41.114,200.737,0.033,-0.810,0.030,0.584,0.418,1.153,0.248
2016-12-01 01:47:41.125,200.759,0.033,-0.810,0.030,0.585,0.418,1.153,0.248
2016-12-01 01:47:41.136,200.759,0.033,-0.809,0.030,0.586,0.418,1.153,0.248
2016-12-01 01:47:41.147,200.780,0.032,-0.809,0.030,0.586,0.418,1.153,0.248
2016-12-01 01:47:41.159,200.780,0.032,-0.808,0.030,0.587,0.418,1.153,0.248
2016-12-01 01:47:41.170,200.801,0.032,-0.808,0.029,0.588,0.418,1.153,0.248
2016-12-01 01:47:41.182,200.801,0.032,-0.807,0.029,0.589,0.418,1.153,0.248
2016-12-01 01:47:41.192,200.823,0.032,-0.806,0.029,0.590,0.418,1.153,0.249
2016-12-01 01:47:41.203,200.823,0.032,-0.806,0.029,0.591,0.418,1.153,0.249
2016-12-01 01:47:41.214,200.844,0.033,-0.805,0.029,0.592,0.418,1.153,0.249
2016-12-01 01:47:41.226,200.844,0.033,-0.804,0.029,0.593,0.418,1.153,0.249
2016-12-01 01:47:41.237,200.865,0.033,-0.804,0.029,0.594,0.418,1.153,0.249
2016-12-01 01:47:41.248,200.887,0.033,-0.803,0.029,0.594,0.418,1.153,0.249
2016-12-01 01:47:41.259,200.887,0.033,-0.802,0.029,0.595,0.418,1.153,0.248
2016-12-01 01:47:41.270,200.908,0.033,-0.802,0.029,0.596,0.418,1.153,0.248
2016-12-01 01:47:41.282,200.908,0.033,-0.801,0.030,0.597,0.418,1.153,0.248
2016-12-01 01:47:41.293,200.929,0.033,-0.801,0.030,0.598,0.418,1.153,0.248
2016-12-01 01:47:41.304,200.929,0.033,-0.800,0.030,0.599,0.418,1.153,0.248
2016-12-01 01:47:41.315,200.929,0.033,-0.799,0.030,0.600,0.418,1.153,0.248
2016-12-01 01:47:41.326,200.951,0.033,-0.798,0.030,0.601,0.418,1.153,0.249
2016-12-01 01:47:41.338,200.972,0.033,-0.798,0.030,0.602,0.418,1.153,0.249
2016-12-01 01:47:41.349,200.972,0.033,-0.797,0.030,0.603,0.418,1.153,0.249
2016-12-01 01:47:41.360,200.993,0.033,-0.796,0.030,0.604,0.418,1.153,0.249
2016-12-01 01:47:41.371,200.993,0.033,-0.795,0.030,0.605,0.418,1.153,0.249
2016-12-01 01:47:41.382,201.015,0.033,-0.794,0.030,0.606,0.418,1.153,0.249
2016-12-01 01:47:41.393,201.015,0.033,-0.794,0.030,0.607,0.418,1.153,0.249
2016-12-01 01:47:41.405,201.036,0.034,-0.793,0.030,0.608,0.418,1.153,0.249
2016-12-01 01:47:41.416,201.036,0.034,-0.792,0.030,0.609,0.418,1.153,0.249
2016-12-01 01:47:41.427,201.057,0.034,-0.791,0.030,0.610,0.418,1.153,0.249
2016-12-01 01:47:41.438,201.079,0.034,-0.790,0.030,0.611,0.418,1.153,0.249
2016-12-01 01:47:41.449,201.079,0.034,-0.789,0.030,0.613,0.418,1.153,0.249
2016-12-01 01:47:41.460,201.100,0.034,-0.788,0.030,0.614,0.418,1.153,0.249
2016-12-01 01:47:41.471,201.100,0.034,-0.787,0.030,0.615,0.418,1.153,0.249
2016-12-01 01:47:41.482,201.100,0.034,-0.786,0.030,0.616,0.418,1.153,0.249
2016-12-01 01:47:41.493,201.121,0.034,-0.785,0.030,0.617,0.418,1.153,0.249
2016-12-01 01:47:41.505,201.121,0.034,-0.784,0.030,0.619,0.418,1.153,0.249
2016-12-01 01:47:41.516,201.143,0.034,-0.783,0.029,0.620,0.418,1.153,0.249
2016-12-01 01:47:41.528,201.164,0.034,-0.782,0.029,0.621,0.419,1.153,0.249
2016-12-01 01:47:41.538,201.164,0.034,-0.781,0.029,0.622,0.419,1.153,0.249
2016-12-01 01:47:41.550,201.185,0.034,-0.780,0.029,0.624,0.419,1.153,0.249
2016-12-01 01:47:41.561,201.185,0.034,-0.779,0.029,0.625,0.419,1.153,0.249
2016-12-01 01:47:41.572,201.207,0.033,-0.778,0.029,0.626,0.419,1.153,0.249
2016-12-01 01:47:41.584,201.207,0.033,-0.777,0.029,0.628,0.419,1.153,0.249
2016-12-01 01:47:41.594,201.228,0.033,-0.776,0.029,0.629,0.419,1.153,0.249
2016-12-01 01:47:41.605,201.228,0.033,-0.775,0.029,0.630,0.419,1.153,0.249
2016-12-01 01:47:41.617,201.249,0.033,-0.774,0.029,0.631,0.419,1.153,0.249
2016-12-01 01:47:41.628,201.249,0.033,-0.773,0.029,0.633,0.419,1.153,0.249
2016-12-01 01:47:41.639,201.271,0.033,-0.772,0.029,0.634,0.419,1.153,0.249
2016-12-01 01:47:41.650,201.271,0.032,-0.771,0.029,0.635,0.419,1.153,0.249
2016-12-01 01:47:41.661,201.292,0.032,-0.771,0.029,0.636,0.419,1.153,0.249
2016-12-01 01:47:41.672,201.292,0.032,-0.770,0.029,0.637,0.419,1.153,0.249
2016-12-01 01:47:41.683,201.313,0.032,-0.769,0.029,0.638,0.419,1.153,0.249
2016-12-01 01:47:41.695,201.313,0.033,-0.768,0.028,0.639,0.419,1.153,0.249
2016-12-01 01:47:41.706,201.335,0.032,-0.767,0.028,0.640,0.420,1.153,0.249
2016-12-01 01:47:41.718,201.356,0.033,-0.766,0.028,0.641,0.420,1.153,0.249
2016-12-01 01:47:41.729,201.356,0.033,-0.765,0.028,0.643,0.420,1.153,0.249
2016-12-01 01:47:41.739,201.377,0.033,-0.764,0.028,0.644,0.420,1.153,0.249
2016-12-01 01:47:41.751,201.377,0.033,-0.763,0.028,0.645,0.420,1.153,0.249
2016-12-01 01:47:41.762,201.399,0.033,-0.762,0.028,0.646,0.420,1.153,0.249
2016-12-01 01:47:41.773,201.399,0.033,-0.761,0.028,0.647,0.420,1.153,0.249
2016-12-01 01:47:41.784,201.420,0.032,-0.760,0.028,0.648,0.420,1.153,0.249
2016-12-01 01:47:41.796,201.420,0.032,-0.759,0.028,0.650,0.420,1.153,0.249
2016-12-01 01:47:41.806,201.420,0.032,-0.758,0.028,0.651,0.420,1.153,0.249
2016-12-01 01:47:41.818,201.441,0.032,-0.757,0.028,0.652,0.420,1.153,0.249
2016-12-01 01:47:41.829,201.463,0.032,-0.756,0.028,0.653,0.420,1.153,0.250
2016-12-01 01:47:41.840,201.463,0.032,-0.755,0.028,0.654,0.420,1.153,0.250
2016-12-01 01:47:41.851,201.484,0.032,-0.754,0.028,0.655,0.420,1.153,0.250
2016-12-01 01:47:41.862,201.484,0.032,-0.753,0.028,0.656,0.420,1.153,0.250
2016-12-01 01:47:41.873,201.505,0.032,-0.752,0.027,0.657,0.420,1.153,0.250
2016-12-01 01:47:41.885,201.505,0.032,-0.751,0.027,0.658,0.420,1.153,0.250
2016-12-01 01:47:41.896,201.527,0.032,-0.751,0.027,0.659,0.420,1.153,0.250
2016-12-01 01:47:41.907,201.548,0.032,-0.750,0.027,0.660,0.420,1.153,0.250
2016-12-01 01:47:41.919,201.548,0.032,-0.749,0.027,0.661,0.420,1.153,0.250
2016-12-01 01:47:41.930,201.569,0.033,-0.748,0.027,0.662,0.420,1.153,0.250
2016-12-01 01:47:41.941,201.569,0.033,-0.747,0.027,0.663,0.420,1.153,0.250
2016-12-01 01:47:41.952,201.591,0.033,-0.746,0.028,0.664,0.420,1.153,0.250
2016-12-01 01:47:41.963,201.591,0.033,-0.745,0.028,0.665,0.420,1.153,0.250
2016-12-01 01:47:41.974,201.591,0.033,-0.744,0.028,0.666,0.420,1.153,0.249
2016-12-01 01:47:41.985,201.612,0.033,-0.743,0.028,0.667,0.420,1.153,0.249
2016-12-01 01:47:41.997,201.633,0.033,-0.743,0.027,0.668,0.420,1.153,0.249
2016-12-01 01:47:42.008,201.633,0.033,-0.742,0.027,0.669,0.420,1.153,0.249
2016-12-01 01:47:42.019,201.655,0.033,-0.741,0.027,0.670,0.420,1.153,0.249
2016-12-01 01:47:42.030,201.655,0.033,-0.740,0.027,0.671,0.420,1.153,0.249
2016-12-01 01:47:42.041,201.676,0.033,-0.739,0.027,0.672,0.421,1.153,0.249
2016-12-01 01:47:42.052,201.676,0.033,-0.738,0.027,0.673,0.421,1.153,0.249
2016-12-01 01:47:42.063,201.697,0.033,-0.737,0.027,0.674,0.421,1.153,0.249
2016-12-01 01:47:42.074,201.697,0.033,-0.736,0.027,0.675,0.421,1.153,0.250
2016-12-01 01:47:42.085,201.719,0.033,-0.735,0.027,0.676,0.421,1.153,0.249
2016-12-01 01:47:42.097,201.740,0.034,-0.735,0.027,0.677,0.421,1.153,0.249
2016-12-01 01:47:42.108,201.740,0.034,-0.734,0.027,0.678,0.421,1.153,0.249
2016-12-01 01:47:42.119,201.740,0.034,-0.733,0.027,0.679,0.421,1.153,0.250
2016-12-01 01:47:42.130,201.761,0.034,-0.732,0.027,0.680,0.421,1.153,0.249
2016-12-01 01:47:42.142,201.761,0.034,-0.731,0.027,0.681,0.421,1.153,0.250
2016-12-01 01:47:42.153,201.783,0.034,-0.730,0.027,0.682,0.421,1.153,0.250
2016-12-01 01:47:42.164,201.783,0.034,-0.729,0.027,0.683,0.421,1.153,0.249
2016-12-01 01:47:42.175,201.804,0.034,-0.729,0.027,0.684,0.421,1.153,0.250
2016-12-01 01:47:42.187,201.825,0.033,-0.728,0.027,0.684,0.421,1.153,0.250
2016-12-01 01:47:42.197,201.825,0.033,-0.727,0.026,0.685,0.421,1.153,0.250
2016-12-01 01:47:42.208,201.847,0.033,-0.726,0.026,0.686,0.421,1.153,0.250
2016-12-01 01:47:42.220,201.847,0.033,-0.726,0.026,0.687,0.421,1.153,0.250
2016-12-01 01:47:42.231,201.868,0.033,-0.725,0.026,0.688,0.422,1.153,0.250
2016-12-01 01:47:42.242,201.868,0.033,-0.724,0.026,0.688,0.422,1.153,0.250
2016-12-01 01:47:42.253,201.889,0.033,-0.723,0.026,0.689,0.422,1.153,0.250
2016-12-01 01:47:42.265,201.889,0.032,-0.723,0.026,0.690,0.422,1.153,0.250
2016-12-01 01:47:42.275,201.911,0.032,-0.722,0.026,0.691,0.422,1.153,0.250
2016-12-01 01:47:42.287,201.911,0.032,-0.721,0.026,0.691,0.422,1.153,0.250
2016-12-01 01:47:42.298,201.932,0.032,-0.721,0.026,0.692,0.422,1.153,0.250
2016-12-01 01:47:42.309,201.932,0.032,-0.720,0.025,0.693,0.422,1.153,0.250
2016-12-01 01:47:42.320,201.953,0.032,-0.719,0.026,0.693,0.422,1.153,0.250
2016-12-01 01:47:42.332,201.953,0.032,-0.719,0.025,0.694,0.422,1.153,0.250
2016-12-01 01:47:42.343,201.975,0.032,-0.718,0.026,0.695,0.422,1.153,0.250
2016-12-01 01:47:42.354,201.975,0.032,-0.717,0.026,0.695,0.422,1.153,0.250
2016-12-01 01:47:42.365,201.996,0.032,-0.717,0.026,0.696,0.422,1.153,0.250
2016-12-01 01:47:42.376,202.017,0.032,-0.716,0.026,0.697,0.422,1.153,0.250
2016-12-01 01:47:42.388,202.017,0.032,-0.716,0.026,0.697,0.422,1.153,0.250
2016-12-01 01:47:42.398,202.039,0.032,-0.715,0.026,0.698,0.422,1.153,0.250
2016-12-01 01:47:42.410,202.039,0.032,-0.715,0.026,0.698,0.422,1.153,0.249
2016-12-01 01:47:42.421,202.060,0.032,-0.715,0.026,0.698,0.422,1.153,0.249
2016-12-01 01:47:42.432,202.060,0.031,-0.714,0.026,0.699,0.421,1.153,0.249
2016-12-01 01:47:42.443,202.060,0.032,-0.714,0.027,0.699,0.421,1.153,0.249
2016-12-01 01:47:42.454,202.081,0.032,-0.714,0.027,0.699,0.421,1.153,0.249
2016-12-01 01:47:42.466,202.103,0.031,-0.714,0.027,0.699,0.421,1.153,0.249
2016-12-01 01:47:42.477,202.103,0.032,-0.713,0.027,0.700,0.421,1.153,0.249
2016-12-01 01:47:42.488,202.124,0.031,-0.713,0.027,0.700,0.421,1.153,0.249
2016-12-01 01:47:42.499,202.124,0.031,-0.713,0.027,0.700,0.421,1.153,0.249
2016-12-01 01:47:42.510,202.145,0.031,-0.713,0.028,0.700,0.421,1.153,0.249
2016-12-01 01:47:42.522,202.145,0.031,-0.713,0.028,0.700,0.421,1.153,0.249
2016-12-01 01:47:42.533,202.167,0.031,-0.712,0.028,0.701,0.421,1.153,0.249
2016-12-01 01:47:42.544,202.167,0.032,-0.712,0.028,0.701,0.421,1.153,0.249
2016-12-01 01:47:42.555,202.188,0.032,-0.712,0.028,0.701,0.421,1.153,0.249
2016-12-01 01:47:42.566,202.209,0.032,-0.712,0.028,0.701,0.421,1.153,0.249
2016-12-01 01:47:42.578,202.209,0.032,-0.712,0.029,0.701,0.420,1.153,0.249
2016-12-01 01:47:42.588,202.231,0.032,-0.712,0.029,0.701,0.420,1.153,0.249
2016-12-01 01:47:42.599,202.231,0.032,-0.712,0.029,0.701,0.421,1.153,0.249
2016-12-01 01:47:42.611,202.231,0.032,-0.712,0.029,0.701,0.420,1.153,0.248
2016-12-01 01:47:42.622,202.252,0.032,-0.711,0.030,0.701,0.420,1.153,0.248
2016-12-01 01:47:42.633,202.252,0.032,-0.712,0.030,0.701,0.420,1.153,0.248
2016-12-01 01:47:42.644,202.273,0.032,-0.712,0.030,0.701,0.420,1.153,0.248
2016-12-01 01:47:42.656,202.295,0.032,-0.712,0.030,0.701,0.420,1.153,0.248
2016-12-01 01:47:42.667,202.295,0.032,-0.712,0.030,0.701,0.420,1.153,0.248
2016-12-01 01:47:42.678,202.316,0.032,-0.712,0.030,0.701,0.420,1.153,0.248
2016-12-01 01:47:42.689,202.316,0.032,-0.712,0.030,0.700,0.420,1.153,0.248
2016-12-01 01:47:42.700,202.337,0.032,-0.713,0.030,0.700,0.420,1.153,0.248
2016-12-01 01:47:42.712,202.337,0.032,-0.713,0.030,0.700,0.420,1.153,0.248
2016-12-01 01:47:42.722,202.359,0.032,-0.713,0.030,0.699,0.420,1.153,0.248
2016-12-01 01:47:42.733,202.359,0.032,-0.714,0.031,0.699,0.420,1.153,0.248
2016-12-01 01:47:42.745,202.380,0.032,-0.714,0.031,0.699,0.420,1.153,0.248
2016-12-01 01:47:42.756,202.401,0.032,-0.714,0.031,0.698,0.420,1.153,0.248
2016-12-01 01:47:42.767,202.401,0.032,-0.715,0.031,0.698,0.420,1.153,0.247
2016-12-01 01:47:42.778,202.401,0.032,-0.715,0.031,0.698,0.420,1.153,0.247
2016-12-01 01:47:42.789,202.423,0.032,-0.715,0.031,0.698,0.420,1.153,0.247
2016-12-01 01:47:42.801,202.423,0.032,-0.715,0.032,0.697,0.420,1.153,0.247
2016-12-01 01:47:42.811,202.444,0.032,-0.716,0.032,0.697,0.420,1.153,0.247
2016-12-01 01:47:42.823,202.444,0.032,-0.716,0.032,0.697,0.420,1.153,0.247
2016-12-01 01:47:42.834,202.465,0.032,-0.716,0.032,0.697,0.420,1.153,0.248
2016-12-01 01:47:42.845,202.465,0.032,-0.716,0.032,0.696,0.420,1.153,0.248
2016-12-01 01:47:42.857,202.487,0.032,-0.717,0.031,0.696,0.420,1.153,0.248
2016-12-01 01:47:42.868,202.508,0.032,-0.717,0.031,0.696,0.420,1.153,0.248
2016-12-01 01:47:42.880,202.508,0.032,-0.717,0.031,0.695,0.420,1.153,0.248
2016-12-01 01:47:42.890,202.529,0.032,-0.718,0.031,0.695,0.420,1.153,0.248
2016-12-01 01:47:42.901,202.529,0.032,-0.718,0.031,0.695,0.420,1.153,0.248
2016-12-01 01:47:42.912,202.551,0.032,-0.718,0.031,0.694,0.421,1.153,0.248
2016-12-01 01:47:42.924,202.551,0.032,-0.719,0.031,0.694,0.421,1.153,0.248
2016-12-01 01:47:42.935,202.551,0.032,-0.719,0.031,0.694,0.421,1.153,0.248
2016-12-01 01:47:42.946,202.572,0.032,-0.719,0.031,0.693,0.421,1.153,0.248
2016-12-01 01:47:42.957,202.593,0.032,-0.720,0.031,0.693,0.421,1.153,0.248
2016-12-01 01:47:42.968,202.593,0.032,-0.720,0.031,0.692,0.421,1.153,0.248
2016-12-01 01:47:42.979,202.615,0.031,-0.721,0.031,0.692,0.421,1.153,0.248
2016-12-01 01:47:42.991,202.615,0.031,-0.721,0.031,0.691,0.421,1.153,0.248
2016-12-01 01:47:43.002,202.636,0.031,-0.721,0.030,0.691,0.421,1.153,0.249
2016-12-01 01:47:43.013,202.636,0.031,-0.722,0.030,0.691,0.421,1.153,0.249
2016-12-01 01:47:43.024,202.657,0.032,-0.722,0.030,0.690,0.421,1.153,0.249
2016-12-01 01:47:43.035,202.657,0.032,-0.723,0.030,0.690,0.421,1.153,0.249
2016-12-01 01:47:43.047,202.679,0.032,-0.723,0.030,0.690,0.421,1.153,0.249
2016-12-01 01:47:43.058,202.700,0.032,-0.723,0.030,0.689,0.421,1.153,0.249
2016-12-01 01:47:43.069,202.700,0.032,-0.724,0.030,0.689,0.421,1.153,0.249
2016-12-01 01:47:43.080,202.721,0.032,-0.724,0.030,0.688,0.421,1.153,0.249
2016-12-01 01:47:43.092,202.721,0.032,-0.724,0.030,0.688,0.421,1.153,0.249
2016-12-01 01:47:43.102,202.721,0.032,-0.725,0.030,0.687,0.421,1.153,0.249
2016-12-01 01:47:43.114,202.743,0.032,-0.725,0.030,0.687,0.421,1.153,0.249
2016-12-01 01:47:43.125,202.743,0.032,-0.726,0.030,0.687,0.421,1.153,0.249
2016-12-01 01:47:43.136,202.764,0.032,-0.726,0.030,0.686,0.421,1.153,0.249
2016-12-01 01:47:43.147,202.785,0.032,-0.727,0.030,0.686,0.421,1.152,0.249
2016-12-01 01:47:43.158,202.785,0.032,-0.727,0.030,0.685,0.421,1.152,0.249
2016-12-01 01:47:43.169,202.807,0.032,-0.727,0.030,0.685,0.421,1.153,0.249
2016-12-01 01:47:43.181,202.807,0.032,-0.728,0.030,0.684,0.421,1.153,0.249
2016-12-01 01:47:43.191,202.828,0.032,-0.728,0.030,0.684,0.421,1.153,0.250
2016-12-01 01:47:43.203,202.828,0.032,-0.729,0.030,0.684,0.421,1.153,0.250
2016-12-01 01:47:43.214,202.849,0.032,-0.729,0.030,0.683,0.421,1.153,0.250
2016-12-01 01:47:43.226,202.849,0.032,-0.729,0.030,0.683,0.421,1.153,0.250
2016-12-01 01:47:43.237,202.871,0.032,-0.730,0.030,0.682,0.421,1.153,0.250
2016-12-01 01:47:43.248,202.871,0.032,-0.730,0.030,0.682,0.421,1.153,0.250
2016-12-01 01:47:43.259,202.892,0.032,-0.730,0.030,0.682,0.421,1.153,0.250
2016-12-01 01:47:43.270,202.892,0.032,-0.731,0.030,0.681,0.421,1.153,0.250
2016-12-01 01:47:43.281,202.913,0.032,-0.731,0.030,0.681,0.421,1.153,0.250
2016-12-01 01:47:43.292,202.913,0.032,-0.731,0.030,0.681,0.421,1.153,0.250
2016-12-01 01:47:43.303,202.935,0.032,-0.731,0.030,0.681,0.421,1.152,0.250
2016-12-01 01:47:43.314,202.935,0.032,-0.732,0.030,0.680,0.421,1.153,0.250
2016-12-01 01:47:43.325,202.956,0.033,-0.732,0.030,0.680,0.421,1.153,0.250
2016-12-01 01:47:43.337,202.977,0.033,-0.732,0.030,0.680,0.421,1.153,0.250
2016-12-01 01:47:43.348,202.977,0.033,-0.732,0.030,0.679,0.421,1.153,0.250
2016-12-01 01:47:43.359,202.999,0.033,-0.733,0.030,0.679,0.421,1.153,0.250
2016-12-01 01:47:43.370,202.999,0.033,-0.733,0.030,0.679,0.421,1.153,0.250
2016-12-01 01:47:43.381,203.020,0.033,-0.733,0.030,0.679,0.421,1.153,0.250
2016-12-01 01:47:43.393,203.020,0.034,-0.733,0.030,0.679,0.420,1.153,0.250
2016-12-01 01:47:43.403,203.041,0.034,-0.733,0.031,0.679,0.420,1.153,0.250
2016-12-01 01:47:43.416,203.041,0.034,-0.733,0.031,0.678,0.420,1.153,0.250
2016-12-01 01:47:43.426,203.063,0.034,-0.733,0.031,0.678,0.420,1.153,0.250
2016-12-01 01:47:43.438,203.063,0.034,-0.733,0.031,0.678,0.420,1.153,0.250
2016-12-01 01:47:43.449,203.084,0.034,-0.734,0.031,0.678,0.420,1.153,0.250
2016-12-01 01:47:43.460,203.084,0.034,-0.734,0.031,0.678,0.420,1.152,0.250
2016-12-01 01:47:43.471,203.105,0.034,-0.734,0.031,0.678,0.420,1.152,0.249
2016-12-01 01:47:43.482,203.105,0.034,-0.734,0.031,0.678,0.420,1.152,0.250
2016-12-01 01:47:43.493,203.127,0.034,-0.734,0.031,0.677,0.420,1.152,0.250
2016-12-01 01:47:43.504,203.127,0.034,-0.734,0.031,0.677,0.420,1.152,0.250
2016-12-01 01:47:43.516,203.148,0.034,-0.734,0.031,0.677,0.420,1.152,0.250
2016-12-01 01:47:43.527,203.169,0.034,-0.734,0.031,0.677,0.420,1.152,0.250
2016-12-01 01:47:43.538,203.169,0.034,-0.734,0.031,0.677,0.420,1.152,0.250
2016-12-01 01:47:43.549,203.191,0.034,-0.734,0.031,0.677,0.420,1.152,0.250
2016-12-01 01:47:43.560,203.191,0.034,-0.734,0.031,0.677,0.420,1.152,0.250
2016-12-01 01:47:43.571,203.212,0.034,-0.734,0.031,0.677,0.420,1.152,0.250
2016-12-01 01:47:43.583,203.212,0.034,-0.734,0.031,0.677,0.420,1.152,0.250
2016-12-01 01:47:43.593,203.212,0.034,-0.734,0.031,0.677,0.420,1.152,0.250
2016-12-01 01:47:43.605,203.233,0.033,-0.734,0.031,0.677,0.420,1.152,0.249
2016-12-01 01:47:43.616,203.255,0.033,-0.734,0.031,0.677,0.420,1.152,0.249
2016-12-01 01:47:43.628,203.255,0.033,-0.734,0.031,0.677,0.420,1.152,0.249
2016-12-01 01:47:43.638,203.276,0.033,-0.734,0.031,0.677,0.420,1.152,0.249
2016-12-01 01:47:43.650,203.276,0.033,-0.734,0.031,0.677,0.420,1.152,0.249
2016-12-01 01:47:43.661,203.297,0.033,-0.734,0.031,0.677,0.420,1.152,0.249
2016-12-01 01:47:43.672,203.297,0.033,-0.734,0.031,0.678,0.420,1.152,0.249
2016-12-01 01:47:43.683,203.319,0.033,-0.734,0.031,0.678,0.421,1.152,0.249
2016-12-01 01:47:43.694,203.319,0.033,-0.734,0.031,0.678,0.421,1.152,0.249
2016-12-01 01:47:43.705,203.340,0.033,-0.734,0.031,0.678,0.421,1.152,0.249
2016-12-01 01:47:43.717,203.361,0.032,-0.734,0.031,0.678,0.421,1.153,0.249
2016-12-01 01:47:43.727,203.361,0.032,-0.734,0.031,0.678,0.421,1.153,0.249
2016-12-01 01:47:43.739,203.361,0.032,-0.734,0.031,0.678,0.421,1.153,0.249
2016-12-01 01:47:43.750,203.383,0.032,-0.734,0.031,0.678,0.421,1.153,0.249
2016-12-01 01:47:43.761,203.383,0.033,-0.734,0.030,0.678,0.421,1.153,0.249
2016-12-01 01:47:43.772,203.404,0.032,-0.734,0.030,0.678,0.421,1.153,0.249
2016-12-01 01:47:43.784,203.404,0.032,-0.734,0.030,0.678,0.421,1.153,0.249
2016-12-01 01:47:43.795,203.425,0.032,-0.734,0.030,0.677,0.421,1.153,0.249
2016-12-01 01:47:43.806,203.425,0.032,-0.734,0.030,0.677,0.421,1.153,0.249
2016-12-01 01:47:43.817,203.447,0.032,-0.734,0.030,0.677,0.421,1.153,0.249
2016-12-01 01:47:43.828,203.468,0.032,-0.734,0.030,0.677,0.421,1.153,0.249
2016-12-01 01:47:43.839,203.468,0.032,-0.735,0.030,0.677,0.421,1.153,0.249
2016-12-01 01:47:43.851,203.489,0.032,-0.735,0.030,0.677,0.421,1.153,0.249
2016-12-01 01:47:43.862,203.489,0.032,-0.735,0.030,0.677,0.421,1.153,0.249
2016-12-01 01:47:43.873,203.511,0.032,-0.735,0.030,0.677,0.421,1.153,0.249
2016-12-01 01:47:43.885,203.511,0.032,-0.735,0.030,0.677,0.421,1.153,0.249
2016-12-01 01:47:43.895,203.532,0.032,-0.735,0.030,0.677,0.421,1.153,0.249
2016-12-01 01:47:43.906,203.532,0.031,-0.735,0.030,0.677,0.421,1.153,0.249
2016-12-01 01:47:43.917,203.553,0.031,-0.735,0.030,0.677,0.421,1.153,0.249
2016-12-01 01:47:43.929,203.553,0.031,-0.735,0.030,0.677,0.421,1.153,0.249
2016-12-01 01:47:43.940,203.575,0.031,-0.735,0.029,0.677,0.421,1.153,0.249
2016-12-01 01:47:43.951,203.575,0.031,-0.735,0.029,0.677,0.421,1.153,0.249
2016-12-01 01:47:43.962,203.596,0.031,-0.735,0.029,0.677,0.421,1.153,0.249
2016-12-01 01:47:43.974,203.596,0.031,-0.735,0.029,0.677,0.421,1.153,0.249
2016-12-01 01:47:43.985,203.617,0.031,-0.735,0.030,0.677,0.421,1.153,0.249
2016-12-01 01:47:43.996,203.639,0.031,-0.734,0.030,0.677,0.421,1.153,0.249
2016-12-01 01:47:44.007,203.639,0.031,-0.734,0.030,0.677,0.421,1.153,0.249
2016-12-01 01:47:44.018,203.660,0.031,-0.734,0.030,0.678,0.421,1.153,0.249
2016-12-01 01:47:44.030,203.660,0.031,-0.734,0.030,0.678,0.421,1.153,0.249
2016-12-01 01:47:44.040,203.681,0.031,-0.734,0.030,0.678,0.421,1.153,0.249
2016-12-01 01:47:44.052,203.681,0.031,-0.734,0.030,0.678,0.421,1.152,0.249
2016-12-01 01:47:44.063,203.681,0.031,-0.734,0.030,0.678,0.421,1.152,0.249
2016-12-01 01:47:44.074,203.703,0.031,-0.734,0.030,0.678,0.421,1.152,0.249
2016-12-01 01:47:44.085,203.703,0.031,-0.734,0.030,0.678,0.421,1.152,0.249
2016-12-01 01:47:44.096,203.724,0.032,-0.734,0.030,0.678,0.421,1.152,0.249
2016-12-01 01:47:44.108,203.745,0.032,-0.734,0.030,0.678,0.421,1.152,0.249
2016-12-01 01:47:44.119,203.745,0.032,-0.734,0.030,0.678,0.421,1.152,0.249
2016-12-01 01:47:44.130,203.767,0.032,-0.734,0.030,0.678,0.421,1.152,0.249
2016-12-01 01:47:44.141,203.767,0.032,-0.734,0.030,0.678,0.421,1.153,0.249
2016-12-01 01:47:44.152,203.788,0.032,-0.734,0.030,0.678,0.421,1.153,0.249
2016-12-01 01:47:44.164,203.788,0.032,-0.734,0.030,0.678,0.421,1.153,0.249
2016-12-01 01:47:44.175,203.809,0.032,-0.734,0.030,0.678,0.421,1.153,0.249
2016-12-01 01:47:44.186,203.831,0.032,-0.734,0.030,0.678,0.421,1.153,0.249
2016-12-01 01:47:44.197,203.831,0.032,-0.734,0.030,0.678,0.421,1.153,0.249
2016-12-01 01:47:44.208,203.852,0.032,-0.734,0.029,0.678,0.421,1.153,0.249
2016-12-01 01:47:44.220,203.852,0.032,-0.734,0.029,0.678,0.421,1.153,0.249
2016-12-01 01:47:44.231,203.852,0.031,-0.734,0.029,0.678,0.421,1.153,0.249
2016-12-01 01:47:44.242,203.873,0.031,-0.734,0.029,0.677,0.421,1.153,0.249
2016-12-01 01:47:44.253,203.873,0.031,-0.734,0.029,0.678,0.421,1.153,0.249
2016-12-01 01:47:44.264,203.895,0.031,-0.734,0.029,0.678,0.421,1.153,0.249
2016-12-01 01:47:44.275,203.895,0.031,-0.734,0.029,0.678,0.421,1.153,0.250
2016-12-01 01:47:44.286,203.916,0.031,-0.734,0.029,0.678,0.421,1.153,0.250
2016-12-01 01:47:44.298,203.937,0.032,-0.734,0.029,0.678,0.421,1.153,0.249
2016-12-01 01:47:44.309,203.937,0.032,-0.734,0.030,0.678,0.421,1.153,0.249
2016-12-01 01:47:44.320,203.959,0.032,-0.734,0.030,0.678,0.421,1.153,0.249
2016-12-01 01:47:44.331,203.959,0.032,-0.734,0.030,0.678,0.421,1.153,0.249
2016-12-01 01:47:44.342,203.980,0.032,-0.734,0.030,0.678,0.421,1.153,0.249
2016-12-01 01:47:44.354,203.980,0.032,-0.734,0.030,0.678,0.421,1.153,0.249
2016-12-01 01:47:44.365,204.001,0.032,-0.734,0.030,0.678,0.421,1.153,0.249
2016-12-01 01:47:44.376,204.001,0.033,-0.734,0.030,0.678,0.421,1.153,0.249
2016-12-01 01:47:44.387,204.023,0.033,-0.734,0.030,0.678,0.421,1.153,0.249
2016-12-01 01:47:44.398,204.023,0.033,-0.734,0.030,0.678,0.421,1.153,0.250
2016-12-01 01:47:44.409,204.044,0.033,-0.734,0.030,0.678,0.421,1.153,0.250
2016-12-01 01:47:44.421,204.044,0.033,-0.734,0.030,0.678,0.421,1.153,0.250
2016-12-01 01:47:44.431,204.065,0.033,-0.734,0.030,0.678,0.421,1.153,0.250
2016-12-01 01:47:44.443,204.065,0.033,-0.734,0.030,0.678,0.421,1.153,0.250
2016-12-01 01:47:44.454,204.087,0.033,-0.734,0.030,0.678,0.421,1.153,0.250
2016-12-01 01:47:44.465,204.087,0.033,-0.734,0.030,0.678,0.421,1.153,0.250
2016-12-01 01:47:44.476,204.108,0.033,-0.734,0.029,0.678,0.421,1.153,0.250
2016-12-01 01:47:44.488,204.129,0.033,-0.734,0.029,0.678,0.422,1.153,0.250
2016-12-01 01:47:44.498,204.129,0.033,-0.734,0.029,0.678,0.422,1.153,0.250
2016-12-01 01:47:44.509,204.151,0.033,-0.734,0.029,0.678,0.422,1.153,0.250
2016-12-01 01:47:44.521,204.151,0.033,-0.734,0.029,0.678,0.421,1.153,0.250
2016-12-01 01:47:44.532,204.172,0.033,-0.734,0.029,0.678,0.422,1.153,0.250
2016-12-01 01:47:44.544,204.172,0.032,-0.734,0.029,0.678,0.422,1.153,0.250
2016-12-01 01:47:44.554,204.172,0.033,-0.733,0.029,0.678,0.422,1.153,0.250
2016-12-01 01:47:44.565,204.193,0.033,-0.733,0.029,0.679,0.422,1.153,0.250
2016-12-01 01:47:44.577,204.215,0.033,-0.733,0.029,0.679,0.421,1.153,0.250
2016-12-01 01:47:44.588,204.215,0.033,-0.733,0.029,0.679,0.421,1.153,0.250
2016-12-01 01:47:44.599,204.236,0.033,-0.733,0.029,0.679,0.421,1.153,0.250
2016-12-01 01:47:44.610,204.236,0.033,-0.733,0.029,0.679,0.421,1.153,0.250
2016-12-01 01:47:44.621,204.257,0.033,-0.733,0.030,0.679,0.421,1.153,0.250
2016-12-01 01:47:44.633,204.257,0.033,-0.733,0.030,0.679,0.421,1.153,0.250
2016-12-01 01:47:44.643,204.279,0.033,-0.733,0.030,0.679,0.421,1.153,0.250
2016-12-01 01:47:44.655,204.279,0.033,-0.733,0.030,0.679,0.421,1.153,0.250
2016-12-01 01:47:44.666,204.300,0.033,-0.733,0.030,0.679,0.421,1.153,0.250
2016-12-01 01:47:44.677,204.321,0.033,-0.733,0.030,0.679,0.421,1.153,0.250
2016-12-01 01:47:44.688,204.321,0.033,-0.733,0.030,0.678,0.421,1.153,0.250
2016-12-01 01:47:44.699,204.343,0.033,-0.733,0.030,0.678,0.421,1.153,0.250
2016-12-01 01:47:44.711,204.343,0.033,-0.733,0.030,0.678,0.421,1.153,0.249
2016-12-01 01:47:44.721,204.343,0.033,-0.733,0.030,0.678,0.421,1.153,0.250
2016-12-01 01:47:44.733,204.364,0.033,-0.733,0.030,0.678,0.421,1.153,0.249
2016-12-01 01:47:44.744,204.364,0.033,-0.733,0.030,0.678,0.421,1.153,0.249
2016-12-01 01:47:44.755,204.385,0.033,-0.733,0.030,0.678,0.421,1.153,0.249
2016-12-01 01:47:44.767,204.407,0.033,-0.733,0.030,0.678,0.421,1.153,0.249
2016-12-01 01:47:44.778,204.407,0.033,-0.733,0.030,0.678,0.421,1.153,0.249
2016-12-01 01:47:44.789,204.428,0.033,-0.733,0.030,0.678,0.421,1.153,0.249
2016-12-01 01:47:44.800,204.428,0.033,-0.733,0.030,0.679,0.421,1.153,0.249
2016-12-01 01:47:44.811,204.449,0.034,-0.733,0.030,0.679,0.421,1.152,0.250
2016-12-01 01:47:44.823,204.449,0.034,-0.733,0.030,0.679,0.420,1.152,0.250
2016-12-01 01:47:44.833,204.471,0.034,-0.733,0.031,0.679,0.420,1.153,0.250
2016-12-01 01:47:44.844,204.471,0.034,-0.732,0.031,0.679,0.420,1.153,0.250
2016-12-01 01:47:44.856,204.492,0.034,-0.732,0.031,0.680,0.420,1.153,0.250
2016-12-01 01:47:44.867,204.492,0.034,-0.732,0.031,0.680,0.420,1.152,0.250
2016-12-01 01:47:44.878,204.513,0.035,-0.732,0.031,0.680,0.420,1.152,0.250
2016-12-01 01:47:44.890,204.513,0.035,-0.732,0.031,0.680,0.420,1.152,0.250
2016-12-01 01:47:44.900,204.535,0.035,-0.732,0.031,0.680,0.420,1.152,0.250
2016-12-01 01:47:44.912,204.535,0.035,-0.732,0.031,0.680,0.420,1.152,0.250
2016-12-01 01:47:44.923,204.556,0.035,-0.732,0.031,0.680,0.420,1.152,0.250
2016-12-01 01:47:44.935,204.556,0.035,-0.732,0.031,0.680,0.420,1.152,0.250
2016-12-01 01:47:44.946,204.577,0.035,-0.732,0.031,0.680,0.420,1.152,0.250
2016-12-01 01:47:44.957,204.599,0.035,-0.732,0.031,0.680,0.420,1.152,0.250
2016-12-01 01:47:44.968,204.599,0.036,-0.731,0.031,0.680,0.420,1.152,0.250
2016-12-01 01:47:44.979,204.620,0.036,-0.731,0.031,0.680,0.420,1.152,0.250
2016-12-01 01:47:44.990,204.620,0.036,-0.731,0.031,0.681,0.420,1.152,0.250
2016-12-01 01:47:45.001,204.641,0.036,-0.731,0.031,0.681,0.420,1.152,0.250
2016-12-01 01:47:45.013,204.641,0.036,-0.731,0.031,0.681,0.420,1.152,0.250
2016-12-01 01:47:45.023,204.663,0.036,-0.731,0.031,0.681,0.420,1.152,0.250
2016-12-01 01:47:45.034,204.663,0.036,-0.731,0.031,0.681,0.420,1.152,0.251
2016-12-01 01:47:45.046,204.684,0.036,-0.731,0.031,0.681,0.420,1.152,0.251
2016-12-01 01:47:45.057,204.684,0.036,-0.731,0.031,0.681,0.420,1.152,0.251
2016-12-01 01:47:45.068,204.705,0.036,-0.731,0.031,0.681,0.420,1.152,0.251
2016-12-01 01:47:45.080,204.705,0.036,-0.731,0.031,0.681,0.420,1.152,0.251
2016-12-01 01:47:45.090,204.727,0.036,-0.731,0.031,0.681,0.420,1.152,0.251
2016-12-01 01:47:45.102,204.727,0.036,-0.731,0.031,0.681,0.420,1.152,0.251
2016-12-01 01:47:45.114,204.748,0.037,-0.731,0.031,0.681,0.420,1.152,0.251
2016-12-01 01:47:45.125,204.748,0.037,-0.731,0.031,0.681,0.420,1.152,0.251
2016-12-01 01:47:45.135,204.769,0.037,-0.731,0.031,0.681,0.420,1.152,0.251
2016-12-01 01:47:45.147,204.791,0.037,-0.731,0.031,0.681,0.420,1.152,0.251
2016-12-01 01:47:45.158,204.791,0.037,-0.731,0.031,0.681,0.420,1.152,0.251
2016-12-01 01:47:45.169,204.812,0.038,-0.731,0.031,0.681,0.420,1.152,0.251
2016-12-01 01:47:45.180,204.812,0.038,-0.731,0.031,0.681,0.420,1.152,0.251
2016-12-01 01:47:45.191,204.833,0.038,-0.731,0.031,0.681,0.420,1.152,0.251
2016-12-01 01:47:45.202,204.833,0.038,-0.731,0.031,0.681,0.420,1.152,0.251
2016-12-01 01:47:45.213,204.833,0.038,-0.731,0.031,0.681,0.420,1.152,0.251
2016-12-01 01:47:45.224,204.855,0.038,-0.731,0.031,0.680,0.420,1.152,0.251
2016-12-01 01:47:45.236,204.876,0.038,-0.731,0.031,0.680,0.420,1.152,0.251
2016-12-01 01:47:45.247,204.876,0.038,-0.731,0.031,0.680,0.420,1.152,0.251
2016-12-01 01:47:45.258,204.897,0.038,-0.732,0.031,0.680,0.420,1.152,0.251
2016-12-01 01:47:45.269,204.897,0.038,-0.732,0.031,0.680,0.420,1.152,0.251
2016-12-01 01:47:45.280,204.919,0.038,-0.732,0.031,0.679,0.420,1.152,0.251
2016-12-01 01:47:45.292,204.919,0.038,-0.733,0.031,0.679,0.420,1.152,0.251
2016-12-01 01:47:45.303,204.940,0.038,-0.733,0.031,0.679,0.420,1.152,0.251
2016-12-01 01:47:45.314,204.940,0.038,-0.733,0.031,0.678,0.420,1.152,0.251
2016-12-01 01:47:45.325,204.961,0.038,-0.734,0.031,0.677,0.419,1.152,0.251
2016-12-01 01:47:45.336,204.983,0.038,-0.734,0.031,0.677,0.420,1.152,0.251
2016-12-01 01:47:45.348,204.983,0.038,-0.735,0.031,0.676,0.420,1.152,0.251
2016-12-01 01:47:45.359,204.983,0.038,-0.736,0.031,0.676,0.420,1.152,0.251
2016-12-01 01:47:45.370,205.004,0.038,-0.736,0.031,0.675,0.420,1.152,0.251
2016-12-01 01:47:45.381,205.004,0.038,-0.737,0.031,0.674,0.420,1.152,0.251
2016-12-01 01:47:45.392,205.025,0.038,-0.737,0.031,0.674,0.420,1.152,0.251
2016-12-01 01:47:45.404,205.025,0.038,-0.738,0.031,0.673,0.419,1.152,0.251
2016-12-01 01:47:45.414,205.047,0.038,-0.738,0.031,0.673,0.419,1.152,0.251
2016-12-01 01:47:45.426,205.068,0.039,-0.739,0.031,0.672,0.419,1.152,0.251
2016-12-01 01:47:45.437,205.068,0.039,-0.739,0.031,0.671,0.419,1.152,0.251
2016-12-01 01:47:45.448,205.089,0.039,-0.740,0.031,0.671,0.419,1.152,0.251
2016-12-01 01:47:45.459,205.089,0.039,-0.741,0.031,0.670,0.419,1.152,0.251
2016-12-01 01:47:45.470,205.111,0.039,-0.741,0.031,0.670,0.419,1.152,0.251
2016-12-01 01:47:45.482,205.111,0.040,-0.742,0.031,0.669,0.419,1.152,0.251
2016-12-01 01:47:45.493,205.132,0.040,-0.742,0.031,0.669,0.419,1.152,0.251
2016-12-01 01:47:45.504,205.132,0.039,-0.742,0.031,0.668,0.419,1.152,0.252
2016-12-01 01:47:45.515,205.153,0.039,-0.743,0.030,0.667,0.419,1.152,0.252
2016-12-01 01:47:45.527,205.153,0.039,-0.743,0.030,0.667,0.419,1.152,0.251
2016-12-01 01:47:45.537,205.175,0.040,-0.744,0.030,0.666,0.418,1.152,0.252
2016-12-01 01:47:45.549,205.175,0.040,-0.744,0.030,0.666,0.418,1.152,0.252
2016-12-01 01:47:45.560,205.196,0.040,-0.745,0.030,0.666,0.418,1.152,0.252
2016-12-01 01:47:45.571,205.196,0.040,-0.745,0.030,0.665,0.418,1.152,0.252
2016-12-01 01:47:45.582,205.217,0.040,-0.745,0.030,0.665,0.418,1.152,0.252
2016-12-01 01:47:45.594,205.217,0.040,-0.746,0.029,0.664,0.418,1.152,0.252
2016-12-01 01:47:45.604,205.239,0.040,-0.746,0.029,0.664,0.418,1.152,0.253
2016-12-01 01:47:45.616,205.260,0.040,-0.747,0.029,0.663,0.418,1.152,0.253
2016-12-01 01:47:45.626,205.260,0.040,-0.747,0.028,0.663,0.418,1.152,0.253
2016-12-01 01:47:45.638,205.281,0.040,-0.748,0.028,0.662,0.418,1.152,0.253
2016-12-01 01:47:45.649,205.281,0.040,-0.748,0.028,0.662,0.418,1.152,0.253
2016-12-01 01:47:45.660,205.303,0.040,-0.749,0.028,0.661,0.418,1.152,0.254
2016-12-01 01:47:45.672,205.303,0.040,-0.749,0.027,0.661,0.417,1.152,0.254
2016-12-01 01:47:45.683,205.303,0.040,-0.750,0.027,0.660,0.417,1.152,0.254
2016-12-01 01:47:45.694,205.324,0.040,-0.750,0.027,0.659,0.417,1.152,0.254
2016-12-01 01:47:45.705,205.324,0.040,-0.751,0.026,0.659,0.417,1.152,0.254
2016-12-01 01:47:45.716,205.345,0.040,-0.751,0.026,0.658,0.417,1.152,0.255
2016-12-01 01:47:45.728,205.367,0.040,-0.752,0.026,0.658,0.417,1.152,0.255
2016-12-01 01:47:45.738,205.367,0.040,-0.752,0.026,0.657,0.417,1.152,0.255
2016-12-01 01:47:45.750,205.388,0.040,-0.753,0.026,0.656,0.417,1.152,0.255
2016-12-01 01:47:45.761,205.388,0.040,-0.754,0.026,0.656,0.417,1.152,0.256
2016-12-01 01:47:45.772,205.409,0.040,-0.754,0.025,0.655,0.417,1.152,0.256
2016-12-01 01:47:45.783,205.409,0.040,-0.755,0.025,0.654,0.417,1.152,0.256
2016-12-01 01:47:45.794,205.431,0.040,-0.755,0.025,0.654,0.417,1.152,0.256
2016-12-01 01:47:45.805,205.431,0.040,-0.756,0.024,0.653,0.417,1.152,0.256
2016-12-01 01:47:45.816,205.452,0.040,-0.756,0.024,0.652,0.417,1.152,0.257
2016-12-01 01:47:45.828,205.473,0.041,-0.757,0.024,0.652,0.417,1.152,0.257
2016-12-01 01:47:45.839,205.473,0.041,-0.758,0.024,0.651,0.417,1.152,0.257
2016-12-01 01:47:45.850,205.473,0.041,-0.758,0.024,0.650,0.417,1.153,0.257
2016-12-01 01:47:45.861,205.495,0.042,-0.759,0.023,0.650,0.416,1.152,0.257
2016-12-01 01:47:45.873,205.495,0.042,-0.759,0.023,0.649,0.416,1.152,0.258
2016-12-01 01:47:45.884,205.516,0.042,-0.760,0.023,0.648,0.416,1.152,0.258
2016-12-01 01:47:45.895,205.516,0.043,-0.760,0.022,0.648,0.416,1.152,0.258
2016-12-01 01:47:45.906,205.537,0.043,-0.761,0.022,0.647,0.416,1.152,0.258
2016-12-01 01:47:45.917,205.559,0.043,-0.762,0.022,0.646,0.416,1.152,0.259
2016-12-01 01:47:45.929,205.559,0.043,-0.762,0.021,0.646,0.416,1.152,0.259
2016-12-01 01:47:45.939,205.580,0.044,-0.762,0.021,0.645,0.417,1.152,0.259
2016-12-01 01:47:45.951,205.580,0.044,-0.763,0.021,0.645,0.416,1.152,0.259
2016-12-01 01:47:45.962,205.601,0.044,-0.763,0.020,0.644,0.416,1.152,0.259
2016-12-01 01:47:45.973,205.601,0.045,-0.764,0.020,0.644,0.416,1.152,0.260
2016-12-01 01:47:45.984,205.623,0.045,-0.764,0.020,0.643,0.416,1.152,0.260
2016-12-01 01:47:45.995,205.623,0.045,-0.764,0.020,0.643,0.416,1.153,0.260
2016-12-01 01:47:46.006,205.644,0.045,-0.765,0.020,0.643,0.416,1.153,0.260
2016-12-01 01:47:46.018,205.644,0.046,-0.765,0.020,0.642,0.416,1.153,0.260
2016-12-01 01:47:46.029,205.665,0.046,-0.765,0.020,0.642,0.416,1.152,0.260
2016-12-01 01:47:46.040,205.665,0.046,-0.765,0.020,0.642,0.416,1.152,0.260
2016-12-01 01:47:46.051,205.687,0.046,-0.766,0.019,0.641,0.416,1.153,0.260
2016-12-01 01:47:46.063,205.687,0.046,-0.766,0.019,0.641,0.416,1.153,0.261
2016-12-01 01:47:46.074,205.708,0.046,-0.766,0.019,0.641,0.416,1.153,0.261
2016-12-01 01:47:46.085,205.708,0.046,-0.766,0.019,0.641,0.416,1.153,0.261
2016-12-01 01:47:46.096,205.729,0.046,-0.766,0.019,0.640,0.416,1.153,0.261
2016-12-01 01:47:46.107,205.751,0.046,-0.767,0.019,0.640,0.416,1.153,0.261
2016-12-01 01:47:46.119,205.751,0.046,-0.767,0.019,0.640,0.416,1.153,0.261
2016-12-01 01:47:46.129,205.772,0.046,-0.767,0.019,0.640,0.416,1.153,0.261
2016-12-01 01:47:46.140,205.772,0.046,-0.767,0.019,0.640,0.416,1.153,0.261
2016-12-01 01:47:46.152,205.793,0.046,-0.767,0.019,0.640,0.416,1.153,0.261
2016-12-01 01:47:46.163,205.793,0.046,-0.767,0.019,0.640,0.416,1.153,0.261
2016-12-01 01:47:46.174,205.793,0.046,-0.767,0.018,0.640,0.416,1.153,0.261
2016-12-01 01:47:46.185,205.815,0.046,-0.767,0.019,0.640,0.416,1.153,0.261
2016-12-01 01:47:46.197,205.836,0.046,-0.767,0.019,0.640,0.415,1.153,0.261
2016-12-01 01:47:46.207,205.836,0.046,-0.767,0.019,0.640,0.415,1.153,0.261
2016-12-01 01:47:46.218,205.857,0.046,-0.767,0.018,0.640,0.415,1.153,0.261
2016-12-01 01:47:46.230,205.857,0.045,-0.767,0.018,0.640,0.415,1.153,0.261
2016-12-01 01:47:46.241,205.879,0.045,-0.767,0.018,0.640,0.415,1.153,0.261
2016-12-01 01:47:46.253,205.879,0.045,-0.766,0.019,0.641,0.415,1.153,0.261
2016-12-01 01:47:46.263,205.900,0.046,-0.766,0.019,0.641,0.415,1.153,0.261
2016-12-01 01:47:46.274,205.900,0.046,-0.766,0.019,0.641,0.415,1.153,0.261
2016-12-01 01:47:46.286,205.921,0.046,-0.765,0.019,0.642,0.415,1.153,0.261
2016-12-01 01:47:46.297,205.943,0.046,-0.765,0.019,0.642,0.415,1.153,0.261
2016-12-01 01:47:46.308,205.943,0.046,-0.765,0.020,0.643,0.415,1.153,0.261
2016-12-01 01:47:46.319,205.964,0.046,-0.764,0.020,0.643,0.415,1.153,0.261
2016-12-01 01:47:46.330,205.964,0.046,-0.764,0.020,0.643,0.415,1.153,0.261
2016-12-01 01:47:46.341,205.964,0.047,-0.763,0.020,0.644,0.415,1.153,0.261
2016-12-01 01:47:46.352,205.985,0.047,-0.763,0.020,0.644,0.415,1.152,0.260
2016-12-01 01:47:46.364,205.985,0.047,-0.763,0.020,0.645,0.415,1.152,0.260
2016-12-01 01:47:46.375,206.007,0.047,-0.762,0.020,0.645,0.415,1.152,0.260
2016-12-01 01:47:46.386,206.028,0.047,-0.762,0.021,0.646,0.415,1.152,0.260
2016-12-01 01:47:46.397,206.028,0.047,-0.761,0.021,0.646,0.415,1.152,0.260
2016-12-01 01:47:46.408,206.049,0.047,-0.761,0.021,0.647,0.415,1.152,0.260
2016-12-01 01:47:46.420,206.049,0.048,-0.760,0.021,0.648,0.415,1.152,0.260
2016-12-01 01:47:46.431,206.071,0.048,-0.759,0.022,0.649,0.414,1.152,0.260
2016-12-01 01:47:46.442,206.071,0.049,-0.759,0.022,0.649,0.414,1.152,0.260
2016-12-01 01:47:46.454,206.092,0.049,-0.758,0.022,0.650,0.414,1.152,0.260
2016-12-01 01:47:46.465,206.092,0.050,-0.757,0.023,0.651,0.414,1.151,0.260
2016-12-01 01:47:46.476,206.113,0.050,-0.756,0.023,0.652,0.414,1.151,0.260
2016-12-01 01:47:46.487,206.113,0.050,-0.756,0.023,0.653,0.414,1.151,0.260
2016-12-01 01:47:46.498,206.135,0.050,-0.755,0.024,0.653,0.414,1.151,0.260
2016-12-01 01:47:46.509,206.135,0.051,-0.754,0.024,0.654,0.414,1.151,0.260
2016-12-01 01:47:46.520,206.156,0.051,-0.753,0.024,0.655,0.414,1.151,0.260
2016-12-01 01:47:46.532,206.156,0.051,-0.753,0.024,0.656,0.414,1.151,0.260
2016-12-01 01:47:46.542,206.177,0.051,-0.752,0.024,0.657,0.414,1.151,0.260
2016-12-01 01:47:46.554,206.177,0.051,-0.751,0.024,0.658,0.414,1.151,0.260
2016-12-01 01:47:46.565,206.199,0.051,-0.750,0.024,0.659,0.414,1.151,0.260
2016-12-01 01:47:46.576,206.220,0.051,-0.749,0.024,0.660,0.414,1.151,0.260
2016-12-01 01:47:46.587,206.220,0.051,-0.748,0.024,0.661,0.414,1.151,0.260
2016-12-01 01:47:46.598,206.241,0.051,-0.747,0.024,0.662,0.414,1.151,0.260
2016-12-01 01:47:46.610,206.241,0.051,-0.746,0.024,0.663,0.414,1.151,0.260
2016-12-01 01:47:46.621,206.263,0.051,-0.745,0.024,0.664,0.414,1.151,0.260
2016-12-01 01:47:46.632,206.263,0.051,-0.744,0.024,0.665,0.414,1.152,0.260
2016-12-01 01:47:46.643,206.284,0.050,-0.744,0.024,0.666,0.414,1.152,0.260
2016-12-01 01:47:46.655,206.284,0.050,-0.743,0.024,0.667,0.414,1.152,0.260
2016-12-01 01:47:46.665,206.284,0.050,-0.742,0.024,0.668,0.414,1.151,0.260
2016-12-01 01:47:46.677,206.305,0.050,-0.741,0.024,0.669,0.414,1.151,0.260
2016-12-01 01:47:46.688,206.327,0.050,-0.740,0.024,0.670,0.414,1.151,0.260
2016-12-01 01:47:46.699,206.327,0.050,-0.739,0.024,0.671,0.414,1.151,0.260
2016-12-01 01:47:46.710,206.348,0.050,-0.738,0.024,0.672,0.414,1.151,0.260
2016-12-01 01:47:46.722,206.348,0.051,-0.737,0.025,0.674,0.414,1.151,0.260
2016-12-01 01:47:46.732,206.369,0.051,-0.736,0.025,0.675,0.414,1.151,0.260
2016-12-01 01:47:46.743,206.369,0.050,-0.735,0.025,0.676,0.414,1.151,0.260
2016-12-01 01:47:46.755,206.391,0.050,-0.734,0.025,0.677,0.414,1.151,0.260
2016-12-01 01:47:46.767,206.412,0.050,-0.733,0.025,0.678,0.415,1.151,0.260
2016-12-01 01:47:46.777,206.412,0.050,-0.732,0.025,0.679,0.415,1.151,0.260
2016-12-01 01:47:46.788,206.433,0.050,-0.731,0.025,0.680,0.415,1.151,0.260
2016-12-01 01:47:46.800,206.433,0.050,-0.730,0.025,0.681,0.415,1.151,0.260
2016-12-01 01:47:46.811,206.455,0.050,-0.729,0.025,0.682,0.415,1.151,0.260
2016-12-01 01:47:46.822,206.455,0.050,-0.728,0.025,0.683,0.415,1.151,0.260
2016-12-01 01:47:46.833,206.455,0.051,-0.727,0.025,0.684,0.415,1.151,0.260
2016-12-01 01:47:46.844,206.476,0.050,-0.726,0.025,0.685,0.415,1.151,0.260
2016-12-01 01:47:46.856,206.476,0.050,-0.725,0.025,0.686,0.415,1.151,0.260
2016-12-01 01:47:46.866,206.497,0.050,-0.724,0.025,0.687,0.415,1.151,0.260
2016-12-01 01:47:46.878,206.519,0.050,-0.723,0.025,0.688,0.415,1.151,0.260
2016-12-01 01:47:46.889,206.519,0.050,-0.722,0.025,0.689,0.415,1.151,0.260
2016-12-01 01:47:46.900,206.540,0.050,-0.721,0.025,0.690,0.415,1.151,0.260
2016-12-01 01:47:46.912,206.540,0.050,-0.720,0.025,0.692,0.416,1.151,0.260
2016-12-01 01:47:46.922,206.561,0.050,-0.719,0.025,0.693,0.416,1.151,0.260
2016-12-01 01:47:46.933,206.561,0.050,-0.718,0.025,0.694,0.416,1.151,0.260
2016-12-01 01:47:46.945,206.583,0.050,-0.717,0.025,0.695,0.416,1.151,0.260
2016-12-01 01:47:46.956,206.604,0.050,-0.716,0.025,0.696,0.416,1.151,0.260
2016-12-01 01:47:46.967,206.604,0.050,-0.715,0.025,0.697,0.416,1.151,0.260
2016-12-01 01:47:46.978,206.604,0.050,-0.714,0.025,0.698,0.416,1.151,0.260
2016-12-01 01:47:46.990,206.625,0.050,-0.713,0.024,0.699,0.416,1.151,0.260
2016-12-01 01:47:47.001,206.625,0.050,-0.712,0.024,0.700,0.416,1.151,0.260
2016-12-01 01:47:47.012,206.647,0.050,-0.711,0.025,0.701,0.416,1.151,0.260
2016-12-01 01:47:47.024,206.647,0.050,-0.709,0.025,0.703,0.416,1.151,0.260
2016-12-01 01:47:47.034,206.668,0.050,-0.708,0.024,0.704,0.417,1.151,0.260
2016-12-01 01:47:47.045,206.668,0.050,-0.707,0.024,0.705,0.417,1.151,0.260
2016-12-01 01:47:47.056,206.689,0.050,-0.706,0.024,0.706,0.417,1.151,0.260
2016-12-01 01:47:47.068,206.711,0.050,-0.705,0.024,0.707,0.417,1.151,0.260
2016-12-01 01:47:47.080,206.711,0.051,-0.704,0.024,0.708,0.417,1.151,0.260
2016-12-01 01:47:47.090,206.732,0.050,-0.703,0.024,0.709,0.417,1.151,0.260
2016-12-01 01:47:47.101,206.732,0.050,-0.703,0.025,0.709,0.417,1.151,0.260
2016-12-01 01:47:47.112,206.753,0.050,-0.701,0.025,0.710,0.417,1.151,0.260
2016-12-01 01:47:47.124,206.753,0.050,-0.701,0.025,0.711,0.417,1.151,0.260
2016-12-01 01:47:47.135,206.775,0.051,-0.700,0.025,0.712,0.417,1.151,0.260
2016-12-01 01:47:47.146,206.775,0.051,-0.699,0.025,0.713,0.417,1.151,0.260
2016-12-01 01:47:47.157,206.796,0.051,-0.698,0.025,0.714,0.417,1.151,0.260
2016-12-01 01:47:47.168,206.796,0.051,-0.697,0.025,0.714,0.417,1.151,0.260
2016-12-01 01:47:47.180,206.817,0.051,-0.697,0.025,0.715,0.417,1.151,0.260
2016-12-01 01:47:47.191,206.817,0.051,-0.696,0.025,0.716,0.417,1.151,0.260
2016-12-01 01:47:47.202,206.839,0.051,-0.695,0.025,0.717,0.417,1.151,0.260
2016-12-01 01:47:47.213,206.839,0.051,-0.694,0.025,0.717,0.417,1.151,0.260
2016-12-01 01:47:47.224,206.860,0.051,-0.694,0.025,0.718,0.417,1.151,0.260
2016-12-01 01:47:47.235,206.860,0.051,-0.693,0.025,0.719,0.417,1.151,0.260
2016-12-01 01:47:47.246,206.881,0.051,-0.693,0.025,0.719,0.418,1.151,0.260
2016-12-01 01:47:47.258,206.903,0.051,-0.692,0.025,0.720,0.418,1.151,0.260
2016-12-01 01:47:47.268,206.903,0.051,-0.691,0.025,0.720,0.418,1.151,0.260
2016-12-01 01:47:47.280,206.924,0.051,-0.691,0.025,0.721,0.418,1.151,0.260
2016-12-01 01:47:47.291,206.924,0.051,-0.690,0.025,0.721,0.418,1.151,0.260
2016-12-01 01:47:47.302,206.924,0.051,-0.690,0.025,0.722,0.418,1.150,0.260
2016-12-01 01:47:47.313,206.945,0.051,-0.690,0.025,0.722,0.418,1.150,0.259
2016-12-01 01:47:47.325,206.945,0.051,-0.689,0.025,0.722,0.418,1.150,0.259
2016-12-01 01:47:47.335,206.967,0.050,-0.689,0.025,0.723,0.418,1.150,0.259
2016-12-01 01:47:47.347,206.988,0.050,-0.689,0.026,0.723,0.418,1.150,0.259
2016-12-01 01:47:47.358,206.988,0.050,-0.688,0.026,0.723,0.418,1.150,0.259
2016-12-01 01:47:47.369,207.009,0.050,-0.688,0.026,0.723,0.418,1.150,0.259
2016-12-01 01:47:47.381,207.009,0.050,-0.688,0.026,0.723,0.418,1.150,0.259
2016-12-01 01:47:47.392,207.031,0.050,-0.688,0.026,0.724,0.418,1.150,0.259
2016-12-01 01:47:47.403,207.031,0.049,-0.688,0.026,0.724,0.418,1.150,0.258
2016-12-01 01:47:47.414,207.052,0.049,-0.688,0.027,0.724,0.418,1.150,0.258
2016-12-01 01:47:47.425,207.052,0.049,-0.688,0.027,0.724,0.418,1.150,0.258
2016-12-01 01:47:47.436,207.073,0.049,-0.688,0.027,0.724,0.418,1.151,0.258
2016-12-01 01:47:47.447,207.095,0.048,-0.688,0.027,0.723,0.418,1.151,0.258
2016-12-01 01:47:47.459,207.095,0.048,-0.688,0.028,0.723,0.418,1.151,0.257
2016-12-01 01:47:47.470,207.095,0.047,-0.689,0.028,0.723,0.418,1.151,0.257
2016-12-01 01:47:47.481,207.116,0.047,-0.689,0.029,0.723,0.418,1.151,0.257
2016-12-01 01:47:47.492,207.116,0.047,-0.689,0.029,0.722,0.418,1.151,0.256
2016-12-01 01:47:47.503,207.137,0.046,-0.690,0.030,0.722,0.418,1.151,0.256
2016-12-01 01:47:47.514,207.137,0.046,-0.690,0.030,0.721,0.418,1.151,0.256
2016-12-01 01:47:47.525,207.159,0.045,-0.691,0.031,0.721,0.418,1.151,0.255
2016-12-01 01:47:47.537,207.180,0.045,-0.692,0.031,0.720,0.418,1.151,0.255
2016-12-01 01:47:47.548,207.180,0.044,-0.692,0.031,0.720,0.418,1.151,0.254
2016-12-01 01:47:47.559,207.201,0.044,-0.693,0.031,0.719,0.418,1.151,0.254
2016-12-01 01:47:47.570,207.201,0.044,-0.694,0.032,0.718,0.417,1.151,0.254
2016-12-01 01:47:47.582,207.223,0.043,-0.695,0.032,0.717,0.417,1.151,0.253
2016-12-01 01:47:47.593,207.223,0.043,-0.695,0.032,0.717,0.417,1.151,0.253
2016-12-01 01:47:47.604,207.244,0.043,-0.696,0.033,0.716,0.417,1.151,0.252
2016-12-01 01:47:47.615,207.244,0.043,-0.697,0.033,0.715,0.417,1.151,0.252
2016-12-01 01:47:47.626,207.265,0.042,-0.697,0.033,0.715,0.418,1.151,0.252
2016-12-01 01:47:47.637,207.265,0.042,-0.698,0.033,0.714,0.418,1.151,0.251
2016-12-01 01:47:47.648,207.287,0.042,-0.699,0.033,0.714,0.418,1.151,0.251
2016-12-01 01:47:47.660,207.287,0.042,-0.699,0.033,0.713,0.418,1.151,0.251
2016-12-01 01:47:47.671,207.308,0.042,-0.699,0.033,0.713,0.418,1.151,0.251
2016-12-01 01:47:47.682,207.308,0.041,-0.700,0.033,0.712,0.418,1.151,0.250
2016-12-01 01:47:47.693,207.329,0.041,-0.700,0.033,0.712,0.418,1.151,0.250
2016-12-01 01:47:47.704,207.329,0.041,-0.701,0.033,0.712,0.417,1.151,0.250
2016-12-01 01:47:47.715,207.351,0.040,-0.701,0.033,0.711,0.418,1.151,0.249
2016-12-01 01:47:47.727,207.372,0.040,-0.702,0.033,0.711,0.418,1.151,0.249
2016-12-01 01:47:47.738,207.372,0.039,-0.702,0.033,0.710,0.418,1.151,0.249
2016-12-01 01:47:47.749,207.393,0.038,-0.702,0.034,0.710,0.418,1.151,0.249
2016-12-01 01:47:47.761,207.393,0.038,-0.703,0.034,0.710,0.418,1.151,0.248
2016-12-01 01:47:47.771,207.415,0.037,-0.703,0.034,0.709,0.418,1.151,0.248
2016-12-01 01:47:47.783,207.415,0.037,-0.703,0.034,0.709,0.418,1.151,0.248
2016-12-01 01:47:47.794,207.415,0.037,-0.704,0.034,0.709,0.418,1.151,0.248
2016-12-01 01:47:47.805,207.436,0.036,-0.704,0.034,0.708,0.418,1.152,0.248
2016-12-01 01:47:47.816,207.436,0.036,-0.705,0.034,0.708,0.418,1.152,0.247
2016-12-01 01:47:47.827,207.457,0.036,-0.705,0.034,0.707,0.418,1.152,0.247
2016-12-01 01:47:47.839,207.479,0.035,-0.706,0.034,0.707,0.418,1.152,0.247
2016-12-01 01:47:47.850,207.479,0.034,-0.707,0.033,0.706,0.419,1.152,0.247
2016-12-01 01:47:47.861,207.500,0.034,-0.707,0.033,0.705,0.419,1.152,0.247
2016-12-01 01:47:47.872,207.500,0.033,-0.708,0.033,0.705,0.419,1.152,0.247
2016-12-01 01:47:47.883,207.521,0.032,-0.709,0.033,0.704,0.419,1.152,0.246
2016-12-01 01:47:47.894,207.521,0.032,-0.710,0.033,0.703,0.419,1.152,0.246
2016-12-01 01:47:47.905,207.543,0.031,-0.711,0.033,0.702,0.419,1.152,0.246
2016-12-01 01:47:47.917,207.564,0.030,-0.712,0.033,0.701,0.419,1.153,0.246
2016-12-01 01:47:47.928,207.564,0.030,-0.712,0.033,0.700,0.419,1.152,0.246
2016-12-01 01:47:47.939,207.585,0.030,-0.713,0.033,0.699,0.419,1.153,0.246
2016-12-01 01:47:47.950,207.585,0.030,-0.714,0.033,0.698,0.419,1.153,0.246
2016-12-01 01:47:47.961,207.585,0.029,-0.715,0.033,0.697,0.420,1.153,0.245
2016-12-01 01:47:47.972,207.607,0.029,-0.716,0.033,0.696,0.420,1.153,0.245
2016-12-01 01:47:47.983,207.607,0.029,-0.717,0.033,0.695,0.420,1.153,0.246
2016-12-01 01:47:47.995,207.628,0.029,-0.718,0.033,0.694,0.420,1.153,0.246
2016-12-01 01:47:48.006,207.649,0.028,-0.719,0.033,0.693,0.420,1.153,0.245
2016-12-01 01:47:48.017,207.649,0.028,-0.720,0.033,0.692,0.420,1.153,0.245
2016-12-01 01:47:48.028,207.671,0.027,-0.722,0.033,0.691,0.421,1.153,0.245
2016-12-01 01:47:48.039,207.671,0.027,-0.723,0.033,0.690,0.421,1.153,0.245
2016-12-01 01:47:48.050,207.692,0.027,-0.724,0.033,0.689,0.421,1.153,0.245
2016-12-01 01:47:48.062,207.692,0.027,-0.724,0.033,0.688,0.421,1.153,0.245
2016-12-01 01:47:48.073,207.713,0.027,-0.725,0.033,0.687,0.421,1.153,0.246
2016-12-01 01:47:48.084,207.713,0.026,-0.726,0.033,0.686,0.421,1.153,0.246
2016-12-01 01:47:48.095,207.735,0.026,-0.727,0.033,0.685,0.421,1.153,0.246
2016-12-01 01:47:48.106,207.735,0.026,-0.728,0.032,0.684,0.421,1.153,0.246
2016-12-01 01:47:48.118,207.756,0.026,-0.729,0.032,0.683,0.421,1.153,0.246
2016-12-01 01:47:48.129,207.756,0.026,-0.730,0.032,0.682,0.421,1.153,0.246
2016-12-01 01:47:48.140,207.777,0.026,-0.731,0.032,0.681,0.421,1.153,0.246
2016-12-01 01:47:48.152,207.777,0.026,-0.732,0.031,0.680,0.421,1.153,0.246
2016-12-01 01:47:48.163,207.799,0.026,-0.733,0.031,0.679,0.421,1.153,0.246
2016-12-01 01:47:48.173,207.799,0.026,-0.734,0.031,0.678,0.422,1.153,0.246
2016-12-01 01:47:48.185,207.820,0.026,-0.735,0.031,0.677,0.422,1.153,0.246
2016-12-01 01:47:48.196,207.841,0.026,-0.736,0.031,0.676,0.422,1.153,0.246
2016-12-01 01:47:48.207,207.841,0.026,-0.737,0.031,0.675,0.422,1.153,0.246
2016-12-01 01:47:48.218,207.863,0.026,-0.738,0.031,0.674,0.421,1.153,0.246
2016-12-01 01:47:48.229,207.863,0.026,-0.739,0.031,0.673,0.421,1.153,0.246
2016-12-01 01:47:48.240,207.884,0.026,-0.740,0.031,0.672,0.421,1.153,0.247
2016-12-01 01:47:48.252,207.884,0.026,-0.741,0.031,0.671,0.421,1.153,0.247
2016-12-01 01:47:48.263,207.905,0.026,-0.742,0.031,0.670,0.421,1.153,0.247
2016-12-01 01:47:48.274,207.905,0.026,-0.743,0.030,0.668,0.421,1.153,0.247
2016-12-01 01:47:48.285,207.905,0.026,-0.744,0.030,0.667,0.421,1.153,0.247
2016-12-01 01:47:48.296,207.927,0.026,-0.745,0.030,0.666,0.421,1.153,0.247
2016-12-01 01:47:48.308,207.948,0.026,-0.746,0.030,0.665,0.422,1.153,0.247
2016-12-01 01:47:48.319,207.948,0.026,-0.747,0.030,0.664,0.421,1.153,0.247
2016-12-01 01:47:48.330,207.969,0.026,-0.748,0.030,0.663,0.421,1.153,0.247
2016-12-01 01:47:48.341,207.969,0.026,-0.749,0.030,0.662,0.421,1.153,0.247
2016-12-01 01:47:48.352,207.991,0.026,-0.750,0.030,0.661,0.421,1.153,0.247
2016-12-01 01:47:48.364,207.991,0.026,-0.751,0.031,0.659,0.421,1.153,0.247
2016-12-01 01:47:48.374,208.012,0.026,-0.752,0.031,0.658,0.421,1.153,0.247
2016-12-01 01:47:48.386,208.012,0.026,-0.753,0.031,0.657,0.421,1.153,0.247
2016-12-01 01:47:48.397,208.033,0.026,-0.754,0.031,0.656,0.421,1.153,0.247
2016-12-01 01:47:48.408,208.055,0.026,-0.755,0.031,0.655,0.421,1.153,0.247
2016-12-01 01:47:48.419,208.055,0.026,-0.756,0.031,0.654,0.421,1.153,0.247
2016-12-01 01:47:48.430,208.076,0.026,-0.757,0.031,0.652,0.421,1.153,0.248
2016-12-01 01:47:48.441,208.076,0.027,-0.758,0.031,0.651,0.420,1.153,0.248
2016-12-01 01:47:48.453,208.076,0.027,-0.759,0.031,0.650,0.420,1.153,0.248
2016-12-01 01:47:48.464,208.097,0.027,-0.760,0.031,0.649,0.420,1.153,0.248
2016-12-01 01:47:48.475,208.097,0.027,-0.761,0.031,0.648,0.420,1.153,0.248
2016-12-01 01:47:48.487,208.119,0.027,-0.762,0.031,0.647,0.420,1.153,0.248
2016-12-01 01:47:48.498,208.140,0.027,-0.763,0.031,0.645,0.420,1.153,0.248
2016-12-01 01:47:48.509,208.140,0.027,-0.764,0.031,0.644,0.420,1.153,0.248
2016-12-01 01:47:48.520,208.161,0.027,-0.765,0.031,0.643,0.420,1.153,0.248
2016-12-01 01:47:48.531,208.161,0.028,-0.766,0.031,0.642,0.420,1.153,0.248
2016-12-01 01:47:48.542,208.183,0.028,-0.767,0.031,0.640,0.420,1.153,0.248
2016-12-01 01:47:48.554,208.183,0.028,-0.768,0.031,0.639,0.420,1.153,0.248
2016-12-01 01:47:48.564,208.204,0.028,-0.769,0.031,0.638,0.419,1.153,0.248
2016-12-01 01:47:48.575,208.204,0.028,-0.770,0.031,0.637,0.419,1.153,0.248
2016-12-01 01:47:48.587,208.225,0.028,-0.771,0.031,0.635,0.419,1.153,0.248
2016-12-01 01:47:48.598,208.225,0.028,-0.772,0.031,0.634,0.419,1.153,0.248
2016-12-01 01:47:48.609,208.247,0.028,-0.773,0.032,0.633,0.419,1.153,0.248
2016-12-01 01:47:48.620,208.247,0.028,-0.774,0.032,0.632,0.419,1.153,0.248
2016-12-01 01:47:48.631,208.268,0.029,-0.775,0.032,0.630,0.419,1.153,0.248
2016-12-01 01:47:48.642,208.268,0.029,-0.776,0.032,0.629,0.419,1.153,0.248
2016-12-01 01:47:48.653,208.289,0.029,-0.777,0.032,0.628,0.419,1.153,0.248
2016-12-01 01:47:48.665,208.289,0.029,-0.778,0.031,0.626,0.419,1.153,0.248
2016-12-01 01:47:48.676,208.311,0.029,-0.779,0.031,0.625,0.419,1.153,0.248
2016-12-01 01:47:48.688,208.332,0.029,-0.781,0.031,0.624,0.419,1.153,0.248
2016-12-01 01:47:48.698,208.332,0.029,-0.782,0.031,0.622,0.419,1.153,0.248
2016-12-01 01:47:48.709,208.353,0.028,-0.783,0.031,0.621,0.419,1.153,0.248
2016-12-01 01:47:48.721,208.353,0.028,-0.784,0.030,0.620,0.419,1.153,0.248
2016-12-01 01:47:48.732,208.375,0.028,-0.785,0.030,0.618,0.419,1.153,0.248
2016-12-01 01:47:48.743,208.375,0.028,-0.786,0.030,0.617,0.419,1.153,0.248
2016-12-01 01:47:48.754,208.396,0.028,-0.787,0.030,0.616,0.419,1.153,0.248
2016-12-01 01:47:48.766,208.396,0.027,-0.788,0.029,0.615,0.418,1.153,0.248
2016-12-01 01:47:48.776,208.417,0.027,-0.789,0.029,0.614,0.418,1.153,0.248
2016-12-01 01:47:48.788,208.417,0.027,-0.789,0.029,0.613,0.418,1.153,0.248
2016-12-01 01:47:48.799,208.439,0.027,-0.790,0.029,0.611,0.418,1.153,0.248
2016-12-01 01:47:48.810,208.439,0.027,-0.791,0.028,0.610,0.418,1.153,0.248
2016-12-01 01:47:48.821,208.460,0.026,-0.792,0.028,0.609,0.418,1.153,0.248
2016-12-01 01:47:48.832,208.460,0.026,-0.793,0.027,0.608,0.418,1.154,0.248
2016-12-01 01:47:48.844,208.481,0.026,-0.793,0.027,0.607,0.419,1.154,0.248
2016-12-01 01:47:48.855,208.481,0.026,-0.794,0.026,0.607,0.419,1.154,0.248
2016-12-01 01:47:48.866,208.503,0.025,-0.795,0.025,0.605,0.419,1.154,0.248
2016-12-01 01:47:48.877,208.524,0.024,-0.796,0.025,0.605,0.419,1.154,0.248
2016-12-01 01:47:48.889,208.524,0.024,-0.797,0.024,0.604,0.419,1.154,0.248
2016-12-01 01:47:48.900,208.545,0.023,-0.797,0.023,0.603,0.419,1.154,0.248
2016-12-01 01:47:48.911,208.545,0.023,-0.798,0.022,0.602,0.419,1.154,0.248
2016-12-01 01:47:48.924,208.545,0.023,-0.799,0.021,0.601,0.419,1.154,0.248
2016-12-01 01:47:48.933,208.567,0.022,-0.800,0.021,0.600,0.419,1.154,0.248
2016-12-01 01:47:48.944,208.567,0.021,-0.800,0.020,0.599,0.419,1.155,0.248
2016-12-01 01:47:48.955,208.588,0.021,-0.801,0.019,0.598,0.420,1.155,0.248
2016-12-01 01:47:48.967,208.609,0.020,-0.802,0.018,0.597,0.420,1.155,0.248
2016-12-01 01:47:48.978,208.609,0.019,-0.803,0.017,0.596,0.420,1.155,0.247
2016-12-01 01:47:48.989,208.631,0.018,-0.803,0.016,0.595,0.420,1.155,0.247
2016-12-01 01:47:49.000,208.631,0.018,-0.804,0.015,0.594,0.420,1.155,0.248
2016-12-01 01:47:49.011,208.652,0.017,-0.804,0.014,0.594,0.420,1.156,0.248
2016-12-01 01:47:49.023,208.652,0.016,-0.805,0.013,0.593,0.420,1.156,0.248
2016-12-01 01:47:49.033,208.673,0.015,-0.805,0.012,0.592,0.420,1.156,0.248
2016-12-01 01:47:49.044,208.673,0.014,-0.806,0.011,0.592,0.420,1.156,0.248
2016-12-01 01:47:49.056,208.695,0.013,-0.806,0.010,0.591,0.420,1.156,0.248
2016-12-01 01:47:49.068,208.716,0.012,-0.807,0.009,0.590,0.421,1.156,0.248
2016-12-01 01:47:49.079,208.716,0.011,-0.807,0.008,0.590,0.421,1.157,0.248
2016-12-01 01:47:49.090,208.716,0.010,-0.808,0.007,0.589,0.421,1.157,0.248
2016-12-01 01:47:49.101,208.737,0.009,-0.808,0.007,0.589,0.421,1.157,0.248
2016-12-01 01:47:49.112,208.737,0.008,-0.809,0.006,0.588,0.421,1.157,0.248
2016-12-01 01:47:49.123,208.759,0.007,-0.809,0.005,0.587,0.422,1.157,0.248
2016-12-01 01:47:49.134,208.759,0.007,-0.810,0.004,0.587,0.422,1.157,0.248
2016-12-01 01:47:49.145,208.780,0.006,-0.810,0.003,0.586,0.422,1.158,0.248
2016-12-01 01:47:49.157,208.801,0.005,-0.811,0.003,0.585,0.422,1.158,0.248
2016-12-01 01:47:49.167,208.801,0.004,-0.811,0.002,0.585,0.422,1.158,0.248
2016-12-01 01:47:49.179,208.823,0.003,-0.812,0.001,0.584,0.422,1.158,0.248
2016-12-01 01:47:49.190,208.823,0.003,-0.812,0.000,0.583,0.422,1.158,0.248
2016-12-01 01:47:49.201,208.844,0.002,-0.813,-0.001,0.583,0.423,1.159,0.248
2016-12-01 01:47:49.213,208.844,0.001,-0.813,-0.002,0.582,0.423,1.159,0.248
2016-12-01 01:47:49.223,208.865,0.000,-0.813,-0.003,0.582,0.423,1.159,0.249
2016-12-01 01:47:49.234,208.865,-0.001,-0.814,-0.004,0.581,0.423,1.159,0.248
2016-12-01 01:47:49.246,208.887,-0.001,-0.814,-0.005,0.581,0.424,1.159,0.249
2016-12-01 01:47:49.257,208.887,-0.002,-0.814,-0.006,0.581,0.424,1.159,0.249
2016-12-01 01:47:49.268,208.908,-0.003,-0.814,-0.007,0.580,0.424,1.159,0.249
2016-12-01 01:47:49.279,208.908,-0.003,-0.815,-0.007,0.580,0.424,1.160,0.249
2016-12-01 01:47:49.290,208.929,-0.004,-0.815,-0.008,0.580,0.425,1.160,0.249
2016-12-01 01:47:49.302,208.929,-0.004,-0.815,-0.010,0.580,0.425,1.160,0.249
2016-12-01 01:47:49.313,208.951,-0.005,-0.815,-0.010,0.579,0.425,1.160,0.249
2016-12-01 01:47:49.324,208.951,-0.006,-0.815,-0.011,0.579,0.425,1.160,0.249
2016-12-01 01:47:49.335,208.972,-0.006,-0.815,-0.012,0.579,0.426,1.160,0.249
2016-12-01 01:47:49.346,208.993,-0.006,-0.815,-0.013,0.579,0.426,1.160,0.250
2016-12-01 01:47:49.358,208.993,-0.007,-0.815,-0.014,0.579,0.426,1.161,0.250
2016-12-01 01:47:49.368,209.015,-0.007,-0.815,-0.015,0.579,0.426,1.161,0.250
2016-12-01 01:47:49.380,209.015,-0.008,-0.815,-0.016,0.580,0.426,1.161,0.250
2016-12-01 01:47:49.391,209.036,-0.008,-0.815,-0.017,0.580,0.427,1.161,0.250
2016-12-01 01:47:49.402,209.036,-0.009,-0.814,-0.017,0.580,0.427,1.161,0.250
2016-12-01 01:47:49.413,209.036,-0.009,-0.814,-0.018,0.580,0.427,1.161,0.251
2016-12-01 01:47:49.424,209.057,-0.009,-0.814,-0.019,0.580,0.427,1.161,0.251
2016-12-01 01:47:49.436,209.079,-0.009,-0.814,-0.020,0.581,0.428,1.161,0.251
2016-12-01 01:47:49.447,209.079,-0.009,-0.814,-0.020,0.581,0.428,1.161,0.251
2016-12-01 01:47:49.458,209.100,-0.008,-0.813,-0.020,0.581,0.428,1.161,0.251
2016-12-01 01:47:49.469,209.100,-0.008,-0.813,-0.021,0.582,0.428,1.161,0.251
2016-12-01 01:47:49.480,209.121,-0.008,-0.813,-0.021,0.582,0.428,1.161,0.252
2016-12-01 01:47:49.492,209.121,-0.008,-0.812,-0.022,0.583,0.428,1.161,0.252
2016-12-01 01:47:49.503,209.143,-0.008,-0.812,-0.022,0.584,0.429,1.161,0.252
2016-12-01 01:47:49.514,209.143,-0.007,-0.811,-0.022,0.584,0.429,1.161,0.252
2016-12-01 01:47:49.525,209.164,-0.007,-0.811,-0.023,0.585,0.429,1.161,0.252
2016-12-01 01:47:49.536,209.185,-0.007,-0.810,-0.023,0.586,0.429,1.161,0.253
2016-12-01 01:47:49.548,209.185,-0.007,-0.809,-0.023,0.587,0.429,1.161,0.253
2016-12-01 01:47:49.558,209.207,-0.006,-0.808,-0.024,0.588,0.429,1.161,0.253
2016-12-01 01:47:49.570,209.207,-0.006,-0.807,-0.024,0.590,0.429,1.161,0.253
2016-12-01 01:47:49.581,209.207,-0.006,-0.806,-0.024,0.591,0.429,1.161,0.254
2016-12-01 01:47:49.592,209.228,-0.005,-0.805,-0.024,0.592,0.429,1.161,0.254
2016-12-01 01:47:49.603,209.228,-0.005,-0.804,-0.025,0.594,0.429,1.161,0.254
2016-12-01 01:47:49.614,209.249,-0.005,-0.803,-0.025,0.595,0.428,1.161,0.255
2016-12-01 01:47:49.626,209.271,-0.004,-0.802,-0.025,0.597,0.428,1.161,0.255
2016-12-01 01:47:49.637,209.271,-0.004,-0.801,-0.025,0.599,0.428,1.161,0.255
2016-12-01 01:47:49.648,209.292,-0.003,-0.799,-0.026,0.600,0.428,1.161,0.256
2016-12-01 01:47:49.659,209.292,-0.003,-0.798,-0.026,0.602,0.428,1.161,0.256
2016-12-01 01:47:49.670,209.313,-0.003,-0.797,-0.027,0.603,0.428,1.161,0.257
2016-12-01 01:47:49.682,209.313,-0.002,-0.796,-0.027,0.605,0.428,1.161,0.257
2016-12-01 01:47:49.692,209.335,-0.001,-0.795,-0.027,0.607,0.427,1.161,0.257
2016-12-01 01:47:49.704,209.335,-0.001,-0.793,-0.028,0.608,0.427,1.161,0.258
2016-12-01 01:47:49.715,209.356,0.000,-0.792,-0.028,0.610,0.427,1.161,0.258
2016-12-01 01:47:49.726,209.356,0.001,-0.791,-0.029,0.612,0.427,1.161,0.259
2016-12-01 01:47:49.737,209.377,0.001,-0.789,-0.029,0.613,0.427,1.161,0.259
2016-12-01 01:47:49.749,209.377,0.002,-0.788,-0.029,0.615,0.426,1.161,0.259
2016-12-01 01:47:49.759,209.399,0.002,-0.787,-0.030,0.616,0.426,1.161,0.260
2016-12-01 01:47:49.770,209.399,0.002,-0.786,-0.030,0.618,0.426,1.161,0.260
2016-12-01 01:47:49.782,209.420,0.002,-0.784,-0.030,0.620,0.426,1.161,0.261
2016-12-01 01:47:49.793,209.420,0.002,-0.783,-0.031,0.621,0.426,1.161,0.261
2016-12-01 01:47:49.804,209.441,0.002,-0.782,-0.031,0.623,0.425,1.161,0.262
2016-12-01 01:47:49.815,209.441,0.001,-0.781,-0.031,0.624,0.425,1.161,0.262
2016-12-01 01:47:49.827,209.463,-0.001,-0.779,-0.030,0.626,0.424,1.161,0.262
2016-12-01 01:47:49.838,209.484,-0.002,-0.778,-0.030,0.628,0.424,1.161,0.263
2016-12-01 01:47:49.849,209.484,-0.003,-0.777,-0.030,0.629,0.424,1.161,0.263
2016-12-01 01:47:49.860,209.505,-0.003,-0.775,-0.030,0.631,0.423,1.161,0.264
2016-12-01 01:47:49.871,209.505,-0.004,-0.774,-0.030,0.632,0.423,1.161,0.264
2016-12-01 01:47:49.882,209.527,-0.004,-0.773,-0.030,0.634,0.422,1.161,0.264
2016-12-01 01:47:49.894,209.527,-0.004,-0.771,-0.030,0.636,0.422,1.162,0.265
2016-12-01 01:47:49.905,209.527,-0.004,-0.770,-0.030,0.637,0.421,1.161,0.265
2016-12-01 01:47:49.916,209.548,-0.003,-0.769,-0.031,0.639,0.421,1.161,0.266
2016-12-01 01:47:49.927,209.569,-0.003,-0.768,-0.031,0.640,0.420,1.161,0.266
2016-12-01 01:47:49.938,209.569,-0.002,-0.766,-0.031,0.642,0.420,1.161,0.266
2016-12-01 01:47:49.949,209.591,-0.002,-0.765,-0.031,0.643,0.419,1.161,0.267
2016-12-01 01:47:49.961,209.591,0.000,-0.764,-0.031,0.644,0.419,1.161,0.267
2016-12-01 01:47:49.971,209.612,0.000,-0.763,-0.030,0.645,0.419,1.161,0.267
2016-12-01 01:47:49.983,209.612,0.001,-0.762,-0.030,0.646,0.418,1.161,0.267
2016-12-01 01:47:49.994,209.633,0.002,-0.762,-0.029,0.647,0.418,1.161,0.268
2016-12-01 01:47:50.005,209.633,0.003,-0.761,-0.029,0.648,0.418,1.161,0.268
2016-12-01 01:47:50.016,209.655,0.004,-0.761,-0.028,0.648,0.417,1.161,0.268
2016-12-01 01:47:50.028,209.676,0.004,-0.760,-0.028,0.649,0.417,1.161,0.268
2016-12-01 01:47:50.039,209.676,0.005,-0.760,-0.027,0.649,0.416,1.161,0.268
2016-12-01 01:47:50.050,209.697,0.006,-0.760,-0.027,0.649,0.416,1.161,0.268
2016-12-01 01:47:50.062,209.697,0.007,-0.760,-0.027,0.650,0.416,1.161,0.268
2016-12-01 01:47:50.072,209.697,0.008,-0.760,-0.027,0.650,0.415,1.161,0.268
2016-12-01 01:47:50.083,209.719,0.008,-0.760,-0.027,0.650,0.415,1.160,0.268
2016-12-01 01:47:50.095,209.719,0.009,-0.760,-0.027,0.649,0.415,1.160,0.268
2016-12-01 01:47:50.106,209.740,0.010,-0.760,-0.026,0.649,0.414,1.160,0.268
2016-12-01 01:47:50.117,209.761,0.010,-0.760,-0.026,0.649,0.414,1.160,0.268
2016-12-01 01:47:50.128,209.761,0.011,-0.761,-0.026,0.649,0.414,1.160,0.268
2016-12-01 01:47:50.139,209.783,0.012,-0.761,-0.026,0.648,0.414,1.160,0.268
2016-12-01 01:47:50.151,209.783,0.012,-0.761,-0.026,0.648,0.413,1.160,0.268
2016-12-01 01:47:50.161,209.804,0.013,-0.761,-0.026,0.648,0.413,1.160,0.268
2016-12-01 01:47:50.173,209.804,0.013,-0.761,-0.026,0.648,0.413,1.160,0.268
2016-12-01 01:47:50.184,209.825,0.013,-0.761,-0.026,0.648,0.413,1.160,0.268
2016-12-01 01:47:50.196,209.825,0.014,-0.761,-0.027,0.648,0.412,1.160,0.267
2016-12-01 01:47:50.206,209.847,0.014,-0.761,-0.027,0.648,0.412,1.160,0.267
2016-12-01 01:47:50.218,209.847,0.014,-0.761,-0.027,0.648,0.412,1.160,0.267
2016-12-01 01:47:50.229,209.868,0.013,-0.760,-0.027,0.649,0.412,1.160,0.267
2016-12-01 01:47:50.240,209.868,0.013,-0.760,-0.026,0.649,0.412,1.160,0.267
2016-12-01 01:47:50.251,209.889,0.013,-0.760,-0.026,0.649,0.412,1.160,0.267
2016-12-01 01:47:50.263,209.889,0.014,-0.760,-0.026,0.650,0.412,1.160,0.267
2016-12-01 01:47:50.273,209.911,0.014,-0.760,-0.025,0.650,0.412,1.160,0.267
2016-12-01 01:47:50.285,209.911,0.014,-0.759,-0.024,0.650,0.412,1.160,0.267
2016-12-01 01:47:50.296,209.932,0.014,-0.759,-0.023,0.650,0.411,1.160,0.267
2016-12-01 01:47:50.307,209.953,0.015,-0.759,-0.023,0.651,0.411,1.159,0.266
2016-12-01 01:47:50.318,209.953,0.015,-0.759,-0.022,0.651,0.411,1.159,0.266
2016-12-01 01:47:50.329,209.975,0.015,-0.759,-0.022,0.651,0.411,1.159,0.266
2016-12-01 01:47:50.340,209.975,0.015,-0.758,-0.022,0.651,0.411,1.159,0.266
2016-12-01 01:47:50.351,209.996,0.015,-0.758,-0.021,0.652,0.411,1.159,0.266
2016-12-01 01:47:50.363,209.996,0.015,-0.758,-0.021,0.652,0.411,1.159,0.266
2016-12-01 01:47:50.374,210.017,0.016,-0.758,-0.021,0.652,0.411,1.159,0.266
2016-12-01 01:47:50.386,210.017,0.016,-0.757,-0.021,0.652,0.411,1.159,0.266
2016-12-01 01:47:50.396,210.039,0.017,-0.757,-0.021,0.653,0.411,1.159,0.266
2016-12-01 01:47:50.407,210.039,0.017,-0.757,-0.020,0.653,0.411,1.159,0.266
2016-12-01 01:47:50.419,210.060,0.017,-0.756,-0.020,0.654,0.411,1.159,0.265
2016-12-01 01:47:50.430,210.060,0.018,-0.756,-0.020,0.654,0.411,1.159,0.265
2016-12-01 01:47:50.441,210.081,0.018,-0.756,-0.020,0.655,0.411,1.159,0.265
2016-12-01 01:47:50.452,210.081,0.018,-0.755,-0.019,0.655,0.411,1.159,0.265
2016-12-01 01:47:50.463,210.103,0.018,-0.755,-0.019,0.656,0.411,1.159,0.265
2016-12-01 01:47:50.474,210.103,0.018,-0.754,-0.019,0.656,0.411,1.159,0.265
2016-12-01 01:47:50.485,210.124,0.019,-0.754,-0.019,0.657,0.411,1.159,0.265
2016-12-01 01:47:50.497,210.145,0.019,-0.753,-0.018,0.657,0.411,1.159,0.265
2016-12-01 01:47:50.508,210.145,0.019,-0.753,-0.018,0.658,0.411,1.159,0.265
2016-12-01 01:47:50.519,210.167,0.019,-0.752,-0.018,0.658,0.411,1.158,0.265
2016-12-01 01:47:50.530,210.167,0.019,-0.752,-0.018,0.659,0.412,1.159,0.265
2016-12-01 01:47:50.541,210.167,0.019,-0.752,-0.018,0.659,0.412,1.159,0.265
2016-12-01 01:47:50.552,210.188,0.018,-0.751,-0.018,0.660,0.412,1.159,0.265
2016-12-01 01:47:50.565,210.188,0.018,-0.751,-0.018,0.660,0.412,1.159,0.265
2016-12-01 01:47:50.575,210.209,0.017,-0.751,-0.018,0.660,0.412,1.159,0.265
2016-12-01 01:47:50.586,210.231,0.017,-0.751,-0.018,0.660,0.412,1.159,0.265
2016-12-01 01:47:50.598,210.231,0.016,-0.750,-0.018,0.661,0.412,1.159,0.265
2016-12-01 01:47:50.609,210.252,0.015,-0.750,-0.018,0.661,0.412,1.160,0.265
2016-12-01 01:47:50.620,210.252,0.015,-0.750,-0.018,0.661,0.412,1.160,0.265
2016-12-01 01:47:50.631,210.273,0.014,-0.750,-0.018,0.662,0.412,1.160,0.265
2016-12-01 01:47:50.642,210.273,0.014,-0.749,-0.017,0.662,0.412,1.160,0.264
2016-12-01 01:47:50.653,210.295,0.014,-0.749,-0.016,0.662,0.412,1.160,0.264
2016-12-01 01:47:50.665,210.295,0.014,-0.749,-0.016,0.662,0.412,1.160,0.264
2016-12-01 01:47:50.676,210.316,0.014,-0.750,-0.015,0.662,0.412,1.160,0.264
2016-12-01 01:47:50.687,210.337,0.014,-0.750,-0.015,0.661,0.412,1.160,0.264
2016-12-01 01:47:50.698,210.337,0.014,-0.750,-0.014,0.661,0.413,1.160,0.264
2016-12-01 01:47:50.709,210.337,0.015,-0.750,-0.014,0.661,0.413,1.160,0.264
2016-12-01 01:47:50.720,210.359,0.016,-0.750,-0.013,0.661,0.413,1.159,0.263
2016-12-01 01:47:50.731,210.359,0.017,-0.751,-0.013,0.660,0.413,1.159,0.263
2016-12-01 01:47:50.742,210.380,0.017,-0.751,-0.012,0.660,0.413,1.159,0.263
2016-12-01 01:47:50.754,210.380,0.018,-0.751,-0.011,0.660,0.414,1.159,0.263
2016-12-01 01:47:50.765,210.401,0.019,-0.751,-0.011,0.660,0.414,1.158,0.263
2016-12-01 01:47:50.776,210.423,0.019,-0.751,-0.010,0.660,0.414,1.158,0.263
2016-12-01 01:47:50.788,210.423,0.020,-0.751,-0.010,0.660,0.414,1.158,0.263
2016-12-01 01:47:50.798,210.444,0.021,-0.751,-0.009,0.660,0.414,1.158,0.262
2016-12-01 01:47:50.810,210.444,0.021,-0.751,-0.009,0.660,0.414,1.158,0.262
2016-12-01 01:47:50.821,210.465,0.022,-0.751,-0.008,0.660,0.414,1.157,0.262
2016-12-01 01:47:50.832,210.465,0.023,-0.751,-0.008,0.659,0.414,1.157,0.262
2016-12-01 01:47:50.843,210.487,0.024,-0.752,-0.007,0.659,0.414,1.157,0.262
2016-12-01 01:47:50.855,210.487,0.024,-0.752,-0.006,0.659,0.414,1.157,0.262
2016-12-01 01:47:50.865,210.508,0.025,-0.752,-0.005,0.658,0.414,1.157,0.261
2016-12-01 01:47:50.876,210.508,0.025,-0.752,-0.003,0.658,0.414,1.156,0.261
2016-12-01 01:47:50.887,210.529,0.026,-0.753,-0.002,0.658,0.414,1.156,0.261
2016-12-01 01:47:50.899,210.529,0.026,-0.753,-0.002,0.657,0.414,1.156,0.261
2016-12-01 01:47:50.910,210.551,0.026,-0.753,0.000,0.657,0.414,1.155,0.261
2016-12-01 01:47:50.922,210.551,0.027,-0.753,0.001,0.657,0.414,1.155,0.260
2016-12-01 01:47:50.933,210.572,0.028,-0.754,0.002,0.656,0.414,1.155,0.260
2016-12-01 01:47:50.944,210.572,0.029,-0.754,0.004,0.656,0.415,1.155,0.260
2016-12-01 01:47:50.955,210.593,0.029,-0.754,0.005,0.656,0.415,1.154,0.260
2016-12-01 01:47:50.966,210.615,0.030,-0.754,0.006,0.656,0.415,1.154,0.260
2016-12-01 01:47:50.977,210.615,0.031,-0.754,0.007,0.656,0.415,1.154,0.260
2016-12-01 01:47:50.988,210.636,0.030,-0.754,0.007,0.656,0.415,1.154,0.260
2016-12-01 01:47:50.999,210.636,0.030,-0.754,0.008,0.656,0.415,1.154,0.260
2016-12-01 01:47:51.010,210.657,0.029,-0.754,0.009,0.656,0.415,1.154,0.260
2016-12-01 01:47:51.022,210.657,0.029,-0.753,0.010,0.657,0.415,1.154,0.260
2016-12-01 01:47:51.033,210.657,0.029,-0.753,0.011,0.657,0.415,1.154,0.259
2016-12-01 01:47:51.044,210.679,0.029,-0.753,0.012,0.658,0.415,1.154,0.259
2016-12-01 01:47:51.056,210.679,0.029,-0.752,0.012,0.658,0.415,1.154,0.259
2016-12-01 01:47:51.066,210.700,0.029,-0.751,0.013,0.659,0.415,1.154,0.259
2016-12-01 01:47:51.077,210.721,0.029,-0.751,0.014,0.660,0.415,1.154,0.259
2016-12-01 01:47:51.089,210.721,0.029,-0.750,0.015,0.661,0.415,1.154,0.259
2016-12-01 01:47:51.100,210.743,0.028,-0.749,0.014,0.662,0.415,1.154,0.259
2016-12-01 01:47:51.111,210.743,0.028,-0.749,0.017,0.662,0.415,1.154,0.259
2016-12-01 01:47:51.122,210.764,0.028,-0.748,0.018,0.663,0.415,1.153,0.259
2016-12-01 01:47:51.134,210.764,0.029,-0.748,0.019,0.663,0.415,1.153,0.258
2016-12-01 01:47:51.145,210.785,0.030,-0.748,0.020,0.663,0.415,1.153,0.258
2016-12-01 01:47:51.156,210.807,0.030,-0.748,0.021,0.662,0.415,1.153,0.258
2016-12-01 01:47:51.167,210.807,0.030,-0.748,0.021,0.662,0.415,1.153,0.257
2016-12-01 01:47:51.178,210.828,0.030,-0.749,0.022,0.662,0.415,1.153,0.257
2016-12-01 01:47:51.190,210.828,0.030,-0.749,0.023,0.662,0.416,1.153,0.257
2016-12-01 01:47:51.200,210.828,0.030,-0.749,0.024,0.661,0.416,1.153,0.256
2016-12-01 01:47:51.212,210.849,0.030,-0.750,0.025,0.660,0.415,1.153,0.256
2016-12-01 01:47:51.223,210.849,0.030,-0.751,0.025,0.660,0.415,1.153,0.256
2016-12-01 01:47:51.234,210.871,0.030,-0.751,0.026,0.659,0.415,1.153,0.255
2016-12-01 01:47:51.245,210.871,0.029,-0.752,0.026,0.658,0.415,1.153,0.255
2016-12-01 01:47:51.256,210.871,0.029,-0.753,0.027,0.657,0.415,1.153,0.254
2016-12-01 01:47:51.267,210.892,0.029,-0.753,0.027,0.657,0.415,1.153,0.254
2016-12-01 01:47:51.279,210.892,0.030,-0.754,0.028,0.655,0.415,1.153,0.253
2016-12-01 01:47:51.290,210.913,0.030,-0.755,0.028,0.654,0.415,1.153,0.253
2016-12-01 01:47:51.301,210.913,0.030,-0.756,0.029,0.653,0.415,1.152,0.252
2016-12-01 01:47:51.313,210.935,0.030,-0.757,0.029,0.652,0.415,1.152,0.251
2016-12-01 01:47:51.324,210.935,0.030,-0.758,0.030,0.651,0.415,1.152,0.251
2016-12-01 01:47:51.335,210.956,0.030,-0.759,0.030,0.650,0.416,1.152,0.250
2016-12-01 01:47:51.347,210.977,0.031,-0.760,0.031,0.649,0.416,1.152,0.250
2016-12-01 01:47:51.357,210.977,0.031,-0.760,0.032,0.648,0.416,1.152,0.249
2016-12-01 01:47:51.368,210.977,0.031,-0.761,0.033,0.647,0.416,1.152,0.249
2016-12-01 01:47:51.379,210.999,0.032,-0.762,0.033,0.647,0.416,1.152,0.248
2016-12-01 01:47:51.391,210.999,0.032,-0.762,0.034,0.646,0.416,1.152,0.248
2016-12-01 01:47:51.401,211.020,0.032,-0.763,0.035,0.645,0.417,1.152,0.247
2016-12-01 01:47:51.413,211.020,0.032,-0.764,0.036,0.644,0.417,1.152,0.247
2016-12-01 01:47:51.424,211.041,0.032,-0.764,0.037,0.643,0.417,1.152,0.246
2016-12-01 01:47:51.435,211.041,0.032,-0.765,0.038,0.642,0.417,1.152,0.245
2016-12-01 01:47:51.446,211.063,0.032,-0.766,0.039,0.641,0.417,1.151,0.245
2016-12-01 01:47:51.457,211.084,0.032,-0.766,0.040,0.640,0.417,1.151,0.244
2016-12-01 01:47:51.469,211.084,0.032,-0.767,0.041,0.639,0.417,1.151,0.243
2016-12-01 01:47:51.480,211.105,0.033,-0.768,0.041,0.638,0.417,1.151,0.243
2016-12-01 01:47:51.491,211.105,0.033,-0.769,0.042,0.637,0.417,1.151,0.242
2016-12-01 01:47:51.502,211.127,0.034,-0.769,0.043,0.636,0.417,1.151,0.242
2016-12-01 01:47:51.514,211.127,0.034,-0.770,0.044,0.635,0.417,1.151,0.241
2016-12-01 01:47:51.524,211.127,0.035,-0.771,0.044,0.634,0.417,1.151,0.240
2016-12-01 01:47:51.536,211.148,0.035,-0.772,0.045,0.633,0.417,1.151,0.240
2016-12-01 01:47:51.547,211.169,0.035,-0.772,0.046,0.633,0.417,1.151,0.239
2016-12-01 01:47:51.558,211.169,0.035,-0.773,0.046,0.632,0.417,1.151,0.239
2016-12-01 01:47:51.569,211.191,0.035,-0.774,0.047,0.631,0.417,1.151,0.238
2016-12-01 01:47:51.581,211.191,0.035,-0.774,0.047,0.630,0.417,1.151,0.238
2016-12-01 01:47:51.591,211.212,0.035,-0.775,0.047,0.630,0.417,1.151,0.238
2016-12-01 01:47:51.603,211.212,0.036,-0.775,0.047,0.629,0.417,1.151,0.237
2016-12-01 01:47:51.614,211.233,0.036,-0.775,0.048,0.629,0.417,1.150,0.237
2016-12-01 01:47:51.625,211.233,0.036,-0.775,0.048,0.629,0.417,1.150,0.237
2016-12-01 01:47:51.636,211.255,0.036,-0.775,0.048,0.629,0.417,1.150,0.236
2016-12-01 01:47:51.648,211.276,0.035,-0.775,0.048,0.629,0.417,1.150,0.236
2016-12-01 01:47:51.658,211.276,0.035,-0.775,0.048,0.629,0.417,1.150,0.236
2016-12-01 01:47:51.669,211.297,0.035,-0.775,0.048,0.630,0.417,1.150,0.235
2016-12-01 01:47:51.681,211.297,0.035,-0.774,0.048,0.630,0.417,1.150,0.235
2016-12-01 01:47:51.692,211.297,0.035,-0.774,0.048,0.631,0.417,1.150,0.235
2016-12-01 01:47:51.704,211.319,0.034,-0.773,0.048,0.631,0.416,1.150,0.235
2016-12-01 01:47:51.715,211.319,0.034,-0.773,0.048,0.632,0.416,1.150,0.235
2016-12-01 01:47:51.725,211.340,0.034,-0.772,0.048,0.633,0.416,1.150,0.235
2016-12-01 01:47:51.737,211.361,0.034,-0.772,0.047,0.633,0.416,1.151,0.235
2016-12-01 01:47:51.748,211.361,0.033,-0.771,0.047,0.634,0.416,1.151,0.235
2016-12-01 01:47:51.759,211.383,0.033,-0.771,0.047,0.635,0.416,1.151,0.235
2016-12-01 01:47:51.770,211.383,0.033,-0.770,0.047,0.635,0.416,1.151,0.235
2016-12-01 01:47:51.781,211.404,0.032,-0.770,0.046,0.636,0.416,1.151,0.235
2016-12-01 01:47:51.792,211.404,0.032,-0.770,0.046,0.636,0.416,1.151,0.235
2016-12-01 01:47:51.803,211.425,0.032,-0.769,0.046,0.636,0.416,1.151,0.235
2016-12-01 01:47:51.815,211.425,0.032,-0.769,0.045,0.637,0.415,1.151,0.235
2016-12-01 01:47:51.826,211.447,0.032,-0.769,0.045,0.637,0.416,1.151,0.235
2016-12-01 01:47:51.837,211.447,0.032,-0.769,0.045,0.637,0.416,1.151,0.235
2016-12-01 01:47:51.848,211.468,0.032,-0.769,0.044,0.637,0.415,1.151,0.235
2016-12-01 01:47:51.859,211.468,0.032,-0.769,0.044,0.637,0.415,1.151,0.235
2016-12-01 01:47:51.870,211.489,0.032,-0.769,0.044,0.637,0.415,1.151,0.235
2016-12-01 01:47:51.882,211.489,0.032,-0.769,0.043,0.637,0.415,1.151,0.235
2016-12-01 01:47:51.893,211.511,0.031,-0.769,0.043,0.637,0.415,1.151,0.235
2016-12-01 01:47:51.905,211.511,0.031,-0.769,0.042,0.637,0.415,1.151,0.235
2016-12-01 01:47:51.916,211.532,0.031,-0.769,0.042,0.637,0.415,1.151,0.235
2016-12-01 01:47:51.927,211.553,0.031,-0.769,0.042,0.637,0.415,1.151,0.236
2016-12-01 01:47:51.939,211.553,0.031,-0.769,0.041,0.637,0.415,1.151,0.236
2016-12-01 01:47:51.949,211.575,0.031,-0.770,0.041,0.636,0.415,1.151,0.236
2016-12-01 01:47:51.960,211.575,0.031,-0.770,0.041,0.636,0.415,1.151,0.236
2016-12-01 01:47:51.972,211.596,0.031,-0.770,0.040,0.636,0.415,1.151,0.236
2016-12-01 01:47:51.983,211.596,0.031,-0.770,0.040,0.636,0.415,1.151,0.237
2016-12-01 01:47:51.993,211.617,0.031,-0.770,0.040,0.636,0.414,1.151,0.237
2016-12-01 01:47:52.005,211.617,0.031,-0.770,0.039,0.636,0.414,1.151,0.237
2016-12-01 01:47:52.016,211.639,0.031,-0.770,0.039,0.636,0.414,1.151,0.238
2016-12-01 01:47:52.027,211.639,0.031,-0.770,0.038,0.637,0.414,1.151,0.238
2016-12-01 01:47:52.038,211.660,0.031,-0.770,0.038,0.637,0.414,1.151,0.238
2016-12-01 01:47:52.049,211.660,0.031,-0.769,0.038,0.637,0.414,1.151,0.239
2016-12-01 01:47:52.061,211.681,0.031,-0.769,0.038,0.637,0.414,1.151,0.239
2016-12-01 01:47:52.072,211.681,0.031,-0.769,0.037,0.637,0.414,1.151,0.239
2016-12-01 01:47:52.083,211.703,0.032,-0.769,0.037,0.638,0.414,1.151,0.240
2016-12-01 01:47:52.094,211.703,0.032,-0.769,0.037,0.638,0.414,1.151,0.240
2016-12-01 01:47:52.105,211.724,0.032,-0.769,0.036,0.638,0.414,1.151,0.240
2016-12-01 01:47:52.117,211.745,0.032,-0.769,0.036,0.638,0.414,1.151,0.241
2016-12-01 01:47:52.128,211.745,0.032,-0.769,0.036,0.638,0.413,1.151,0.241
2016-12-01 01:47:52.139,211.767,0.032,-0.769,0.036,0.638,0.414,1.151,0.241
2016-12-01 01:47:52.150,211.767,0.033,-0.769,0.035,0.638,0.414,1.151,0.241
2016-12-01 01:47:52.161,211.788,0.033,-0.769,0.035,0.638,0.414,1.151,0.242
2016-12-01 01:47:52.173,211.788,0.034,-0.769,0.035,0.638,0.414,1.151,0.242
2016-12-01 01:47:52.183,211.788,0.034,-0.769,0.035,0.637,0.413,1.151,0.242
2016-12-01 01:47:52.194,211.809,0.034,-0.769,0.034,0.637,0.414,1.151,0.243
2016-12-01 01:47:52.205,211.809,0.035,-0.770,0.034,0.637,0.413,1.151,0.243
2016-12-01 01:47:52.217,211.831,0.035,-0.770,0.033,0.636,0.414,1.151,0.243
2016-12-01 01:47:52.228,211.852,0.035,-0.770,0.033,0.636,0.414,1.151,0.244
2016-12-01 01:47:52.239,211.852,0.035,-0.771,0.033,0.635,0.413,1.151,0.244
2016-12-01 01:47:52.251,211.873,0.035,-0.772,0.033,0.634,0.413,1.151,0.244
2016-12-01 01:47:52.262,211.873,0.035,-0.772,0.032,0.633,0.413,1.151,0.244
2016-12-01 01:47:52.273,211.895,0.035,-0.773,0.032,0.633,0.413,1.151,0.245
2016-12-01 01:47:52.284,211.895,0.035,-0.774,0.031,0.632,0.414,1.151,0.245
2016-12-01 01:47:52.295,211.916,0.035,-0.775,0.031,0.631,0.414,1.151,0.245
2016-12-01 01:47:52.307,211.937,0.035,-0.776,0.030,0.630,0.414,1.151,0.245
2016-12-01 01:47:52.317,211.937,0.035,-0.776,0.030,0.629,0.414,1.152,0.246
2016-12-01 01:47:52.329,211.937,0.035,-0.777,0.030,0.627,0.413,1.151,0.246
2016-12-01 01:47:52.340,211.959,0.035,-0.778,0.030,0.626,0.413,1.151,0.246
2016-12-01 01:47:52.351,211.959,0.035,-0.779,0.030,0.625,0.413,1.151,0.246
2016-12-01 01:47:52.362,211.980,0.035,-0.780,0.029,0.624,0.413,1.152,0.246
2016-12-01 01:47:52.373,211.980,0.035,-0.781,0.029,0.623,0.413,1.152,0.246
2016-12-01 01:47:52.384,212.001,0.035,-0.782,0.029,0.622,0.414,1.151,0.246
2016-12-01 01:47:52.395,212.001,0.035,-0.783,0.029,0.620,0.414,1.151,0.246
2016-12-01 01:47:52.407,212.023,0.035,-0.784,0.029,0.619,0.414,1.151,0.247
2016-12-01 01:47:52.418,212.044,0.035,-0.785,0.029,0.618,0.414,1.151,0.246
2016-12-01 01:47:52.429,212.044,0.035,-0.786,0.028,0.617,0.414,1.151,0.246
2016-12-01 01:47:52.440,212.065,0.034,-0.787,0.028,0.615,0.414,1.151,0.246
2016-12-01 01:47:52.452,212.065,0.034,-0.788,0.028,0.614,0.414,1.151,0.246
2016-12-01 01:47:52.463,212.087,0.034,-0.789,0.028,0.613,0.414,1.151,0.246
2016-12-01 01:47:52.474,212.087,0.034,-0.790,0.028,0.611,0.414,1.151,0.246
2016-12-01 01:47:52.485,212.108,0.033,-0.791,0.028,0.610,0.414,1.151,0.246
2016-12-01 01:47:52.496,212.108,0.033,-0.792,0.028,0.608,0.414,1.152,0.246
2016-12-01 01:47:52.507,212.129,0.033,-0.794,0.028,0.607,0.414,1.152,0.246
2016-12-01 01:47:52.519,212.129,0.032,-0.795,0.027,0.606,0.414,1.152,0.246
2016-12-01 01:47:52.530,212.151,0.032,-0.796,0.027,0.604,0.414,1.152,0.246
2016-12-01 01:47:52.541,212.151,0.032,-0.797,0.027,0.603,0.414,1.152,0.246
2016-12-01 01:47:52.552,212.172,0.031,-0.798,0.027,0.601,0.414,1.152,0.246
2016-12-01 01:47:52.563,212.172,0.031,-0.799,0.027,0.600,0.414,1.152,0.246
2016-12-01 01:47:52.574,212.193,0.031,-0.800,0.027,0.599,0.415,1.152,0.246
2016-12-01 01:47:52.585,212.193,0.031,-0.801,0.027,0.597,0.415,1.152,0.246
2016-12-01 01:47:52.596,212.215,0.031,-0.802,0.027,0.596,0.415,1.152,0.246
2016-12-01 01:47:52.608,212.236,0.031,-0.803,0.027,0.595,0.415,1.152,0.246
2016-12-01 01:47:52.619,212.236,0.031,-0.803,0.026,0.594,0.415,1.152,0.246
2016-12-01 01:47:52.631,212.257,0.031,-0.804,0.026,0.593,0.415,1.152,0.246
2016-12-01 01:47:52.642,212.257,0.031,-0.805,0.026,0.592,0.415,1.152,0.246
2016-12-01 01:47:52.653,212.257,0.030,-0.806,0.026,0.591,0.415,1.152,0.246
2016-12-01 01:47:52.664,212.279,0.030,-0.806,0.026,0.590,0.415,1.152,0.246
2016-12-01 01:47:52.675,212.279,0.030,-0.807,0.026,0.589,0.415,1.152,0.246
2016-12-01 01:47:52.686,212.300,0.030,-0.808,0.026,0.588,0.415,1.152,0.246
2016-12-01 01:47:52.698,212.321,0.030,-0.808,0.025,0.587,0.415,1.152,0.246
2016-12-01 01:47:52.709,212.321,0.030,-0.809,0.025,0.587,0.415,1.152,0.246
2016-12-01 01:47:52.720,212.343,0.030,-0.809,0.025,0.586,0.415,1.152,0.246
2016-12-01 01:47:52.731,212.343,0.030,-0.810,0.025,0.585,0.415,1.152,0.246
2016-12-01 01:47:52.742,212.364,0.030,-0.810,0.025,0.585,0.415,1.152,0.245
2016-12-01 01:47:52.753,212.364,0.030,-0.811,0.025,0.584,0.415,1.152,0.245
2016-12-01 01:47:52.764,212.385,0.030,-0.811,0.026,0.584,0.415,1.152,0.245
2016-12-01 01:47:52.776,212.407,0.030,-0.811,0.026,0.583,0.414,1.152,0.245
2016-12-01 01:47:52.786,212.407,0.030,-0.812,0.026,0.583,0.414,1.152,0.245
2016-12-01 01:47:52.797,212.428,0.030,-0.812,0.025,0.582,0.414,1.152,0.245
2016-12-01 01:47:52.809,212.428,0.030,-0.813,0.025,0.582,0.414,1.152,0.245
2016-12-01 01:47:52.820,212.428,0.030,-0.813,0.025,0.581,0.414,1.152,0.245
2016-12-01 01:47:52.831,212.449,0.030,-0.813,0.025,0.581,0.414,1.152,0.245
2016-12-01 01:47:52.844,212.449,0.030,-0.813,0.025,0.580,0.415,1.152,0.245
2016-12-01 01:47:52.854,212.471,0.029,-0.814,0.025,0.580,0.415,1.152,0.245
2016-12-01 01:47:52.865,212.471,0.029,-0.814,0.025,0.580,0.415,1.152,0.245
2016-12-01 01:47:52.876,212.492,0.029,-0.814,0.025,0.579,0.415,1.152,0.245
2016-12-01 01:47:52.887,212.513,0.029,-0.814,0.025,0.579,0.415,1.152,0.245
2016-12-01 01:47:52.899,212.513,0.029,-0.815,0.025,0.579,0.415,1.153,0.245
2016-12-01 01:47:52.909,212.535,0.029,-0.815,0.025,0.578,0.415,1.152,0.245
2016-12-01 01:47:52.921,212.535,0.029,-0.815,0.025,0.578,0.415,1.152,0.245
2016-12-01 01:47:52.932,212.556,0.029,-0.815,0.025,0.578,0.415,1.152,0.245
2016-12-01 01:47:52.943,212.556,0.029,-0.815,0.025,0.578,0.415,1.152,0.245
2016-12-01 01:47:52.954,212.577,0.029,-0.815,0.025,0.578,0.415,1.152,0.245
2016-12-01 01:47:52.965,212.577,0.029,-0.816,0.025,0.577,0.415,1.152,0.245
2016-12-01 01:47:52.976,212.599,0.029,-0.816,0.025,0.577,0.415,1.152,0.245
2016-12-01 01:47:52.988,212.599,0.029,-0.816,0.025,0.577,0.415,1.152,0.245
2016-12-01 01:47:52.998,212.620,0.029,-0.816,0.025,0.577,0.415,1.152,0.245
2016-12-01 01:47:53.010,212.620,0.029,-0.816,0.025,0.577,0.415,1.152,0.245
2016-12-01 01:47:53.021,212.641,0.030,-0.815,0.025,0.578,0.415,1.152,0.245
2016-12-01 01:47:53.032,212.641,0.030,-0.815,0.025,0.578,0.415,1.152,0.245
2016-12-01 01:47:53.044,212.663,0.030,-0.815,0.026,0.578,0.416,1.152,0.245
2016-12-01 01:47:53.055,212.663,0.030,-0.815,0.026,0.578,0.416,1.152,0.245
2016-12-01 01:47:53.066,212.684,0.030,-0.814,0.026,0.579,0.416,1.152,0.245
2016-12-01 01:47:53.077,212.705,0.031,-0.814,0.026,0.579,0.416,1.152,0.245
2016-12-01 01:47:53.088,212.705,0.031,-0.814,0.027,0.580,0.416,1.152,0.245
2016-12-01 01:47:53.099,212.727,0.031,-0.813,0.027,0.580,0.416,1.152,0.245
2016-12-01 01:47:53.111,212.727,0.032,-0.813,0.027,0.581,0.416,1.152,0.245
2016-12-01 01:47:53.122,212.748,0.032,-0.813,0.027,0.581,0.416,1.152,0.245
2016-12-01 01:47:53.133,212.748,0.032,-0.812,0.027,0.582,0.416,1.152,0.245
2016-12-01 01:47:53.144,212.748,0.032,-0.812,0.027,0.582,0.416,1.152,0.246
2016-12-01 01:47:53.155,212.769,0.032,-0.811,0.027,0.583,0.416,1.152,0.246
2016-12-01 01:47:53.166,212.791,0.032,-0.811,0.027,0.583,0.416,1.152,0.246
2016-12-01 01:47:53.178,212.791,0.032,-0.811,0.027,0.584,0.416,1.152,0.246
2016-12-01 01:47:53.189,212.812,0.032,-0.810,0.027,0.585,0.416,1.152,0.246
2016-12-01 01:47:53.200,212.812,0.032,-0.810,0.027,0.585,0.416,1.152,0.246
2016-12-01 01:47:53.211,212.833,0.032,-0.809,0.027,0.586,0.416,1.152,0.246
2016-12-01 01:47:53.223,212.833,0.032,-0.809,0.026,0.586,0.416,1.152,0.246
2016-12-01 01:47:53.234,212.855,0.032,-0.809,0.026,0.587,0.416,1.152,0.246
2016-12-01 01:47:53.245,212.855,0.032,-0.808,0.026,0.587,0.416,1.152,0.246
2016-12-01 01:47:53.256,212.876,0.032,-0.808,0.026,0.588,0.416,1.152,0.246
2016-12-01 01:47:53.267,212.897,0.032,-0.808,0.026,0.588,0.416,1.152,0.246
2016-12-01 01:47:53.278,212.897,0.032,-0.807,0.026,0.589,0.416,1.152,0.246
2016-12-01 01:47:53.289,212.919,0.032,-0.807,0.026,0.589,0.416,1.153,0.246
2016-12-01 01:47:53.301,212.919,0.032,-0.806,0.025,0.590,0.416,1.152,0.246
2016-12-01 01:47:53.311,212.919,0.032,-0.806,0.025,0.591,0.416,1.152,0.246
2016-12-01 01:47:53.323,212.940,0.032,-0.805,0.025,0.591,0.416,1.153,0.246
2016-12-01 01:47:53.334,212.940,0.031,-0.805,0.025,0.592,0.416,1.153,0.246
2016-12-01 01:47:53.345,212.961,0.031,-0.804,0.025,0.593,0.416,1.153,0.246
2016-12-01 01:47:53.356,212.983,0.031,-0.804,0.025,0.593,0.416,1.153,0.246
2016-12-01 01:47:53.368,212.983,0.031,-0.803,0.025,0.594,0.416,1.153,0.245
2016-12-01 01:47:53.379,213.004,0.031,-0.803,0.025,0.595,0.416,1.153,0.245
2016-12-01 01:47:53.390,213.004,0.031,-0.802,0.025,0.596,0.416,1.153,0.245
2016-12-01 01:47:53.401,213.025,0.031,-0.801,0.026,0.597,0.416,1.152,0.245
2016-12-01 01:47:53.413,213.025,0.031,-0.801,0.026,0.598,0.416,1.152,0.245
2016-12-01 01:47:53.423,213.047,0.031,-0.800,0.026,0.599,0.416,1.152,0.245
2016-12-01 01:47:53.435,213.047,0.031,-0.799,0.026,0.600,0.416,1.153,0.245
2016-12-01 01:47:53.446,213.068,0.031,-0.799,0.027,0.601,0.416,1.153,0.245
2016-12-01 01:47:53.457,213.068,0.032,-0.798,0.027,0.601,0.416,1.153,0.245
2016-12-01 01:47:53.468,213.089,0.032,-0.797,0.027,0.602,0.416,1.153,0.245
2016-12-01 01:47:53.480,213.089,0.032,-0.797,0.027,0.603,0.416,1.153,0.245
2016-12-01 01:47:53.490,213.111,0.032,-0.796,0.027,0.604,0.416,1.153,0.245
2016-12-01 01:47:53.501,213.111,0.032,-0.795,0.027,0.605,0.416,1.153,0.245
2016-12-01 01:47:53.512,213.132,0.032,-0.795,0.026,0.605,0.416,1.152,0.245
2016-12-01 01:47:53.524,213.132,0.032,-0.794,0.026,0.606,0.416,1.152,0.245
2016-12-01 01:47:53.535,213.153,0.032,-0.794,0.027,0.607,0.416,1.152,0.245
2016-12-01 01:47:53.547,213.175,0.032,-0.793,0.027,0.608,0.416,1.152,0.245
2016-12-01 01:47:53.557,213.175,0.032,-0.792,0.027,0.609,0.416,1.152,0.245
2016-12-01 01:47:53.569,213.196,0.032,-0.791,0.027,0.610,0.416,1.152,0.245
2016-12-01 01:47:53.580,213.196,0.032,-0.790,0.027,0.611,0.416,1.152,0.245
2016-12-01 01:47:53.591,213.217,0.032,-0.790,0.027,0.612,0.416,1.152,0.246
2016-12-01 01:47:53.602,213.217,0.032,-0.789,0.027,0.613,0.416,1.152,0.246
2016-12-01 01:47:53.614,213.239,0.032,-0.788,0.027,0.614,0.416,1.152,0.246
2016-12-01 01:47:53.624,213.239,0.032,-0.787,0.027,0.615,0.416,1.152,0.246
2016-12-01 01:47:53.635,213.239,0.033,-0.787,0.027,0.616,0.416,1.152,0.246
2016-12-01 01:47:53.647,213.260,0.033,-0.786,0.027,0.617,0.416,1.152,0.246
2016-12-01 01:47:53.658,213.281,0.033,-0.785,0.027,0.618,0.416,1.152,0.246
2016-12-01 01:47:53.670,213.281,0.033,-0.784,0.027,0.619,0.416,1.152,0.246
2016-12-01 01:47:53.680,213.303,0.033,-0.783,0.027,0.620,0.416,1.152,0.246
2016-12-01 01:47:53.691,213.303,0.033,-0.782,0.027,0.621,0.416,1.152,0.246
2016-12-01 01:47:53.703,213.324,0.033,-0.782,0.027,0.622,0.416,1.152,0.246
2016-12-01 01:47:53.714,213.324,0.033,-0.781,0.027,0.623,0.416,1.152,0.246
2016-12-01 01:47:53.725,213.345,0.034,-0.780,0.027,0.624,0.416,1.152,0.246
2016-12-01 01:47:53.736,213.367,0.034,-0.779,0.027,0.625,0.416,1.152,0.246
2016-12-01 01:47:53.747,213.367,0.034,-0.778,0.027,0.626,0.416,1.152,0.246
2016-12-01 01:47:53.759,213.388,0.034,-0.778,0.027,0.627,0.416,1.152,0.246
2016-12-01 01:47:53.770,213.388,0.034,-0.777,0.027,0.628,0.416,1.152,0.246
2016-12-01 01:47:53.781,213.409,0.034,-0.776,0.027,0.629,0.416,1.152,0.246
2016-12-01 01:47:53.792,213.409,0.034,-0.775,0.026,0.630,0.416,1.152,0.246
2016-12-01 01:47:53.803,213.409,0.034,-0.775,0.026,0.631,0.416,1.152,0.246
2016-12-01 01:47:53.815,213.431,0.034,-0.774,0.026,0.632,0.416,1.152,0.246
2016-12-01 01:47:53.826,213.431,0.034,-0.773,0.026,0.633,0.416,1.152,0.246
2016-12-01 01:47:53.837,213.452,0.034,-0.772,0.026,0.634,0.416,1.152,0.246
2016-12-01 01:47:53.848,213.473,0.034,-0.771,0.026,0.635,0.416,1.152,0.246
2016-12-01 01:47:53.859,213.473,0.033,-0.770,0.025,0.636,0.416,1.152,0.246
2016-12-01 01:47:53.870,213.495,0.033,-0.770,0.025,0.637,0.416,1.152,0.246
2016-12-01 01:47:53.882,213.495,0.033,-0.769,0.025,0.638,0.416,1.152,0.246
2016-12-01 01:47:53.892,213.516,0.033,-0.768,0.025,0.639,0.416,1.152,0.247
2016-12-01 01:47:53.904,213.516,0.032,-0.767,0.025,0.640,0.416,1.152,0.247
2016-12-01 01:47:53.914,213.537,0.032,-0.766,0.025,0.641,0.416,1.152,0.247
2016-12-01 01:47:53.926,213.559,0.032,-0.766,0.025,0.642,0.416,1.152,0.247
2016-12-01 01:47:53.937,213.559,0.032,-0.765,0.025,0.643,0.416,1.152,0.247
2016-12-01 01:47:53.949,213.559,0.032,-0.764,0.025,0.644,0.417,1.152,0.247
2016-12-01 01:47:53.959,213.580,0.032,-0.763,0.025,0.645,0.417,1.152,0.247
2016-12-01 01:47:53.971,213.580,0.032,-0.762,0.025,0.646,0.417,1.152,0.247
2016-12-01 01:47:53.982,213.601,0.032,-0.761,0.024,0.647,0.417,1.152,0.247
2016-12-01 01:47:53.994,213.601,0.032,-0.761,0.024,0.648,0.417,1.152,0.247
2016-12-01 01:47:54.004,213.623,0.031,-0.760,0.024,0.649,0.417,1.152,0.247
2016-12-01 01:47:54.016,213.623,0.031,-0.759,0.024,0.650,0.417,1.152,0.247
2016-12-01 01:47:54.026,213.644,0.031,-0.758,0.024,0.651,0.417,1.152,0.247
2016-12-01 01:47:54.037,213.665,0.031,-0.757,0.024,0.652,0.417,1.152,0.247
2016-12-01 01:47:54.049,213.665,0.031,-0.757,0.025,0.653,0.417,1.152,0.247
2016-12-01 01:47:54.060,213.687,0.031,-0.756,0.024,0.654,0.417,1.152,0.247
2016-12-01 01:47:54.071,213.687,0.031,-0.755,0.024,0.655,0.417,1.152,0.247
2016-12-01 01:47:54.082,213.708,0.031,-0.754,0.024,0.655,0.417,1.152,0.247
2016-12-01 01:47:54.093,213.708,0.031,-0.753,0.024,0.656,0.417,1.152,0.246
2016-12-01 01:47:54.104,213.729,0.031,-0.753,0.024,0.657,0.417,1.152,0.246
2016-12-01 01:47:54.116,213.729,0.031,-0.752,0.024,0.658,0.417,1.152,0.246
2016-12-01 01:47:54.127,213.751,0.031,-0.751,0.024,0.659,0.417,1.152,0.246
2016-12-01 01:47:54.139,213.751,0.031,-0.750,0.024,0.660,0.417,1.152,0.246
2016-12-01 01:47:54.149,213.772,0.031,-0.749,0.024,0.661,0.417,1.152,0.246
2016-12-01 01:47:54.160,213.772,0.031,-0.749,0.024,0.662,0.417,1.152,0.246
2016-12-01 01:47:54.172,213.793,0.031,-0.748,0.024,0.663,0.418,1.152,0.246
2016-12-01 01:47:54.183,213.793,0.031,-0.747,0.024,0.663,0.418,1.152,0.246
2016-12-01 01:47:54.194,213.815,0.031,-0.747,0.024,0.664,0.418,1.152,0.246
2016-12-01 01:47:54.206,213.815,0.031,-0.746,0.024,0.665,0.418,1.152,0.246
2016-12-01 01:47:54.216,213.836,0.030,-0.745,0.024,0.666,0.418,1.152,0.245
2016-12-01 01:47:54.227,213.857,0.030,-0.745,0.024,0.666,0.418,1.152,0.245
2016-12-01 01:47:54.239,213.857,0.030,-0.744,0.024,0.667,0.418,1.152,0.245
2016-12-01 01:47:54.250,213.879,0.030,-0.744,0.024,0.668,0.418,1.153,0.245
2016-12-01 01:47:54.261,213.879,0.030,-0.743,0.024,0.668,0.419,1.153,0.245
2016-12-01 01:47:54.272,213.879,0.030,-0.742,0.023,0.669,0.419,1.153,0.245
2016-12-01 01:47:54.283,213.900,0.030,-0.742,0.023,0.670,0.419,1.153,0.245
2016-12-01 01:47:54.295,213.900,0.029,-0.741,0.024,0.670,0.419,1.153,0.245
2016-12-01 01:47:54.305,213.921,0.029,-0.741,0.024,0.671,0.419,1.153,0.245
2016-12-01 01:47:54.318,213.943,0.029,-0.740,0.023,0.671,0.419,1.153,0.245
2016-12-01 01:47:54.328,213.943,0.029,-0.740,0.023,0.672,0.420,1.153,0.244
2016-12-01 01:47:54.339,213.964,0.028,-0.740,0.023,0.672,0.420,1.153,0.244
2016-12-01 01:47:54.351,213.964,0.028,-0.739,0.023,0.672,0.420,1.153,0.244
2016-12-01 01:47:54.362,213.985,0.028,-0.739,0.023,0.673,0.420,1.153,0.244
2016-12-01 01:47:54.373,213.985,0.027,-0.739,0.023,0.673,0.420,1.153,0.244
2016-12-01 01:47:54.384,214.007,0.027,-0.738,0.023,0.673,0.420,1.153,0.244
2016-12-01 01:47:54.395,214.007,0.027,-0.738,0.023,0.674,0.420,1.153,0.244
2016-12-01 01:47:54.406,214.028,0.027,-0.738,0.023,0.674,0.420,1.153,0.244
2016-12-01 01:47:54.418,214.049,0.026,-0.738,0.023,0.674,0.420,1.153,0.243
2016-12-01 01:47:54.429,214.049,0.026,-0.737,0.023,0.675,0.420,1.153,0.243
2016-12-01 01:47:54.439,214.049,0.026,-0.737,0.023,0.675,0.420,1.153,0.243
2016-12-01 01:47:54.451,214.071,0.026,-0.737,0.023,0.675,0.420,1.153,0.243
2016-12-01 01:47:54.462,214.071,0.026,-0.736,0.023,0.676,0.420,1.153,0.243
2016-12-01 01:47:54.473,214.092,0.025,-0.736,0.023,0.676,0.420,1.153,0.243
2016-12-01 01:47:54.485,214.092,0.025,-0.736,0.024,0.676,0.420,1.154,0.242
2016-12-01 01:47:54.495,214.113,0.025,-0.736,0.024,0.676,0.421,1.154,0.242
2016-12-01 01:47:54.507,214.135,0.025,-0.735,0.024,0.677,0.420,1.154,0.242
2016-12-01 01:47:54.518,214.135,0.025,-0.735,0.024,0.677,0.421,1.154,0.242
2016-12-01 01:47:54.529,214.156,0.025,-0.735,0.024,0.677,0.421,1.154,0.242
2016-12-01 01:47:54.541,214.156,0.025,-0.735,0.024,0.677,0.421,1.154,0.242
2016-12-01 01:47:54.551,214.177,0.025,-0.735,0.024,0.678,0.420,1.154,0.242
2016-12-01 01:47:54.563,214.177,0.025,-0.734,0.024,0.678,0.420,1.154,0.242
2016-12-01 01:47:54.574,214.199,0.025,-0.734,0.025,0.678,0.420,1.154,0.242
2016-12-01 01:47:54.586,214.199,0.024,-0.734,0.025,0.678,0.420,1.154,0.242
2016-12-01 01:47:54.596,214.220,0.024,-0.734,0.025,0.678,0.420,1.154,0.242
2016-12-01 01:47:54.607,214.220,0.024,-0.734,0.025,0.678,0.420,1.154,0.241
2016-12-01 01:47:54.618,214.241,0.024,-0.734,0.025,0.678,0.420,1.154,0.241
2016-12-01 01:47:54.630,214.241,0.024,-0.734,0.025,0.678,0.420,1.154,0.241
2016-12-01 01:47:54.641,214.263,0.024,-0.734,0.026,0.678,0.420,1.154,0.241
2016-12-01 01:47:54.652,214.263,0.025,-0.734,0.026,0.678,0.420,1.154,0.241
2016-12-01 01:47:54.663,214.284,0.025,-0.735,0.026,0.678,0.419,1.154,0.241
2016-12-01 01:47:54.674,214.284,0.025,-0.735,0.026,0.677,0.419,1.154,0.241
2016-12-01 01:47:54.685,214.305,0.025,-0.735,0.026,0.677,0.419,1.153,0.241
2016-12-01 01:47:54.697,214.327,0.025,-0.735,0.027,0.677,0.419,1.153,0.241
2016-12-01 01:47:54.708,214.327,0.025,-0.735,0.027,0.677,0.419,1.153,0.241
2016-12-01 01:47:54.719,214.348,0.026,-0.736,0.027,0.676,0.419,1.153,0.241
2016-12-01 01:47:54.731,214.348,0.026,-0.736,0.028,0.676,0.418,1.153,0.241
2016-12-01 01:47:54.741,214.369,0.026,-0.737,0.028,0.675,0.418,1.153,0.241
2016-12-01 01:47:54.752,214.369,0.027,-0.737,0.028,0.675,0.418,1.153,0.241
2016-12-01 01:47:54.764,214.369,0.027,-0.737,0.028,0.675,0.418,1.153,0.241
2016-12-01 01:47:54.775,214.391,0.027,-0.738,0.028,0.674,0.418,1.153,0.241
2016-12-01 01:47:54.786,214.412,0.028,-0.738,0.028,0.674,0.418,1.153,0.241
2016-12-01 01:47:54.797,214.412,0.028,-0.738,0.028,0.674,0.418,1.153,0.241
2016-12-01 01:47:54.808,214.433,0.028,-0.738,0.028,0.674,0.418,1.153,0.241
2016-12-01 01:47:54.820,214.433,0.028,-0.738,0.028,0.673,0.418,1.153,0.242
2016-12-01 01:47:54.830,214.455,0.028,-0.738,0.028,0.673,0.418,1.153,0.242
2016-12-01 01:47:54.842,214.455,0.028,-0.738,0.028,0.673,0.418,1.153,0.242
2016-12-01 01:47:54.853,214.476,0.029,-0.738,0.028,0.673,0.418,1.153,0.242
2016-12-01 01:47:54.864,214.476,0.029,-0.739,0.028,0.673,0.418,1.153,0.242
2016-12-01 01:47:54.875,214.497,0.029,-0.739,0.028,0.673,0.418,1.153,0.242
2016-12-01 01:47:54.887,214.519,0.029,-0.739,0.028,0.673,0.418,1.153,0.242
2016-12-01 01:47:54.898,214.519,0.029,-0.739,0.028,0.673,0.418,1.153,0.242
2016-12-01 01:47:54.909,214.540,0.030,-0.739,0.028,0.672,0.418,1.153,0.243
2016-12-01 01:47:54.920,214.540,0.030,-0.740,0.028,0.672,0.418,1.153,0.243
2016-12-01 01:47:54.931,214.540,0.030,-0.740,0.028,0.671,0.418,1.153,0.243
2016-12-01 01:47:54.943,214.561,0.030,-0.740,0.028,0.671,0.418,1.153,0.243
2016-12-01 01:47:54.955,214.561,0.030,-0.741,0.028,0.671,0.418,1.153,0.243
2016-12-01 01:47:54.965,214.583,0.030,-0.741,0.028,0.670,0.418,1.153,0.243
2016-12-01 01:47:54.976,214.604,0.030,-0.742,0.028,0.670,0.419,1.153,0.244
2016-12-01 01:47:54.987,214.604,0.030,-0.742,0.027,0.669,0.419,1.153,0.244
2016-12-01 01:47:54.998,214.625,0.030,-0.743,0.027,0.668,0.419,1.153,0.244
2016-12-01 01:47:55.010,214.625,0.030,-0.743,0.027,0.668,0.419,1.153,0.244
2016-12-01 01:47:55.020,214.647,0.030,-0.744,0.027,0.667,0.419,1.153,0.244
2016-12-01 01:47:55.032,214.647,0.031,-0.745,0.027,0.666,0.419,1.153,0.244
2016-12-01 01:47:55.043,214.668,0.031,-0.745,0.027,0.666,0.419,1.153,0.245
2016-12-01 01:47:55.054,214.668,0.031,-0.746,0.026,0.665,0.419,1.153,0.245
2016-12-01 01:47:55.065,214.689,0.031,-0.746,0.026,0.664,0.419,1.153,0.245
2016-12-01 01:47:55.077,214.689,0.031,-0.747,0.026,0.664,0.419,1.153,0.245
2016-12-01 01:47:55.088,214.711,0.031,-0.748,0.026,0.663,0.419,1.153,0.245
2016-12-01 01:47:55.099,214.711,0.031,-0.748,0.026,0.662,0.419,1.153,0.245
2016-12-01 01:47:55.110,214.732,0.031,-0.749,0.026,0.662,0.419,1.153,0.246
2016-12-01 01:47:55.121,214.732,0.031,-0.749,0.026,0.661,0.419,1.153,0.246
2016-12-01 01:47:55.132,214.753,0.031,-0.750,0.026,0.661,0.419,1.153,0.246
2016-12-01 01:47:55.144,214.753,0.031,-0.750,0.026,0.660,0.419,1.153,0.246
2016-12-01 01:47:55.155,214.775,0.031,-0.751,0.026,0.659,0.419,1.153,0.246
2016-12-01 01:47:55.166,214.775,0.031,-0.751,0.026,0.659,0.420,1.153,0.246
2016-12-01 01:47:55.177,214.796,0.031,-0.752,0.026,0.658,0.420,1.153,0.246
2016-12-01 01:47:55.188,214.817,0.031,-0.752,0.025,0.658,0.420,1.153,0.247
2016-12-01 01:47:55.200,214.817,0.031,-0.752,0.025,0.658,0.420,1.153,0.247
2016-12-01 01:47:55.210,214.839,0.031,-0.753,0.025,0.657,0.420,1.153,0.247
2016-12-01 01:47:55.221,214.839,0.031,-0.753,0.025,0.657,0.420,1.153,0.247
2016-12-01 01:47:55.233,214.860,0.031,-0.754,0.025,0.656,0.420,1.153,0.247
2016-12-01 01:47:55.244,214.860,0.031,-0.754,0.025,0.656,0.420,1.153,0.247
2016-12-01 01:47:55.255,214.860,0.030,-0.755,0.025,0.655,0.420,1.153,0.247
2016-12-01 01:47:55.266,214.881,0.030,-0.755,0.025,0.654,0.420,1.153,0.247
2016-12-01 01:47:55.278,214.903,0.030,-0.756,0.025,0.654,0.420,1.153,0.247
2016-12-01 01:47:55.289,214.903,0.030,-0.756,0.025,0.653,0.420,1.153,0.248
2016-12-01 01:47:55.300,214.924,0.030,-0.757,0.025,0.653,0.420,1.153,0.248
2016-12-01 01:47:55.312,214.924,0.030,-0.757,0.025,0.652,0.421,1.153,0.248
2016-12-01 01:47:55.322,214.945,0.029,-0.758,0.024,0.651,0.421,1.153,0.248
2016-12-01 01:47:55.333,214.945,0.029,-0.759,0.024,0.650,0.421,1.153,0.247
2016-12-01 01:47:55.344,214.967,0.029,-0.759,0.024,0.650,0.421,1.153,0.248
2016-12-01 01:47:55.356,214.988,0.029,-0.760,0.024,0.649,0.421,1.153,0.248
2016-12-01 01:47:55.367,214.988,0.028,-0.761,0.024,0.648,0.421,1.153,0.247
2016-12-01 01:47:55.378,215.009,0.028,-0.762,0.024,0.647,0.421,1.153,0.247
2016-12-01 01:47:55.389,215.009,0.028,-0.762,0.024,0.646,0.421,1.153,0.247
2016-12-01 01:47:55.400,215.031,0.028,-0.763,0.024,0.645,0.421,1.153,0.247
2016-12-01 01:47:55.412,215.031,0.027,-0.764,0.023,0.645,0.421,1.154,0.247
2016-12-01 01:47:55.422,215.031,0.027,-0.765,0.023,0.644,0.421,1.154,0.247
2016-12-01 01:47:55.434,215.052,0.027,-0.765,0.023,0.643,0.422,1.154,0.247
2016-12-01 01:47:55.446,215.052,0.027,-0.766,0.023,0.642,0.422,1.154,0.247
2016-12-01 01:47:55.456,215.073,0.026,-0.767,0.023,0.641,0.422,1.154,0.247
2016-12-01 01:47:55.468,215.095,0.026,-0.767,0.023,0.640,0.422,1.154,0.247
2016-12-01 01:47:55.479,215.095,0.026,-0.768,0.023,0.639,0.422,1.154,0.247
2016-12-01 01:47:55.490,215.116,0.026,-0.769,0.023,0.639,0.422,1.154,0.247
2016-12-01 01:47:55.501,215.116,0.026,-0.769,0.023,0.638,0.422,1.154,0.247
2016-12-01 01:47:55.512,215.137,0.025,-0.770,0.023,0.637,0.422,1.154,0.247
2016-12-01 01:47:55.523,215.137,0.025,-0.771,0.023,0.636,0.422,1.154,0.247
2016-12-01 01:47:55.534,215.159,0.025,-0.772,0.022,0.635,0.422,1.154,0.247
2016-12-01 01:47:55.546,215.180,0.025,-0.772,0.022,0.634,0.422,1.154,0.247
2016-12-01 01:47:55.557,215.180,0.024,-0.773,0.022,0.634,0.422,1.154,0.247
2016-12-01 01:47:55.568,215.180,0.024,-0.774,0.022,0.633,0.422,1.154,0.248
2016-12-01 01:47:55.579,215.201,0.024,-0.775,0.022,0.632,0.422,1.154,0.248
2016-12-01 01:47:55.591,215.201,0.024,-0.775,0.022,0.631,0.422,1.154,0.248
2016-12-01 01:47:55.601,215.223,0.024,-0.776,0.022,0.630,0.422,1.154,0.248
2016-12-01 01:47:55.613,215.223,0.025,-0.777,0.022,0.629,0.422,1.154,0.248
2016-12-01 01:47:55.624,215.244,0.025,-0.778,0.022,0.628,0.422,1.154,0.248
2016-12-01 01:47:55.635,215.244,0.025,-0.779,0.022,0.627,0.422,1.154,0.248
2016-12-01 01:47:55.646,215.265,0.025,-0.779,0.022,0.626,0.422,1.154,0.248
2016-12-01 01:47:55.658,215.287,0.025,-0.780,0.022,0.624,0.422,1.154,0.248
2016-12-01 01:47:55.669,215.287,0.025,-0.781,0.022,0.623,0.422,1.154,0.248
2016-12-01 01:47:55.680,215.308,0.025,-0.782,0.022,0.622,0.422,1.154,0.248
2016-12-01 01:47:55.691,215.308,0.025,-0.783,0.022,0.621,0.422,1.154,0.248
2016-12-01 01:47:55.702,215.329,0.025,-0.784,0.022,0.620,0.422,1.154,0.248
2016-12-01 01:47:55.714,215.329,0.025,-0.785,0.022,0.619,0.423,1.154,0.248
2016-12-01 01:47:55.724,215.351,0.025,-0.786,0.021,0.618,0.423,1.154,0.248
2016-12-01 01:47:55.736,215.351,0.025,-0.787,0.022,0.616,0.422,1.154,0.248
2016-12-01 01:47:55.746,215.372,0.025,-0.788,0.022,0.615,0.422,1.154,0.248
2016-12-01 01:47:55.758,215.372,0.025,-0.788,0.022,0.614,0.422,1.154,0.248
2016-12-01 01:47:55.769,215.393,0.025,-0.789,0.022,0.613,0.422,1.154,0.248
2016-12-01 01:47:55.780,215.393,0.025,-0.790,0.022,0.612,0.422,1.154,0.248
2016-12-01 01:47:55.791,215.415,0.025,-0.791,0.022,0.611,0.422,1.154,0.248
2016-12-01 01:47:55.802,215.415,0.025,-0.792,0.022,0.610,0.422,1.154,0.248
2016-12-01 01:47:55.813,215.436,0.026,-0.792,0.022,0.609,0.422,1.154,0.248
2016-12-01 01:47:55.825,215.436,0.026,-0.793,0.022,0.608,0.422,1.154,0.248
2016-12-01 01:47:55.836,215.457,0.026,-0.794,0.022,0.607,0.422,1.154,0.248
2016-12-01 01:47:55.848,215.479,0.026,-0.794,0.022,0.606,0.422,1.154,0.248
2016-12-01 01:47:55.858,215.479,0.026,-0.795,0.022,0.606,0.422,1.154,0.248
2016-12-01 01:47:55.869,215.500,0.026,-0.796,0.022,0.605,0.422,1.154,0.248
2016-12-01 01:47:55.881,215.500,0.026,-0.796,0.022,0.604,0.422,1.154,0.248
2016-12-01 01:47:55.892,215.500,0.026,-0.797,0.022,0.603,0.422,1.154,0.249
2016-12-01 01:47:55.903,215.521,0.026,-0.798,0.022,0.602,0.422,1.154,0.248
2016-12-01 01:47:55.915,215.521,0.026,-0.798,0.021,0.602,0.422,1.154,0.249
2016-12-01 01:47:55.925,215.543,0.026,-0.799,0.021,0.601,0.422,1.154,0.249
2016-12-01 01:47:55.937,215.564,0.026,-0.799,0.021,0.600,0.422,1.154,0.249
2016-12-01 01:47:55.948,215.564,0.026,-0.800,0.021,0.599,0.422,1.154,0.249
2016-12-01 01:47:55.959,215.585,0.026,-0.800,0.021,0.599,0.422,1.155,0.249
2016-12-01 01:47:55.970,215.585,0.026,-0.801,0.021,0.598,0.422,1.155,0.249
2016-12-01 01:47:55.981,215.607,0.026,-0.801,0.021,0.597,0.422,1.155,0.249
2016-12-01 01:47:55.992,215.607,0.026,-0.802,0.021,0.597,0.422,1.155,0.249
2016-12-01 01:47:56.003,215.628,0.026,-0.802,0.021,0.596,0.422,1.155,0.249
2016-12-01 01:47:56.015,215.628,0.026,-0.803,0.021,0.596,0.422,1.155,0.249
2016-12-01 01:47:56.026,215.649,0.026,-0.803,0.021,0.595,0.422,1.155,0.249
2016-12-01 01:47:56.038,215.671,0.026,-0.803,0.021,0.595,0.422,1.155,0.249
2016-12-01 01:47:56.048,215.671,0.026,-0.804,0.021,0.594,0.422,1.155,0.249
2016-12-01 01:47:56.059,215.671,0.026,-0.804,0.021,0.594,0.422,1.155,0.249
2016-12-01 01:47:56.071,215.692,0.026,-0.804,0.021,0.593,0.422,1.155,0.249
2016-12-01 01:47:56.082,215.692,0.026,-0.805,0.021,0.593,0.422,1.155,0.249
2016-12-01 01:47:56.093,215.713,0.026,-0.805,0.021,0.592,0.422,1.155,0.249
2016-12-01 01:47:56.104,215.713,0.026,-0.806,0.021,0.591,0.422,1.155,0.249
2016-12-01 01:47:56.115,215.735,0.026,-0.806,0.021,0.591,0.422,1.155,0.249
2016-12-01 01:47:56.127,215.756,0.026,-0.806,0.021,0.590,0.422,1.155,0.249
2016-12-01 01:47:56.138,215.756,0.027,-0.807,0.021,0.590,0.422,1.155,0.249
2016-12-01 01:47:56.149,215.777,0.027,-0.807,0.021,0.590,0.421,1.155,0.249
2016-12-01 01:47:56.160,215.777,0.027,-0.807,0.021,0.589,0.421,1.155,0.249
2016-12-01 01:47:56.171,215.799,0.027,-0.807,0.021,0.589,0.421,1.155,0.249
2016-12-01 01:47:56.182,215.799,0.027,-0.808,0.021,0.589,0.421,1.155,0.249
2016-12-01 01:47:56.193,215.820,0.027,-0.808,0.021,0.588,0.421,1.155,0.249
2016-12-01 01:47:56.205,215.820,0.027,-0.808,0.021,0.588,0.421,1.155,0.249
2016-12-01 01:47:56.216,215.841,0.027,-0.808,0.021,0.588,0.421,1.154,0.249
2016-12-01 01:47:56.227,215.841,0.027,-0.808,0.021,0.588,0.421,1.154,0.249
2016-12-01 01:47:56.238,215.863,0.027,-0.809,0.021,0.587,0.421,1.154,0.249
2016-12-01 01:47:56.250,215.863,0.027,-0.809,0.021,0.587,0.421,1.154,0.249
2016-12-01 01:47:56.260,215.884,0.027,-0.809,0.021,0.587,0.421,1.155,0.249
2016-12-01 01:47:56.272,215.884,0.027,-0.809,0.021,0.587,0.421,1.155,0.249
2016-12-01 01:47:56.283,215.905,0.027,-0.809,0.022,0.587,0.421,1.154,0.249
2016-12-01 01:47:56.294,215.905,0.027,-0.809,0.022,0.587,0.421,1.155,0.249
2016-12-01 01:47:56.305,215.927,0.027,-0.809,0.022,0.587,0.421,1.155,0.249
2016-12-01 01:47:56.317,215.948,0.027,-0.809,0.022,0.587,0.421,1.155,0.249
2016-12-01 01:47:56.327,215.948,0.027,-0.809,0.022,0.587,0.421,1.155,0.249
2016-12-01 01:47:56.338,215.969,0.027,-0.809,0.022,0.587,0.421,1.155,0.249
2016-12-01 01:47:56.350,215.969,0.027,-0.809,0.022,0.587,0.421,1.155,0.249
2016-12-01 01:47:56.361,215.991,0.027,-0.809,0.022,0.586,0.421,1.155,0.249
2016-12-01 01:47:56.372,215.991,0.027,-0.809,0.022,0.587,0.421,1.155,0.249
2016-12-01 01:47:56.383,215.991,0.027,-0.809,0.022,0.587,0.422,1.155,0.249
2016-12-01 01:47:56.395,216.012,0.027,-0.809,0.022,0.587,0.421,1.154,0.248
2016-12-01 01:47:56.406,216.012,0.027,-0.809,0.022,0.587,0.422,1.154,0.248
2016-12-01 01:47:56.417,216.033,0.027,-0.809,0.022,0.587,0.422,1.154,0.248
2016-12-01 01:47:56.428,216.055,0.027,-0.809,0.022,0.587,0.422,1.154,0.248
2016-12-01 01:47:56.440,216.055,0.027,-0.809,0.022,0.587,0.422,1.154,0.248
2016-12-01 01:47:56.450,216.076,0.027,-0.809,0.022,0.587,0.422,1.154,0.248
2016-12-01 01:47:56.461,216.076,0.027,-0.808,0.022,0.588,0.422,1.154,0.248
2016-12-01 01:47:56.473,216.097,0.027,-0.808,0.022,0.588,0.422,1.154,0.248
2016-12-01 01:47:56.484,216.097,0.027,-0.808,0.023,0.588,0.422,1.154,0.248
2016-12-01 01:47:56.495,216.119,0.027,-0.808,0.023,0.588,0.422,1.154,0.248
2016-12-01 01:47:56.506,216.140,0.027,-0.808,0.023,0.588,0.422,1.154,0.248
2016-12-01 01:47:56.517,216.140,0.027,-0.808,0.023,0.588,0.422,1.154,0.248
2016-12-01 01:47:56.528,216.161,0.027,-0.808,0.022,0.588,0.422,1.154,0.248
2016-12-01 01:47:56.540,216.161,0.027,-0.808,0.022,0.589,0.422,1.154,0.247
2016-12-01 01:47:56.551,216.161,0.026,-0.807,0.022,0.589,0.423,1.154,0.247
2016-12-01 01:47:56.562,216.183,0.026,-0.807,0.022,0.589,0.423,1.154,0.247
2016-12-01 01:47:56.573,216.183,0.026,-0.807,0.022,0.590,0.423,1.154,0.247
2016-12-01 01:47:56.585,216.204,0.026,-0.807,0.022,0.590,0.423,1.154,0.247
2016-12-01 01:47:56.596,216.225,0.026,-0.807,0.022,0.590,0.423,1.154,0.247
2016-12-01 01:47:56.607,216.225,0.026,-0.806,0.022,0.591,0.423,1.154,0.247
2016-12-01 01:47:56.618,216.247,0.026,-0.806,0.022,0.591,0.423,1.154,0.247
2016-12-01 01:47:56.629,216.247,0.026,-0.806,0.022,0.591,0.423,1.155,0.247
2016-12-01 01:47:56.640,216.268,0.026,-0.805,0.022,0.592,0.423,1.155,0.247
2016-12-01 01:47:56.652,216.268,0.026,-0.805,0.022,0.592,0.423,1.155,0.247
2016-12-01 01:47:56.663,216.289,0.026,-0.805,0.022,0.593,0.423,1.155,0.247
2016-12-01 01:47:56.674,216.289,0.026,-0.804,0.022,0.593,0.423,1.155,0.247
2016-12-01 01:47:56.685,216.311,0.026,-0.804,0.022,0.594,0.423,1.155,0.247
2016-12-01 01:47:56.696,216.311,0.026,-0.803,0.022,0.594,0.423,1.155,0.247
2016-12-01 01:47:56.707,216.332,0.026,-0.803,0.022,0.595,0.423,1.155,0.247
2016-12-01 01:47:56.719,216.332,0.026,-0.802,0.022,0.596,0.423,1.155,0.247
2016-12-01 01:47:56.729,216.353,0.026,-0.802,0.022,0.596,0.423,1.154,0.247
2016-12-01 01:47:56.741,216.353,0.026,-0.802,0.022,0.597,0.423,1.154,0.247
2016-12-01 01:47:56.752,216.375,0.026,-0.801,0.022,0.598,0.423,1.154,0.247
2016-12-01 01:47:56.763,216.375,0.026,-0.801,0.022,0.598,0.423,1.154,0.247
2016-12-01 01:47:56.774,216.396,0.027,-0.800,0.022,0.599,0.423,1.154,0.247
2016-12-01 01:47:56.786,216.396,0.027,-0.800,0.022,0.599,0.423,1.154,0.247
2016-12-01 01:47:56.797,216.417,0.027,-0.799,0.022,0.600,0.423,1.154,0.247
2016-12-01 01:47:56.808,216.439,0.027,-0.799,0.021,0.601,0.423,1.154,0.247
2016-12-01 01:47:56.819,216.439,0.027,-0.798,0.021,0.601,0.423,1.154,0.247
2016-12-01 01:47:56.830,216.460,0.027,-0.798,0.021,0.602,0.423,1.154,0.247
2016-12-01 01:47:56.842,216.460,0.027,-0.797,0.021,0.603,0.423,1.154,0.247
2016-12-01 01:47:56.853,216.481,0.027,-0.797,0.021,0.603,0.423,1.154,0.247
2016-12-01 01:47:56.864,216.481,0.027,-0.796,0.021,0.604,0.423,1.154,0.247
2016-12-01 01:47:56.875,216.481,0.027,-0.796,0.021,0.604,0.423,1.154,0.247
2016-12-01 01:47:56.886,216.503,0.027,-0.795,0.021,0.605,0.423,1.154,0.247
2016-12-01 01:47:56.897,216.524,0.027,-0.795,0.021,0.606,0.423,1.154,0.247
2016-12-01 01:47:56.908,216.524,0.027,-0.795,0.021,0.606,0.423,1.154,0.247
2016-12-01 01:47:56.919,216.545,0.027,-0.794,0.021,0.607,0.423,1.154,0.247
2016-12-01 01:47:56.930,216.545,0.027,-0.794,0.021,0.608,0.423,1.154,0.247
2016-12-01 01:47:56.941,216.567,0.027,-0.793,0.021,0.608,0.423,1.154,0.247
2016-12-01 01:47:56.954,216.567,0.027,-0.793,0.021,0.609,0.423,1.154,0.247
2016-12-01 01:47:56.964,216.588,0.027,-0.792,0.021,0.609,0.423,1.154,0.247
2016-12-01 01:47:56.976,216.588,0.027,-0.792,0.021,0.610,0.423,1.154,0.247
2016-12-01 01:47:56.987,216.609,0.027,-0.791,0.021,0.610,0.423,1.154,0.247
2016-12-01 01:47:56.998,216.631,0.027,-0.791,0.021,0.611,0.423,1.154,0.247
2016-12-01 01:47:57.009,216.631,0.028,-0.791,0.021,0.611,0.423,1.154,0.247
2016-12-01 01:47:57.020,216.652,0.028,-0.790,0.021,0.612,0.423,1.154,0.247
2016-12-01 01:47:57.031,216.652,0.028,-0.790,0.022,0.612,0.423,1.154,0.247
2016-12-01 01:47:57.042,216.652,0.028,-0.790,0.022,0.613,0.423,1.154,0.247
2016-12-01 01:47:57.053,216.673,0.028,-0.789,0.022,0.613,0.423,1.154,0.247
2016-12-01 01:47:57.065,216.673,0.028,-0.789,0.022,0.613,0.423,1.154,0.247
2016-12-01 01:47:57.076,216.695,0.028,-0.789,0.022,0.614,0.423,1.154,0.247
2016-12-01 01:47:57.087,216.716,0.028,-0.789,0.022,0.614,0.423,1.154,0.246
2016-12-01 01:47:57.098,216.716,0.028,-0.788,0.022,0.614,0.423,1.154,0.247
2016-12-01 01:47:57.109,216.737,0.028,-0.788,0.023,0.614,0.423,1.154,0.246
2016-12-01 01:47:57.121,216.737,0.028,-0.788,0.023,0.615,0.423,1.154,0.246
2016-12-01 01:47:57.131,216.759,0.028,-0.788,0.023,0.615,0.424,1.154,0.246
2016-12-01 01:47:57.144,216.759,0.028,-0.788,0.023,0.615,0.424,1.154,0.246
2016-12-01 01:47:57.154,216.780,0.028,-0.788,0.023,0.615,0.424,1.154,0.246
2016-12-01 01:47:57.165,216.780,0.028,-0.788,0.023,0.615,0.424,1.154,0.246
2016-12-01 01:47:57.176,216.801,0.028,-0.788,0.023,0.615,0.424,1.154,0.246
2016-12-01 01:47:57.188,216.801,0.028,-0.788,0.023,0.615,0.424,1.154,0.245
2016-12-01 01:47:57.199,216.823,0.028,-0.788,0.023,0.615,0.424,1.154,0.245
2016-12-01 01:47:57.210,216.823,0.028,-0.788,0.023,0.615,0.425,1.154,0.245
2016-12-01 01:47:57.221,216.844,0.028,-0.788,0.023,0.615,0.425,1.154,0.245
2016-12-01 01:47:57.232,216.844,0.028,-0.788,0.023,0.615,0.425,1.154,0.245
2016-12-01 01:47:57.243,216.865,0.028,-0.788,0.023,0.615,0.425,1.154,0.244
2016-12-01 01:47:57.255,216.865,0.028,-0.788,0.024,0.615,0.425,1.154,0.244
2016-12-01 01:47:57.265,216.887,0.028,-0.788,0.024,0.615,0.425,1.154,0.244
2016-12-01 01:47:57.277,216.908,0.028,-0.788,0.024,0.614,0.425,1.154,0.244
2016-12-01 01:47:57.288,216.908,0.028,-0.788,0.024,0.614,0.425,1.154,0.244
2016-12-01 01:47:57.299,216.929,0.028,-0.789,0.024,0.614,0.425,1.154,0.243
2016-12-01 01:47:57.310,216.929,0.028,-0.789,0.025,0.613,0.425,1.154,0.243
2016-12-01 01:47:57.321,216.951,0.028,-0.789,0.025,0.613,0.425,1.154,0.243
2016-12-01 01:47:57.333,216.951,0.028,-0.790,0.025,0.613,0.425,1.153,0.243
2016-12-01 01:47:57.344,216.972,0.028,-0.790,0.025,0.612,0.425,1.154,0.242
2016-12-01 01:47:57.355,216.972,0.028,-0.791,0.025,0.611,0.426,1.154,0.242
2016-12-01 01:47:57.366,216.993,0.027,-0.791,0.025,0.610,0.426,1.154,0.242
2016-12-01 01:47:57.378,216.993,0.027,-0.792,0.025,0.610,0.426,1.153,0.241
2016-12-01 01:47:57.389,217.015,0.027,-0.793,0.025,0.609,0.426,1.153,0.241
2016-12-01 01:47:57.400,217.015,0.027,-0.793,0.025,0.608,0.426,1.153,0.241
2016-12-01 01:47:57.411,217.036,0.027,-0.794,0.026,0.607,0.426,1.153,0.240
2016-12-01 01:47:57.423,217.036,0.027,-0.795,0.026,0.606,0.426,1.153,0.240
2016-12-01 01:47:57.433,217.057,0.027,-0.795,0.026,0.605,0.426,1.153,0.240
2016-12-01 01:47:57.445,217.057,0.027,-0.796,0.026,0.604,0.426,1.153,0.239
2016-12-01 01:47:57.455,217.079,0.027,-0.797,0.027,0.603,0.426,1.153,0.239
2016-12-01 01:47:57.467,217.100,0.026,-0.798,0.027,0.602,0.427,1.153,0.238
2016-12-01 01:47:57.478,217.100,0.026,-0.798,0.027,0.601,0.427,1.153,0.238
2016-12-01 01:47:57.489,217.121,0.026,-0.799,0.027,0.600,0.427,1.153,0.238
2016-12-01 01:47:57.500,217.121,0.026,-0.800,0.027,0.599,0.427,1.153,0.237
2016-12-01 01:47:57.511,217.121,0.026,-0.801,0.027,0.598,0.427,1.153,0.237
2016-12-01 01:47:57.523,217.143,0.025,-0.802,0.027,0.597,0.428,1.153,0.237
2016-12-01 01:47:57.534,217.143,0.025,-0.803,0.027,0.595,0.428,1.153,0.236
2016-12-01 01:47:57.545,217.164,0.025,-0.804,0.027,0.594,0.428,1.153,0.236
2016-12-01 01:47:57.557,217.185,0.024,-0.805,0.027,0.593,0.428,1.153,0.235
2016-12-01 01:47:57.568,217.185,0.024,-0.806,0.027,0.591,0.428,1.153,0.235
2016-12-01 01:47:57.578,217.207,0.024,-0.808,0.027,0.589,0.428,1.154,0.234
2016-12-01 01:47:57.590,217.207,0.024,-0.809,0.027,0.586,0.428,1.154,0.234
2016-12-01 01:47:57.601,217.228,0.024,-0.811,0.027,0.584,0.428,1.154,0.233
2016-12-01 01:47:57.613,217.228,0.024,-0.813,0.027,0.582,0.428,1.154,0.233
2016-12-01 01:47:57.623,217.249,0.024,-0.814,0.027,0.580,0.428,1.154,0.232
2016-12-01 01:47:57.634,217.249,0.024,-0.816,0.027,0.577,0.428,1.154,0.232
2016-12-01 01:47:57.645,217.271,0.024,-0.818,0.026,0.575,0.428,1.154,0.231
2016-12-01 01:47:57.657,217.292,0.023,-0.820,0.026,0.572,0.428,1.154,0.231
2016-12-01 01:47:57.668,217.292,0.023,-0.822,0.026,0.569,0.429,1.154,0.230
2016-12-01 01:47:57.679,217.292,0.023,-0.824,0.025,0.566,0.429,1.154,0.230
2016-12-01 01:47:57.690,217.313,0.022,-0.826,0.025,0.562,0.429,1.154,0.229
2016-12-01 01:47:57.702,217.313,0.022,-0.828,0.025,0.560,0.429,1.154,0.229
2016-12-01 01:47:57.713,217.335,0.022,-0.830,0.024,0.557,0.429,1.154,0.228
2016-12-01 01:47:57.724,217.335,0.022,-0.831,0.024,0.555,0.429,1.155,0.228
2016-12-01 01:47:57.735,217.356,0.022,-0.833,0.023,0.552,0.429,1.155,0.228
2016-12-01 01:47:57.747,217.377,0.021,-0.835,0.023,0.550,0.430,1.155,0.228
2016-12-01 01:47:57.757,217.377,0.021,-0.836,0.023,0.547,0.430,1.155,0.227
2016-12-01 01:47:57.768,217.399,0.020,-0.838,0.022,0.545,0.430,1.155,0.227
2016-12-01 01:47:57.780,217.399,0.020,-0.839,0.022,0.543,0.430,1.155,0.227
2016-12-01 01:47:57.791,217.420,0.019,-0.840,0.022,0.542,0.430,1.155,0.227
2016-12-01 01:47:57.802,217.420,0.019,-0.841,0.022,0.540,0.430,1.155,0.226
2016-12-01 01:47:57.813,217.441,0.018,-0.842,0.021,0.539,0.431,1.156,0.226
2016-12-01 01:47:57.824,217.441,0.018,-0.843,0.021,0.537,0.431,1.156,0.226
2016-12-01 01:47:57.835,217.463,0.017,-0.844,0.020,0.536,0.431,1.156,0.226
2016-12-01 01:47:57.847,217.463,0.017,-0.845,0.020,0.535,0.431,1.156,0.226
2016-12-01 01:47:57.857,217.484,0.017,-0.845,0.019,0.534,0.431,1.156,0.226
2016-12-01 01:47:57.869,217.484,0.017,-0.846,0.019,0.532,0.431,1.156,0.226
2016-12-01 01:47:57.880,217.505,0.017,-0.847,0.018,0.531,0.432,1.156,0.226
2016-12-01 01:47:57.892,217.505,0.016,-0.848,0.017,0.530,0.432,1.156,0.226
2016-12-01 01:47:57.903,217.527,0.016,-0.849,0.017,0.528,0.432,1.156,0.226
2016-12-01 01:47:57.914,217.527,0.015,-0.850,0.016,0.527,0.432,1.156,0.226
2016-12-01 01:47:57.925,217.548,0.015,-0.851,0.015,0.525,0.432,1.157,0.226
2016-12-01 01:47:57.937,217.569,0.015,-0.852,0.015,0.523,0.432,1.156,0.226
2016-12-01 01:47:57.947,217.569,0.014,-0.853,0.014,0.521,0.433,1.157,0.226
2016-12-01 01:47:57.958,217.591,0.014,-0.855,0.013,0.519,0.433,1.157,0.225
2016-12-01 01:47:57.971,217.591,0.014,-0.856,0.012,0.517,0.433,1.157,0.225
2016-12-01 01:47:57.981,217.612,0.014,-0.857,0.011,0.515,0.433,1.157,0.225
2016-12-01 01:47:57.992,217.612,0.014,-0.859,0.010,0.512,0.433,1.157,0.225
2016-12-01 01:47:58.003,217.612,0.014,-0.860,0.009,0.510,0.433,1.157,0.225
2016-12-01 01:47:58.014,217.633,0.014,-0.862,0.008,0.507,0.434,1.158,0.225
2016-12-01 01:47:58.026,217.655,0.013,-0.863,0.007,0.505,0.434,1.158,0.225
2016-12-01 01:47:58.037,217.655,0.013,-0.865,0.006,0.502,0.434,1.158,0.226
2016-12-01 01:47:58.047,217.676,-0.013,0.867,-0.005,-0.499,0.434,1.158,0.226
2016-12-01 01:47:58.059,217.676,-0.012,0.868,-0.004,-0.496,0.435,1.158,0.226
2016-12-01 01:47:58.070,217.697,-0.012,0.870,-0.003,-0.493,0.435,1.158,0.226
2016-12-01 01:47:58.082,217.697,-0.012,0.872,-0.001,-0.490,0.435,1.159,0.226
2016-12-01 01:47:58.093,217.719,-0.012,0.873,0.000,-0.487,0.435,1.159,0.226
2016-12-01 01:47:58.104,217.719,-0.011,0.875,0.001,-0.484,0.436,1.159,0.226
2016-12-01 01:47:58.115,217.740,-0.011,0.877,0.002,-0.480,0.436,1.159,0.226
2016-12-01 01:47:58.126,217.740,-0.010,0.879,0.003,-0.476,0.437,1.159,0.226
2016-12-01 01:47:58.137,217.761,-0.009,0.881,0.004,-0.473,0.437,1.160,0.227
2016-12-01 01:47:58.149,217.783,-0.009,0.883,0.005,-0.469,0.438,1.160,0.227
2016-12-01 01:47:58.159,217.783,-0.008,0.885,0.006,-0.465,0.438,1.160,0.227
2016-12-01 01:47:58.170,217.783,-0.008,0.887,0.007,-0.462,0.439,1.160,0.227
2016-12-01 01:47:58.182,217.804,-0.008,0.889,0.008,-0.458,0.439,1.160,0.227
2016-12-01 01:47:58.193,217.804,-0.008,0.891,0.009,-0.454,0.440,1.160,0.227
2016-12-01 01:47:58.205,217.825,-0.007,0.893,0.010,-0.451,0.440,1.160,0.228
2016-12-01 01:47:58.215,217.825,-0.007,0.895,0.011,-0.447,0.440,1.161,0.228
2016-12-01 01:47:58.226,217.847,-0.007,0.896,0.012,-0.443,0.441,1.161,0.228
2016-12-01 01:47:58.237,217.868,-0.007,0.898,0.013,-0.439,0.441,1.161,0.228
2016-12-01 01:47:58.249,217.868,-0.007,0.900,0.014,-0.436,0.441,1.161,0.228
2016-12-01 01:47:58.259,217.889,-0.007,0.902,0.014,-0.432,0.442,1.161,0.229
2016-12-01 01:47:58.272,217.889,-0.008,0.903,0.015,-0.430,0.442,1.161,0.229
2016-12-01 01:47:58.282,217.911,-0.008,0.904,0.015,-0.427,0.442,1.161,0.229
2016-12-01 01:47:58.294,217.911,-0.009,0.905,0.015,-0.424,0.443,1.161,0.230
2016-12-01 01:47:58.305,217.932,-0.009,0.906,0.016,-0.422,0.443,1.161,0.230
2016-12-01 01:47:58.316,217.932,-0.010,0.907,0.016,-0.420,0.443,1.161,0.230
2016-12-01 01:47:58.327,217.953,-0.010,0.908,0.016,-0.418,0.443,1.161,0.231
2016-12-01 01:47:58.338,217.953,-0.010,0.909,0.017,-0.416,0.443,1.161,0.231
2016-12-01 01:47:58.349,217.975,-0.010,0.910,0.018,-0.413,0.443,1.161,0.231
2016-12-01 01:47:58.360,217.975,-0.010,0.911,0.019,-0.411,0.444,1.161,0.232
2016-12-01 01:47:58.371,217.996,-0.010,0.912,0.020,-0.409,0.444,1.161,0.232
2016-12-01 01:47:58.383,217.996,-0.010,0.913,0.020,-0.407,0.444,1.161,0.233
2016-12-01 01:47:58.394,218.017,-0.010,0.914,0.021,-0.405,0.444,1.161,0.233
2016-12-01 01:47:58.405,218.017,-0.010,0.915,0.023,-0.404,0.444,1.161,0.234
2016-12-01 01:47:58.416,218.039,-0.010,0.915,0.024,-0.402,0.444,1.161,0.234
2016-12-01 01:47:58.428,218.060,-0.010,0.916,0.025,-0.400,0.444,1.162,0.235
2016-12-01 01:47:58.439,218.060,-0.010,0.917,0.026,-0.398,0.444,1.162,0.235
2016-12-01 01:47:58.449,218.081,-0.010,0.918,0.027,-0.396,0.445,1.162,0.236
2016-12-01 01:47:58.461,218.081,-0.010,0.919,0.028,-0.394,0.445,1.162,0.236
2016-12-01 01:47:58.472,218.103,-0.010,0.919,0.029,-0.392,0.445,1.162,0.237
2016-12-01 01:47:58.484,218.103,-0.010,0.920,0.030,-0.390,0.445,1.162,0.237
2016-12-01 01:47:58.495,218.103,-0.010,0.921,0.031,-0.388,0.445,1.162,0.238
2016-12-01 01:47:58.506,218.124,-0.010,0.922,0.032,-0.386,0.445,1.163,0.238
2016-12-01 01:47:58.518,218.145,-0.011,0.923,0.033,-0.384,0.445,1.163,0.239
2016-12-01 01:47:58.528,218.145,-0.011,0.923,0.034,-0.383,0.445,1.163,0.239
2016-12-01 01:47:58.539,218.167,-0.011,0.924,0.035,-0.381,0.445,1.163,0.239
2016-12-01 01:47:58.551,218.167,-0.011,0.925,0.036,-0.379,0.445,1.163,0.240
2016-12-01 01:47:58.562,218.188,-0.012,0.925,0.037,-0.378,0.445,1.163,0.240
2016-12-01 01:47:58.573,218.188,-0.012,0.926,0.037,-0.376,0.445,1.163,0.241
2016-12-01 01:47:58.584,218.209,-0.012,0.926,0.038,-0.375,0.445,1.163,0.241
2016-12-01 01:47:58.595,218.209,-0.012,0.927,0.039,-0.374,0.445,1.163,0.242
2016-12-01 01:47:58.606,218.231,-0.013,0.927,0.040,-0.372,0.445,1.163,0.243
2016-12-01 01:47:58.618,218.252,-0.013,0.928,0.041,-0.371,0.445,1.163,0.243
2016-12-01 01:47:58.629,218.252,-0.013,0.928,0.042,-0.370,0.445,1.163,0.244
2016-12-01 01:47:58.639,218.273,-0.013,0.929,0.042,-0.369,0.445,1.163,0.244
2016-12-01 01:47:58.651,218.273,-0.013,0.929,0.043,-0.367,0.445,1.163,0.245
2016-12-01 01:47:58.662,218.273,-0.014,0.930,0.044,-0.366,0.445,1.163,0.245
2016-12-01 01:47:58.673,218.295,-0.014,0.930,0.045,-0.364,0.445,1.163,0.245
2016-12-01 01:47:58.685,218.295,-0.014,0.931,0.045,-0.363,0.445,1.163,0.246
2016-12-01 01:47:58.696,218.316,-0.015,0.931,0.046,-0.361,0.445,1.163,0.246
2016-12-01 01:47:58.707,218.337,-0.015,0.932,0.046,-0.359,0.444,1.163,0.247
2016-12-01 01:47:58.719,218.337,-0.015,0.933,0.047,-0.357,0.444,1.163,0.247
2016-12-01 01:47:58.729,218.359,-0.015,0.933,0.047,-0.355,0.444,1.163,0.247
2016-12-01 01:47:58.740,218.359,-0.015,0.934,0.048,-0.353,0.444,1.163,0.247
2016-12-01 01:47:58.751,218.380,-0.016,0.935,0.048,-0.350,0.444,1.163,0.247
2016-12-01 01:47:58.763,218.380,-0.016,0.936,0.048,-0.348,0.444,1.163,0.248
2016-12-01 01:47:58.773,218.401,-0.017,0.937,0.049,-0.346,0.444,1.163,0.248
2016-12-01 01:47:58.785,218.401,-0.017,0.937,0.049,-0.344,0.444,1.163,0.248
2016-12-01 01:47:58.796,218.423,-0.018,0.938,0.049,-0.343,0.444,1.163,0.248
2016-12-01 01:47:58.807,218.423,-0.018,0.938,0.048,-0.342,0.444,1.163,0.249
2016-12-01 01:47:58.818,218.444,-0.018,0.939,0.048,-0.340,0.444,1.163,0.249
2016-12-01 01:47:58.829,218.444,-0.018,0.939,0.047,-0.340,0.444,1.163,0.249
2016-12-01 01:47:58.841,218.465,-0.019,0.939,0.046,-0.340,0.443,1.163,0.249
2016-12-01 01:47:58.852,218.465,-0.019,0.939,0.046,-0.341,0.443,1.163,0.250
2016-12-01 01:47:58.864,218.487,-0.020,0.939,0.045,-0.342,0.443,1.163,0.250
2016-12-01 01:47:58.875,218.487,-0.020,0.938,0.045,-0.343,0.443,1.163,0.250
2016-12-01 01:47:58.886,218.508,-0.020,0.937,0.045,-0.345,0.442,1.163,0.250
2016-12-01 01:47:58.897,218.529,-0.020,0.937,0.044,-0.347,0.442,1.163,0.251
2016-12-01 01:47:58.908,218.529,-0.019,0.936,0.044,-0.349,0.441,1.163,0.251
2016-12-01 01:47:58.919,218.551,-0.019,0.935,0.044,-0.352,0.441,1.163,0.251
2016-12-01 01:47:58.930,218.551,-0.019,0.934,0.044,-0.355,0.441,1.162,0.251
2016-12-01 01:47:58.941,218.572,-0.019,0.932,0.043,-0.359,0.440,1.162,0.252
2016-12-01 01:47:58.953,218.572,-0.019,0.931,0.043,-0.363,0.439,1.162,0.252
2016-12-01 01:47:58.963,218.593,-0.019,0.929,0.042,-0.368,0.439,1.162,0.252
2016-12-01 01:47:58.975,218.593,-0.020,0.927,0.041,-0.373,0.438,1.162,0.253
2016-12-01 01:47:58.986,218.615,-0.020,0.925,0.040,-0.378,0.438,1.162,0.253
2016-12-01 01:47:58.997,218.615,-0.020,0.923,0.039,-0.383,0.437,1.162,0.253
2016-12-01 01:47:59.008,218.636,-0.019,0.921,0.038,-0.388,0.437,1.162,0.254
2016-12-01 01:47:59.020,218.636,-0.018,0.918,0.038,-0.393,0.436,1.162,0.254
2016-12-01 01:47:59.031,218.657,-0.018,0.916,0.037,-0.398,0.436,1.162,0.254
2016-12-01 01:47:59.042,218.657,-0.017,0.914,0.037,-0.403,0.435,1.162,0.254
2016-12-01 01:47:59.053,218.679,-0.017,0.912,0.037,-0.408,0.435,1.162,0.255
2016-12-01 01:47:59.064,218.679,-0.016,0.910,0.036,-0.413,0.435,1.162,0.255
2016-12-01 01:47:59.075,218.700,-0.016,0.908,0.035,-0.418,0.434,1.162,0.255
2016-12-01 01:47:59.087,218.721,-0.015,0.906,0.034,-0.422,0.434,1.162,0.256
2016-12-01 01:47:59.098,218.721,-0.015,0.904,0.034,-0.427,0.433,1.162,0.256
2016-12-01 01:47:59.109,218.743,-0.015,0.902,0.033,-0.431,0.433,1.162,0.256
2016-12-01 01:47:59.120,218.743,-0.014,0.900,0.033,-0.435,0.433,1.162,0.256
2016-12-01 01:47:59.131,218.743,-0.014,0.898,0.033,-0.439,0.433,1.162,0.256
2016-12-01 01:47:59.142,218.764,-0.014,0.896,0.033,-0.443,0.432,1.162,0.257
2016-12-01 01:47:59.154,218.764,-0.014,0.894,0.032,-0.446,0.432,1.162,0.257
2016-12-01 01:47:59.164,218.785,-0.014,0.892,0.031,-0.450,0.431,1.162,0.257
2016-12-01 01:47:59.175,218.785,-0.015,0.891,0.031,-0.453,0.431,1.162,0.257
2016-12-01 01:47:59.187,218.807,-0.015,0.889,0.030,-0.457,0.431,1.162,0.257
2016-12-01 01:47:59.198,218.828,-0.015,0.888,0.030,-0.459,0.431,1.162,0.257
2016-12-01 01:47:59.210,218.828,-0.015,0.886,0.029,-0.462,0.431,1.162,0.257
2016-12-01 01:47:59.221,218.849,-0.015,0.885,0.029,-0.465,0.430,1.162,0.257
2016-12-01 01:47:59.232,218.849,-0.015,0.884,0.029,-0.467,0.430,1.162,0.257
2016-12-01 01:47:59.243,218.871,-0.016,0.883,0.028,-0.469,0.431,1.162,0.257
2016-12-01 01:47:59.254,218.871,-0.016,0.881,0.028,-0.471,0.431,1.162,0.257
2016-12-01 01:47:59.265,218.892,-0.016,0.880,0.027,-0.473,0.431,1.162,0.257
2016-12-01 01:47:59.277,218.913,-0.017,0.879,0.026,-0.475,0.431,1.162,0.257
2016-12-01 01:47:59.288,218.913,-0.017,0.878,0.026,-0.477,0.431,1.162,0.257
2016-12-01 01:47:59.299,218.913,-0.018,0.877,0.025,-0.479,0.431,1.161,0.257
2016-12-01 01:47:59.310,218.935,-0.018,0.876,0.025,-0.481,0.431,1.161,0.257
2016-12-01 01:47:59.321,218.935,-0.018,0.876,0.024,-0.482,0.431,1.161,0.257
2016-12-01 01:47:59.332,218.956,-0.019,0.875,0.024,-0.483,0.431,1.161,0.257
2016-12-01 01:47:59.344,218.956,-0.019,0.875,0.023,-0.484,0.431,1.161,0.257
2016-12-01 01:47:59.354,218.977,-0.019,0.874,0.023,-0.485,0.431,1.161,0.257
2016-12-01 01:47:59.366,218.999,-0.019,0.874,0.023,-0.486,0.431,1.161,0.257
2016-12-01 01:47:59.377,218.999,-0.020,0.873,0.022,-0.487,0.431,1.161,0.257
2016-12-01 01:47:59.388,219.020,-0.020,0.873,0.021,-0.487,0.432,1.161,0.256
2016-12-01 01:47:59.400,219.020,-0.020,0.872,0.021,-0.488,0.432,1.160,0.256
2016-12-01 01:47:59.410,219.041,-0.020,0.872,0.020,-0.489,0.432,1.160,0.256
2016-12-01 01:47:59.422,219.041,-0.020,0.871,0.020,-0.490,0.432,1.160,0.256
2016-12-01 01:47:59.433,219.063,-0.020,0.870,0.020,-0.491,0.432,1.160,0.256
2016-12-01 01:47:59.444,219.063,-0.020,0.870,0.019,-0.493,0.432,1.160,0.256
2016-12-01 01:47:59.455,219.084,-0.020,0.869,0.018,-0.494,0.432,1.160,0.256
2016-12-01 01:47:59.466,219.084,-0.020,0.868,0.018,-0.495,0.433,1.160,0.256
2016-12-01 01:47:59.478,219.105,-0.020,0.868,0.018,-0.497,0.433,1.160,0.256
2016-12-01 01:47:59.489,219.105,-0.021,0.867,0.017,-0.498,0.433,1.160,0.256
2016-12-01 01:47:59.500,219.127,-0.021,0.866,0.017,-0.499,0.433,1.160,0.256
2016-12-01 01:47:59.511,219.127,0.021,-0.865,-0.017,0.501,0.433,1.160,0.256
2016-12-01 01:47:59.522,219.148,0.020,-0.864,-0.017,0.502,0.433,1.160,0.256
2016-12-01 01:47:59.533,219.148,0.020,-0.863,-0.016,0.504,0.433,1.160,0.256
2016-12-01 01:47:59.544,219.169,0.020,-0.863,-0.016,0.505,0.433,1.160,0.256
2016-12-01 01:47:59.556,219.191,0.019,-0.862,-0.016,0.507,0.433,1.160,0.256
2016-12-01 01:47:59.567,219.191,0.019,-0.861,-0.016,0.508,0.434,1.160,0.256
2016-12-01 01:47:59.578,219.212,0.019,-0.860,-0.016,0.509,0.434,1.160,0.256
2016-12-01 01:47:59.589,219.212,0.019,-0.859,-0.016,0.511,0.434,1.160,0.255
2016-12-01 01:47:59.600,219.233,0.018,-0.859,-0.016,0.512,0.434,1.160,0.255
2016-12-01 01:47:59.612,219.233,0.018,-0.858,-0.016,0.514,0.434,1.160,0.255
2016-12-01 01:47:59.623,219.233,0.018,-0.857,-0.016,0.515,0.434,1.160,0.255
2016-12-01 01:47:59.634,219.255,0.017,-0.856,-0.016,0.516,0.434,1.160,0.255
2016-12-01 01:47:59.646,219.255,0.017,-0.855,-0.016,0.518,0.434,1.160,0.255
2016-12-01 01:47:59.656,219.276,0.017,-0.855,-0.016,0.519,0.434,1.160,0.255
2016-12-01 01:47:59.667,219.297,0.016,-0.854,-0.016,0.520,0.434,1.160,0.255
2016-12-01 01:47:59.679,219.297,0.016,-0.853,-0.016,0.521,0.434,1.160,0.255
2016-12-01 01:47:59.690,219.319,0.016,-0.852,-0.016,0.523,0.434,1.160,0.255
2016-12-01 01:47:59.701,219.319,0.016,-0.851,-0.016,0.524,0.434,1.160,0.254
2016-12-01 01:47:59.712,219.340,0.016,-0.851,-0.016,0.525,0.434,1.160,0.254
2016-12-01 01:47:59.723,219.340,0.016,-0.850,-0.016,0.526,0.435,1.160,0.254
2016-12-01 01:47:59.734,219.361,0.016,-0.849,-0.016,0.528,0.434,1.160,0.254
2016-12-01 01:47:59.746,219.383,0.015,-0.849,-0.016,0.529,0.434,1.160,0.254
2016-12-01 01:47:59.756,219.383,0.015,-0.848,-0.016,0.530,0.434,1.160,0.254
2016-12-01 01:47:59.768,219.404,0.015,-0.847,-0.016,0.531,0.435,1.160,0.254
2016-12-01 01:47:59.780,219.404,0.015,-0.846,-0.016,0.532,0.435,1.160,0.254
2016-12-01 01:47:59.790,219.404,0.015,-0.846,-0.016,0.533,0.435,1.160,0.254
2016-12-01 01:47:59.802,219.425,0.015,-0.845,-0.016,0.535,0.434,1.160,0.253
2016-12-01 01:47:59.813,219.425,0.015,-0.844,-0.015,0.536,0.434,1.160,0.253
2016-12-01 01:47:59.824,219.447,0.015,-0.843,-0.015,0.537,0.434,1.160,0.253
2016-12-01 01:47:59.835,219.447,0.015,-0.842,-0.015,0.538,0.434,1.160,0.253
2016-12-01 01:47:59.846,219.468,0.015,-0.842,-0.015,0.540,0.434,1.160,0.253
2016-12-01 01:47:59.857,219.489,0.015,-0.841,-0.015,0.541,0.434,1.160,0.253
2016-12-01 01:47:59.869,219.489,0.015,-0.840,-0.014,0.543,0.434,1.160,0.253
2016-12-01 01:47:59.879,219.511,0.015,-0.839,-0.014,0.544,0.434,1.160,0.253
2016-12-01 01:47:59.890,219.511,0.015,-0.838,-0.014,0.545,0.434,1.160,0.253
2016-12-01 01:47:59.902,219.532,0.015,-0.837,-0.013,0.547,0.434,1.160,0.253
2016-12-01 01:47:59.913,219.532,0.015,-0.836,-0.013,0.548,0.434,1.160,0.253
2016-12-01 01:47:59.924,219.553,0.016,-0.836,-0.012,0.549,0.434,1.160,0.252
2016-12-01 01:47:59.935,219.553,0.016,-0.835,-0.012,0.550,0.433,1.160,0.252
2016-12-01 01:47:59.946,219.575,0.016,-0.834,-0.012,0.551,0.433,1.160,0.252
2016-12-01 01:47:59.957,219.575,0.017,-0.833,-0.011,0.553,0.433,1.160,0.252
2016-12-01 01:47:59.969,219.596,0.017,-0.832,-0.011,0.554,0.433,1.160,0.252
2016-12-01 01:47:59.981,219.596,0.018,-0.832,-0.011,0.555,0.433,1.159,0.253
2016-12-01 01:47:59.991,219.617,0.018,-0.831,-0.010,0.556,0.433,1.159,0.252
2016-12-01 01:48:00.002,219.617,0.019,-0.830,-0.010,0.558,0.433,1.159,0.252
2016-12-01 01:48:00.014,219.639,0.019,-0.829,-0.009,0.559,0.433,1.159,0.252
2016-12-01 01:48:00.025,219.639,0.020,-0.828,-0.009,0.560,0.433,1.159,0.252
2016-12-01 01:48:00.036,219.660,0.020,-0.827,-0.009,0.561,0.433,1.159,0.253
2016-12-01 01:48:00.047,219.681,0.021,-0.827,-0.008,0.562,0.433,1.159,0.253
2016-12-01 01:48:00.058,219.681,0.021,-0.826,-0.008,0.564,0.433,1.159,0.252
2016-12-01 01:48:00.069,219.703,0.021,-0.825,-0.008,0.565,0.432,1.159,0.252
2016-12-01 01:48:00.081,219.703,0.022,-0.824,-0.008,0.566,0.432,1.159,0.252
2016-12-01 01:48:00.092,219.724,0.022,-0.823,-0.008,0.567,0.432,1.159,0.252
2016-12-01 01:48:00.103,219.724,0.022,-0.822,-0.007,0.569,0.432,1.159,0.252
2016-12-01 01:48:00.114,219.724,0.022,-0.821,-0.007,0.570,0.432,1.159,0.252
2016-12-01 01:48:00.125,219.745,0.023,-0.820,-0.007,0.571,0.432,1.159,0.252
2016-12-01 01:48:00.136,219.767,0.023,-0.819,-0.007,0.573,0.432,1.159,0.252
2016-12-01 01:48:00.148,219.767,0.023,-0.818,-0.007,0.574,0.432,1.159,0.252
2016-12-01 01:48:00.159,219.788,0.024,-0.817,-0.006,0.575,0.431,1.158,0.252
2016-12-01 01:48:00.171,219.788,0.024,-0.817,-0.006,0.577,0.431,1.158,0.252
2016-12-01 01:48:00.181,219.809,0.024,-0.816,-0.006,0.578,0.431,1.158,0.252
2016-12-01 01:48:00.193,219.809,0.025,-0.815,-0.005,0.579,0.431,1.158,0.252
2016-12-01 01:48:00.204,219.831,0.025,-0.814,-0.005,0.580,0.431,1.158,0.252
2016-12-01 01:48:00.215,219.831,0.025,-0.813,-0.005,0.582,0.431,1.158,0.252
2016-12-01 01:48:00.226,219.852,0.025,-0.812,-0.005,0.583,0.431,1.158,0.252
2016-12-01 01:48:00.237,219.873,0.026,-0.812,-0.005,0.584,0.431,1.158,0.252
2016-12-01 01:48:00.249,219.873,0.026,-0.811,-0.005,0.585,0.431,1.158,0.252
2016-12-01 01:48:00.259,219.895,0.026,-0.810,-0.005,0.586,0.431,1.158,0.253
2016-12-01 01:48:00.271,219.895,0.026,-0.809,-0.005,0.587,0.431,1.158,0.252
2016-12-01 01:48:00.281,219.895,0.027,-0.809,-0.005,0.588,0.431,1.158,0.253
2016-12-01 01:48:00.293,219.916,0.027,-0.808,-0.005,0.589,0.431,1.158,0.253
2016-12-01 01:48:00.304,219.916,0.027,-0.807,-0.004,0.590,0.431,1.158,0.253
2016-12-01 01:48:00.315,219.937,0.028,-0.807,-0.004,0.590,0.431,1.157,0.253
2016-12-01 01:48:00.327,219.959,0.028,-0.806,-0.004,0.591,0.431,1.157,0.253
2016-12-01 01:48:00.338,219.959,0.028,-0.805,-0.004,0.592,0.431,1.157,0.253
2016-12-01 01:48:00.349,219.980,0.028,-0.805,-0.004,0.593,0.431,1.157,0.253
2016-12-01 01:48:00.360,219.980,0.028,-0.804,-0.004,0.594,0.431,1.157,0.253
2016-12-01 01:48:00.371,220.001,0.029,-0.803,-0.004,0.595,0.431,1.157,0.253
2016-12-01 01:48:00.383,220.001,0.029,-0.803,-0.004,0.596,0.431,1.157,0.253
2016-12-01 01:48:00.394,220.023,0.029,-0.802,-0.004,0.597,0.431,1.157,0.253
2016-12-01 01:48:00.405,220.023,0.029,-0.801,-0.004,0.598,0.431,1.157,0.253
2016-12-01 01:48:00.416,220.044,0.029,-0.800,-0.004,0.599,0.431,1.157,0.253
2016-12-01 01:48:00.427,220.044,0.029,-0.800,-0.004,0.600,0.431,1.157,0.253
2016-12-01 01:48:00.438,220.065,0.029,-0.799,-0.004,0.601,0.432,1.157,0.253
2016-12-01 01:48:00.449,220.065,0.029,-0.798,-0.004,0.602,0.432,1.157,0.253
2016-12-01 01:48:00.460,220.087,0.029,-0.797,-0.004,0.603,0.432,1.157,0.253
2016-12-01 01:48:00.472,220.087,0.029,-0.797,-0.004,0.604,0.432,1.157,0.253
2016-12-01 01:48:00.483,220.108,0.029,-0.796,-0.004,0.605,0.431,1.157,0.253
2016-12-01 01:48:00.494,220.108,0.029,-0.795,-0.004,0.605,0.432,1.157,0.253
2016-12-01 01:48:00.505,220.129,0.029,-0.795,-0.004,0.606,0.432,1.157,0.253
2016-12-01 01:48:00.516,220.151,0.029,-0.794,-0.004,0.607,0.432,1.157,0.253
2016-12-01 01:48:00.528,220.151,0.029,-0.794,-0.004,0.608,0.432,1.157,0.253
2016-12-01 01:48:00.539,220.172,0.029,-0.793,-0.004,0.609,0.432,1.157,0.253
2016-12-01 01:48:00.550,220.172,0.030,-0.792,-0.004,0.609,0.432,1.157,0.253
2016-12-01 01:48:00.561,220.193,0.030,-0.792,-0.004,0.610,0.432,1.157,0.253
2016-12-01 01:48:00.573,220.193,0.030,-0.791,-0.004,0.611,0.431,1.157,0.253
2016-12-01 01:48:00.583,220.215,0.030,-0.790,-0.004,0.612,0.431,1.157,0.253
2016-12-01 01:48:00.595,220.215,0.030,-0.790,-0.003,0.613,0.431,1.157,0.253
2016-12-01 01:48:00.606,220.215,0.030,-0.789,-0.003,0.613,0.431,1.157,0.253
2016-12-01 01:48:00.617,220.236,0.030,-0.789,-0.003,0.614,0.431,1.157,0.253
2016-12-01 01:48:00.628,220.257,0.031,-0.788,-0.003,0.615,0.431,1.157,0.253
2016-12-01 01:48:00.639,220.257,0.031,-0.788,-0.003,0.615,0.431,1.157,0.253
2016-12-01 01:48:00.650,220.279,0.031,-0.787,-0.003,0.616,0.431,1.157,0.253
2016-12-01 01:48:00.661,220.279,0.031,-0.787,-0.003,0.617,0.431,1.157,0.253
2016-12-01 01:48:00.672,220.300,0.031,-0.786,-0.003,0.617,0.431,1.157,0.253
2016-12-01 01:48:00.684,220.300,0.031,-0.786,-0.003,0.618,0.431,1.157,0.253
2016-12-01 01:48:00.695,220.321,0.031,-0.785,-0.003,0.618,0.431,1.157,0.253
2016-12-01 01:48:00.706,220.343,0.032,-0.785,-0.003,0.619,0.431,1.156,0.253
2016-12-01 01:48:00.717,220.343,0.032,-0.784,-0.002,0.620,0.431,1.156,0.253
2016-12-01 01:48:00.728,220.364,0.032,-0.784,-0.002,0.620,0.431,1.156,0.253
2016-12-01 01:48:00.740,220.364,0.032,-0.784,-0.002,0.621,0.431,1.156,0.253
2016-12-01 01:48:00.751,220.385,0.032,-0.783,-0.002,0.621,0.431,1.156,0.253
2016-12-01 01:48:00.762,220.385,0.032,-0.783,-0.002,0.621,0.431,1.157,0.253
2016-12-01 01:48:00.773,220.385,0.032,-0.783,-0.002,0.622,0.431,1.157,0.253
2016-12-01 01:48:00.784,220.407,0.032,-0.782,-0.002,0.622,0.431,1.157,0.253
2016-12-01 01:48:00.796,220.407,0.032,-0.782,-0.002,0.623,0.431,1.157,0.253
2016-12-01 01:48:00.807,220.428,0.032,-0.782,-0.002,0.623,0.431,1.157,0.253
2016-12-01 01:48:00.818,220.449,0.032,-0.781,-0.002,0.623,0.431,1.157,0.253
2016-12-01 01:48:00.829,220.449,0.031,-0.781,-0.002,0.624,0.431,1.157,0.253
2016-12-01 01:48:00.840,220.471,0.031,-0.781,-0.002,0.624,0.431,1.157,0.253
2016-12-01 01:48:00.852,220.471,0.031,-0.781,-0.002,0.624,0.431,1.157,0.253
2016-12-01 01:48:00.863,220.492,0.031,-0.781,-0.002,0.624,0.431,1.157,0.253
2016-12-01 01:48:00.874,220.492,0.031,-0.781,-0.002,0.624,0.431,1.157,0.253
2016-12-01 01:48:00.885,220.513,0.030,-0.780,-0.002,0.624,0.431,1.157,0.253
2016-12-01 01:48:00.896,220.535,0.030,-0.780,-0.002,0.625,0.431,1.157,0.253
2016-12-01 01:48:00.908,220.535,0.030,-0.780,-0.002,0.625,0.431,1.157,0.253
2016-12-01 01:48:00.918,220.535,0.030,-0.781,-0.002,0.624,0.431,1.157,0.252
2016-12-01 01:48:00.930,220.556,0.030,-0.781,-0.001,0.624,0.431,1.157,0.252
2016-12-01 01:48:00.941,220.556,0.030,-0.781,-0.001,0.624,0.431,1.157,0.252
2016-12-01 01:48:00.952,220.577,0.030,-0.781,-0.001,0.624,0.431,1.157,0.252
2016-12-01 01:48:00.963,220.577,0.030,-0.781,-0.001,0.624,0.431,1.157,0.252
2016-12-01 01:48:00.975,220.599,0.030,-0.781,0.000,0.623,0.431,1.157,0.252
2016-12-01 01:48:00.986,220.599,0.031,-0.782,0.000,0.623,0.431,1.157,0.252
2016-12-01 01:48:00.996,220.620,0.031,-0.782,0.000,0.623,0.431,1.156,0.252
2016-12-01 01:48:01.007,220.641,0.031,-0.782,0.001,0.623,0.430,1.157,0.252
2016-12-01 01:48:01.019,220.641,0.031,-0.782,0.001,0.622,0.430,1.156,0.251
2016-12-01 01:48:01.030,220.663,0.031,-0.782,0.001,0.622,0.430,1.156,0.251
2016-12-01 01:48:01.041,220.663,0.031,-0.782,0.002,0.622,0.430,1.156,0.251
2016-12-01 01:48:01.052,220.684,0.031,-0.782,0.002,0.622,0.430,1.156,0.251
2016-12-01 01:48:01.063,220.684,0.032,-0.782,0.002,0.622,0.430,1.156,0.251
2016-12-01 01:48:01.074,220.705,0.032,-0.782,0.003,0.622,0.430,1.156,0.251
2016-12-01 01:48:01.086,220.705,0.032,-0.782,0.002,0.622,0.430,1.156,0.251
2016-12-01 01:48:01.097,220.727,0.032,-0.782,0.002,0.622,0.430,1.156,0.251
2016-12-01 01:48:01.109,220.727,0.032,-0.782,0.002,0.622,0.430,1.156,0.251
2016-12-01 01:48:01.119,220.748,0.032,-0.782,0.002,0.622,0.430,1.156,0.251
2016-12-01 01:48:01.131,220.748,0.032,-0.782,0.002,0.622,0.430,1.156,0.251
2016-12-01 01:48:01.142,220.769,0.032,-0.783,0.002,0.622,0.430,1.157,0.251
2016-12-01 01:48:01.153,220.769,0.032,-0.782,0.001,0.622,0.430,1.156,0.251
2016-12-01 01:48:01.164,220.791,0.031,-0.782,0.001,0.622,0.430,1.156,0.251
2016-12-01 01:48:01.175,220.791,0.031,-0.782,0.001,0.622,0.430,1.156,0.251
2016-12-01 01:48:01.186,220.812,0.031,-0.782,0.001,0.622,0.430,1.157,0.251
2016-12-01 01:48:01.197,220.833,0.031,-0.782,0.001,0.622,0.431,1.157,0.251
2016-12-01 01:48:01.209,220.833,0.031,-0.782,0.001,0.622,0.431,1.157,0.251
2016-12-01 01:48:01.220,220.855,0.031,-0.782,0.001,0.622,0.431,1.157,0.252
2016-12-01 01:48:01.231,220.855,0.031,-0.782,0.001,0.622,0.431,1.157,0.252
2016-12-01 01:48:01.242,220.855,0.031,-0.782,0.001,0.623,0.430,1.157,0.252
2016-12-01 01:48:01.253,220.876,0.031,-0.782,0.001,0.623,0.430,1.157,0.252
2016-12-01 01:48:01.265,220.876,0.031,-0.782,0.001,0.623,0.430,1.157,0.252
2016-12-01 01:48:01.275,220.897,0.031,-0.782,0.001,0.623,0.430,1.157,0.252
2016-12-01 01:48:01.287,220.919,0.031,-0.781,0.001,0.623,0.430,1.157,0.252
2016-12-01 01:48:01.298,220.919,0.031,-0.781,0.001,0.623,0.430,1.157,0.252
2016-12-01 01:48:01.309,220.940,0.031,-0.781,0.001,0.624,0.430,1.157,0.252
2016-12-01 01:48:01.321,220.940,0.031,-0.781,0.001,0.624,0.430,1.157,0.252
2016-12-01 01:48:01.332,220.961,0.031,-0.781,0.001,0.624,0.430,1.156,0.252
2016-12-01 01:48:01.344,220.961,0.031,-0.780,0.001,0.625,0.430,1.157,0.252
2016-12-01 01:48:01.354,220.983,0.031,-0.780,0.002,0.625,0.430,1.156,0.252
2016-12-01 01:48:01.365,220.983,0.031,-0.780,0.002,0.625,0.430,1.156,0.253
2016-12-01 01:48:01.376,221.004,0.031,-0.780,0.002,0.626,0.430,1.156,0.253
2016-12-01 01:48:01.388,221.025,0.031,-0.779,0.002,0.626,0.430,1.156,0.253
2016-12-01 01:48:01.399,221.025,0.031,-0.779,0.002,0.626,0.430,1.156,0.253
2016-12-01 01:48:01.410,221.025,0.031,-0.779,0.002,0.626,0.430,1.156,0.253
2016-12-01 01:48:01.421,221.047,0.031,-0.779,0.002,0.627,0.430,1.156,0.253
2016-12-01 01:48:01.432,221.047,0.031,-0.778,0.003,0.627,0.430,1.156,0.253
2016-12-01 01:48:01.443,221.068,0.031,-0.778,0.002,0.627,0.430,1.156,0.253
2016-12-01 01:48:01.455,221.068,0.031,-0.778,0.002,0.627,0.430,1.156,0.253
2016-12-01 01:48:01.466,221.089,0.031,-0.778,0.002,0.627,0.430,1.156,0.253
2016-12-01 01:48:01.477,221.111,0.031,-0.778,0.002,0.628,0.430,1.157,0.253
2016-12-01 01:48:01.488,221.111,0.031,-0.778,0.002,0.628,0.430,1.157,0.253
2016-12-01 01:48:01.499,221.132,0.030,-0.778,0.001,0.628,0.430,1.157,0.253
2016-12-01 01:48:01.511,221.132,0.030,-0.777,0.001,0.628,0.430,1.157,0.253
2016-12-01 01:48:01.521,221.153,0.030,-0.778,0.001,0.628,0.430,1.157,0.253
2016-12-01 01:48:01.533,221.153,0.029,-0.777,0.001,0.628,0.430,1.157,0.254
2016-12-01 01:48:01.544,221.175,0.029,-0.777,0.000,0.629,0.431,1.157,0.254
2016-12-01 01:48:01.555,221.175,0.029,-0.777,0.000,0.629,0.431,1.157,0.254
2016-12-01 01:48:01.566,221.196,0.029,-0.777,0.000,0.629,0.431,1.157,0.254
2016-12-01 01:48:01.578,221.196,0.028,-0.777,0.000,0.629,0.431,1.157,0.254
2016-12-01 01:48:01.588,221.217,0.028,-0.776,0.000,0.630,0.431,1.157,0.254
2016-12-01 01:48:01.599,221.217,0.028,-0.776,0.000,0.630,0.431,1.157,0.254
2016-12-01 01:48:01.611,221.239,0.028,-0.776,0.000,0.631,0.431,1.157,0.254
2016-12-01 01:48:01.622,221.239,0.028,-0.775,0.000,0.631,0.431,1.157,0.254
2016-12-01 01:48:01.633,221.260,0.028,-0.775,0.000,0.631,0.431,1.157,0.254
2016-12-01 01:48:01.645,221.260,0.028,-0.775,0.000,0.631,0.431,1.157,0.254
2016-12-01 01:48:01.656,221.281,0.028,-0.775,0.000,0.632,0.431,1.157,0.254
2016-12-01 01:48:01.667,221.303,0.028,-0.775,0.000,0.632,0.431,1.157,0.254
2016-12-01 01:48:01.678,221.303,0.028,-0.774,0.000,0.632,0.431,1.157,0.254
2016-12-01 01:48:01.689,221.324,0.028,-0.774,0.000,0.633,0.431,1.157,0.254
2016-12-01 01:48:01.701,221.324,0.028,-0.774,0.001,0.633,0.431,1.157,0.254
2016-12-01 01:48:01.711,221.345,0.028,-0.774,0.001,0.633,0.431,1.157,0.254
2016-12-01 01:48:01.723,221.345,0.028,-0.773,0.001,0.633,0.431,1.156,0.254
2016-12-01 01:48:01.734,221.345,0.028,-0.773,0.001,0.634,0.431,1.157,0.254
2016-12-01 01:48:01.745,221.367,0.028,-0.773,0.001,0.634,0.431,1.156,0.255
2016-12-01 01:48:01.757,221.388,0.028,-0.773,0.001,0.634,0.431,1.156,0.255
2016-12-01 01:48:01.767,221.388,0.028,-0.773,0.001,0.634,0.431,1.156,0.255
2016-12-01 01:48:01.778,221.409,0.028,-0.773,0.002,0.634,0.431,1.156,0.254
2016-12-01 01:48:01.790,221.409,0.028,-0.773,0.001,0.634,0.431,1.157,0.254
2016-12-01 01:48:01.800,221.431,0.028,-0.773,0.001,0.634,0.431,1.157,0.254
2016-12-01 01:48:01.813,221.431,0.028,-0.773,0.001,0.634,0.431,1.157,0.254
2016-12-01 01:48:01.823,221.452,0.028,-0.773,0.001,0.634,0.431,1.157,0.254
2016-12-01 01:48:01.834,221.452,0.027,-0.773,0.001,0.634,0.432,1.157,0.254
2016-12-01 01:48:01.846,221.473,0.027,-0.773,0.001,0.634,0.432,1.157,0.254
2016-12-01 01:48:01.857,221.495,0.027,-0.772,0.001,0.634,0.432,1.157,0.254
2016-12-01 01:48:01.868,221.495,0.026,-0.772,0.001,0.635,0.432,1.157,0.254
2016-12-01 01:48:01.879,221.516,0.026,-0.772,0.001,0.635,0.432,1.157,0.254
2016-12-01 01:48:01.890,221.516,0.026,-0.772,0.001,0.635,0.432,1.157,0.254
2016-12-01 01:48:01.901,221.516,0.025,-0.772,0.001,0.635,0.432,1.157,0.254
2016-12-01 01:48:01.912,221.537,0.025,-0.772,0.001,0.635,0.432,1.157,0.254
2016-12-01 01:48:01.924,221.537,0.025,-0.772,0.001,0.635,0.432,1.158,0.254
2016-12-01 01:48:01.935,221.559,0.024,-0.772,0.001,0.635,0.432,1.158,0.254
2016-12-01 01:48:01.947,221.580,0.024,-0.772,0.001,0.635,0.432,1.158,0.254
2016-12-01 01:48:01.957,221.580,0.024,-0.772,0.001,0.635,0.432,1.158,0.254
2016-12-01 01:48:01.969,221.601,0.024,-0.772,0.001,0.635,0.432,1.158,0.254
2016-12-01 01:48:01.980,221.601,0.023,-0.772,0.001,0.635,0.432,1.158,0.254
2016-12-01 01:48:01.990,221.623,0.023,-0.772,0.001,0.635,0.432,1.157,0.254
2016-12-01 01:48:02.002,221.623,0.023,-0.772,0.001,0.635,0.432,1.158,0.254
2016-12-01 01:48:02.013,221.644,0.023,-0.772,0.001,0.635,0.432,1.157,0.254
2016-12-01 01:48:02.024,221.644,0.023,-0.772,0.001,0.635,0.432,1.157,0.254
2016-12-01 01:48:02.036,221.665,0.023,-0.772,0.002,0.635,0.432,1.157,0.254
2016-12-01 01:48:02.047,221.665,0.023,-0.772,0.002,0.635,0.432,1.157,0.253
2016-12-01 01:48:02.058,221.687,0.023,-0.772,0.002,0.635,0.432,1.157,0.253
2016-12-01 01:48:02.069,221.687,0.023,-0.772,0.003,0.635,0.432,1.157,0.253
2016-12-01 01:48:02.080,221.708,0.023,-0.772,0.003,0.635,0.432,1.157,0.253
2016-12-01 01:48:02.091,221.708,0.023,-0.772,0.003,0.635,0.432,1.157,0.253
2016-12-01 01:48:02.102,221.729,0.023,-0.772,0.004,0.635,0.432,1.157,0.253
2016-12-01 01:48:02.114,221.729,0.023,-0.773,0.004,0.634,0.432,1.157,0.253
2016-12-01 01:48:02.125,221.751,0.023,-0.773,0.004,0.634,0.432,1.157,0.253
2016-12-01 01:48:02.136,221.772,0.023,-0.773,0.004,0.634,0.432,1.157,0.253
2016-12-01 01:48:02.147,221.772,0.023,-0.773,0.004,0.634,0.432,1.157,0.253
2016-12-01 01:48:02.158,221.793,0.023,-0.773,0.004,0.634,0.432,1.157,0.253
2016-12-01 01:48:02.171,221.793,0.023,-0.773,0.004,0.633,0.432,1.157,0.253
2016-12-01 01:48:02.180,221.815,0.023,-0.774,0.004,0.633,0.432,1.157,0.252
2016-12-01 01:48:02.191,221.815,0.023,-0.774,0.004,0.633,0.432,1.157,0.252
2016-12-01 01:48:02.203,221.836,0.023,-0.774,0.004,0.633,0.432,1.158,0.252
2016-12-01 01:48:02.214,221.836,0.023,-0.774,0.004,0.633,0.432,1.158,0.252
2016-12-01 01:48:02.225,221.836,0.022,-0.774,0.004,0.633,0.432,1.158,0.252
2016-12-01 01:48:02.237,221.857,0.022,-0.774,0.004,0.633,0.432,1.158,0.252
2016-12-01 01:48:02.248,221.879,0.022,-0.774,0.004,0.633,0.432,1.158,0.252
2016-12-01 01:48:02.259,221.879,0.022,-0.774,0.004,0.633,0.432,1.158,0.252
2016-12-01 01:48:02.270,221.900,0.021,-0.774,0.004,0.633,0.432,1.158,0.252
2016-12-01 01:48:02.282,221.900,0.021,-0.774,0.004,0.633,0.432,1.158,0.252
2016-12-01 01:48:02.292,221.921,0.021,-0.774,0.004,0.632,0.432,1.158,0.252
2016-12-01 01:48:02.303,221.921,0.021,-0.774,0.004,0.632,0.432,1.158,0.252
2016-12-01 01:48:02.315,221.943,0.021,-0.774,0.004,0.632,0.432,1.158,0.252
2016-12-01 01:48:02.326,221.964,0.021,-0.774,0.004,0.632,0.432,1.158,0.252
2016-12-01 01:48:02.337,221.964,0.021,-0.774,0.004,0.632,0.432,1.158,0.251
2016-12-01 01:48:02.348,221.985,0.021,-0.775,0.005,0.632,0.432,1.157,0.251
2016-12-01 01:48:02.359,221.985,0.021,-0.775,0.005,0.632,0.432,1.157,0.251
2016-12-01 01:48:02.370,222.007,0.021,-0.775,0.006,0.632,0.432,1.157,0.251
2016-12-01 01:48:02.382,222.007,0.021,-0.775,0.006,0.632,0.432,1.157,0.251
2016-12-01 01:48:02.393,222.007,0.021,-0.775,0.006,0.632,0.432,1.157,0.251
2016-12-01 01:48:02.404,222.028,0.021,-0.775,0.006,0.632,0.432,1.157,0.251
2016-12-01 01:48:02.416,222.028,0.021,-0.775,0.006,0.631,0.432,1.157,0.251
2016-12-01 01:48:02.426,222.049,0.021,-0.775,0.006,0.631,0.432,1.157,0.251
2016-12-01 01:48:02.438,222.071,0.021,-0.775,0.006,0.631,0.432,1.157,0.251
2016-12-01 01:48:02.449,222.071,0.021,-0.776,0.006,0.631,0.432,1.157,0.251
2016-12-01 01:48:02.460,222.092,0.021,-0.776,0.007,0.631,0.432,1.157,0.250
2016-12-01 01:48:02.471,222.092,0.021,-0.776,0.006,0.631,0.432,1.157,0.250
2016-12-01 01:48:02.482,222.113,0.020,-0.776,0.006,0.630,0.432,1.158,0.250
2016-12-01 01:48:02.493,222.113,0.020,-0.776,0.006,0.630,0.432,1.157,0.250
2016-12-01 01:48:02.504,222.135,0.020,-0.776,0.006,0.630,0.432,1.158,0.250
2016-12-01 01:48:02.516,222.156,0.020,-0.776,0.006,0.630,0.432,1.158,0.250
2016-12-01 01:48:02.527,222.156,0.020,-0.776,0.006,0.630,0.432,1.158,0.250
2016-12-01 01:48:02.538,222.156,0.019,-0.776,0.006,0.630,0.432,1.158,0.250
2016-12-01 01:48:02.549,222.177,0.019,-0.776,0.006,0.630,0.432,1.158,0.250
2016-12-01 01:48:02.560,222.177,0.019,-0.776,0.006,0.630,0.432,1.158,0.250
2016-12-01 01:48:02.571,222.199,0.019,-0.776,0.006,0.630,0.432,1.158,0.250
2016-12-01 01:48:02.583,222.199,0.018,-0.776,0.006,0.630,0.432,1.158,0.250
2016-12-01 01:48:02.594,222.220,0.018,-0.776,0.006,0.630,0.433,1.158,0.250
2016-12-01 01:48:02.605,222.220,0.018,-0.776,0.006,0.630,0.433,1.158,0.250
2016-12-01 01:48:02.616,222.241,0.018,-0.776,0.006,0.630,0.433,1.158,0.250
2016-12-01 01:48:02.628,222.263,0.018,-0.776,0.006,0.630,0.433,1.158,0.250
2016-12-01 01:48:02.639,222.263,0.018,-0.776,0.006,0.630,0.433,1.158,0.250
2016-12-01 01:48:02.650,222.284,0.018,-0.776,0.006,0.630,0.433,1.158,0.250
2016-12-01 01:48:02.661,222.284,0.018,-0.776,0.006,0.630,0.433,1.158,0.250
2016-12-01 01:48:02.672,222.305,0.018,-0.776,0.006,0.630,0.433,1.158,0.250
2016-12-01 01:48:02.684,222.305,0.018,-0.777,0.007,0.630,0.433,1.158,0.250
2016-12-01 01:48:02.694,222.327,0.018,-0.777,0.007,0.630,0.433,1.158,0.250
2016-12-01 01:48:02.706,222.327,0.018,-0.777,0.007,0.629,0.433,1.158,0.250
2016-12-01 01:48:02.716,222.348,0.018,-0.777,0.007,0.629,0.433,1.158,0.250
2016-12-01 01:48:02.728,222.348,0.018,-0.777,0.007,0.629,0.433,1.158,0.250
2016-12-01 01:48:02.739,222.369,0.018,-0.777,0.007,0.629,0.433,1.158,0.250
2016-12-01 01:48:02.750,222.369,0.018,-0.777,0.007,0.629,0.433,1.158,0.250
2016-12-01 01:48:02.761,222.391,0.018,-0.777,0.007,0.629,0.433,1.158,0.250
2016-12-01 01:48:02.773,222.391,0.017,-0.777,0.007,0.629,0.433,1.158,0.250
2016-12-01 01:48:02.784,222.412,0.017,-0.777,0.007,0.629,0.434,1.158,0.250
2016-12-01 01:48:02.795,222.412,0.017,-0.778,0.007,0.629,0.434,1.158,0.250
2016-12-01 01:48:02.806,222.433,0.017,-0.778,0.007,0.628,0.434,1.158,0.250
2016-12-01 01:48:02.818,222.455,0.017,-0.778,0.007,0.628,0.434,1.158,0.250
2016-12-01 01:48:02.828,222.455,0.017,-0.778,0.007,0.628,0.434,1.158,0.250
2016-12-01 01:48:02.839,222.476,0.017,-0.778,0.007,0.628,0.434,1.158,0.250
2016-12-01 01:48:02.851,222.476,0.017,-0.778,0.007,0.629,0.434,1.158,0.250
2016-12-01 01:48:02.862,222.476,0.017,-0.778,0.007,0.629,0.434,1.158,0.250
2016-12-01 01:48:02.873,222.497,0.017,-0.777,0.007,0.629,0.434,1.158,0.250
2016-12-01 01:48:02.885,222.497,0.017,-0.777,0.007,0.629,0.434,1.158,0.250
2016-12-01 01:48:02.895,222.519,0.017,-0.778,0.007,0.629,0.434,1.158,0.250
2016-12-01 01:48:02.906,222.540,0.017,-0.778,0.007,0.629,0.434,1.158,0.250
2016-12-01 01:48:02.918,222.540,0.017,-0.778,0.007,0.628,0.434,1.158,0.250
2016-12-01 01:48:02.929,222.561,0.017,-0.778,0.007,0.628,0.434,1.158,0.250
2016-12-01 01:48:02.940,222.561,0.017,-0.778,0.007,0.628,0.434,1.158,0.250
2016-12-01 01:48:02.951,222.583,0.017,-0.778,0.006,0.628,0.434,1.158,0.250
2016-12-01 01:48:02.962,222.583,0.017,-0.778,0.006,0.628,0.434,1.158,0.250
2016-12-01 01:48:02.974,222.604,0.017,-0.778,0.006,0.628,0.434,1.158,0.250
2016-12-01 01:48:02.985,222.604,0.017,-0.778,0.007,0.627,0.434,1.158,0.250
2016-12-01 01:48:02.996,222.625,0.017,-0.778,0.007,0.627,0.434,1.158,0.250
2016-12-01 01:48:03.008,222.647,0.017,-0.779,0.007,0.627,0.434,1.158,0.250
2016-12-01 01:48:03.019,222.647,0.017,-0.779,0.007,0.627,0.434,1.158,0.250
2016-12-01 01:48:03.030,222.647,0.017,-0.779,0.007,0.627,0.434,1.158,0.250
2016-12-01 01:48:03.041,222.668,0.017,-0.779,0.007,0.627,0.434,1.158,0.250
2016-12-01 01:48:03.052,222.668,0.018,-0.779,0.007,0.627,0.434,1.158,0.250
2016-12-01 01:48:03.063,222.689,0.018,-0.779,0.007,0.627,0.434,1.158,0.250
2016-12-01 01:48:03.075,222.689,0.018,-0.779,0.007,0.627,0.434,1.158,0.250
2016-12-01 01:48:03.085,222.711,0.018,-0.779,0.007,0.627,0.434,1.158,0.250
2016-12-01 01:48:03.096,222.732,0.018,-0.779,0.007,0.626,0.433,1.158,0.249
2016-12-01 01:48:03.108,222.732,0.018,-0.779,0.007,0.626,0.433,1.158,0.249
2016-12-01 01:48:03.119,222.753,0.018,-0.779,0.008,0.626,0.433,1.158,0.249
2016-12-01 01:48:03.130,222.753,0.018,-0.779,0.008,0.626,0.433,1.158,0.249
2016-12-01 01:48:03.141,222.775,0.018,-0.779,0.008,0.626,0.433,1.158,0.249
2016-12-01 01:48:03.152,222.775,0.018,-0.779,0.008,0.626,0.433,1.158,0.249
2016-12-01 01:48:03.164,222.796,0.019,-0.779,0.008,0.626,0.433,1.158,0.250
2016-12-01 01:48:03.175,222.796,0.019,-0.779,0.008,0.626,0.434,1.158,0.250
2016-12-01 01:48:03.186,222.817,0.019,-0.780,0.008,0.626,0.434,1.158,0.250
2016-12-01 01:48:03.197,222.817,0.019,-0.780,0.008,0.626,0.434,1.158,0.250
2016-12-01 01:48:03.209,222.839,0.018,-0.780,0.008,0.626,0.434,1.158,0.250
2016-12-01 01:48:03.220,222.839,0.018,-0.780,0.007,0.625,0.434,1.158,0.250
2016-12-01 01:48:03.231,222.860,0.018,-0.780,0.007,0.625,0.434,1.158,0.250
2016-12-01 01:48:03.242,222.860,0.018,-0.780,0.007,0.625,0.434,1.158,0.250
2016-12-01 01:48:03.253,222.881,0.018,-0.780,0.007,0.625,0.434,1.158,0.250
2016-12-01 01:48:03.264,222.881,0.018,-0.780,0.007,0.625,0.434,1.158,0.250
2016-12-01 01:48:03.275,222.903,0.018,-0.780,0.007,0.625,0.434,1.158,0.250
2016-12-01 01:48:03.287,222.924,0.018,-0.780,0.007,0.625,0.434,1.158,0.250
2016-12-01 01:48:03.298,222.924,0.018,-0.780,0.007,0.625,0.434,1.158,0.250
2016-12-01 01:48:03.308,222.945,0.018,-0.780,0.007,0.625,0.434,1.158,0.250
2016-12-01 01:48:03.320,222.945,0.018,-0.780,0.007,0.625,0.434,1.158,0.250
2016-12-01 01:48:03.331,222.967,0.018,-0.780,0.007,0.625,0.434,1.158,0.250
2016-12-01 01:48:03.343,222.967,0.018,-0.780,0.007,0.625,0.434,1.158,0.250
2016-12-01 01:48:03.354,222.967,0.018,-0.780,0.007,0.625,0.434,1.158,0.250
2016-12-01 01:48:03.365,222.988,0.018,-0.780,0.007,0.625,0.434,1.158,0.250
2016-12-01 01:48:03.376,222.988,0.018,-0.780,0.007,0.625,0.434,1.158,0.250
2016-12-01 01:48:03.387,223.009,0.018,-0.780,0.007,0.625,0.434,1.158,0.250
2016-12-01 01:48:03.398,223.031,0.018,-0.780,0.007,0.625,0.434,1.158,0.250
2016-12-01 01:48:03.410,223.031,0.018,-0.780,0.007,0.625,0.434,1.158,0.250
2016-12-01 01:48:03.420,223.052,0.018,-0.780,0.007,0.626,0.434,1.158,0.250
2016-12-01 01:48:03.431,223.052,0.018,-0.780,0.007,0.626,0.434,1.158,0.250
2016-12-01 01:48:03.443,223.073,0.018,-0.780,0.007,0.626,0.434,1.158,0.250
2016-12-01 01:48:03.454,223.073,0.018,-0.780,0.007,0.626,0.434,1.158,0.250
2016-12-01 01:48:03.465,223.095,0.018,-0.780,0.007,0.625,0.434,1.158,0.250
2016-12-01 01:48:03.477,223.116,0.017,-0.780,0.007,0.625,0.434,1.158,0.250
2016-12-01 01:48:03.487,223.116,0.017,-0.780,0.007,0.625,0.434,1.158,0.250
2016-12-01 01:48:03.498,223.137,0.017,-0.780,0.007,0.625,0.434,1.158,0.249
2016-12-01 01:48:03.511,223.137,0.017,-0.780,0.007,0.625,0.434,1.158,0.249
2016-12-01 01:48:03.521,223.137,0.017,-0.780,0.007,0.625,0.434,1.158,0.249
2016-12-01 01:48:03.532,223.159,0.017,-0.781,0.007,0.625,0.435,1.158,0.249
2016-12-01 01:48:03.544,223.159,0.017,-0.781,0.007,0.625,0.435,1.158,0.249
2016-12-01 01:48:03.555,223.180,0.017,-0.781,0.007,0.625,0.435,1.158,0.249
2016-12-01 01:48:03.566,223.180,0.017,-0.781,0.007,0.625,0.435,1.158,0.249
2016-12-01 01:48:03.577,223.201,0.017,-0.781,0.007,0.625,0.435,1.158,0.250
2016-12-01 01:48:03.588,223.223,0.017,-0.781,0.007,0.625,0.435,1.158,0.249
2016-12-01 01:48:03.599,223.223,0.017,-0.781,0.007,0.625,0.435,1.158,0.250
2016-12-01 01:48:03.610,223.244,0.017,-0.781,0.007,0.625,0.435,1.158,0.250
2016-12-01 01:48:03.622,223.244,0.017,-0.781,0.007,0.625,0.435,1.158,0.250
2016-12-01 01:48:03.632,223.265,0.017,-0.781,0.007,0.625,0.435,1.158,0.249
2016-12-01 01:48:03.644,223.265,0.017,-0.781,0.007,0.625,0.435,1.158,0.249
2016-12-01 01:48:03.655,223.287,0.017,-0.780,0.007,0.625,0.435,1.158,0.249
2016-12-01 01:48:03.666,223.287,0.017,-0.780,0.007,0.625,0.434,1.158,0.249
2016-12-01 01:48:03.677,223.308,0.017,-0.780,0.007,0.625,0.434,1.158,0.249
2016-12-01 01:48:03.689,223.308,0.018,-0.780,0.007,0.625,0.434,1.158,0.249
2016-12-01 01:48:03.699,223.329,0.018,-0.780,0.007,0.625,0.434,1.158,0.249
2016-12-01 01:48:03.711,223.329,0.018,-0.780,0.007,0.626,0.434,1.158,0.249
2016-12-01 01:48:03.722,223.351,0.018,-0.780,0.007,0.626,0.434,1.157,0.249
2016-12-01 01:48:03.733,223.351,0.018,-0.780,0.007,0.626,0.434,1.157,0.249
2016-12-01 01:48:03.744,223.372,0.018,-0.780,0.007,0.626,0.434,1.157,0.249
2016-12-01 01:48:03.756,223.372,0.018,-0.780,0.007,0.626,0.434,1.157,0.249
2016-12-01 01:48:03.767,223.393,0.018,-0.780,0.007,0.626,0.434,1.157,0.249
2016-12-01 01:48:03.778,223.415,0.018,-0.780,0.007,0.626,0.434,1.157,0.250
2016-12-01 01:48:03.789,223.415,0.018,-0.780,0.007,0.626,0.434,1.157,0.250
2016-12-01 01:48:03.800,223.436,0.018,-0.779,0.007,0.626,0.434,1.157,0.250
2016-12-01 01:48:03.812,223.436,0.018,-0.779,0.007,0.626,0.434,1.157,0.250
2016-12-01 01:48:03.822,223.457,0.019,-0.779,0.008,0.627,0.434,1.157,0.250
2016-12-01 01:48:03.834,223.457,0.019,-0.779,0.008,0.627,0.434,1.157,0.250
2016-12-01 01:48:03.845,223.457,0.019,-0.779,0.008,0.627,0.434,1.157,0.250
2016-12-01 01:48:03.856,223.479,0.019,-0.779,0.008,0.627,0.433,1.158,0.250
2016-12-01 01:48:03.867,223.500,0.019,-0.779,0.008,0.627,0.434,1.158,0.250
2016-12-01 01:48:03.878,223.500,0.019,-0.779,0.008,0.627,0.434,1.158,0.250
2016-12-01 01:48:03.889,223.521,0.018,-0.779,0.007,0.627,0.434,1.158,0.250
2016-12-01 01:48:03.900,223.521,0.018,-0.778,0.007,0.627,0.434,1.158,0.250
2016-12-01 01:48:03.912,223.543,0.018,-0.778,0.007,0.628,0.434,1.158,0.250
2016-12-01 01:48:03.924,223.543,0.018,-0.778,0.007,0.628,0.434,1.158,0.250
2016-12-01 01:48:03.934,223.564,0.018,-0.778,0.007,0.628,0.433,1.158,0.250
2016-12-01 01:48:03.946,223.564,0.017,-0.778,0.007,0.628,0.434,1.158,0.250
2016-12-01 01:48:03.956,223.585,0.017,-0.777,0.007,0.629,0.434,1.158,0.250
2016-12-01 01:48:03.968,223.607,0.017,-0.777,0.006,0.629,0.434,1.158,0.250
2016-12-01 01:48:03.979,223.607,0.017,-0.777,0.006,0.630,0.434,1.158,0.250
2016-12-01 01:48:03.990,223.628,0.017,-0.776,0.006,0.630,0.434,1.158,0.250
2016-12-01 01:48:04.002,223.628,0.017,-0.776,0.006,0.631,0.434,1.158,0.250
2016-12-01 01:48:04.013,223.628,0.017,-0.775,0.006,0.632,0.434,1.158,0.250
2016-12-01 01:48:04.023,223.649,0.017,-0.775,0.006,0.632,0.434,1.158,0.250
2016-12-01 01:48:04.035,223.649,0.018,-0.774,0.006,0.633,0.434,1.158,0.251
2016-12-01 01:48:04.046,223.671,0.018,-0.774,0.006,0.633,0.434,1.158,0.251
2016-12-01 01:48:04.057,223.692,0.018,-0.773,0.006,0.634,0.434,1.158,0.251
2016-12-01 01:48:04.068,223.692,0.018,-0.773,0.006,0.635,0.434,1.158,0.251
2016-12-01 01:48:04.079,223.713,0.019,-0.772,0.006,0.635,0.434,1.158,0.251
2016-12-01 01:48:04.090,223.713,0.019,-0.771,0.006,0.636,0.434,1.158,0.251
2016-12-01 01:48:04.102,223.735,0.019,-0.771,0.006,0.637,0.433,1.157,0.251
2016-12-01 01:48:04.114,223.735,0.020,-0.770,0.006,0.637,0.433,1.158,0.251
2016-12-01 01:48:04.124,223.756,0.020,-0.770,0.006,0.638,0.433,1.158,0.251
2016-12-01 01:48:04.135,223.756,0.020,-0.769,0.006,0.639,0.433,1.158,0.252
2016-12-01 01:48:04.147,223.777,0.020,-0.769,0.006,0.639,0.433,1.158,0.252
2016-12-01 01:48:04.158,223.777,0.020,-0.768,0.006,0.640,0.433,1.158,0.252
2016-12-01 01:48:04.169,223.799,0.020,-0.768,0.006,0.641,0.433,1.158,0.252
2016-12-01 01:48:04.180,223.799,0.020,-0.767,0.006,0.641,0.433,1.158,0.252
2016-12-01 01:48:04.191,223.820,0.020,-0.767,0.007,0.642,0.433,1.158,0.252
2016-12-01 01:48:04.202,223.820,0.020,-0.766,0.007,0.643,0.433,1.158,0.252
2016-12-01 01:48:04.213,223.841,0.020,-0.765,0.007,0.643,0.433,1.158,0.252
2016-12-01 01:48:04.225,223.841,0.020,-0.765,0.006,0.644,0.433,1.158,0.253
2016-12-01 01:48:04.236,223.863,0.020,-0.764,0.006,0.644,0.433,1.158,0.253
2016-12-01 01:48:04.247,223.884,0.019,-0.764,0.006,0.645,0.433,1.158,0.253
2016-12-01 01:48:04.258,223.884,0.020,-0.763,0.006,0.646,0.433,1.158,0.253
2016-12-01 01:48:04.269,223.905,0.019,-0.763,0.006,0.646,0.433,1.158,0.253
2016-12-01 01:48:04.281,223.905,0.019,-0.763,0.006,0.647,0.433,1.158,0.253
2016-12-01 01:48:04.292,223.927,0.019,-0.762,0.005,0.647,0.433,1.158,0.253
2016-12-01 01:48:04.304,223.927,0.019,-0.762,0.005,0.648,0.433,1.158,0.253
2016-12-01 01:48:04.314,223.948,0.019,-0.761,0.005,0.648,0.433,1.158,0.253
2016-12-01 01:48:04.325,223.948,0.019,-0.761,0.005,0.648,0.433,1.158,0.254
2016-12-01 01:48:04.336,223.969,0.018,-0.761,0.005,0.649,0.433,1.158,0.254
2016-12-01 01:48:04.348,223.969,0.018,-0.761,0.005,0.649,0.433,1.158,0.254
2016-12-01 01:48:04.359,223.991,0.018,-0.760,0.005,0.649,0.433,1.158,0.254
2016-12-01 01:48:04.370,223.991,0.018,-0.760,0.005,0.650,0.433,1.158,0.254
2016-12-01 01:48:04.381,224.012,0.018,-0.760,0.005,0.650,0.433,1.158,0.254
2016-12-01 01:48:04.392,224.012,0.018,-0.760,0.005,0.650,0.433,1.158,0.254
2016-12-01 01:48:04.403,224.033,0.018,-0.759,0.005,0.651,0.433,1.158,0.254
2016-12-01 01:48:04.415,224.033,0.019,-0.759,0.005,0.651,0.433,1.158,0.254
2016-12-01 01:48:04.426,224.055,0.019,-0.759,0.005,0.651,0.433,1.158,0.254
2016-12-01 01:48:04.437,224.076,0.019,-0.759,0.005,0.651,0.433,1.158,0.255
2016-12-01 01:48:04.448,224.076,0.019,-0.758,0.005,0.652,0.433,1.158,0.255
2016-12-01 01:48:04.459,224.097,0.019,-0.758,0.005,0.652,0.432,1.158,0.255
2016-12-01 01:48:04.471,224.097,0.019,-0.758,0.005,0.652,0.433,1.158,0.255
2016-12-01 01:48:04.482,224.097,0.019,-0.758,0.005,0.652,0.433,1.158,0.255
2016-12-01 01:48:04.493,224.119,0.019,-0.758,0.005,0.652,0.433,1.158,0.255
2016-12-01 01:48:04.504,224.119,0.020,-0.758,0.005,0.652,0.433,1.158,0.255
2016-12-01 01:48:04.515,224.140,0.020,-0.758,0.006,0.653,0.433,1.158,0.255
2016-12-01 01:48:04.527,224.161,0.020,-0.757,0.006,0.653,0.433,1.157,0.255
2016-12-01 01:48:04.538,224.161,0.020,-0.757,0.006,0.653,0.433,1.157,0.255
2016-12-01 01:48:04.549,224.183,0.020,-0.757,0.006,0.653,0.432,1.157,0.255
2016-12-01 01:48:04.560,224.183,0.020,-0.757,0.006,0.653,0.432,1.157,0.255
2016-12-01 01:48:04.571,224.204,0.020,-0.757,0.006,0.653,0.433,1.157,0.255
2016-12-01 01:48:04.582,224.204,0.020,-0.757,0.006,0.653,0.432,1.157,0.254
2016-12-01 01:48:04.593,224.225,0.020,-0.757,0.006,0.653,0.433,1.158,0.255
2016-12-01 01:48:04.605,224.225,0.020,-0.757,0.006,0.653,0.433,1.158,0.255
2016-12-01 01:48:04.615,224.247,0.020,-0.758,0.006,0.652,0.433,1.158,0.255
2016-12-01 01:48:04.627,224.268,0.020,-0.758,0.006,0.652,0.432,1.158,0.254
2016-12-01 01:48:04.638,224.268,0.020,-0.758,0.006,0.652,0.432,1.158,0.255
2016-12-01 01:48:04.649,224.268,0.020,-0.758,0.005,0.652,0.432,1.158,0.255
2016-12-01 01:48:04.660,224.289,0.020,-0.758,0.005,0.652,0.432,1.158,0.254
2016-12-01 01:48:04.671,224.289,0.020,-0.758,0.005,0.652,0.432,1.158,0.254
2016-12-01 01:48:04.683,224.311,0.020,-0.758,0.005,0.652,0.433,1.158,0.254
2016-12-01 01:48:04.694,224.311,0.020,-0.758,0.005,0.652,0.433,1.158,0.255
2016-12-01 01:48:04.705,224.332,0.020,-0.758,0.005,0.652,0.433,1.158,0.255
2016-12-01 01:48:04.717,224.353,0.020,-0.758,0.005,0.652,0.433,1.158,0.255
2016-12-01 01:48:04.727,224.353,0.020,-0.757,0.005,0.653,0.433,1.158,0.255
2016-12-01 01:48:04.738,224.375,0.020,-0.757,0.005,0.653,0.433,1.158,0.255
2016-12-01 01:48:04.750,224.375,0.019,-0.757,0.005,0.653,0.433,1.158,0.255
2016-12-01 01:48:04.761,224.396,0.019,-0.757,0.005,0.653,0.433,1.158,0.254
2016-12-01 01:48:04.772,224.396,0.019,-0.758,0.005,0.653,0.433,1.158,0.254
2016-12-01 01:48:04.783,224.417,0.019,-0.757,0.005,0.653,0.433,1.158,0.255
2016-12-01 01:48:04.794,224.417,0.019,-0.757,0.005,0.653,0.433,1.158,0.255
2016-12-01 01:48:04.805,224.439,0.019,-0.757,0.005,0.653,0.433,1.158,0.255
2016-12-01 01:48:04.817,224.439,0.019,-0.757,0.005,0.653,0.433,1.158,0.255
2016-12-01 01:48:04.828,224.460,0.019,-0.757,0.005,0.653,0.433,1.158,0.255
2016-12-01 01:48:04.839,224.460,0.019,-0.757,0.006,0.653,0.433,1.158,0.255
2016-12-01 01:48:04.850,224.481,0.019,-0.757,0.006,0.653,0.433,1.158,0.255
2016-12-01 01:48:04.861,224.481,0.019,-0.757,0.006,0.653,0.433,1.158,0.255
2016-12-01 01:48:04.873,224.503,0.019,-0.757,0.006,0.653,0.433,1.158,0.255
2016-12-01 01:48:04.884,224.503,0.019,-0.757,0.006,0.653,0.433,1.158,0.255
2016-12-01 01:48:04.895,224.524,0.019,-0.757,0.006,0.653,0.433,1.158,0.255
2016-12-01 01:48:04.906,224.545,0.019,-0.757,0.006,0.653,0.433,1.158,0.255
2016-12-01 01:48:04.917,224.545,0.019,-0.757,0.007,0.653,0.433,1.158,0.254
2016-12-01 01:48:04.928,224.567,0.020,-0.758,0.007,0.652,0.433,1.157,0.254
2016-12-01 01:48:04.940,224.567,0.020,-0.758,0.007,0.652,0.433,1.157,0.254
2016-12-01 01:48:04.950,224.588,0.020,-0.758,0.007,0.652,0.433,1.158,0.254
2016-12-01 01:48:04.962,224.588,0.020,-0.758,0.007,0.652,0.433,1.158,0.254
2016-12-01 01:48:04.973,224.588,0.020,-0.758,0.007,0.652,0.433,1.158,0.254
2016-12-01 01:48:04.985,224.609,0.020,-0.758,0.007,0.652,0.433,1.158,0.254
2016-12-01 01:48:04.996,224.631,0.020,-0.757,0.007,0.653,0.433,1.158,0.254
2016-12-01 01:48:05.006,224.631,0.020,-0.757,0.007,0.653,0.433,1.158,0.254
2016-12-01 01:48:05.018,224.652,0.020,-0.757,0.007,0.653,0.433,1.158,0.254
2016-12-01 01:48:05.029,224.652,0.020,-0.757,0.007,0.653,0.433,1.158,0.254
2016-12-01 01:48:05.040,224.673,0.020,-0.757,0.007,0.653,0.433,1.158,0.254
2016-12-01 01:48:05.052,224.673,0.020,-0.757,0.007,0.653,0.433,1.158,0.254
2016-12-01 01:48:05.063,224.695,0.020,-0.757,0.007,0.653,0.432,1.158,0.254
2016-12-01 01:48:05.074,224.695,0.020,-0.757,0.007,0.653,0.433,1.158,0.254
2016-12-01 01:48:05.085,224.716,0.021,-0.757,0.007,0.654,0.433,1.158,0.254
2016-12-01 01:48:05.096,224.737,0.021,-0.756,0.007,0.654,0.432,1.158,0.254
2016-12-01 01:48:05.107,224.737,0.021,-0.756,0.008,0.654,0.432,1.158,0.254
2016-12-01 01:48:05.119,224.759,0.021,-0.756,0.008,0.654,0.432,1.158,0.254
2016-12-01 01:48:05.130,224.759,0.021,-0.756,0.008,0.654,0.432,1.158,0.254
2016-12-01 01:48:05.140,224.759,0.022,-0.756,0.008,0.654,0.432,1.158,0.254
2016-12-01 01:48:05.152,224.780,0.022,-0.756,0.008,0.654,0.432,1.157,0.254
2016-12-01 01:48:05.163,224.780,0.022,-0.756,0.008,0.654,0.432,1.158,0.254
2016-12-01 01:48:05.174,224.801,0.022,-0.756,0.008,0.654,0.432,1.158,0.254
2016-12-01 01:48:05.186,224.801,0.022,-0.756,0.008,0.654,0.432,1.158,0.254
2016-12-01 01:48:05.196,224.823,0.022,-0.756,0.008,0.654,0.432,1.158,0.254
2016-12-01 01:48:05.207,224.844,0.022,-0.756,0.008,0.654,0.432,1.158,0.254
2016-12-01 01:48:05.219,224.844,0.023,-0.756,0.008,0.654,0.432,1.157,0.254
2016-12-01 01:48:05.230,224.865,0.023,-0.756,0.008,0.654,0.432,1.157,0.254
2016-12-01 01:48:05.242,224.865,0.023,-0.756,0.008,0.654,0.432,1.157,0.254
2016-12-01 01:48:05.252,224.887,0.023,-0.756,0.008,0.654,0.432,1.157,0.254
2016-12-01 01:48:05.263,224.887,0.023,-0.756,0.008,0.654,0.432,1.157,0.254
2016-12-01 01:48:05.275,224.908,0.023,-0.757,0.008,0.653,0.432,1.157,0.254
2016-12-01 01:48:05.286,224.908,0.023,-0.757,0.008,0.653,0.432,1.157,0.254
2016-12-01 01:48:05.297,224.929,0.023,-0.757,0.008,0.653,0.432,1.157,0.254
2016-12-01 01:48:05.308,224.929,0.023,-0.757,0.008,0.653,0.432,1.157,0.254
2016-12-01 01:48:05.319,224.951,0.023,-0.757,0.008,0.653,0.432,1.157,0.254
2016-12-01 01:48:05.330,224.951,0.023,-0.758,0.008,0.652,0.432,1.157,0.254
2016-12-01 01:48:05.341,224.972,0.023,-0.758,0.008,0.652,0.432,1.157,0.254
2016-12-01 01:48:05.353,224.972,0.023,-0.758,0.008,0.652,0.432,1.157,0.254
2016-12-01 01:48:05.364,224.993,0.023,-0.758,0.008,0.652,0.432,1.157,0.254
2016-12-01 01:48:05.375,224.993,0.023,-0.758,0.008,0.652,0.432,1.157,0.254
2016-12-01 01:48:05.386,225.015,0.023,-0.758,0.008,0.652,0.432,1.157,0.254
2016-12-01 01:48:05.397,225.036,0.023,-0.758,0.008,0.651,0.432,1.157,0.254
2016-12-01 01:48:05.409,225.036,0.023,-0.759,0.008,0.651,0.432,1.157,0.254
2016-12-01 01:48:05.420,225.057,0.023,-0.759,0.008,0.651,0.432,1.157,0.254
2016-12-01 01:48:05.431,225.057,0.022,-0.759,0.008,0.651,0.433,1.157,0.254
2016-12-01 01:48:05.442,225.079,0.022,-0.759,0.008,0.650,0.433,1.157,0.254
2016-12-01 01:48:05.454,225.079,0.022,-0.759,0.007,0.650,0.433,1.157,0.254
2016-12-01 01:48:05.464,225.079,0.022,-0.760,0.007,0.650,0.433,1.157,0.254
2016-12-01 01:48:05.476,225.100,0.022,-0.760,0.007,0.649,0.433,1.157,0.254
2016-12-01 01:48:05.487,225.121,0.022,-0.761,0.007,0.649,0.433,1.158,0.254
2016-12-01 01:48:05.498,225.121,0.022,-0.761,0.007,0.648,0.433,1.158,0.254
2016-12-01 01:48:05.509,225.143,0.022,-0.762,0.007,0.648,0.433,1.158,0.254
2016-12-01 01:48:05.521,225.143,0.022,-0.762,0.007,0.647,0.433,1.158,0.254
2016-12-01 01:48:05.532,225.164,0.022,-0.763,0.007,0.646,0.433,1.158,0.254
2016-12-01 01:48:05.543,225.164,0.022,-0.763,0.007,0.646,0.433,1.158,0.253
2016-12-01 01:48:05.554,225.185,0.022,-0.764,0.007,0.645,0.433,1.158,0.253
2016-12-01 01:48:05.565,225.185,0.022,-0.764,0.007,0.644,0.433,1.158,0.253
2016-12-01 01:48:05.576,225.207,0.022,-0.765,0.006,0.644,0.433,1.158,0.253
2016-12-01 01:48:05.588,225.228,0.022,-0.766,0.006,0.643,0.433,1.158,0.253
2016-12-01 01:48:05.599,225.228,0.022,-0.766,0.006,0.642,0.433,1.158,0.253
2016-12-01 01:48:05.610,225.249,0.021,-0.767,0.006,0.641,0.433,1.158,0.253
2016-12-01 01:48:05.621,225.249,0.021,-0.768,0.006,0.640,0.434,1.158,0.253
2016-12-01 01:48:05.632,225.249,0.021,-0.769,0.006,0.639,0.434,1.158,0.253
2016-12-01 01:48:05.644,225.271,0.021,-0.770,0.006,0.638,0.434,1.158,0.252
2016-12-01 01:48:05.655,225.271,0.021,-0.771,0.005,0.637,0.434,1.158,0.252
2016-12-01 01:48:05.666,225.292,0.020,-0.772,0.005,0.635,0.434,1.158,0.252
2016-12-01 01:48:05.677,225.313,0.020,-0.773,0.005,0.634,0.434,1.158,0.252
2016-12-01 01:48:05.688,225.313,0.019,-0.775,0.005,0.631,0.434,1.158,0.251
2016-12-01 01:48:05.699,225.335,0.019,-0.777,0.004,0.629,0.434,1.158,0.251
2016-12-01 01:48:05.711,225.335,0.018,-0.779,0.004,0.626,0.434,1.158,0.250
2016-12-01 01:48:05.721,225.356,0.018,-0.781,0.004,0.624,0.434,1.158,0.250
2016-12-01 01:48:05.732,225.356,0.018,-0.784,0.003,0.621,0.434,1.158,0.249
2016-12-01 01:48:05.743,225.377,0.018,-0.786,0.003,0.619,0.434,1.158,0.249
2016-12-01 01:48:05.755,225.377,0.018,-0.788,0.003,0.616,0.434,1.158,0.248
2016-12-01 01:48:05.766,225.399,0.017,-0.790,0.003,0.613,0.434,1.159,0.248
2016-12-01 01:48:05.777,225.399,0.017,-0.791,0.002,0.611,0.435,1.159,0.247
2016-12-01 01:48:05.788,225.420,0.017,-0.793,0.002,0.609,0.435,1.159,0.247
2016-12-01 01:48:05.800,225.420,0.016,-0.795,0.002,0.606,0.435,1.159,0.246
2016-12-01 01:48:05.811,225.441,0.016,-0.797,0.002,0.604,0.435,1.159,0.246
2016-12-01 01:48:05.822,225.441,0.015,-0.799,0.001,0.601,0.435,1.159,0.246
2016-12-01 01:48:05.833,225.463,0.014,-0.801,0.001,0.599,0.435,1.159,0.245
2016-12-01 01:48:05.845,225.463,0.013,-0.803,0.000,0.596,0.436,1.159,0.245
2016-12-01 01:48:05.856,225.484,0.012,-0.805,0.000,0.594,0.436,1.159,0.244
2016-12-01 01:48:05.867,225.505,0.012,-0.806,-0.001,0.591,0.436,1.159,0.244
2016-12-01 01:48:05.879,225.505,0.011,-0.808,-0.001,0.589,0.436,1.159,0.244
2016-12-01 01:48:05.889,225.527,0.011,-0.810,-0.001,0.587,0.436,1.159,0.243
2016-12-01 01:48:05.900,225.527,0.010,-0.811,-0.001,0.585,0.436,1.159,0.243
2016-12-01 01:48:05.911,225.548,0.010,-0.813,-0.001,0.583,0.436,1.159,0.242
2016-12-01 01:48:05.922,225.548,0.009,-0.814,-0.001,0.581,0.437,1.159,0.242
2016-12-01 01:48:05.933,225.569,0.009,-0.815,-0.001,0.579,0.437,1.159,0.241
2016-12-01 01:48:05.945,225.569,0.009,-0.817,-0.001,0.577,0.437,1.159,0.241
2016-12-01 01:48:05.956,225.591,0.008,-0.818,-0.001,0.575,0.437,1.159,0.240
2016-12-01 01:48:05.967,225.591,0.008,-0.819,-0.001,0.573,0.438,1.160,0.240
2016-12-01 01:48:05.978,225.612,0.008,-0.821,-0.001,0.571,0.438,1.160,0.240
2016-12-01 01:48:05.990,225.612,0.008,-0.822,-0.001,0.570,0.438,1.160,0.239
2016-12-01 01:48:06.001,225.633,0.008,-0.823,-0.001,0.568,0.438,1.160,0.239
2016-12-01 01:48:06.013,225.633,0.007,-0.824,-0.001,0.567,0.438,1.160,0.239
2016-12-01 01:48:06.023,225.655,0.007,-0.825,-0.001,0.565,0.438,1.160,0.238
2016-12-01 01:48:06.034,225.655,0.007,-0.825,-0.001,0.564,0.438,1.160,0.238
2016-12-01 01:48:06.045,225.676,0.007,-0.826,-0.001,0.563,0.439,1.160,0.238
2016-12-01 01:48:06.057,225.697,0.007,-0.827,-0.001,0.563,0.439,1.160,0.238
2016-12-01 01:48:06.068,225.697,0.007,-0.827,-0.001,0.562,0.439,1.160,0.237
2016-12-01 01:48:06.079,225.719,0.006,-0.828,-0.001,0.561,0.439,1.160,0.237
2016-12-01 01:48:06.090,225.719,0.006,-0.828,0.000,0.561,0.439,1.160,0.237
2016-12-01 01:48:06.101,225.719,0.006,-0.828,0.000,0.560,0.439,1.160,0.237
2016-12-01 01:48:06.112,225.740,0.006,-0.829,0.000,0.560,0.439,1.160,0.236
2016-12-01 01:48:06.124,225.740,0.006,-0.829,0.001,0.560,0.439,1.160,0.236
2016-12-01 01:48:06.134,225.761,0.006,-0.829,0.001,0.560,0.440,1.160,0.236
2016-12-01 01:48:06.146,225.783,0.006,-0.829,0.001,0.560,0.440,1.160,0.236
2016-12-01 01:48:06.157,225.783,0.005,-0.828,0.001,0.560,0.440,1.160,0.236
2016-12-01 01:48:06.168,225.804,0.005,-0.828,0.002,0.560,0.440,1.160,0.236
2016-12-01 01:48:06.180,225.804,0.005,-0.828,0.002,0.560,0.440,1.160,0.236
2016-12-01 01:48:06.191,225.825,0.004,-0.828,0.002,0.561,0.440,1.160,0.236
2016-12-01 01:48:06.202,225.825,0.004,-0.828,0.002,0.561,0.440,1.160,0.236
2016-12-01 01:48:06.213,225.847,0.004,-0.828,0.002,0.561,0.440,1.160,0.236
2016-12-01 01:48:06.225,225.847,0.004,-0.828,0.002,0.561,0.440,1.160,0.236
2016-12-01 01:48:06.235,225.868,0.004,-0.828,0.003,0.561,0.440,1.160,0.235
2016-12-01 01:48:06.247,225.889,0.003,-0.827,0.003,0.562,0.441,1.160,0.235
2016-12-01 01:48:06.258,225.889,0.003,-0.827,0.003,0.562,0.441,1.160,0.235
2016-12-01 01:48:06.269,225.889,0.003,-0.827,0.003,0.562,0.440,1.159,0.235
2016-12-01 01:48:06.280,225.911,0.003,-0.827,0.003,0.563,0.440,1.159,0.235
2016-12-01 01:48:06.291,225.911,0.003,-0.827,0.004,0.563,0.440,1.159,0.235
2016-12-01 01:48:06.302,225.932,0.003,-0.826,0.004,0.563,0.440,1.159,0.235
2016-12-01 01:48:06.314,225.932,0.003,-0.826,0.004,0.564,0.440,1.159,0.235
2016-12-01 01:48:06.324,225.953,0.003,-0.826,0.004,0.564,0.440,1.159,0.235
2016-12-01 01:48:06.336,225.975,0.003,-0.826,0.005,0.564,0.440,1.159,0.235
2016-12-01 01:48:06.347,225.975,0.003,-0.825,0.005,0.565,0.440,1.159,0.235
2016-12-01 01:48:06.359,225.996,0.003,-0.825,0.005,0.565,0.440,1.159,0.235
2016-12-01 01:48:06.370,225.996,0.004,-0.825,0.006,0.566,0.440,1.159,0.235
2016-12-01 01:48:06.381,226.017,0.004,-0.824,0.006,0.566,0.440,1.159,0.236
2016-12-01 01:48:06.392,226.017,0.004,-0.824,0.006,0.566,0.440,1.159,0.236
2016-12-01 01:48:06.403,226.039,0.004,-0.824,0.007,0.567,0.440,1.159,0.236
2016-12-01 01:48:06.415,226.039,0.004,-0.823,0.007,0.568,0.440,1.159,0.236
2016-12-01 01:48:06.425,226.060,0.005,-0.823,0.007,0.568,0.440,1.159,0.236
2016-12-01 01:48:06.437,226.060,0.005,-0.823,0.007,0.569,0.440,1.159,0.236
2016-12-01 01:48:06.447,226.081,0.005,-0.822,0.007,0.569,0.440,1.159,0.236
2016-12-01 01:48:06.458,226.081,0.005,-0.822,0.008,0.570,0.440,1.159,0.236
2016-12-01 01:48:06.470,226.103,0.006,-0.822,0.008,0.570,0.440,1.159,0.236
2016-12-01 01:48:06.481,226.103,0.006,-0.821,0.008,0.570,0.440,1.158,0.236
2016-12-01 01:48:06.492,226.124,0.007,-0.821,0.008,0.571,0.440,1.158,0.236
2016-12-01 01:48:06.503,226.124,0.007,-0.821,0.008,0.572,0.440,1.158,0.237
2016-12-01 01:48:06.514,226.145,0.007,-0.820,0.008,0.572,0.439,1.158,0.237
2016-12-01 01:48:06.526,226.167,0.008,-0.820,0.009,0.573,0.439,1.158,0.237
2016-12-01 01:48:06.537,226.167,0.008,-0.819,0.009,0.574,0.439,1.158,0.237
2016-12-01 01:48:06.548,226.188,0.008,-0.819,0.009,0.574,0.439,1.158,0.237
2016-12-01 01:48:06.559,226.188,0.008,-0.818,0.009,0.575,0.439,1.158,0.237
2016-12-01 01:48:06.570,226.209,0.009,-0.818,0.009,0.575,0.439,1.158,0.237
2016-12-01 01:48:06.582,226.209,0.009,-0.818,0.009,0.576,0.439,1.158,0.237
2016-12-01 01:48:06.593,226.209,0.009,-0.817,0.010,0.576,0.439,1.158,0.237
2016-12-01 01:48:06.604,226.231,0.009,-0.817,0.010,0.577,0.439,1.158,0.237
2016-12-01 01:48:06.615,226.231,0.009,-0.817,0.010,0.577,0.439,1.158,0.238
2016-12-01 01:48:06.626,226.252,0.010,-0.816,0.010,0.577,0.439,1.158,0.238
2016-12-01 01:48:06.637,226.273,0.010,-0.816,0.010,0.578,0.439,1.158,0.238
2016-12-01 01:48:06.649,226.273,0.010,-0.816,0.010,0.578,0.439,1.158,0.238
2016-12-01 01:48:06.659,226.295,0.010,-0.815,0.011,0.579,0.439,1.158,0.238
2016-12-01 01:48:06.671,226.295,0.011,-0.815,0.011,0.579,0.438,1.158,0.238
2016-12-01 01:48:06.682,226.316,0.011,-0.815,0.011,0.579,0.438,1.158,0.238
2016-12-01 01:48:06.693,226.316,0.011,-0.815,0.011,0.580,0.438,1.158,0.238
2016-12-01 01:48:06.704,226.337,0.012,-0.814,0.012,0.580,0.438,1.158,0.238
2016-12-01 01:48:06.716,226.359,0.012,-0.814,0.012,0.580,0.438,1.158,0.238
2016-12-01 01:48:06.726,226.359,0.012,-0.814,0.012,0.581,0.438,1.158,0.239
2016-12-01 01:48:06.738,226.380,0.013,-0.814,0.013,0.581,0.438,1.157,0.239
2016-12-01 01:48:06.750,226.380,0.013,-0.814,0.013,0.581,0.438,1.157,0.239
2016-12-01 01:48:06.761,226.380,0.013,-0.814,0.013,0.581,0.438,1.157,0.239
2016-12-01 01:48:06.772,226.401,0.014,-0.814,0.014,0.581,0.437,1.157,0.239
2016-12-01 01:48:06.783,226.401,0.014,-0.814,0.014,0.581,0.437,1.157,0.239
2016-12-01 01:48:06.794,226.423,0.014,-0.813,0.014,0.581,0.437,1.157,0.239
2016-12-01 01:48:06.805,226.423,0.015,-0.813,0.014,0.581,0.437,1.157,0.239
2016-12-01 01:48:06.816,226.444,0.015,-0.813,0.015,0.581,0.437,1.157,0.239
2016-12-01 01:48:06.829,226.465,0.015,-0.813,0.015,0.581,0.437,1.157,0.239
2016-12-01 01:48:06.839,226.465,0.016,-0.813,0.015,0.581,0.437,1.157,0.239
2016-12-01 01:48:06.849,226.487,0.016,-0.813,0.016,0.581,0.437,1.157,0.239
2016-12-01 01:48:06.861,226.487,0.016,-0.813,0.016,0.581,0.437,1.157,0.239
2016-12-01 01:48:06.872,226.508,0.016,-0.813,0.016,0.581,0.437,1.157,0.239
2016-12-01 01:48:06.883,226.508,0.017,-0.813,0.016,0.581,0.437,1.157,0.239
2016-12-01 01:48:06.894,226.529,0.017,-0.813,0.016,0.581,0.437,1.157,0.239
2016-12-01 01:48:06.905,226.529,0.017,-0.813,0.016,0.581,0.437,1.157,0.239
2016-12-01 01:48:06.916,226.551,0.017,-0.813,0.016,0.581,0.437,1.157,0.239
2016-12-01 01:48:06.928,226.551,0.017,-0.813,0.017,0.581,0.437,1.157,0.239
2016-12-01 01:48:06.940,226.572,0.017,-0.813,0.017,0.582,0.437,1.157,0.239
2016-12-01 01:48:06.951,226.572,0.017,-0.813,0.017,0.582,0.437,1.157,0.239
2016-12-01 01:48:06.961,226.593,0.017,-0.813,0.017,0.582,0.436,1.157,0.239
2016-12-01 01:48:06.973,226.593,0.017,-0.813,0.017,0.582,0.436,1.157,0.239
2016-12-01 01:48:06.984,226.615,0.018,-0.813,0.018,0.582,0.436,1.156,0.239
2016-12-01 01:48:06.995,226.615,0.018,-0.813,0.018,0.582,0.436,1.156,0.239
2016-12-01 01:48:07.006,226.636,0.018,-0.813,0.018,0.582,0.436,1.156,0.239
2016-12-01 01:48:07.018,226.657,0.018,-0.813,0.018,0.582,0.436,1.156,0.239
2016-12-01 01:48:07.028,226.657,0.018,-0.813,0.019,0.582,0.436,1.156,0.239
2016-12-01 01:48:07.039,226.679,0.018,-0.813,0.019,0.582,0.436,1.156,0.239
2016-12-01 01:48:07.051,226.679,0.018,-0.813,0.019,0.582,0.436,1.156,0.239
2016-12-01 01:48:07.062,226.700,0.018,-0.813,0.020,0.582,0.436,1.156,0.239
2016-12-01 01:48:07.073,226.700,0.019,-0.813,0.020,0.582,0.436,1.156,0.239
2016-12-01 01:48:07.084,226.700,0.019,-0.813,0.021,0.582,0.436,1.156,0.239
2016-12-01 01:48:07.095,226.721,0.019,-0.813,0.021,0.581,0.436,1.156,0.238
2016-12-01 01:48:07.106,226.743,0.019,-0.813,0.021,0.581,0.436,1.156,0.238
2016-12-01 01:48:07.118,226.743,0.019,-0.813,0.022,0.581,0.436,1.156,0.238
2016-12-01 01:48:07.129,226.764,0.019,-0.814,0.022,0.581,0.436,1.156,0.238
2016-12-01 01:48:07.140,226.764,0.019,-0.814,0.023,0.581,0.436,1.156,0.238
2016-12-01 01:48:07.151,226.785,0.020,-0.814,0.023,0.580,0.436,1.156,0.238
2016-12-01 01:48:07.163,226.785,0.020,-0.814,0.023,0.580,0.436,1.155,0.238
2016-12-01 01:48:07.174,226.807,0.020,-0.814,0.024,0.580,0.436,1.155,0.238
2016-12-01 01:48:07.185,226.807,0.020,-0.814,0.024,0.580,0.436,1.155,0.238
2016-12-01 01:48:07.196,226.828,0.020,-0.815,0.024,0.579,0.436,1.155,0.238
2016-12-01 01:48:07.207,226.849,0.020,-0.815,0.025,0.579,0.436,1.155,0.237
2016-12-01 01:48:07.218,226.849,0.020,-0.815,0.025,0.579,0.436,1.155,0.237
2016-12-01 01:48:07.229,226.871,0.020,-0.815,0.026,0.579,0.436,1.155,0.237
2016-12-01 01:48:07.241,226.871,0.021,-0.815,0.026,0.578,0.436,1.155,0.237
2016-12-01 01:48:07.251,226.871,0.021,-0.815,0.027,0.578,0.436,1.155,0.237
2016-12-01 01:48:07.263,226.892,0.021,-0.815,0.027,0.578,0.436,1.155,0.237
2016-12-01 01:48:07.274,226.892,0.021,-0.815,0.028,0.578,0.436,1.155,0.236
2016-12-01 01:48:07.285,226.913,0.021,-0.815,0.028,0.578,0.436,1.155,0.236
2016-12-01 01:48:07.297,226.935,0.021,-0.815,0.029,0.578,0.435,1.155,0.236
2016-12-01 01:48:07.308,226.935,0.021,-0.815,0.029,0.578,0.435,1.155,0.236
2016-12-01 01:48:07.319,226.956,0.022,-0.815,0.029,0.578,0.435,1.154,0.236
2016-12-01 01:48:07.330,226.956,0.022,-0.815,0.030,0.578,0.436,1.154,0.236
2016-12-01 01:48:07.341,226.977,0.022,-0.815,0.030,0.578,0.435,1.154,0.236
2016-12-01 01:48:07.353,226.977,0.022,-0.815,0.031,0.578,0.435,1.154,0.236
2016-12-01 01:48:07.363,226.999,0.023,-0.815,0.031,0.578,0.435,1.154,0.236
2016-12-01 01:48:07.375,226.999,0.023,-0.815,0.032,0.578,0.435,1.154,0.236
2016-12-01 01:48:07.386,227.020,0.023,-0.815,0.032,0.578,0.435,1.154,0.236
2016-12-01 01:48:07.397,227.020,0.024,-0.815,0.032,0.578,0.435,1.154,0.236
2016-12-01 01:48:07.408,227.041,0.024,-0.815,0.033,0.578,0.435,1.154,0.236
2016-12-01 01:48:07.420,227.041,0.024,-0.815,0.033,0.578,0.434,1.154,0.236
2016-12-01 01:48:07.430,227.063,0.025,-0.815,0.034,0.578,0.434,1.154,0.236
2016-12-01 01:48:07.442,227.063,0.025,-0.815,0.034,0.578,0.434,1.154,0.236
2016-12-01 01:48:07.453,227.084,0.025,-0.815,0.034,0.578,0.434,1.154,0.236
2016-12-01 01:48:07.464,227.084,0.026,-0.815,0.035,0.578,0.434,1.154,0.235
2016-12-01 01:48:07.475,227.105,0.026,-0.815,0.035,0.578,0.434,1.154,0.236
2016-12-01 01:48:07.487,227.127,0.027,-0.815,0.035,0.578,0.434,1.154,0.235
2016-12-01 01:48:07.498,227.127,0.027,-0.815,0.035,0.578,0.434,1.154,0.236
2016-12-01 01:48:07.509,227.148,0.027,-0.815,0.035,0.578,0.434,1.154,0.236
2016-12-01 01:48:07.520,227.148,0.027,-0.815,0.035,0.578,0.434,1.154,0.236
2016-12-01 01:48:07.531,227.169,0.027,-0.815,0.036,0.578,0.433,1.154,0.235
2016-12-01 01:48:07.543,227.169,0.027,-0.815,0.036,0.578,0.433,1.154,0.235
2016-12-01 01:48:07.553,227.191,0.027,-0.814,0.036,0.579,0.433,1.154,0.236
2016-12-01 01:48:07.564,227.191,0.027,-0.814,0.036,0.579,0.433,1.154,0.236
2016-12-01 01:48:07.576,227.191,0.028,-0.814,0.036,0.579,0.433,1.153,0.236
2016-12-01 01:48:07.587,227.212,0.028,-0.814,0.036,0.579,0.433,1.153,0.236
2016-12-01 01:48:07.598,227.233,0.028,-0.814,0.037,0.579,0.433,1.153,0.236
2016-12-01 01:48:07.609,227.233,0.028,-0.814,0.037,0.580,0.433,1.154,0.236
2016-12-01 01:48:07.620,227.255,0.028,-0.813,0.037,0.580,0.433,1.153,0.236
2016-12-01 01:48:07.631,227.255,0.029,-0.813,0.037,0.580,0.433,1.153,0.236
2016-12-01 01:48:07.642,227.276,0.029,-0.813,0.038,0.580,0.433,1.153,0.236
2016-12-01 01:48:07.654,227.276,0.029,-0.813,0.038,0.580,0.433,1.153,0.236
2016-12-01 01:48:07.665,227.297,0.029,-0.813,0.038,0.581,0.432,1.153,0.236
2016-12-01 01:48:07.677,227.319,0.029,-0.813,0.038,0.581,0.432,1.153,0.236
2016-12-01 01:48:07.687,227.319,0.030,-0.813,0.038,0.581,0.432,1.153,0.236
2016-12-01 01:48:07.699,227.340,0.030,-0.812,0.038,0.581,0.432,1.153,0.236
2016-12-01 01:48:07.710,227.340,0.030,-0.812,0.038,0.581,0.432,1.153,0.236
2016-12-01 01:48:07.721,227.340,0.031,-0.812,0.038,0.581,0.432,1.153,0.236
2016-12-01 01:48:07.732,227.361,0.031,-0.812,0.038,0.582,0.432,1.153,0.236
2016-12-01 01:48:07.744,227.361,0.031,-0.812,0.039,0.582,0.432,1.153,0.237
2016-12-01 01:48:07.754,227.383,0.032,-0.812,0.039,0.582,0.432,1.153,0.237
2016-12-01 01:48:07.765,227.383,0.032,-0.812,0.039,0.582,0.432,1.153,0.237
2016-12-01 01:48:07.777,227.404,0.032,-0.811,0.039,0.582,0.432,1.153,0.237
2016-12-01 01:48:07.788,227.425,0.033,-0.811,0.039,0.582,0.432,1.153,0.237
2016-12-01 01:48:07.799,227.425,0.033,-0.811,0.039,0.583,0.432,1.153,0.237
2016-12-01 01:48:07.810,227.447,0.033,-0.811,0.039,0.583,0.432,1.153,0.237
2016-12-01 01:48:07.822,227.447,0.034,-0.811,0.039,0.583,0.432,1.153,0.237
2016-12-01 01:48:07.832,227.468,0.034,-0.811,0.039,0.583,0.432,1.153,0.237
2016-12-01 01:48:07.844,227.468,0.034,-0.811,0.040,0.583,0.432,1.153,0.237
2016-12-01 01:48:07.855,227.489,0.034,-0.810,0.040,0.583,0.432,1.153,0.237
2016-12-01 01:48:07.866,227.511,0.035,-0.810,0.040,0.584,0.432,1.153,0.237
2016-12-01 01:48:07.878,227.511,0.035,-0.810,0.040,0.584,0.432,1.152,0.237
2016-12-01 01:48:07.888,227.511,0.035,-0.810,0.041,0.584,0.432,1.152,0.237
2016-12-01 01:48:07.900,227.532,0.035,-0.810,0.041,0.584,0.431,1.152,0.237
2016-12-01 01:48:07.911,227.532,0.036,-0.809,0.041,0.585,0.431,1.152,0.237
2016-12-01 01:48:07.922,227.553,0.036,-0.809,0.041,0.585,0.431,1.152,0.238
2016-12-01 01:48:07.933,227.553,0.036,-0.809,0.042,0.585,0.431,1.152,0.238
2016-12-01 01:48:07.944,227.575,0.037,-0.809,0.042,0.585,0.431,1.152,0.238
2016-12-01 01:48:07.955,227.575,0.037,-0.809,0.042,0.585,0.431,1.152,0.238
2016-12-01 01:48:07.967,227.596,0.037,-0.809,0.042,0.585,0.431,1.152,0.238
2016-12-01 01:48:07.978,227.617,0.038,-0.809,0.043,0.586,0.431,1.152,0.238
2016-12-01 01:48:07.989,227.617,0.038,-0.809,0.043,0.586,0.431,1.152,0.238
2016-12-01 01:48:08.000,227.639,0.038,-0.809,0.043,0.586,0.431,1.152,0.238
2016-12-01 01:48:08.011,227.639,0.038,-0.808,0.043,0.586,0.431,1.152,0.238
2016-12-01 01:48:08.023,227.660,0.039,-0.808,0.044,0.586,0.431,1.151,0.238
2016-12-01 01:48:08.034,227.660,0.039,-0.808,0.044,0.586,0.431,1.151,0.238
2016-12-01 01:48:08.045,227.681,0.039,-0.808,0.044,0.586,0.431,1.151,0.238
2016-12-01 01:48:08.056,227.681,0.040,-0.808,0.044,0.586,0.431,1.151,0.238
2016-12-01 01:48:08.067,227.703,0.040,-0.808,0.045,0.586,0.430,1.151,0.237
2016-12-01 01:48:08.079,227.703,0.040,-0.808,0.045,0.586,0.430,1.151,0.237
2016-12-01 01:48:08.090,227.724,0.040,-0.808,0.045,0.586,0.430,1.151,0.237
2016-12-01 01:48:08.101,227.724,0.041,-0.808,0.046,0.586,0.430,1.151,0.237
2016-12-01 01:48:08.112,227.745,0.041,-0.808,0.047,0.586,0.430,1.151,0.237
2016-12-01 01:48:08.123,227.745,0.041,-0.808,0.047,0.585,0.430,1.151,0.237
2016-12-01 01:48:08.134,227.767,0.041,-0.808,0.048,0.585,0.430,1.151,0.237
2016-12-01 01:48:08.146,227.767,0.042,-0.808,0.048,0.585,0.430,1.151,0.237
2016-12-01 01:48:08.156,227.788,0.042,-0.808,0.049,0.585,0.430,1.151,0.237
2016-12-01 01:48:08.167,227.809,0.042,-0.808,0.050,0.585,0.429,1.150,0.237
2016-12-01 01:48:08.179,227.809,0.042,-0.808,0.050,0.585,0.429,1.150,0.236
2016-12-01 01:48:08.190,227.831,0.043,-0.808,0.051,0.585,0.429,1.150,0.236
2016-12-01 01:48:08.201,227.831,0.043,-0.808,0.051,0.585,0.429,1.150,0.236
2016-12-01 01:48:08.212,227.831,0.043,-0.808,0.052,0.585,0.429,1.150,0.236
2016-12-01 01:48:08.223,227.852,0.043,-0.809,0.053,0.584,0.429,1.150,0.236
2016-12-01 01:48:08.234,227.852,0.043,-0.809,0.053,0.584,0.429,1.150,0.236
2016-12-01 01:48:08.246,227.873,0.043,-0.809,0.054,0.584,0.429,1.150,0.236
2016-12-01 01:48:08.257,227.895,0.044,-0.809,0.055,0.584,0.429,1.150,0.236
2016-12-01 01:48:08.269,227.895,0.044,-0.809,0.055,0.583,0.429,1.150,0.236
2016-12-01 01:48:08.280,227.916,0.044,-0.809,0.056,0.583,0.429,1.150,0.236
2016-12-01 01:48:08.290,227.916,0.045,-0.809,0.056,0.583,0.429,1.150,0.236
2016-12-01 01:48:08.302,227.937,0.045,-0.809,0.057,0.583,0.429,1.149,0.236
2016-12-01 01:48:08.313,227.937,0.045,-0.809,0.057,0.583,0.428,1.149,0.235
2016-12-01 01:48:08.324,227.959,0.045,-0.810,0.058,0.582,0.428,1.149,0.235
2016-12-01 01:48:08.335,227.959,0.046,-0.810,0.058,0.582,0.428,1.149,0.235
2016-12-01 01:48:08.346,227.980,0.046,-0.810,0.059,0.582,0.428,1.149,0.235
2016-12-01 01:48:08.358,228.001,0.046,-0.810,0.059,0.582,0.428,1.149,0.235
2016-12-01 01:48:08.369,228.001,0.046,-0.810,0.059,0.582,0.428,1.149,0.235
2016-12-01 01:48:08.380,228.001,0.046,-0.810,0.060,0.581,0.428,1.149,0.235
2016-12-01 01:48:08.391,228.023,0.046,-0.810,0.060,0.581,0.428,1.149,0.235
2016-12-01 01:48:08.402,228.023,0.046,-0.810,0.060,0.581,0.428,1.149,0.235
2016-12-01 01:48:08.413,228.044,0.046,-0.810,0.061,0.581,0.428,1.149,0.235
2016-12-01 01:48:08.425,228.044,0.046,-0.810,0.061,0.581,0.428,1.149,0.235
2016-12-01 01:48:08.436,228.065,0.046,-0.810,0.061,0.581,0.428,1.149,0.235
2016-12-01 01:48:08.447,228.087,0.046,-0.811,0.062,0.581,0.428,1.149,0.234
2016-12-01 01:48:08.458,228.087,0.047,-0.811,0.062,0.580,0.428,1.149,0.234
2016-12-01 01:48:08.470,228.108,0.047,-0.811,0.062,0.580,0.428,1.148,0.234
2016-12-01 01:48:08.481,228.108,0.047,-0.811,0.063,0.580,0.428,1.148,0.234
2016-12-01 01:48:08.492,228.129,0.047,-0.811,0.063,0.580,0.428,1.148,0.234
2016-12-01 01:48:08.503,228.129,0.047,-0.811,0.063,0.580,0.428,1.148,0.234
2016-12-01 01:48:08.514,228.151,0.047,-0.811,0.063,0.579,0.428,1.148,0.234
2016-12-01 01:48:08.525,228.151,0.047,-0.811,0.063,0.579,0.428,1.148,0.234
2016-12-01 01:48:08.536,228.172,0.047,-0.811,0.064,0.579,0.428,1.148,0.234
2016-12-01 01:48:08.548,228.172,0.047,-0.811,0.064,0.579,0.428,1.148,0.234
2016-12-01 01:48:08.558,228.193,0.047,-0.811,0.065,0.579,0.428,1.148,0.234
2016-12-01 01:48:08.570,228.193,0.048,-0.811,0.065,0.579,0.428,1.148,0.234
2016-12-01 01:48:08.581,228.215,0.048,-0.811,0.065,0.579,0.427,1.148,0.234
2016-12-01 01:48:08.592,228.215,0.048,-0.811,0.065,0.579,0.427,1.148,0.233
2016-12-01 01:48:08.603,228.236,0.048,-0.811,0.066,0.579,0.427,1.148,0.233
2016-12-01 01:48:08.615,228.236,0.048,-0.811,0.066,0.579,0.427,1.148,0.233
2016-12-01 01:48:08.626,228.257,0.049,-0.811,0.066,0.579,0.427,1.148,0.233
2016-12-01 01:48:08.637,228.279,0.049,-0.811,0.066,0.579,0.427,1.148,0.233
2016-12-01 01:48:08.648,228.279,0.049,-0.811,0.066,0.579,0.427,1.148,0.233
2016-12-01 01:48:08.659,228.300,0.049,-0.811,0.067,0.579,0.427,1.148,0.233
2016-12-01 01:48:08.671,228.300,0.049,-0.812,0.067,0.578,0.427,1.147,0.233
2016-12-01 01:48:08.682,228.321,0.049,-0.812,0.067,0.578,0.427,1.148,0.233
2016-12-01 01:48:08.693,228.321,0.049,-0.812,0.067,0.578,0.427,1.148,0.233
2016-12-01 01:48:08.704,228.321,0.049,-0.812,0.067,0.578,0.427,1.148,0.233
2016-12-01 01:48:08.715,228.343,0.049,-0.812,0.067,0.578,0.427,1.148,0.233
2016-12-01 01:48:08.726,228.364,0.049,-0.812,0.067,0.578,0.427,1.148,0.233
2016-12-01 01:48:08.737,228.364,0.049,-0.812,0.067,0.578,0.427,1.148,0.233
2016-12-01 01:48:08.748,228.385,0.049,-0.812,0.068,0.578,0.427,1.148,0.233
2016-12-01 01:48:08.759,228.385,0.049,-0.812,0.068,0.578,0.426,1.148,0.233
2016-12-01 01:48:08.771,228.407,0.049,-0.812,0.068,0.578,0.427,1.148,0.233
2016-12-01 01:48:08.782,228.407,0.049,-0.812,0.068,0.578,0.427,1.148,0.233
2016-12-01 01:48:08.793,228.428,0.049,-0.812,0.068,0.577,0.427,1.148,0.233
2016-12-01 01:48:08.804,228.428,0.049,-0.812,0.068,0.577,0.427,1.148,0.233
2016-12-01 01:48:08.816,228.449,0.049,-0.812,0.068,0.577,0.427,1.147,0.233
2016-12-01 01:48:08.827,228.471,0.049,-0.812,0.068,0.577,0.427,1.147,0.233
2016-12-01 01:48:08.838,228.471,0.049,-0.812,0.068,0.577,0.427,1.147,0.233
2016-12-01 01:48:08.849,228.492,0.049,-0.812,0.068,0.577,0.427,1.147,0.233
2016-12-01 01:48:08.860,228.492,0.049,-0.812,0.069,0.577,0.427,1.147,0.233
2016-12-01 01:48:08.871,228.492,0.049,-0.812,0.069,0.577,0.427,1.147,0.233
2016-12-01 01:48:08.883,228.513,0.050,-0.812,0.069,0.578,0.427,1.147,0.233
2016-12-01 01:48:08.894,228.513,0.050,-0.812,0.069,0.578,0.427,1.147,0.233
2016-12-01 01:48:08.905,228.535,0.050,-0.812,0.069,0.578,0.427,1.147,0.233
2016-12-01 01:48:08.916,228.556,0.050,-0.812,0.069,0.578,0.427,1.147,0.233
2016-12-01 01:48:08.927,228.556,0.050,-0.812,0.069,0.578,0.426,1.147,0.233
2016-12-01 01:48:08.938,228.577,0.051,-0.812,0.069,0.578,0.426,1.147,0.233
2016-12-01 01:48:08.950,228.577,0.051,-0.812,0.069,0.578,0.426,1.147,0.233
2016-12-01 01:48:08.960,228.599,0.051,-0.812,0.070,0.577,0.426,1.147,0.233
2016-12-01 01:48:08.972,228.599,0.051,-0.812,0.070,0.578,0.426,1.147,0.232
2016-12-01 01:48:08.983,228.620,0.051,-0.812,0.070,0.578,0.426,1.147,0.233
2016-12-01 01:48:08.994,228.620,0.051,-0.812,0.070,0.577,0.426,1.147,0.233
2016-12-01 01:48:09.005,228.641,0.051,-0.812,0.070,0.577,0.426,1.147,0.233
2016-12-01 01:48:09.017,228.641,0.051,-0.812,0.070,0.577,0.426,1.147,0.233
2016-12-01 01:48:09.028,228.663,0.051,-0.812,0.070,0.577,0.426,1.147,0.233
2016-12-01 01:48:09.039,228.663,0.051,-0.812,0.070,0.577,0.426,1.147,0.232
2016-12-01 01:48:09.050,228.684,0.051,-0.812,0.071,0.577,0.426,1.147,0.232
2016-12-01 01:48:09.061,228.684,0.051,-0.812,0.071,0.577,0.426,1.147,0.232
2016-12-01 01:48:09.072,228.705,0.051,-0.812,0.071,0.577,0.426,1.147,0.232
2016-12-01 01:48:09.084,228.705,0.051,-0.812,0.070,0.577,0.426,1.147,0.232
2016-12-01 01:48:09.095,228.727,0.051,-0.812,0.070,0.577,0.426,1.147,0.232
2016-12-01 01:48:09.106,228.748,0.051,-0.812,0.070,0.577,0.426,1.147,0.232
2016-12-01 01:48:09.117,228.748,0.051,-0.812,0.070,0.577,0.426,1.147,0.232
2016-12-01 01:48:09.128,228.769,0.051,-0.812,0.070,0.577,0.426,1.147,0.232
2016-12-01 01:48:09.140,228.769,0.051,-0.812,0.070,0.577,0.426,1.147,0.232
2016-12-01 01:48:09.150,228.791,0.051,-0.812,0.070,0.577,0.426,1.147,0.233
2016-12-01 01:48:09.161,228.791,0.051,-0.812,0.070,0.577,0.426,1.147,0.233
2016-12-01 01:48:09.173,228.812,0.051,-0.812,0.070,0.577,0.426,1.147,0.233
2016-12-01 01:48:09.185,228.812,0.051,-0.812,0.070,0.577,0.426,1.147,0.233
2016-12-01 01:48:09.196,228.812,0.051,-0.812,0.070,0.577,0.426,1.147,0.233
2016-12-01 01:48:09.207,228.833,0.051,-0.812,0.070,0.577,0.426,1.147,0.233
2016-12-01 01:48:09.218,228.855,0.051,-0.812,0.070,0.577,0.426,1.147,0.233
2016-12-01 01:48:09.229,228.855,0.052,-0.812,0.070,0.577,0.426,1.147,0.233
2016-12-01 01:48:09.240,228.876,0.052,-0.812,0.071,0.576,0.426,1.147,0.233
2016-12-01 01:48:09.251,228.876,0.052,-0.812,0.071,0.576,0.426,1.147,0.233
2016-12-01 01:48:09.263,228.897,0.052,-0.812,0.071,0.576,0.426,1.147,0.233
2016-12-01 01:48:09.274,228.897,0.052,-0.813,0.071,0.576,0.426,1.147,0.233
2016-12-01 01:48:09.285,228.919,0.052,-0.813,0.071,0.576,0.426,1.146,0.233
2016-12-01 01:48:09.296,228.940,0.052,-0.813,0.071,0.576,0.426,1.146,0.233
2016-12-01 01:48:09.308,228.940,0.052,-0.813,0.071,0.576,0.426,1.146,0.233
2016-12-01 01:48:09.318,228.961,0.052,-0.813,0.071,0.576,0.426,1.146,0.233
2016-12-01 01:48:09.329,228.961,0.052,-0.813,0.072,0.576,0.426,1.146,0.232
2016-12-01 01:48:09.340,228.961,0.052,-0.813,0.072,0.576,0.426,1.146,0.233
2016-12-01 01:48:09.351,228.983,0.052,-0.813,0.072,0.576,0.426,1.146,0.232
2016-12-01 01:48:09.363,228.983,0.052,-0.813,0.072,0.576,0.426,1.146,0.232
2016-12-01 01:48:09.374,229.004,0.052,-0.813,0.072,0.576,0.426,1.146,0.232
2016-12-01 01:48:09.386,229.004,0.052,-0.813,0.072,0.576,0.426,1.146,0.232
2016-12-01 01:48:09.397,229.025,0.052,-0.813,0.072,0.576,0.425,1.146,0.232
2016-12-01 01:48:09.408,229.047,0.052,-0.813,0.072,0.576,0.426,1.146,0.232
2016-12-01 01:48:09.419,229.047,0.052,-0.813,0.072,0.576,0.426,1.146,0.232
2016-12-01 01:48:09.430,229.068,0.052,-0.813,0.072,0.576,0.425,1.146,0.232
2016-12-01 01:48:09.442,229.068,0.052,-0.813,0.072,0.576,0.425,1.146,0.232
2016-12-01 01:48:09.452,229.089,0.052,-0.813,0.072,0.576,0.425,1.146,0.232
2016-12-01 01:48:09.463,229.089,0.052,-0.813,0.072,0.576,0.426,1.146,0.232
2016-12-01 01:48:09.475,229.111,0.052,-0.813,0.072,0.576,0.426,1.146,0.232
2016-12-01 01:48:09.487,229.132,0.052,-0.813,0.072,0.576,0.425,1.146,0.232
2016-12-01 01:48:09.497,229.132,0.052,-0.813,0.072,0.576,0.425,1.146,0.232
2016-12-01 01:48:09.508,229.132,0.052,-0.812,0.072,0.576,0.425,1.146,0.232
2016-12-01 01:48:09.519,229.153,0.052,-0.812,0.072,0.576,0.425,1.146,0.232
2016-12-01 01:48:09.530,229.153,0.052,-0.812,0.072,0.577,0.425,1.147,0.232
2016-12-01 01:48:09.541,229.175,0.052,-0.812,0.073,0.577,0.425,1.147,0.232
2016-12-01 01:48:09.554,229.175,0.052,-0.812,0.073,0.577,0.425,1.147,0.232
2016-12-01 01:48:09.564,229.196,0.052,-0.812,0.073,0.577,0.425,1.147,0.231
2016-12-01 01:48:09.576,229.196,0.052,-0.812,0.073,0.577,0.425,1.147,0.231
2016-12-01 01:48:09.587,229.217,0.052,-0.812,0.073,0.577,0.425,1.146,0.232
2016-12-01 01:48:09.598,229.239,0.052,-0.812,0.072,0.577,0.426,1.147,0.232
2016-12-01 01:48:09.609,229.239,0.052,-0.812,0.072,0.578,0.425,1.147,0.232
2016-12-01 01:48:09.620,229.260,0.052,-0.811,0.072,0.578,0.425,1.147,0.232
2016-12-01 01:48:09.631,229.260,0.052,-0.811,0.072,0.578,0.426,1.147,0.232
2016-12-01 01:48:09.642,229.281,0.052,-0.811,0.072,0.578,0.425,1.147,0.232
2016-12-01 01:48:09.654,229.281,0.052,-0.811,0.072,0.578,0.425,1.147,0.232
2016-12-01 01:48:09.664,229.303,0.052,-0.811,0.072,0.579,0.425,1.147,0.232
2016-12-01 01:48:09.676,229.303,0.052,-0.810,0.072,0.579,0.425,1.147,0.232
2016-12-01 01:48:09.687,229.324,0.052,-0.810,0.072,0.579,0.425,1.147,0.232
2016-12-01 01:48:09.698,229.324,0.052,-0.810,0.072,0.579,0.425,1.147,0.232
2016-12-01 01:48:09.709,229.345,0.052,-0.810,0.072,0.580,0.425,1.146,0.232
2016-12-01 01:48:09.720,229.345,0.052,-0.810,0.072,0.580,0.425,1.147,0.232
2016-12-01 01:48:09.731,229.367,0.052,-0.810,0.072,0.580,0.425,1.146,0.232
2016-12-01 01:48:09.743,229.367,0.052,-0.809,0.072,0.580,0.425,1.146,0.232
2016-12-01 01:48:09.754,229.388,0.052,-0.809,0.072,0.581,0.425,1.146,0.232
2016-12-01 01:48:09.765,229.388,0.052,-0.809,0.072,0.581,0.425,1.146,0.232
2016-12-01 01:48:09.776,229.409,0.051,-0.809,0.072,0.581,0.425,1.147,0.232
2016-12-01 01:48:09.788,229.431,0.051,-0.809,0.072,0.581,0.425,1.147,0.232
2016-12-01 01:48:09.799,229.431,0.051,-0.809,0.072,0.582,0.426,1.147,0.233
2016-12-01 01:48:09.810,229.452,0.051,-0.808,0.072,0.582,0.426,1.147,0.233
2016-12-01 01:48:09.821,229.452,0.051,-0.808,0.072,0.583,0.426,1.147,0.233
2016-12-01 01:48:09.832,229.452,0.051,-0.808,0.072,0.583,0.426,1.147,0.233
2016-12-01 01:48:09.844,229.473,0.051,-0.808,0.072,0.583,0.426,1.147,0.233
2016-12-01 01:48:09.855,229.473,0.051,-0.808,0.071,0.583,0.426,1.147,0.233
2016-12-01 01:48:09.865,229.495,0.051,-0.807,0.071,0.583,0.426,1.147,0.233
2016-12-01 01:48:09.877,229.516,0.051,-0.807,0.071,0.584,0.426,1.147,0.233
2016-12-01 01:48:09.888,229.516,0.051,-0.807,0.071,0.584,0.426,1.147,0.233
2016-12-01 01:48:09.899,229.537,0.051,-0.807,0.071,0.584,0.426,1.147,0.233
2016-12-01 01:48:09.910,229.537,0.051,-0.807,0.070,0.584,0.426,1.147,0.233
2016-12-01 01:48:09.921,229.559,0.050,-0.807,0.070,0.584,0.426,1.147,0.234
2016-12-01 01:48:09.933,229.559,0.051,-0.807,0.070,0.584,0.426,1.147,0.234
2016-12-01 01:48:09.944,229.580,0.051,-0.807,0.070,0.584,0.426,1.147,0.234
2016-12-01 01:48:09.956,229.580,0.051,-0.807,0.070,0.584,0.426,1.147,0.234
2016-12-01 01:48:09.966,229.601,0.051,-0.807,0.070,0.584,0.426,1.147,0.234
2016-12-01 01:48:09.978,229.623,0.051,-0.807,0.070,0.584,0.426,1.147,0.234
2016-12-01 01:48:09.988,229.623,0.051,-0.807,0.070,0.584,0.426,1.147,0.234
2016-12-01 01:48:10.000,229.623,0.051,-0.807,0.070,0.585,0.426,1.147,0.234
2016-12-01 01:48:10.011,229.644,0.051,-0.807,0.070,0.585,0.426,1.147,0.234
2016-12-01 01:48:10.022,229.644,0.051,-0.807,0.070,0.585,0.426,1.147,0.234
2016-12-01 01:48:10.033,229.665,0.051,-0.806,0.070,0.585,0.426,1.147,0.234
2016-12-01 01:48:10.045,229.665,0.051,-0.806,0.070,0.585,0.426,1.147,0.234
2016-12-01 01:48:10.055,229.687,0.051,-0.806,0.070,0.585,0.426,1.147,0.234
2016-12-01 01:48:10.066,229.708,0.051,-0.806,0.070,0.586,0.426,1.147,0.234
2016-12-01 01:48:10.078,229.708,0.051,-0.806,0.070,0.586,0.426,1.147,0.234
2016-12-01 01:48:10.089,229.729,0.052,-0.806,0.070,0.586,0.426,1.147,0.234
2016-12-01 01:48:10.100,229.729,0.051,-0.806,0.070,0.586,0.426,1.147,0.234
2016-12-01 01:48:10.111,229.751,0.052,-0.805,0.070,0.586,0.426,1.147,0.234
2016-12-01 01:48:10.123,229.751,0.052,-0.805,0.070,0.587,0.426,1.147,0.234
2016-12-01 01:48:10.134,229.772,0.052,-0.805,0.070,0.587,0.426,1.147,0.234
2016-12-01 01:48:10.145,229.772,0.052,-0.805,0.070,0.587,0.426,1.147,0.234
2016-12-01 01:48:10.156,229.793,0.052,-0.805,0.070,0.587,0.426,1.147,0.234
2016-12-01 01:48:10.167,229.793,0.052,-0.805,0.070,0.587,0.426,1.147,0.234
2016-12-01 01:48:10.178,229.815,0.052,-0.805,0.070,0.587,0.426,1.147,0.234
2016-12-01 01:48:10.190,229.815,0.052,-0.805,0.070,0.587,0.425,1.147,0.234
2016-12-01 01:48:10.201,229.836,0.052,-0.805,0.070,0.587,0.425,1.147,0.234
2016-12-01 01:48:10.212,229.836,0.052,-0.805,0.070,0.587,0.425,1.147,0.234
2016-12-01 01:48:10.223,229.857,0.052,-0.805,0.070,0.587,0.425,1.147,0.234
2016-12-01 01:48:10.234,229.857,0.052,-0.805,0.070,0.587,0.425,1.147,0.234
2016-12-01 01:48:10.245,229.879,0.052,-0.805,0.070,0.587,0.425,1.147,0.235
2016-12-01 01:48:10.257,229.900,0.052,-0.805,0.070,0.587,0.425,1.147,0.235
2016-12-01 01:48:10.268,229.900,0.052,-0.805,0.070,0.587,0.425,1.147,0.235
2016-12-01 01:48:10.278,229.921,0.052,-0.805,0.070,0.587,0.425,1.147,0.235
2016-12-01 01:48:10.290,229.921,0.052,-0.804,0.070,0.588,0.425,1.147,0.235
2016-12-01 01:48:10.301,229.943,0.052,-0.805,0.070,0.587,0.425,1.147,0.235
2016-12-01 01:48:10.313,229.943,0.052,-0.804,0.070,0.588,0.425,1.147,0.235
2016-12-01 01:48:10.324,229.943,0.053,-0.804,0.070,0.588,0.425,1.147,0.235
2016-12-01 01:48:10.335,229.964,0.053,-0.804,0.071,0.588,0.425,1.147,0.234
2016-12-01 01:48:10.346,229.985,0.053,-0.804,0.071,0.588,0.425,1.147,0.234
2016-12-01 01:48:10.357,229.985,0.053,-0.804,0.071,0.588,0.425,1.147,0.234
2016-12-01 01:48:10.368,230.007,0.053,-0.804,0.071,0.588,0.425,1.147,0.234
2016-12-01 01:48:10.380,230.007,0.053,-0.804,0.071,0.588,0.425,1.147,0.235
2016-12-01 01:48:10.390,230.028,0.054,-0.804,0.071,0.588,0.425,1.147,0.235
2016-12-01 01:48:10.402,230.028,0.054,-0.804,0.071,0.588,0.425,1.147,0.235
2016-12-01 01:48:10.413,230.049,0.054,-0.804,0.071,0.588,0.425,1.147,0.235
2016-12-01 01:48:10.424,230.049,0.054,-0.804,0.071,0.588,0.425,1.147,0.235
2016-12-01 01:48:10.435,230.071,0.054,-0.804,0.071,0.588,0.425,1.147,0.235
2016-12-01 01:48:10.446,230.092,0.054,-0.804,0.071,0.588,0.424,1.147,0.235
2016-12-01 01:48:10.457,230.092,0.054,-0.804,0.071,0.589,0.424,1.147,0.235
2016-12-01 01:48:10.469,230.113,0.054,-0.804,0.071,0.589,0.424,1.147,0.235
2016-12-01 01:48:10.480,230.113,0.054,-0.803,0.071,0.589,0.425,1.147,0.235
2016-12-01 01:48:10.491,230.113,0.054,-0.803,0.071,0.589,0.425,1.147,0.235
2016-12-01 01:48:10.503,230.135,0.054,-0.803,0.071,0.589,0.424,1.146,0.235
2016-12-01 01:48:10.514,230.135,0.054,-0.803,0.071,0.589,0.424,1.146,0.235
2016-12-01 01:48:10.525,230.156,0.054,-0.803,0.071,0.589,0.424,1.146,0.235
2016-12-01 01:48:10.536,230.156,0.054,-0.803,0.071,0.589,0.425,1.146,0.235
2016-12-01 01:48:10.547,230.177,0.054,-0.803,0.071,0.589,0.424,1.147,0.235
2016-12-01 01:48:10.558,230.199,0.054,-0.803,0.071,0.589,0.424,1.147,0.235
2016-12-01 01:48:10.570,230.199,0.054,-0.803,0.071,0.589,0.424,1.147,0.235
2016-12-01 01:48:10.581,230.220,0.053,-0.803,0.071,0.589,0.425,1.147,0.235
2016-12-01 01:48:10.592,230.220,0.054,-0.803,0.071,0.589,0.425,1.147,0.235
2016-12-01 01:48:10.603,230.241,0.054,-0.803,0.071,0.589,0.425,1.146,0.235
2016-12-01 01:48:10.614,230.241,0.053,-0.803,0.071,0.589,0.425,1.146,0.235
2016-12-01 01:48:10.625,230.263,0.053,-0.803,0.071,0.589,0.424,1.146,0.235
2016-12-01 01:48:10.636,230.263,0.053,-0.803,0.071,0.589,0.424,1.146,0.235
2016-12-01 01:48:10.647,230.284,0.053,-0.803,0.071,0.589,0.424,1.147,0.235
2016-12-01 01:48:10.660,230.284,0.053,-0.803,0.071,0.589,0.424,1.147,0.235
2016-12-01 01:48:10.670,230.305,0.053,-0.803,0.071,0.589,0.424,1.147,0.235
2016-12-01 01:48:10.681,230.305,0.053,-0.803,0.071,0.590,0.424,1.146,0.235
2016-12-01 01:48:10.692,230.327,0.053,-0.803,0.071,0.590,0.424,1.146,0.235
2016-12-01 01:48:10.703,230.327,0.053,-0.803,0.071,0.590,0.424,1.146,0.235
2016-12-01 01:48:10.715,230.348,0.053,-0.803,0.071,0.590,0.425,1.146,0.235
2016-12-01 01:48:10.726,230.369,0.053,-0.803,0.071,0.590,0.424,1.146,0.235
2016-12-01 01:48:10.737,230.369,0.053,-0.803,0.071,0.590,0.424,1.146,0.235
2016-12-01 01:48:10.748,230.391,0.053,-0.803,0.071,0.590,0.424,1.146,0.235
2016-12-01 01:48:10.759,230.391,0.053,-0.802,0.071,0.590,0.425,1.146,0.235
2016-12-01 01:48:10.770,230.412,0.053,-0.802,0.071,0.590,0.425,1.146,0.235
2016-12-01 01:48:10.782,230.412,0.053,-0.802,0.071,0.591,0.425,1.146,0.235
2016-12-01 01:48:10.793,230.433,0.053,-0.802,0.071,0.591,0.424,1.146,0.235
2016-12-01 01:48:10.804,230.433,0.054,-0.802,0.071,0.591,0.424,1.146,0.235
2016-12-01 01:48:10.815,230.433,0.053,-0.802,0.071,0.591,0.424,1.146,0.235
2016-12-01 01:48:10.826,230.455,0.054,-0.802,0.071,0.591,0.424,1.146,0.235
2016-12-01 01:48:10.837,230.476,0.054,-0.802,0.071,0.591,0.424,1.146,0.235
2016-12-01 01:48:10.849,230.476,0.054,-0.801,0.071,0.591,0.424,1.146,0.235
2016-12-01 01:48:10.860,230.497,0.054,-0.801,0.071,0.591,0.424,1.146,0.235
2016-12-01 01:48:10.872,230.497,0.054,-0.801,0.072,0.592,0.424,1.146,0.235
2016-12-01 01:48:10.882,230.519,0.054,-0.801,0.072,0.592,0.424,1.146,0.235
2016-12-01 01:48:10.893,230.519,0.054,-0.801,0.072,0.592,0.424,1.146,0.235
2016-12-01 01:48:10.905,230.540,0.055,-0.801,0.072,0.592,0.424,1.146,0.236
2016-12-01 01:48:10.916,230.561,0.055,-0.800,0.072,0.593,0.424,1.146,0.236
2016-12-01 01:48:10.927,230.561,0.055,-0.800,0.072,0.593,0.424,1.146,0.236
2016-12-01 01:48:10.938,230.583,0.056,-0.800,0.072,0.593,0.424,1.146,0.236
2016-12-01 01:48:10.949,230.583,0.056,-0.799,0.072,0.594,0.424,1.146,0.236
2016-12-01 01:48:10.960,230.604,0.056,-0.799,0.072,0.594,0.423,1.146,0.236
2016-12-01 01:48:10.972,230.604,0.057,-0.798,0.073,0.595,0.423,1.146,0.236
2016-12-01 01:48:10.983,230.604,0.057,-0.798,0.073,0.596,0.423,1.146,0.236
2016-12-01 01:48:10.994,230.625,0.058,-0.797,0.073,0.596,0.423,1.146,0.237
2016-12-01 01:48:11.005,230.625,0.058,-0.797,0.073,0.597,0.423,1.146,0.237
2016-12-01 01:48:11.016,230.647,0.059,-0.796,0.073,0.598,0.423,1.146,0.237
2016-12-01 01:48:11.027,230.668,0.059,-0.795,0.074,0.599,0.423,1.146,0.237
2016-12-01 01:48:11.039,230.668,0.060,-0.794,0.074,0.600,0.422,1.145,0.237
2016-12-01 01:48:11.049,230.689,0.061,-0.793,0.075,0.601,0.422,1.145,0.238
2016-12-01 01:48:11.061,230.689,0.062,-0.792,0.075,0.602,0.422,1.145,0.238
2016-12-01 01:48:11.072,230.711,0.063,-0.791,0.076,0.604,0.421,1.145,0.239
2016-12-01 01:48:11.083,230.711,0.064,-0.790,0.077,0.605,0.421,1.145,0.239
2016-12-01 01:48:11.094,230.732,0.065,-0.789,0.078,0.606,0.421,1.144,0.239
2016-12-01 01:48:11.106,230.732,0.066,-0.787,0.079,0.608,0.420,1.144,0.240
2016-12-01 01:48:11.116,230.753,0.068,-0.786,0.081,0.610,0.420,1.144,0.240
2016-12-01 01:48:11.128,230.753,0.070,-0.784,0.083,0.611,0.419,1.143,0.241
2016-12-01 01:48:11.139,230.775,0.071,-0.782,0.084,0.613,0.419,1.142,0.241
2016-12-01 01:48:11.150,230.775,0.073,-0.780,0.086,0.615,0.418,1.142,0.241
2016-12-01 01:48:11.161,230.796,0.075,-0.778,0.088,0.617,0.418,1.141,0.242
2016-12-01 01:48:11.172,230.796,0.077,-0.777,0.089,0.619,0.417,1.141,0.242
2016-12-01 01:48:11.183,230.817,0.080,-0.775,0.091,0.621,0.417,1.141,0.243
2016-12-01 01:48:11.195,230.817,0.082,-0.773,0.092,0.623,0.416,1.140,0.243
2016-12-01 01:48:11.206,230.839,0.084,-0.771,0.094,0.624,0.415,1.140,0.244
2016-12-01 01:48:11.217,230.860,0.086,-0.769,0.095,0.626,0.415,1.139,0.244
2016-12-01 01:48:11.228,230.860,0.088,-0.768,0.097,0.627,0.414,1.139,0.244
2016-12-01 01:48:11.239,230.881,0.090,-0.766,0.098,0.629,0.413,1.138,0.244
2016-12-01 01:48:11.251,230.881,0.092,-0.765,0.099,0.630,0.412,1.138,0.245
2016-12-01 01:48:11.262,230.903,0.094,-0.764,0.100,0.631,0.412,1.138,0.245
2016-12-01 01:48:11.274,230.903,0.096,-0.763,0.101,0.631,0.411,1.137,0.245
2016-12-01 01:48:11.284,230.924,0.097,-0.762,0.102,0.632,0.411,1.137,0.245
2016-12-01 01:48:11.295,230.924,0.098,-0.762,0.102,0.632,0.410,1.137,0.246
2016-12-01 01:48:11.306,230.945,0.100,-0.761,0.103,0.632,0.410,1.137,0.246
2016-12-01 01:48:11.318,230.945,0.101,-0.761,0.103,0.632,0.409,1.137,0.246
2016-12-01 01:48:11.329,230.967,0.102,-0.761,0.103,0.632,0.408,1.136,0.246
2016-12-01 01:48:11.340,230.967,0.103,-0.761,0.103,0.632,0.408,1.136,0.246
2016-12-01 01:48:11.351,230.988,0.104,-0.762,0.103,0.631,0.407,1.136,0.246
2016-12-01 01:48:11.362,230.988,0.104,-0.762,0.103,0.631,0.407,1.136,0.246
2016-12-01 01:48:11.373,231.009,0.105,-0.763,0.104,0.630,0.406,1.136,0.246
2016-12-01 01:48:11.385,231.009,0.106,-0.763,0.104,0.629,0.406,1.136,0.246
2016-12-01 01:48:11.396,231.031,0.106,-0.764,0.104,0.628,0.405,1.136,0.246
2016-12-01 01:48:11.407,231.052,0.107,-0.765,0.104,0.627,0.405,1.136,0.246
2016-12-01 01:48:11.418,231.052,0.107,-0.766,0.104,0.626,0.404,1.136,0.246
2016-12-01 01:48:11.429,231.073,0.107,-0.766,0.104,0.625,0.404,1.136,0.246
2016-12-01 01:48:11.441,231.073,0.107,-0.767,0.104,0.624,0.403,1.136,0.246
2016-12-01 01:48:11.452,231.073,0.107,-0.768,0.104,0.623,0.403,1.136,0.246
2016-12-01 01:48:11.463,231.095,0.108,-0.769,0.104,0.622,0.403,1.136,0.246
2016-12-01 01:48:11.474,231.095,0.108,-0.770,0.105,0.621,0.402,1.136,0.246
2016-12-01 01:48:11.485,231.116,0.108,-0.770,0.105,0.620,0.402,1.136,0.247
2016-12-01 01:48:11.497,231.137,0.108,-0.771,0.105,0.619,0.402,1.136,0.247
2016-12-01 01:48:11.508,231.137,0.108,-0.772,0.106,0.618,0.401,1.136,0.247
2016-12-01 01:48:11.519,231.159,0.108,-0.772,0.106,0.617,0.401,1.136,0.247
2016-12-01 01:48:11.530,231.159,0.108,-0.773,0.107,0.616,0.401,1.136,0.247
2016-12-01 01:48:11.541,231.180,0.109,-0.774,0.107,0.615,0.400,1.136,0.247
2016-12-01 01:48:11.552,231.180,0.109,-0.774,0.107,0.614,0.400,1.136,0.247
2016-12-01 01:48:11.563,231.201,0.109,-0.775,0.107,0.613,0.400,1.136,0.247
2016-12-01 01:48:11.575,231.201,0.109,-0.775,0.108,0.613,0.400,1.136,0.247
2016-12-01 01:48:11.586,231.223,0.109,-0.776,0.108,0.612,0.399,1.136,0.247
2016-12-01 01:48:11.597,231.244,0.109,-0.777,0.108,0.611,0.399,1.135,0.247
2016-12-01 01:48:11.608,231.244,0.110,-0.778,0.108,0.610,0.399,1.135,0.247
2016-12-01 01:48:11.619,231.244,0.110,-0.778,0.108,0.609,0.399,1.135,0.247
2016-12-01 01:48:11.631,231.265,0.110,-0.779,0.108,0.608,0.399,1.135,0.247
2016-12-01 01:48:11.642,231.265,0.110,-0.780,0.108,0.607,0.399,1.135,0.247
2016-12-01 01:48:11.653,231.287,0.110,-0.780,0.108,0.606,0.399,1.135,0.247
2016-12-01 01:48:11.664,231.287,0.110,-0.781,0.109,0.605,0.399,1.135,0.247
2016-12-01 01:48:11.675,231.308,0.110,-0.782,0.108,0.604,0.399,1.135,0.247
2016-12-01 01:48:11.687,231.329,0.111,-0.783,0.108,0.603,0.399,1.135,0.247
2016-12-01 01:48:11.697,231.329,0.111,-0.784,0.108,0.602,0.399,1.135,0.247
2016-12-01 01:48:11.708,231.351,0.111,-0.784,0.108,0.601,0.399,1.135,0.247
2016-12-01 01:48:11.720,231.351,0.111,-0.785,0.108,0.600,0.399,1.135,0.247
2016-12-01 01:48:11.731,231.372,0.111,-0.786,0.108,0.599,0.399,1.135,0.247
2016-12-01 01:48:11.742,231.372,0.110,-0.786,0.108,0.598,0.400,1.135,0.248
2016-12-01 01:48:11.753,231.393,0.110,-0.787,0.107,0.597,0.400,1.135,0.248
2016-12-01 01:48:11.765,231.393,0.110,-0.788,0.107,0.597,0.400,1.135,0.248
2016-12-01 01:48:11.776,231.415,0.110,-0.789,0.107,0.595,0.400,1.135,0.248
2016-12-01 01:48:11.788,231.415,0.109,-0.789,0.107,0.594,0.401,1.135,0.248
2016-12-01 01:48:11.798,231.436,0.109,-0.790,0.107,0.593,0.401,1.135,0.248
2016-12-01 01:48:11.809,231.436,0.109,-0.791,0.107,0.592,0.401,1.135,0.248
2016-12-01 01:48:11.820,231.457,0.108,-0.792,0.107,0.591,0.401,1.135,0.248
2016-12-01 01:48:11.832,231.457,0.108,-0.793,0.106,0.590,0.401,1.135,0.248
2016-12-01 01:48:11.843,231.479,0.108,-0.794,0.106,0.589,0.401,1.136,0.248
2016-12-01 01:48:11.855,231.479,0.108,-0.795,0.106,0.588,0.401,1.136,0.248
2016-12-01 01:48:11.865,231.500,0.108,-0.796,0.106,0.587,0.402,1.136,0.248
2016-12-01 01:48:11.876,231.521,0.107,-0.797,0.106,0.585,0.402,1.136,0.248
2016-12-01 01:48:11.887,231.521,0.107,-0.798,0.106,0.584,0.402,1.136,0.248
2016-12-01 01:48:11.898,231.543,0.107,-0.799,0.106,0.583,0.402,1.136,0.248
2016-12-01 01:48:11.910,231.543,0.106,-0.800,0.106,0.581,0.402,1.136,0.248
2016-12-01 01:48:11.921,231.564,0.106,-0.801,0.106,0.580,0.402,1.136,0.248
2016-12-01 01:48:11.932,231.564,0.106,-0.802,0.106,0.578,0.402,1.136,0.247
2016-12-01 01:48:11.943,231.564,0.105,-0.803,0.106,0.577,0.403,1.136,0.248
2016-12-01 01:48:11.954,231.585,0.105,-0.804,0.106,0.576,0.403,1.136,0.247
2016-12-01 01:48:11.966,231.585,0.104,-0.805,0.106,0.574,0.403,1.136,0.247
2016-12-01 01:48:11.976,231.607,0.104,-0.806,0.106,0.573,0.403,1.136,0.247
2016-12-01 01:48:11.988,231.628,0.103,-0.807,0.106,0.572,0.403,1.136,0.247
2016-12-01 01:48:11.999,231.628,0.103,-0.808,0.106,0.570,0.403,1.136,0.247
2016-12-01 01:48:12.010,231.649,0.102,-0.809,0.106,0.569,0.404,1.136,0.247
2016-12-01 01:48:12.022,231.649,0.102,-0.810,0.106,0.568,0.404,1.137,0.247
2016-12-01 01:48:12.033,231.671,0.101,-0.811,0.106,0.566,0.404,1.137,0.247
2016-12-01 01:48:12.045,231.671,0.101,-0.812,0.105,0.565,0.404,1.137,0.247
2016-12-01 01:48:12.055,231.692,0.101,-0.813,0.105,0.564,0.404,1.137,0.247
2016-12-01 01:48:12.066,231.692,0.100,-0.814,0.105,0.563,0.404,1.137,0.247
2016-12-01 01:48:12.077,231.713,0.100,-0.815,0.105,0.561,0.404,1.137,0.247
2016-12-01 01:48:12.089,231.735,0.100,-0.816,0.105,0.560,0.404,1.137,0.247
2016-12-01 01:48:12.100,231.735,0.099,-0.816,0.104,0.559,0.404,1.137,0.247
2016-12-01 01:48:12.110,231.735,0.099,-0.817,0.104,0.558,0.404,1.137,0.247
2016-12-01 01:48:12.122,231.756,0.098,-0.818,0.104,0.557,0.404,1.137,0.247
2016-12-01 01:48:12.133,231.756,0.098,-0.819,0.104,0.556,0.404,1.137,0.246
2016-12-01 01:48:12.144,231.777,0.098,-0.820,0.103,0.555,0.404,1.137,0.247
2016-12-01 01:48:12.156,231.799,0.097,-0.820,0.103,0.554,0.404,1.137,0.247
2016-12-01 01:48:12.167,231.799,0.097,-0.821,0.103,0.553,0.405,1.138,0.247
2016-12-01 01:48:12.177,231.820,0.097,-0.822,0.102,0.552,0.405,1.138,0.246
2016-12-01 01:48:12.189,231.820,0.096,-0.822,0.102,0.551,0.405,1.138,0.246
2016-12-01 01:48:12.200,231.841,0.096,-0.823,0.102,0.550,0.405,1.138,0.246
2016-12-01 01:48:12.212,231.841,0.096,-0.824,0.101,0.550,0.405,1.138,0.246
2016-12-01 01:48:12.222,231.863,0.096,-0.824,0.101,0.549,0.405,1.138,0.246
2016-12-01 01:48:12.234,231.863,0.095,-0.825,0.101,0.548,0.405,1.138,0.246
2016-12-01 01:48:12.245,231.884,0.095,-0.825,0.100,0.548,0.405,1.138,0.246
2016-12-01 01:48:12.256,231.884,0.095,-0.825,0.100,0.547,0.405,1.138,0.246
2016-12-01 01:48:12.267,231.905,0.095,-0.826,0.100,0.547,0.405,1.138,0.246
2016-12-01 01:48:12.278,231.905,0.095,-0.826,0.100,0.546,0.405,1.138,0.246
2016-12-01 01:48:12.289,231.927,0.095,-0.826,0.100,0.546,0.405,1.138,0.246
2016-12-01 01:48:12.300,231.927,0.095,-0.826,0.100,0.546,0.405,1.138,0.246
2016-12-01 01:48:12.312,231.948,0.095,-0.827,0.100,0.545,0.405,1.138,0.246
2016-12-01 01:48:12.323,231.948,0.095,-0.827,0.100,0.545,0.405,1.138,0.246
2016-12-01 01:48:12.334,231.969,0.096,-0.827,0.100,0.545,0.405,1.138,0.246
2016-12-01 01:48:12.345,231.969,0.096,-0.827,0.100,0.545,0.405,1.138,0.246
2016-12-01 01:48:12.356,231.991,0.095,-0.827,0.100,0.544,0.405,1.138,0.246
2016-12-01 01:48:12.367,232.012,0.095,-0.828,0.100,0.544,0.405,1.138,0.246
2016-12-01 01:48:12.379,232.012,0.095,-0.828,0.100,0.543,0.405,1.138,0.246
2016-12-01 01:48:12.390,232.033,0.096,-0.828,0.100,0.543,0.405,1.138,0.246
2016-12-01 01:48:12.402,232.033,0.096,-0.828,0.101,0.543,0.405,1.138,0.246
2016-12-01 01:48:12.412,232.055,0.096,-0.829,0.101,0.542,0.405,1.138,0.246
2016-12-01 01:48:12.424,232.055,0.096,-0.829,0.101,0.542,0.405,1.138,0.246
2016-12-01 01:48:12.435,232.055,0.096,-0.829,0.101,0.542,0.405,1.138,0.246
2016-12-01 01:48:12.446,232.076,0.096,-0.829,0.101,0.541,0.405,1.138,0.246
2016-12-01 01:48:12.457,232.097,0.096,-0.829,0.101,0.541,0.405,1.138,0.246
2016-12-01 01:48:12.468,232.097,0.096,-0.830,0.101,0.541,0.405,1.138,0.246
2016-12-01 01:48:12.479,232.119,0.096,-0.830,0.101,0.540,0.405,1.138,0.246
2016-12-01 01:48:12.491,232.119,0.096,-0.830,0.101,0.540,0.405,1.138,0.246
2016-12-01 01:48:12.501,232.140,0.096,-0.830,0.101,0.540,0.405,1.138,0.246
2016-12-01 01:48:12.513,232.140,0.096,-0.830,0.101,0.540,0.405,1.138,0.246
2016-12-01 01:48:12.524,232.161,0.096,-0.830,0.101,0.540,0.405,1.138,0.246
2016-12-01 01:48:12.535,232.161,0.096,-0.830,0.101,0.540,0.405,1.138,0.246
2016-12-01 01:48:12.546,232.183,0.096,-0.830,0.101,0.539,0.405,1.138,0.246
2016-12-01 01:48:12.557,232.204,0.095,-0.831,0.101,0.539,0.405,1.138,0.246
2016-12-01 01:48:12.569,232.204,0.095,-0.831,0.101,0.539,0.405,1.138,0.246
2016-12-01 01:48:12.580,232.225,0.095,-0.831,0.101,0.539,0.405,1.138,0.246
2016-12-01 01:48:12.591,232.225,0.095,-0.831,0.101,0.539,0.405,1.138,0.246
2016-12-01 01:48:12.602,232.225,0.095,-0.831,0.101,0.539,0.405,1.138,0.246
2016-12-01 01:48:12.614,232.247,0.095,-0.831,0.101,0.539,0.405,1.138,0.246
2016-12-01 01:48:12.625,232.247,0.095,-0.830,0.101,0.540,0.405,1.138,0.246
2016-12-01 01:48:12.636,232.268,0.095,-0.830,0.101,0.540,0.405,1.138,0.246
2016-12-01 01:48:12.647,232.289,0.095,-0.830,0.101,0.540,0.405,1.138,0.246
2016-12-01 01:48:12.658,232.289,0.095,-0.830,0.101,0.540,0.405,1.138,0.246
2016-12-01 01:48:12.669,232.311,0.095,-0.830,0.100,0.540,0.405,1.138,0.246
2016-12-01 01:48:12.681,232.311,0.095,-0.830,0.100,0.540,0.405,1.138,0.246
2016-12-01 01:48:12.691,232.332,0.095,-0.830,0.100,0.541,0.405,1.138,0.246
2016-12-01 01:48:12.703,232.332,0.094,-0.830,0.100,0.541,0.405,1.138,0.246
2016-12-01 01:48:12.714,232.353,0.094,-0.830,0.100,0.541,0.405,1.138,0.246
2016-12-01 01:48:12.725,232.353,0.094,-0.830,0.100,0.541,0.405,1.138,0.246
2016-12-01 01:48:12.736,232.375,0.094,-0.829,0.100,0.542,0.405,1.138,0.246
2016-12-01 01:48:12.747,232.375,0.094,-0.829,0.099,0.542,0.405,1.138,0.246
2016-12-01 01:48:12.759,232.396,0.094,-0.829,0.099,0.542,0.405,1.139,0.246
2016-12-01 01:48:12.770,232.396,0.094,-0.829,0.099,0.543,0.405,1.139,0.246
2016-12-01 01:48:12.781,232.417,0.094,-0.828,0.099,0.543,0.405,1.139,0.246
2016-12-01 01:48:12.792,232.417,0.094,-0.828,0.099,0.544,0.405,1.138,0.246
2016-12-01 01:48:12.804,232.439,0.094,-0.828,0.099,0.544,0.405,1.138,0.246
2016-12-01 01:48:12.815,232.439,0.094,-0.828,0.099,0.544,0.405,1.138,0.246
2016-12-01 01:48:12.826,232.460,0.094,-0.827,0.099,0.545,0.405,1.139,0.246
2016-12-01 01:48:12.837,232.481,0.094,-0.827,0.099,0.545,0.405,1.139,0.246
2016-12-01 01:48:12.848,232.481,0.094,-0.827,0.099,0.546,0.405,1.139,0.246
2016-12-01 01:48:12.859,232.503,0.094,-0.826,0.099,0.546,0.405,1.139,0.246
2016-12-01 01:48:12.871,232.503,0.094,-0.826,0.099,0.547,0.405,1.139,0.246
2016-12-01 01:48:12.881,232.524,0.094,-0.826,0.099,0.547,0.405,1.139,0.246
2016-12-01 01:48:12.893,232.524,0.094,-0.825,0.098,0.548,0.405,1.139,0.247
2016-12-01 01:48:12.903,232.545,0.095,-0.825,0.098,0.548,0.405,1.139,0.247
2016-12-01 01:48:12.915,232.545,0.095,-0.825,0.098,0.549,0.405,1.138,0.247
2016-12-01 01:48:12.926,232.567,0.095,-0.824,0.098,0.550,0.405,1.138,0.247
2016-12-01 01:48:12.937,232.567,0.095,-0.824,0.098,0.551,0.405,1.138,0.247
2016-12-01 01:48:12.949,232.588,0.095,-0.823,0.098,0.551,0.405,1.138,0.247
2016-12-01 01:48:12.960,232.588,0.095,-0.823,0.098,0.552,0.405,1.138,0.247
2016-12-01 01:48:12.971,232.609,0.095,-0.822,0.098,0.553,0.405,1.138,0.247
2016-12-01 01:48:12.982,232.609,0.095,-0.822,0.098,0.554,0.405,1.138,0.247
2016-12-01 01:48:12.993,232.631,0.095,-0.821,0.098,0.554,0.405,1.138,0.247
2016-12-01 01:48:13.004,232.631,0.095,-0.820,0.098,0.555,0.405,1.138,0.247
2016-12-01 01:48:13.016,232.652,0.095,-0.820,0.098,0.556,0.405,1.139,0.247
2016-12-01 01:48:13.027,232.673,0.096,-0.819,0.098,0.557,0.405,1.139,0.247
2016-12-01 01:48:13.038,232.673,0.096,-0.819,0.097,0.558,0.405,1.139,0.247
2016-12-01 01:48:13.049,232.695,0.096,-0.818,0.097,0.559,0.405,1.139,0.247
2016-12-01 01:48:13.060,232.695,0.096,-0.817,0.097,0.560,0.405,1.139,0.247
2016-12-01 01:48:13.071,232.695,0.096,-0.817,0.097,0.561,0.405,1.139,0.247
2016-12-01 01:48:13.082,232.716,0.096,-0.816,0.097,0.562,0.405,1.139,0.247
2016-12-01 01:48:13.094,232.716,0.095,-0.815,0.097,0.563,0.404,1.138,0.247
2016-12-01 01:48:13.104,232.737,0.095,-0.815,0.097,0.564,0.404,1.139,0.247
2016-12-01 01:48:13.116,232.759,0.095,-0.814,0.097,0.565,0.404,1.139,0.247
2016-12-01 01:48:13.127,232.759,0.095,-0.813,0.096,0.566,0.404,1.139,0.247
2016-12-01 01:48:13.138,232.780,0.095,-0.813,0.096,0.567,0.404,1.139,0.247
2016-12-01 01:48:13.150,232.780,0.095,-0.812,0.095,0.568,0.404,1.139,0.247
2016-12-01 01:48:13.161,232.801,0.094,-0.811,0.095,0.569,0.404,1.139,0.247
2016-12-01 01:48:13.173,232.801,0.094,-0.811,0.094,0.570,0.404,1.139,0.247
2016-12-01 01:48:13.183,232.823,0.094,-0.810,0.094,0.571,0.405,1.139,0.247
2016-12-01 01:48:13.194,232.823,0.093,-0.809,0.093,0.572,0.405,1.139,0.247
2016-12-01 01:48:13.205,232.844,0.093,-0.809,0.093,0.573,0.405,1.139,0.247
2016-12-01 01:48:13.217,232.865,0.092,-0.808,0.092,0.575,0.405,1.140,0.247
2016-12-01 01:48:13.227,232.865,0.092,-0.807,0.091,0.576,0.405,1.140,0.248
2016-12-01 01:48:13.239,232.865,0.091,-0.807,0.090,0.577,0.405,1.140,0.248
2016-12-01 01:48:13.250,232.887,0.091,-0.806,0.090,0.578,0.405,1.140,0.248
2016-12-01 01:48:13.262,232.887,0.090,-0.805,0.089,0.579,0.405,1.141,0.248
2016-12-01 01:48:13.272,232.908,0.089,-0.805,0.088,0.580,0.405,1.141,0.248
2016-12-01 01:48:13.284,232.908,0.089,-0.804,0.087,0.582,0.405,1.141,0.248
2016-12-01 01:48:13.295,232.929,0.088,-0.803,0.086,0.583,0.405,1.141,0.248
2016-12-01 01:48:13.306,232.951,0.087,-0.802,0.086,0.584,0.406,1.142,0.248
2016-12-01 01:48:13.317,232.951,0.087,-0.801,0.085,0.585,0.406,1.142,0.248
2016-12-01 01:48:13.329,232.972,0.087,-0.801,0.085,0.587,0.406,1.142,0.248
2016-12-01 01:48:13.340,232.972,0.086,-0.800,0.084,0.588,0.406,1.142,0.248
2016-12-01 01:48:13.351,232.993,0.086,-0.799,0.083,0.589,0.406,1.142,0.248
2016-12-01 01:48:13.362,232.993,0.086,-0.798,0.083,0.590,0.406,1.142,0.248
2016-12-01 01:48:13.373,233.015,0.085,-0.797,0.082,0.592,0.406,1.142,0.248
2016-12-01 01:48:13.385,233.015,0.085,-0.797,0.082,0.593,0.407,1.142,0.248
2016-12-01 01:48:13.395,233.036,0.085,-0.796,0.081,0.594,0.407,1.142,0.248
2016-12-01 01:48:13.407,233.036,0.084,-0.795,0.081,0.595,0.407,1.142,0.248
2016-12-01 01:48:13.417,233.057,0.084,-0.794,0.080,0.596,0.407,1.142,0.249
2016-12-01 01:48:13.429,233.057,0.084,-0.794,0.079,0.597,0.408,1.142,0.249
2016-12-01 01:48:13.440,233.079,0.084,-0.793,0.079,0.598,0.408,1.142,0.249
2016-12-01 01:48:13.451,233.079,0.083,-0.792,0.079,0.599,0.408,1.142,0.249
2016-12-01 01:48:13.462,233.100,0.083,-0.792,0.078,0.600,0.408,1.142,0.249
2016-12-01 01:48:13.474,233.100,0.083,-0.791,0.078,0.601,0.409,1.143,0.249
2016-12-01 01:48:13.484,233.121,0.083,-0.790,0.077,0.602,0.409,1.142,0.249
2016-12-01 01:48:13.495,233.121,0.083,-0.790,0.077,0.603,0.409,1.143,0.249
2016-12-01 01:48:13.507,233.143,0.083,-0.789,0.076,0.604,0.410,1.143,0.249
2016-12-01 01:48:13.519,233.164,0.083,-0.789,0.076,0.605,0.410,1.143,0.249
2016-12-01 01:48:13.529,233.164,0.083,-0.788,0.075,0.606,0.411,1.143,0.249
2016-12-01 01:48:13.540,233.185,0.082,-0.787,0.074,0.607,0.411,1.143,0.249
2016-12-01 01:48:13.552,233.185,0.082,-0.787,0.074,0.607,0.411,1.143,0.250
2016-12-01 01:48:13.563,233.185,0.082,-0.786,0.073,0.608,0.411,1.143,0.250
2016-12-01 01:48:13.574,233.207,0.081,-0.785,0.073,0.609,0.411,1.143,0.250
2016-12-01 01:48:13.586,233.207,0.081,-0.785,0.072,0.610,0.412,1.143,0.250
2016-12-01 01:48:13.596,233.228,0.081,-0.784,0.072,0.611,0.412,1.143,0.250
2016-12-01 01:48:13.607,233.249,0.081,-0.783,0.071,0.612,0.412,1.144,0.250
2016-12-01 01:48:13.619,233.249,0.081,-0.783,0.071,0.613,0.413,1.144,0.250
2016-12-01 01:48:13.630,233.271,0.081,-0.782,0.071,0.614,0.413,1.144,0.250
2016-12-01 01:48:13.641,233.271,0.081,-0.781,0.071,0.615,0.413,1.144,0.250
2016-12-01 01:48:13.652,233.292,0.081,-0.780,0.071,0.616,0.413,1.144,0.250
2016-12-01 01:48:13.663,233.292,0.081,-0.779,0.070,0.617,0.414,1.144,0.250
2016-12-01 01:48:13.674,233.313,0.081,-0.779,0.071,0.618,0.414,1.144,0.250
2016-12-01 01:48:13.686,233.335,0.082,-0.778,0.071,0.619,0.414,1.143,0.250
2016-12-01 01:48:13.697,233.335,0.082,-0.777,0.071,0.620,0.414,1.143,0.250
2016-12-01 01:48:13.708,233.356,0.083,-0.776,0.071,0.622,0.414,1.143,0.250
2016-12-01 01:48:13.720,233.356,0.083,-0.775,0.071,0.623,0.414,1.143,0.250
2016-12-01 01:48:13.730,233.356,0.083,-0.774,0.071,0.624,0.414,1.143,0.250
2016-12-01 01:48:13.741,233.377,0.084,-0.773,0.071,0.625,0.414,1.143,0.250
2016-12-01 01:48:13.753,233.377,0.084,-0.772,0.071,0.626,0.414,1.143,0.250
2016-12-01 01:48:13.764,233.399,0.084,-0.771,0.072,0.627,0.414,1.143,0.250
2016-12-01 01:48:13.775,233.399,0.084,-0.770,0.072,0.628,0.414,1.143,0.250
2016-12-01 01:48:13.786,233.420,0.084,-0.769,0.072,0.629,0.414,1.143,0.250
2016-12-01 01:48:13.798,233.441,0.085,-0.768,0.072,0.631,0.414,1.143,0.250
2016-12-01 01:48:13.809,233.441,0.085,-0.767,0.072,0.632,0.414,1.143,0.250
2016-12-01 01:48:13.819,233.463,0.085,-0.766,0.072,0.633,0.414,1.143,0.250
2016-12-01 01:48:13.831,233.463,0.085,-0.765,0.072,0.634,0.414,1.143,0.249
2016-12-01 01:48:13.842,233.484,0.085,-0.764,0.072,0.635,0.414,1.143,0.249
2016-12-01 01:48:13.853,233.484,0.085,-0.763,0.072,0.636,0.414,1.143,0.249
2016-12-01 01:48:13.864,233.505,0.085,-0.762,0.072,0.637,0.414,1.143,0.249
2016-12-01 01:48:13.876,233.505,0.086,-0.761,0.072,0.639,0.414,1.143,0.249
2016-12-01 01:48:13.887,233.527,0.086,-0.760,0.072,0.640,0.414,1.143,0.249
2016-12-01 01:48:13.898,233.527,0.086,-0.759,0.071,0.641,0.414,1.143,0.249
2016-12-01 01:48:13.909,233.548,0.086,-0.758,0.071,0.643,0.414,1.143,0.250
2016-12-01 01:48:13.921,233.548,0.086,-0.757,0.071,0.644,0.414,1.143,0.250
2016-12-01 01:48:13.931,233.569,0.086,-0.756,0.071,0.645,0.414,1.143,0.250
2016-12-01 01:48:13.943,233.569,0.086,-0.755,0.071,0.647,0.414,1.143,0.250
2016-12-01 01:48:13.954,233.591,0.086,-0.754,0.071,0.648,0.414,1.143,0.250
2016-12-01 01:48:13.965,233.591,0.086,-0.753,0.071,0.649,0.414,1.143,0.250
2016-12-01 01:48:13.976,233.612,0.086,-0.751,0.071,0.650,0.414,1.143,0.250
2016-12-01 01:48:13.987,233.633,0.087,-0.750,0.071,0.651,0.414,1.143,0.250
2016-12-01 01:48:13.998,233.633,0.087,-0.749,0.071,0.653,0.413,1.143,0.250
2016-12-01 01:48:14.009,233.655,0.087,-0.748,0.071,0.654,0.413,1.142,0.250
2016-12-01 01:48:14.021,233.655,0.087,-0.747,0.072,0.655,0.413,1.142,0.250
2016-12-01 01:48:14.032,233.676,0.088,-0.746,0.072,0.656,0.413,1.142,0.250
2016-12-01 01:48:14.043,233.676,0.088,-0.745,0.072,0.657,0.413,1.142,0.250
2016-12-01 01:48:14.054,233.676,0.088,-0.744,0.072,0.659,0.413,1.142,0.250
2016-12-01 01:48:14.065,233.697,0.089,-0.743,0.072,0.660,0.413,1.142,0.250
2016-12-01 01:48:14.077,233.719,0.089,-0.741,0.072,0.661,0.413,1.142,0.250
2016-12-01 01:48:14.088,233.719,0.090,-0.740,0.072,0.662,0.413,1.142,0.250
2016-12-01 01:48:14.099,233.740,0.090,-0.739,0.073,0.664,0.412,1.142,0.251
2016-12-01 01:48:14.111,233.740,0.091,-0.737,0.073,0.665,0.412,1.142,0.251
2016-12-01 01:48:14.121,233.761,0.091,-0.736,0.073,0.667,0.412,1.142,0.251
2016-12-01 01:48:14.132,233.761,0.092,-0.735,0.073,0.668,0.412,1.142,0.251
2016-12-01 01:48:14.144,233.783,0.092,-0.733,0.073,0.670,0.412,1.142,0.251
2016-12-01 01:48:14.155,233.783,0.093,-0.732,0.074,0.671,0.412,1.141,0.251
2016-12-01 01:48:14.166,233.804,0.093,-0.731,0.074,0.672,0.411,1.141,0.251
2016-12-01 01:48:14.177,233.825,0.093,-0.729,0.074,0.674,0.411,1.141,0.252
2016-12-01 01:48:14.188,233.825,0.094,-0.728,0.074,0.675,0.411,1.141,0.252
2016-12-01 01:48:14.199,233.847,0.094,-0.727,0.074,0.677,0.411,1.141,0.252
2016-12-01 01:48:14.211,233.847,0.094,-0.725,0.074,0.678,0.411,1.141,0.252
2016-12-01 01:48:14.221,233.847,0.095,-0.724,0.074,0.679,0.411,1.141,0.252
2016-12-01 01:48:14.233,233.868,0.095,-0.723,0.074,0.680,0.411,1.141,0.253
2016-12-01 01:48:14.244,233.868,0.095,-0.722,0.074,0.682,0.411,1.141,0.253
2016-12-01 01:48:14.255,233.889,0.096,-0.721,0.074,0.683,0.411,1.141,0.253
2016-12-01 01:48:14.267,233.911,0.096,-0.720,0.074,0.684,0.411,1.141,0.253
2016-12-01 01:48:14.278,233.911,0.096,-0.718,0.074,0.685,0.410,1.141,0.253
2016-12-01 01:48:14.289,233.932,0.096,-0.717,0.074,0.686,0.410,1.141,0.253
2016-12-01 01:48:14.300,233.932,0.097,-0.716,0.075,0.687,0.410,1.141,0.253
2016-12-01 01:48:14.311,233.953,0.097,-0.716,0.075,0.688,0.410,1.141,0.254
2016-12-01 01:48:14.323,233.953,0.097,-0.715,0.075,0.689,0.410,1.141,0.254
2016-12-01 01:48:14.333,233.975,0.097,-0.714,0.075,0.690,0.410,1.141,0.254
2016-12-01 01:48:14.345,233.975,0.097,-0.713,0.075,0.690,0.410,1.141,0.254
2016-12-01 01:48:14.356,233.996,0.097,-0.712,0.075,0.691,0.410,1.141,0.254
2016-12-01 01:48:14.367,233.996,0.097,-0.712,0.075,0.692,0.410,1.141,0.254
2016-12-01 01:48:14.378,234.017,0.097,-0.711,0.075,0.693,0.410,1.141,0.254
2016-12-01 01:48:14.389,234.017,0.097,-0.710,0.075,0.693,0.410,1.141,0.254
2016-12-01 01:48:14.400,234.039,0.098,-0.710,0.075,0.694,0.409,1.140,0.254
2016-12-01 01:48:14.412,234.039,0.098,-0.709,0.075,0.694,0.409,1.140,0.254
2016-12-01 01:48:14.422,234.060,0.098,-0.709,0.075,0.695,0.409,1.140,0.254
2016-12-01 01:48:14.434,234.060,0.098,-0.708,0.075,0.695,0.409,1.140,0.254
2016-12-01 01:48:14.445,234.081,0.098,-0.708,0.076,0.695,0.409,1.140,0.254
2016-12-01 01:48:14.457,234.103,0.098,-0.708,0.076,0.695,0.409,1.140,0.254
2016-12-01 01:48:14.468,234.103,0.098,-0.708,0.076,0.696,0.409,1.140,0.254
2016-12-01 01:48:14.479,234.124,0.098,-0.707,0.075,0.696,0.409,1.140,0.254
2016-12-01 01:48:14.490,234.124,0.098,-0.707,0.075,0.696,0.409,1.140,0.254
2016-12-01 01:48:14.501,234.145,0.098,-0.707,0.076,0.696,0.409,1.140,0.254
2016-12-01 01:48:14.513,234.145,0.098,-0.707,0.076,0.696,0.409,1.140,0.254
2016-12-01 01:48:14.524,234.167,0.098,-0.707,0.076,0.696,0.409,1.141,0.254
2016-12-01 01:48:14.535,234.167,0.098,-0.707,0.076,0.696,0.409,1.140,0.254
2016-12-01 01:48:14.546,234.188,0.098,-0.707,0.076,0.696,0.409,1.141,0.254
2016-12-01 01:48:14.557,234.188,0.098,-0.707,0.076,0.696,0.409,1.141,0.254
2016-12-01 01:48:14.568,234.209,0.098,-0.707,0.076,0.696,0.409,1.141,0.254
2016-12-01 01:48:14.580,234.209,0.098,-0.707,0.075,0.696,0.409,1.141,0.254
2016-12-01 01:48:14.590,234.231,0.097,-0.708,0.075,0.696,0.409,1.141,0.254
2016-12-01 01:48:14.601,234.231,0.097,-0.708,0.075,0.696,0.409,1.141,0.253
2016-12-01 01:48:14.613,234.252,0.096,-0.708,0.075,0.695,0.409,1.141,0.253
2016-12-01 01:48:14.624,234.252,0.096,-0.708,0.075,0.695,0.409,1.141,0.253
2016-12-01 01:48:14.635,234.273,0.095,-0.709,0.074,0.695,0.409,1.141,0.253
2016-12-01 01:48:14.647,234.295,0.095,-0.709,0.074,0.694,0.409,1.141,0.253
2016-12-01 01:48:14.658,234.295,0.094,-0.710,0.074,0.694,0.409,1.141,0.253
2016-12-01 01:48:14.669,234.316,0.093,-0.711,0.073,0.693,0.409,1.142,0.253
2016-12-01 01:48:14.680,234.316,0.092,-0.712,0.073,0.693,0.409,1.142,0.253
2016-12-01 01:48:14.691,234.316,0.091,-0.713,0.072,0.692,0.409,1.142,0.252
2016-12-01 01:48:14.702,234.337,0.090,-0.714,0.072,0.691,0.409,1.142,0.252
2016-12-01 01:48:14.714,234.337,0.089,-0.715,0.071,0.690,0.409,1.142,0.252
2016-12-01 01:48:14.724,234.359,0.088,-0.716,0.070,0.689,0.410,1.143,0.252
2016-12-01 01:48:14.735,234.359,0.086,-0.718,0.069,0.688,0.410,1.143,0.251
2016-12-01 01:48:14.747,234.380,0.085,-0.719,0.068,0.686,0.410,1.143,0.251
2016-12-01 01:48:14.758,234.401,0.084,-0.721,0.067,0.685,0.410,1.144,0.251
2016-12-01 01:48:14.769,234.401,0.083,-0.722,0.066,0.683,0.410,1.144,0.251
2016-12-01 01:48:14.780,234.423,0.081,-0.724,0.065,0.682,0.411,1.144,0.250
2016-12-01 01:48:14.791,234.423,0.080,-0.726,0.064,0.680,0.411,1.145,0.250
2016-12-01 01:48:14.803,234.444,0.078,-0.727,0.063,0.679,0.411,1.145,0.250
2016-12-01 01:48:14.814,234.444,0.076,-0.729,0.062,0.677,0.411,1.145,0.250
2016-12-01 01:48:14.825,234.465,0.074,-0.731,0.061,0.676,0.412,1.146,0.250
2016-12-01 01:48:14.836,234.487,0.073,-0.732,0.059,0.674,0.412,1.146,0.249
2016-12-01 01:48:14.848,234.487,0.071,-0.734,0.058,0.673,0.412,1.147,0.249
2016-12-01 01:48:14.859,234.487,0.070,-0.735,0.057,0.672,0.413,1.147,0.249
2016-12-01 01:48:14.870,234.508,0.068,-0.737,0.056,0.671,0.413,1.147,0.249
2016-12-01 01:48:14.881,234.508,0.067,-0.738,0.055,0.669,0.414,1.148,0.249
2016-12-01 01:48:14.892,234.529,0.065,-0.739,0.054,0.668,0.414,1.148,0.249
2016-12-01 01:48:14.903,234.529,0.063,-0.740,0.053,0.667,0.414,1.148,0.248
2016-12-01 01:48:14.914,234.551,0.062,-0.742,0.052,0.666,0.415,1.149,0.248
2016-12-01 01:48:14.926,234.572,0.060,-0.743,0.051,0.665,0.415,1.149,0.248
2016-12-01 01:48:14.937,234.572,0.058,-0.744,0.050,0.664,0.416,1.150,0.248
2016-12-01 01:48:14.948,234.593,0.057,-0.745,0.048,0.663,0.416,1.150,0.248
2016-12-01 01:48:14.959,234.593,0.055,-0.746,0.047,0.661,0.417,1.150,0.248
2016-12-01 01:48:14.971,234.615,0.054,-0.748,0.046,0.660,0.417,1.151,0.247
2016-12-01 01:48:14.982,234.615,0.053,-0.749,0.044,0.659,0.417,1.151,0.247
2016-12-01 01:48:14.992,234.636,0.051,-0.750,0.043,0.659,0.418,1.151,0.247
2016-12-01 01:48:15.004,234.636,0.050,-0.751,0.042,0.658,0.419,1.151,0.247
2016-12-01 01:48:15.015,234.657,0.049,-0.752,0.042,0.657,0.419,1.152,0.247
2016-12-01 01:48:15.026,234.657,0.047,-0.753,0.041,0.656,0.420,1.152,0.247
2016-12-01 01:48:15.037,234.679,0.046,-0.754,0.040,0.655,0.420,1.152,0.247
2016-12-01 01:48:15.049,234.679,0.045,-0.755,0.039,0.654,0.421,1.152,0.247
2016-12-01 01:48:15.060,234.700,0.043,-0.756,0.038,0.653,0.421,1.153,0.247
2016-12-01 01:48:15.071,234.700,0.042,-0.757,0.037,0.652,0.422,1.153,0.247
2016-12-01 01:48:15.082,234.721,0.041,-0.758,0.036,0.651,0.422,1.153,0.247
2016-12-01 01:48:15.094,234.721,0.039,-0.758,0.035,0.650,0.423,1.153,0.247
2016-12-01 01:48:15.104,234.743,0.038,-0.759,0.034,0.649,0.423,1.154,0.246
2016-12-01 01:48:15.116,234.764,0.037,-0.760,0.033,0.647,0.424,1.154,0.247
2016-12-01 01:48:15.126,234.764,0.036,-0.762,0.032,0.646,0.424,1.154,0.247
2016-12-01 01:48:15.138,234.785,0.034,-0.763,0.031,0.645,0.425,1.154,0.247
2016-12-01 01:48:15.149,234.785,0.033,-0.764,0.030,0.644,0.425,1.154,0.247
2016-12-01 01:48:15.160,234.807,0.032,-0.765,0.029,0.643,0.426,1.155,0.247
2016-12-01 01:48:15.172,234.807,0.031,-0.766,0.028,0.642,0.426,1.155,0.247
2016-12-01 01:48:15.182,234.807,0.031,-0.767,0.027,0.640,0.427,1.155,0.247
2016-12-01 01:48:15.194,234.828,0.030,-0.768,0.026,0.639,0.427,1.155,0.247
2016-12-01 01:48:15.205,234.828,0.029,-0.770,0.025,0.637,0.427,1.155,0.247
2016-12-01 01:48:15.216,234.849,0.028,-0.771,0.024,0.636,0.428,1.156,0.247
2016-12-01 01:48:15.227,234.871,0.027,-0.772,0.023,0.635,0.428,1.156,0.247
2016-12-01 01:48:15.239,234.871,0.026,-0.773,0.022,0.633,0.428,1.156,0.247
2016-12-01 01:48:15.250,234.892,0.025,-0.774,0.021,0.632,0.429,1.156,0.247
2016-12-01 01:48:15.261,234.892,0.025,-0.775,0.021,0.631,0.429,1.156,0.246
2016-12-01 01:48:15.272,234.913,0.024,-0.776,0.020,0.629,0.430,1.156,0.247
2016-12-01 01:48:15.283,234.913,0.024,-0.777,0.019,0.628,0.430,1.156,0.246
2016-12-01 01:48:15.294,234.935,0.023,-0.778,0.019,0.627,0.430,1.157,0.246
2016-12-01 01:48:15.305,234.935,0.022,-0.779,0.018,0.626,0.431,1.157,0.247
2016-12-01 01:48:15.316,234.956,0.020,-0.780,0.017,0.625,0.431,1.157,0.247
2016-12-01 01:48:15.328,234.977,0.019,-0.781,0.017,0.624,0.431,1.157,0.247
2016-12-01 01:48:15.339,234.977,0.017,-0.782,0.016,0.623,0.432,1.157,0.247
2016-12-01 01:48:15.350,234.977,0.016,-0.783,0.016,0.622,0.432,1.157,0.246
2016-12-01 01:48:15.361,234.999,0.015,-0.783,0.015,0.621,0.432,1.157,0.247
2016-12-01 01:48:15.372,234.999,0.014,-0.784,0.014,0.620,0.432,1.157,0.247
2016-12-01 01:48:15.383,235.020,0.013,-0.785,0.014,0.620,0.433,1.158,0.246
2016-12-01 01:48:15.395,235.020,0.012,-0.785,0.013,0.619,0.433,1.158,0.246
2016-12-01 01:48:15.406,235.041,0.011,-0.786,0.013,0.618,0.433,1.158,0.246
2016-12-01 01:48:15.417,235.063,0.010,-0.786,0.012,0.618,0.433,1.158,0.247
2016-12-01 01:48:15.428,235.063,0.009,-0.787,0.012,0.617,0.434,1.158,0.247
2016-12-01 01:48:15.439,235.084,0.009,-0.787,0.011,0.616,0.434,1.158,0.247
2016-12-01 01:48:15.451,235.084,0.008,-0.788,0.011,0.616,0.434,1.158,0.247
2016-12-01 01:48:15.462,235.105,0.008,-0.788,0.011,0.615,0.434,1.158,0.247
2016-12-01 01:48:15.473,235.105,0.007,-0.789,0.010,0.614,0.434,1.158,0.247
2016-12-01 01:48:15.484,235.127,0.007,-0.789,0.010,0.614,0.435,1.158,0.247
2016-12-01 01:48:15.495,235.127,0.006,-0.790,0.009,0.613,0.435,1.158,0.247
2016-12-01 01:48:15.506,235.148,0.006,-0.790,0.009,0.613,0.435,1.158,0.247
2016-12-01 01:48:15.517,235.148,0.006,-0.791,0.009,0.612,0.435,1.158,0.247
2016-12-01 01:48:15.529,235.169,0.006,-0.791,0.008,0.612,0.435,1.158,0.248
2016-12-01 01:48:15.540,235.169,0.006,-0.791,0.008,0.611,0.436,1.158,0.248
2016-12-01 01:48:15.551,235.191,0.006,-0.792,0.008,0.611,0.435,1.159,0.248
2016-12-01 01:48:15.562,235.191,0.006,-0.792,0.008,0.610,0.436,1.159,0.248
2016-12-01 01:48:15.573,235.212,0.005,-0.793,0.008,0.610,0.436,1.158,0.248
2016-12-01 01:48:15.585,235.212,0.005,-0.793,0.008,0.609,0.436,1.158,0.248
2016-12-01 01:48:15.596,235.233,0.005,-0.794,0.007,0.608,0.436,1.158,0.248
2016-12-01 01:48:15.607,235.255,0.005,-0.794,0.007,0.608,0.436,1.158,0.248
2016-12-01 01:48:15.618,235.255,0.005,-0.795,0.007,0.607,0.436,1.158,0.248
2016-12-01 01:48:15.629,235.276,0.005,-0.795,0.008,0.606,0.436,1.158,0.248
2016-12-01 01:48:15.641,235.276,0.005,-0.796,0.008,0.605,0.436,1.158,0.248
2016-12-01 01:48:15.652,235.297,0.005,-0.797,0.008,0.604,0.436,1.158,0.248
2016-12-01 01:48:15.663,235.297,0.005,-0.797,0.008,0.604,0.437,1.158,0.248
2016-12-01 01:48:15.674,235.297,0.005,-0.798,0.009,0.603,0.437,1.158,0.248
2016-12-01 01:48:15.685,235.319,0.006,-0.798,0.009,0.602,0.437,1.158,0.248
2016-12-01 01:48:15.697,235.340,0.006,-0.799,0.009,0.601,0.437,1.157,0.248
2016-12-01 01:48:15.708,235.340,0.006,-0.799,0.009,0.601,0.437,1.157,0.248
2016-12-01 01:48:15.718,235.361,0.006,-0.800,0.009,0.600,0.437,1.157,0.248
2016-12-01 01:48:15.730,235.361,0.006,-0.801,0.010,0.599,0.437,1.157,0.248
2016-12-01 01:48:15.741,235.383,0.006,-0.801,0.010,0.598,0.437,1.157,0.248
2016-12-01 01:48:15.752,235.383,0.007,-0.802,0.010,0.597,0.437,1.157,0.248
2016-12-01 01:48:15.764,235.404,0.007,-0.803,0.010,0.597,0.437,1.157,0.248
2016-12-01 01:48:15.775,235.404,0.007,-0.803,0.010,0.596,0.437,1.157,0.248
2016-12-01 01:48:15.786,235.425,0.007,-0.804,0.010,0.595,0.437,1.157,0.248
2016-12-01 01:48:15.797,235.447,0.007,-0.804,0.010,0.594,0.437,1.157,0.248
2016-12-01 01:48:15.808,235.447,0.007,-0.805,0.010,0.593,0.437,1.157,0.248
2016-12-01 01:48:15.819,235.468,0.007,-0.806,0.010,0.592,0.437,1.157,0.248
2016-12-01 01:48:15.830,235.468,0.007,-0.806,0.010,0.592,0.437,1.157,0.248
2016-12-01 01:48:15.841,235.468,0.007,-0.807,0.011,0.591,0.437,1.157,0.248
2016-12-01 01:48:15.853,235.489,0.007,-0.807,0.010,0.590,0.437,1.157,0.248
2016-12-01 01:48:15.864,235.489,0.007,-0.808,0.010,0.589,0.437,1.157,0.248
2016-12-01 01:48:15.875,235.511,0.007,-0.808,0.010,0.589,0.437,1.157,0.248
2016-12-01 01:48:15.886,235.532,0.007,-0.809,0.010,0.588,0.437,1.157,0.248
2016-12-01 01:48:15.897,235.532,0.007,-0.809,0.010,0.587,0.437,1.157,0.248
2016-12-01 01:48:15.908,235.553,0.007,-0.810,0.010,0.586,0.437,1.157,0.248
2016-12-01 01:48:15.920,235.553,0.007,-0.810,0.010,0.586,0.437,1.157,0.248
2016-12-01 01:48:15.930,235.575,0.007,-0.811,0.010,0.585,0.437,1.157,0.248
2016-12-01 01:48:15.942,235.575,0.007,-0.811,0.010,0.585,0.437,1.157,0.248
2016-12-01 01:48:15.953,235.596,0.007,-0.812,0.010,0.584,0.436,1.157,0.248
2016-12-01 01:48:15.965,235.596,0.007,-0.812,0.010,0.583,0.437,1.157,0.248
2016-12-01 01:48:15.976,235.617,0.007,-0.812,0.010,0.583,0.436,1.157,0.248
2016-12-01 01:48:15.987,235.617,0.007,-0.813,0.011,0.582,0.436,1.157,0.247
2016-12-01 01:48:15.998,235.639,0.007,-0.813,0.011,0.582,0.436,1.157,0.248
2016-12-01 01:48:16.009,235.639,0.007,-0.814,0.011,0.581,0.436,1.157,0.247
2016-12-01 01:48:16.020,235.660,0.007,-0.814,0.011,0.581,0.436,1.157,0.247
2016-12-01 01:48:16.031,235.660,0.007,-0.814,0.011,0.580,0.436,1.157,0.248
2016-12-01 01:48:16.042,235.681,0.007,-0.815,0.011,0.580,0.436,1.158,0.247
2016-12-01 01:48:16.054,235.681,0.007,-0.815,0.011,0.579,0.436,1.158,0.247
2016-12-01 01:48:16.065,235.703,0.007,-0.816,0.011,0.578,0.436,1.157,0.247
2016-12-01 01:48:16.077,235.724,0.007,-0.816,0.011,0.578,0.435,1.157,0.247
2016-12-01 01:48:16.087,235.724,0.007,-0.817,0.012,0.577,0.435,1.157,0.247
2016-12-01 01:48:16.098,235.745,0.008,-0.817,0.012,0.576,0.435,1.157,0.247
2016-12-01 01:48:16.110,235.745,0.008,-0.818,0.012,0.576,0.435,1.157,0.247
2016-12-01 01:48:16.120,235.767,0.008,-0.818,0.012,0.575,0.435,1.157,0.247
2016-12-01 01:48:16.131,235.767,0.008,-0.819,0.012,0.574,0.435,1.157,0.247
2016-12-01 01:48:16.143,235.788,0.008,-0.819,0.012,0.574,0.435,1.157,0.247
2016-12-01 01:48:16.155,235.788,0.009,-0.819,0.012,0.573,0.434,1.157,0.247
2016-12-01 01:48:16.165,235.788,0.009,-0.820,0.013,0.572,0.434,1.157,0.247
2016-12-01 01:48:16.177,235.809,0.009,-0.820,0.013,0.572,0.434,1.157,0.247
2016-12-01 01:48:16.188,235.831,0.009,-0.821,0.013,0.571,0.434,1.157,0.247
2016-12-01 01:48:16.199,235.831,0.009,-0.821,0.013,0.570,0.434,1.157,0.247
2016-12-01 01:48:16.210,235.852,0.009,-0.822,0.013,0.569,0.434,1.157,0.247
2016-12-01 01:48:16.221,235.852,0.009,-0.823,0.013,0.568,0.434,1.157,0.247
2016-12-01 01:48:16.232,235.873,0.009,-0.823,0.012,0.568,0.434,1.157,0.247
2016-12-01 01:48:16.244,235.873,0.009,-0.824,0.012,0.567,0.434,1.157,0.247
2016-12-01 01:48:16.254,235.895,0.009,-0.824,0.012,0.566,0.434,1.157,0.247
2016-12-01 01:48:16.266,235.916,0.009,-0.825,0.011,0.565,0.434,1.157,0.247
2016-12-01 01:48:16.277,235.916,0.010,-0.825,0.011,0.565,0.434,1.158,0.247
2016-12-01 01:48:16.288,235.937,0.010,-0.826,0.011,0.564,0.434,1.158,0.247
2016-12-01 01:48:16.300,235.937,0.010,-0.826,0.010,0.563,0.433,1.158,0.247
2016-12-01 01:48:16.310,235.937,0.010,-0.827,0.010,0.562,0.433,1.158,0.247
2016-12-01 01:48:16.321,235.937,0.011,-0.827,0.009,0.562,0.433,1.158,0.247
2016-12-01 01:48:16.333,235.937,0.011,-0.828,0.008,0.561,0.433,1.158,0.247
2016-12-01 01:48:16.344,235.959,0.011,-0.828,0.008,0.560,0.433,1.158,0.247
2016-12-01 01:48:16.355,235.959,0.011,-0.829,0.007,0.560,0.433,1.158,0.247
2016-12-01 01:48:16.366,235.980,0.011,-0.829,0.007,0.559,0.433,1.158,0.247
2016-12-01 01:48:16.378,236.001,0.011,-0.830,0.006,0.558,0.433,1.158,0.247
2016-12-01 01:48:16.389,236.001,0.011,-0.830,0.006,0.557,0.433,1.158,0.247
2016-12-01 01:48:16.400,236.023,0.011,-0.831,0.005,0.557,0.433,1.158,0.247
2016-12-01 01:48:16.411,236.023,0.011,-0.831,0.005,0.556,0.433,1.158,0.247
2016-12-01 01:48:16.422,236.044,0.011,-0.831,0.005,0.555,0.433,1.159,0.247
2016-12-01 01:48:16.434,236.044,0.011,-0.832,0.004,0.555,0.433,1.159,0.248
2016-12-01 01:48:16.445,236.065,0.011,-0.832,0.004,0.554,0.433,1.159,0.248
2016-12-01 01:48:16.456,236.087,0.011,-0.833,0.004,0.554,0.433,1.159,0.248
2016-12-01 01:48:16.467,236.087,0.011,-0.833,0.004,0.553,0.433,1.159,0.248
2016-12-01 01:48:16.478,236.087,0.011,-0.833,0.004,0.552,0.433,1.158,0.248
2016-12-01 01:48:16.489,236.108,0.011,-0.834,0.004,0.552,0.433,1.158,0.248
2016-12-01 01:48:16.501,236.108,0.011,-0.834,0.004,0.551,0.433,1.158,0.248
2016-12-01 01:48:16.511,236.129,0.011,-0.834,0.004,0.551,0.433,1.158,0.248
2016-12-01 01:48:16.523,236.129,0.012,-0.835,0.004,0.551,0.433,1.158,0.248
2016-12-01 01:48:16.534,236.151,0.012,-0.835,0.004,0.550,0.434,1.158,0.249
2016-12-01 01:48:16.546,236.151,0.012,-0.835,0.004,0.550,0.434,1.158,0.249
2016-12-01 01:48:16.556,236.172,0.012,-0.836,0.004,0.549,0.434,1.158,0.249
2016-12-01 01:48:16.568,236.193,0.012,-0.836,0.004,0.549,0.434,1.158,0.249
2016-12-01 01:48:16.579,236.193,0.013,-0.836,0.004,0.548,0.434,1.158,0.249
2016-12-01 01:48:16.590,236.215,0.013,-0.836,0.004,0.548,0.434,1.158,0.249
2016-12-01 01:48:16.601,236.215,0.013,-0.837,0.004,0.548,0.434,1.158,0.249
2016-12-01 01:48:16.612,236.236,0.013,-0.837,0.004,0.547,0.434,1.158,0.249
2016-12-01 01:48:16.624,236.236,0.014,-0.837,0.004,0.547,0.434,1.158,0.249
2016-12-01 01:48:16.634,236.257,0.014,-0.837,0.004,0.547,0.434,1.158,0.250
2016-12-01 01:48:16.646,236.257,0.014,-0.837,0.003,0.546,0.434,1.158,0.250
2016-12-01 01:48:16.657,236.279,0.014,-0.838,0.003,0.546,0.434,1.158,0.250
2016-12-01 01:48:16.668,236.279,0.014,-0.838,0.003,0.546,0.434,1.158,0.250
2016-12-01 01:48:16.679,236.300,0.015,-0.838,0.003,0.545,0.434,1.158,0.250
2016-12-01 01:48:16.690,236.300,0.015,-0.838,0.003,0.545,0.434,1.158,0.250
2016-12-01 01:48:16.701,236.321,0.015,-0.839,0.003,0.545,0.434,1.158,0.250
2016-12-01 01:48:16.714,236.321,0.016,-0.839,0.003,0.544,0.434,1.158,0.251
2016-12-01 01:48:16.724,236.343,0.016,-0.839,0.003,0.544,0.434,1.158,0.251
2016-12-01 01:48:16.736,236.343,0.016,-0.839,0.003,0.544,0.434,1.158,0.251
2016-12-01 01:48:16.746,236.364,0.016,-0.840,0.003,0.543,0.434,1.158,0.251
2016-12-01 01:48:16.758,236.385,0.016,-0.840,0.003,0.543,0.434,1.158,0.251
2016-12-01 01:48:16.769,236.385,0.016,-0.840,0.002,0.542,0.433,1.158,0.251
2016-12-01 01:48:16.780,236.407,0.016,-0.841,0.002,0.541,0.433,1.158,0.251
2016-12-01 01:48:16.791,236.407,0.016,-0.841,0.002,0.540,0.433,1.158,0.251
2016-12-01 01:48:16.802,236.407,0.016,-0.842,0.002,0.539,0.433,1.158,0.251
2016-12-01 01:48:16.813,236.428,0.017,-0.843,0.002,0.538,0.433,1.158,0.251
2016-12-01 01:48:16.824,236.428,0.017,-0.843,0.002,0.537,0.433,1.158,0.251
2016-12-01 01:48:16.835,236.449,0.017,-0.844,0.002,0.537,0.433,1.158,0.251
2016-12-01 01:48:16.847,236.471,0.017,-0.844,0.003,0.536,0.433,1.158,0.251
2016-12-01 01:48:16.858,236.471,0.017,-0.845,0.003,0.535,0.433,1.158,0.251
2016-12-01 01:48:16.869,236.492,0.017,-0.845,0.003,0.534,0.433,1.158,0.251
2016-12-01 01:48:16.880,236.492,0.018,-0.846,0.003,0.534,0.433,1.158,0.251
2016-12-01 01:48:16.892,236.513,0.018,-0.846,0.003,0.533,0.433,1.158,0.251
2016-12-01 01:48:16.903,236.513,0.018,-0.846,0.003,0.532,0.433,1.158,0.251
2016-12-01 01:48:16.914,236.535,0.018,-0.847,0.003,0.532,0.433,1.158,0.251
2016-12-01 01:48:16.925,236.535,0.018,-0.847,0.004,0.532,0.433,1.158,0.251
2016-12-01 01:48:16.936,236.556,0.018,-0.847,0.004,0.531,0.433,1.158,0.252
2016-12-01 01:48:16.948,236.577,0.019,-0.847,0.004,0.531,0.433,1.158,0.252
2016-12-01 01:48:16.959,236.577,0.019,-0.847,0.004,0.531,0.433,1.158,0.252
2016-12-01 01:48:16.969,236.577,0.019,-0.847,0.004,0.531,0.433,1.158,0.252
2016-12-01 01:48:16.981,236.599,0.019,-0.847,0.004,0.531,0.433,1.158,0.252
2016-12-01 01:48:16.992,236.599,0.019,-0.847,0.004,0.531,0.433,1.158,0.252
2016-12-01 01:48:17.003,236.620,0.020,-0.847,0.004,0.531,0.433,1.158,0.252
2016-12-01 01:48:17.015,236.620,0.020,-0.847,0.004,0.531,0.433,1.158,0.252
2016-12-01 01:48:17.025,236.641,0.020,-0.847,0.004,0.531,0.433,1.158,0.252
2016-12-01 01:48:17.037,236.663,0.021,-0.847,0.004,0.531,0.433,1.158,0.252
2016-12-01 01:48:17.048,236.663,0.021,-0.847,0.004,0.531,0.433,1.158,0.252
2016-12-01 01:48:17.059,236.684,0.021,-0.847,0.004,0.531,0.433,1.158,0.252
2016-12-01 01:48:17.070,236.684,0.022,-0.847,0.005,0.531,0.433,1.157,0.253
2016-12-01 01:48:17.082,236.705,0.022,-0.847,0.005,0.531,0.432,1.158,0.252
2016-12-01 01:48:17.093,236.705,0.023,-0.847,0.005,0.531,0.432,1.157,0.252
2016-12-01 01:48:17.104,236.727,0.023,-0.847,0.005,0.531,0.432,1.157,0.252
2016-12-01 01:48:17.115,236.727,0.023,-0.847,0.005,0.531,0.432,1.157,0.252
2016-12-01 01:48:17.126,236.748,0.023,-0.847,0.005,0.531,0.432,1.157,0.252
2016-12-01 01:48:17.138,236.748,0.024,-0.847,0.005,0.532,0.432,1.157,0.253
2016-12-01 01:48:17.148,236.769,0.024,-0.847,0.005,0.532,0.432,1.157,0.253
2016-12-01 01:48:17.160,236.769,0.024,-0.846,0.005,0.532,0.432,1.157,0.253
2016-12-01 01:48:17.171,236.791,0.024,-0.846,0.005,0.532,0.432,1.157,0.253
2016-12-01 01:48:17.182,236.791,0.024,-0.846,0.005,0.533,0.432,1.157,0.253
2016-12-01 01:48:17.193,236.812,0.024,-0.846,0.005,0.533,0.432,1.157,0.253
2016-12-01 01:48:17.204,236.812,0.024,-0.846,0.005,0.533,0.432,1.157,0.253
2016-12-01 01:48:17.215,236.833,0.024,-0.845,0.005,0.534,0.432,1.157,0.253
2016-12-01 01:48:17.226,236.855,0.024,-0.845,0.006,0.534,0.432,1.157,0.253
2016-12-01 01:48:17.238,236.855,0.024,-0.845,0.006,0.534,0.432,1.157,0.252
2016-12-01 01:48:17.248,236.876,0.024,-0.845,0.006,0.535,0.432,1.157,0.252
2016-12-01 01:48:17.260,236.876,0.024,-0.844,0.006,0.535,0.432,1.157,0.253
2016-12-01 01:48:17.271,236.897,0.024,-0.844,0.006,0.535,0.432,1.157,0.252
2016-12-01 01:48:17.282,236.897,0.024,-0.844,0.006,0.535,0.432,1.157,0.252
2016-12-01 01:48:17.294,236.897,0.024,-0.844,0.006,0.535,0.432,1.157,0.252
2016-12-01 01:48:17.305,236.919,0.024,-0.844,0.006,0.535,0.432,1.157,0.252
2016-12-01 01:48:17.316,236.940,0.024,-0.844,0.006,0.535,0.432,1.157,0.252
2016-12-01 01:48:17.327,236.940,0.024,-0.844,0.007,0.536,0.432,1.157,0.252
2016-12-01 01:48:17.338,236.961,0.024,-0.844,0.007,0.536,0.433,1.157,0.252
2016-12-01 01:48:17.349,236.961,0.024,-0.844,0.007,0.536,0.433,1.157,0.252
2016-12-01 01:48:17.360,236.983,0.024,-0.844,0.007,0.536,0.433,1.157,0.252
2016-12-01 01:48:17.372,236.983,0.024,-0.844,0.007,0.536,0.433,1.157,0.252
2016-12-01 01:48:17.383,237.004,0.024,-0.844,0.007,0.536,0.433,1.157,0.252
2016-12-01 01:48:17.394,237.004,0.024,-0.843,0.007,0.537,0.433,1.157,0.252
2016-12-01 01:48:17.405,237.025,0.024,-0.843,0.007,0.537,0.433,1.157,0.252
2016-12-01 01:48:17.416,237.047,0.024,-0.843,0.007,0.537,0.433,1.157,0.252
2016-12-01 01:48:17.428,237.047,0.024,-0.843,0.007,0.537,0.433,1.157,0.252
2016-12-01 01:48:17.438,237.068,0.024,-0.843,0.007,0.538,0.433,1.157,0.252
2016-12-01 01:48:17.450,237.068,0.024,-0.843,0.007,0.538,0.433,1.157,0.252
2016-12-01 01:48:17.461,237.068,0.024,-0.842,0.007,0.538,0.433,1.157,0.252
2016-12-01 01:48:17.472,237.089,0.024,-0.842,0.007,0.539,0.433,1.157,0.252
2016-12-01 01:48:17.484,237.089,0.024,-0.842,0.007,0.539,0.432,1.157,0.252
2016-12-01 01:48:17.495,237.111,0.024,-0.842,0.008,0.539,0.433,1.157,0.252
2016-12-01 01:48:17.506,237.111,0.024,-0.841,0.008,0.540,0.432,1.157,0.252
2016-12-01 01:48:17.517,237.132,0.024,-0.841,0.008,0.540,0.432,1.157,0.252
2016-12-01 01:48:17.528,237.153,0.024,-0.841,0.008,0.540,0.432,1.157,0.252
2016-12-01 01:48:17.540,237.153,0.024,-0.841,0.009,0.541,0.432,1.157,0.252
2016-12-01 01:48:17.550,237.175,0.024,-0.841,0.009,0.541,0.432,1.157,0.251
2016-12-01 01:48:17.562,237.175,0.024,-0.840,0.009,0.541,0.432,1.157,0.251
2016-12-01 01:48:17.573,237.196,0.024,-0.840,0.009,0.542,0.432,1.157,0.251
2016-12-01 01:48:17.584,237.196,0.025,-0.840,0.009,0.542,0.432,1.157,0.251
2016-12-01 01:48:17.595,237.217,0.025,-0.840,0.009,0.542,0.432,1.157,0.251
2016-12-01 01:48:17.607,237.217,0.025,-0.840,0.009,0.542,0.432,1.157,0.251
2016-12-01 01:48:17.617,237.239,0.025,-0.840,0.010,0.543,0.432,1.157,0.251
2016-12-01 01:48:17.629,237.239,0.025,-0.839,0.010,0.543,0.432,1.157,0.251
2016-12-01 01:48:17.640,237.260,0.025,-0.839,0.010,0.543,0.432,1.157,0.251
2016-12-01 01:48:17.651,237.260,0.025,-0.839,0.010,0.543,0.432,1.157,0.251
2016-12-01 01:48:17.662,237.281,0.024,-0.839,0.010,0.543,0.432,1.157,0.250
2016-12-01 01:48:17.674,237.281,0.024,-0.839,0.010,0.544,0.432,1.157,0.250
2016-12-01 01:48:17.684,237.303,0.024,-0.839,0.010,0.544,0.432,1.157,0.250
2016-12-01 01:48:17.696,237.303,0.025,-0.839,0.010,0.544,0.432,1.157,0.250
2016-12-01 01:48:17.707,237.324,0.024,-0.839,0.010,0.544,0.432,1.157,0.250
2016-12-01 01:48:17.719,237.345,0.024,-0.839,0.011,0.544,0.432,1.157,0.250
2016-12-01 01:48:17.730,237.345,0.024,-0.839,0.011,0.544,0.432,1.157,0.250
2016-12-01 01:48:17.740,237.367,0.025,-0.839,0.011,0.544,0.432,1.156,0.249
2016-12-01 01:48:17.751,237.367,0.025,-0.839,0.011,0.544,0.432,1.156,0.249
2016-12-01 01:48:17.763,237.388,0.025,-0.838,0.011,0.544,0.432,1.156,0.249
2016-12-01 01:48:17.774,237.388,0.025,-0.838,0.012,0.545,0.431,1.156,0.249
2016-12-01 01:48:17.785,237.388,0.025,-0.838,0.012,0.545,0.431,1.156,0.249
2016-12-01 01:48:17.796,237.409,0.025,-0.838,0.012,0.545,0.431,1.156,0.249
2016-12-01 01:48:17.807,237.431,0.025,-0.838,0.012,0.545,0.431,1.156,0.249
2016-12-01 01:48:17.818,237.431,0.025,-0.838,0.012,0.545,0.431,1.156,0.249
2016-12-01 01:48:17.830,237.452,0.025,-0.838,0.012,0.546,0.431,1.156,0.249
2016-12-01 01:48:17.841,237.452,0.025,-0.837,0.012,0.546,0.431,1.156,0.249
2016-12-01 01:48:17.852,237.473,0.025,-0.837,0.012,0.546,0.431,1.156,0.248
2016-12-01 01:48:17.864,237.473,0.025,-0.837,0.013,0.546,0.431,1.156,0.248
2016-12-01 01:48:17.874,237.495,0.025,-0.837,0.013,0.547,0.431,1.156,0.248
2016-12-01 01:48:17.885,237.495,0.025,-0.837,0.013,0.547,0.431,1.156,0.248
2016-12-01 01:48:17.897,237.516,0.025,-0.836,0.013,0.547,0.431,1.156,0.248
2016-12-01 01:48:17.908,237.537,0.025,-0.836,0.013,0.548,0.431,1.156,0.248
2016-12-01 01:48:17.919,237.537,0.026,-0.836,0.013,0.548,0.431,1.156,0.248
2016-12-01 01:48:17.930,237.537,0.026,-0.836,0.013,0.549,0.431,1.156,0.248
2016-12-01 01:48:17.941,237.559,0.026,-0.835,0.013,0.549,0.431,1.156,0.248
2016-12-01 01:48:17.953,237.559,0.026,-0.835,0.014,0.549,0.431,1.156,0.248
2016-12-01 01:48:17.964,237.580,0.026,-0.835,0.013,0.550,0.431,1.156,0.248
2016-12-01 01:48:17.975,237.580,0.026,-0.835,0.013,0.550,0.431,1.156,0.248
2016-12-01 01:48:17.986,237.601,0.026,-0.834,0.013,0.550,0.431,1.156,0.248
2016-12-01 01:48:17.997,237.623,0.026,-0.834,0.013,0.551,0.431,1.156,0.248
2016-12-01 01:48:18.009,237.623,0.026,-0.834,0.013,0.551,0.431,1.156,0.248
2016-12-01 01:48:18.022,237.644,0.026,-0.834,0.013,0.551,0.431,1.156,0.248
2016-12-01 01:48:18.031,237.644,0.026,-0.834,0.013,0.551,0.431,1.156,0.249
2016-12-01 01:48:18.042,237.665,0.026,-0.833,0.013,0.552,0.432,1.156,0.248
2016-12-01 01:48:18.053,237.665,0.026,-0.833,0.013,0.552,0.432,1.156,0.249
2016-12-01 01:48:18.064,237.687,0.026,-0.833,0.013,0.552,0.432,1.156,0.249
2016-12-01 01:48:18.076,237.708,0.026,-0.833,0.013,0.553,0.432,1.156,0.249
2016-12-01 01:48:18.087,237.708,0.026,-0.833,0.013,0.553,0.432,1.156,0.249
2016-12-01 01:48:18.098,237.708,0.026,-0.832,0.013,0.554,0.432,1.156,0.249
2016-12-01 01:48:18.109,237.729,0.026,-0.832,0.013,0.554,0.432,1.156,0.249
2016-12-01 01:48:18.120,237.729,0.026,-0.832,0.012,0.554,0.432,1.156,0.249
2016-12-01 01:48:18.131,237.751,0.026,-0.832,0.013,0.555,0.432,1.156,0.248
2016-12-01 01:48:18.143,237.751,0.026,-0.831,0.013,0.555,0.431,1.156,0.249
2016-12-01 01:48:18.153,237.772,0.026,-0.831,0.013,0.556,0.431,1.156,0.249
2016-12-01 01:48:18.165,237.772,0.027,-0.830,0.013,0.556,0.431,1.156,0.249
2016-12-01 01:48:18.176,237.793,0.027,-0.830,0.013,0.557,0.431,1.156,0.249
2016-12-01 01:48:18.187,237.815,0.027,-0.829,0.013,0.558,0.431,1.156,0.249
2016-12-01 01:48:18.198,237.815,0.027,-0.829,0.013,0.559,0.431,1.156,0.249
2016-12-01 01:48:18.210,237.836,0.027,-0.828,0.013,0.559,0.431,1.156,0.249
2016-12-01 01:48:18.221,237.836,0.027,-0.828,0.013,0.560,0.431,1.156,0.249
2016-12-01 01:48:18.232,237.857,0.027,-0.827,0.013,0.561,0.431,1.156,0.249
2016-12-01 01:48:18.244,237.857,0.028,-0.827,0.013,0.562,0.431,1.156,0.249
2016-12-01 01:48:18.254,237.879,0.028,-0.826,0.013,0.562,0.431,1.156,0.249
2016-12-01 01:48:18.266,237.879,0.028,-0.826,0.013,0.563,0.431,1.156,0.250
2016-12-01 01:48:18.276,237.900,0.028,-0.825,0.014,0.564,0.431,1.156,0.250
2016-12-01 01:48:18.288,237.900,0.028,-0.825,0.014,0.565,0.431,1.156,0.250
2016-12-01 01:48:18.299,237.921,0.028,-0.824,0.014,0.565,0.431,1.156,0.250
2016-12-01 01:48:18.310,237.921,0.028,-0.824,0.014,0.566,0.431,1.156,0.250
2016-12-01 01:48:18.321,237.943,0.028,-0.823,0.014,0.567,0.431,1.156,0.250
2016-12-01 01:48:18.333,237.943,0.029,-0.822,0.014,0.568,0.430,1.156,0.250
2016-12-01 01:48:18.343,237.964,0.029,-0.822,0.014,0.569,0.430,1.156,0.250
2016-12-01 01:48:18.354,237.964,0.029,-0.821,0.015,0.569,0.430,1.156,0.250
2016-12-01 01:48:18.366,237.985,0.029,-0.821,0.015,0.570,0.430,1.156,0.250
2016-12-01 01:48:18.377,238.007,0.030,-0.820,0.015,0.571,0.430,1.155,0.250
2016-12-01 01:48:18.388,238.007,0.030,-0.820,0.015,0.572,0.430,1.155,0.250
2016-12-01 01:48:18.399,238.028,0.030,-0.820,0.015,0.572,0.430,1.156,0.250
2016-12-01 01:48:18.411,238.028,0.030,-0.819,0.015,0.573,0.430,1.155,0.250
2016-12-01 01:48:18.422,238.028,0.030,-0.819,0.015,0.573,0.430,1.155,0.250
2016-12-01 01:48:18.433,238.049,0.031,-0.819,0.016,0.573,0.430,1.155,0.250
2016-12-01 01:48:18.444,238.049,0.031,-0.818,0.016,0.574,0.430,1.155,0.251
2016-12-01 01:48:18.455,238.071,0.031,-0.818,0.016,0.574,0.430,1.155,0.251
2016-12-01 01:48:18.466,238.092,0.031,-0.818,0.016,0.575,0.430,1.155,0.251
2016-12-01 01:48:18.478,238.092,0.032,-0.817,0.016,0.575,0.429,1.155,0.251
2016-12-01 01:48:18.488,238.113,0.032,-0.817,0.016,0.575,0.429,1.155,0.251
2016-12-01 01:48:18.500,238.113,0.032,-0.817,0.016,0.576,0.429,1.155,0.251
2016-12-01 01:48:18.511,238.135,0.033,-0.817,0.016,0.576,0.429,1.155,0.251
2016-12-01 01:48:18.522,238.135,0.033,-0.816,0.017,0.576,0.429,1.155,0.251
2016-12-01 01:48:18.533,238.156,0.033,-0.816,0.017,0.577,0.429,1.155,0.251
2016-12-01 01:48:18.545,238.156,0.033,-0.816,0.017,0.577,0.429,1.155,0.251
2016-12-01 01:48:18.555,238.177,0.033,-0.816,0.017,0.577,0.429,1.155,0.251
2016-12-01 01:48:18.567,238.199,0.033,-0.816,0.017,0.578,0.429,1.155,0.251
2016-12-01 01:48:18.578,238.199,0.033,-0.815,0.017,0.578,0.429,1.155,0.251
2016-12-01 01:48:18.589,238.199,0.033,-0.815,0.017,0.578,0.429,1.155,0.251
2016-12-01 01:48:18.600,238.220,0.033,-0.815,0.017,0.578,0.429,1.155,0.251
2016-12-01 01:48:18.612,238.220,0.033,-0.815,0.017,0.579,0.428,1.155,0.251
2016-12-01 01:48:18.623,238.241,0.033,-0.814,0.017,0.579,0.428,1.155,0.250
2016-12-01 01:48:18.634,238.241,0.033,-0.814,0.017,0.579,0.428,1.155,0.251
2016-12-01 01:48:18.645,238.263,0.033,-0.814,0.017,0.580,0.429,1.155,0.251
2016-12-01 01:48:18.656,238.263,0.034,-0.814,0.017,0.580,0.429,1.155,0.251
2016-12-01 01:48:18.667,238.284,0.034,-0.813,0.018,0.581,0.429,1.155,0.251
2016-12-01 01:48:18.679,238.305,0.034,-0.813,0.018,0.581,0.428,1.155,0.251
2016-12-01 01:48:18.690,238.305,0.034,-0.813,0.018,0.582,0.428,1.155,0.251
2016-12-01 01:48:18.701,238.327,0.034,-0.812,0.018,0.582,0.428,1.155,0.251
2016-12-01 01:48:18.712,238.327,0.034,-0.812,0.018,0.582,0.428,1.155,0.250
2016-12-01 01:48:18.724,238.348,0.034,-0.812,0.018,0.583,0.428,1.155,0.250
2016-12-01 01:48:18.735,238.348,0.035,-0.811,0.018,0.583,0.428,1.155,0.250
2016-12-01 01:48:18.745,238.348,0.035,-0.811,0.018,0.584,0.428,1.155,0.250
2016-12-01 01:48:18.757,238.369,0.035,-0.811,0.018,0.584,0.428,1.155,0.250
2016-12-01 01:48:18.768,238.391,0.035,-0.811,0.018,0.584,0.428,1.155,0.250
2016-12-01 01:48:18.780,238.391,0.035,-0.810,0.018,0.585,0.428,1.155,0.250
2016-12-01 01:48:18.791,238.412,0.035,-0.810,0.018,0.585,0.428,1.155,0.250
2016-12-01 01:48:18.802,238.412,0.035,-0.810,0.018,0.586,0.428,1.155,0.251
2016-12-01 01:48:18.813,238.433,0.035,-0.809,0.018,0.586,0.428,1.155,0.251
2016-12-01 01:48:18.824,238.433,0.035,-0.809,0.018,0.587,0.428,1.155,0.251
2016-12-01 01:48:18.835,238.455,0.035,-0.809,0.018,0.587,0.428,1.155,0.251
2016-12-01 01:48:18.847,238.476,0.035,-0.808,0.018,0.588,0.428,1.155,0.251
2016-12-01 01:48:18.857,238.476,0.035,-0.808,0.018,0.588,0.428,1.155,0.251
2016-12-01 01:48:18.869,238.497,0.035,-0.807,0.018,0.589,0.428,1.155,0.251
2016-12-01 01:48:18.881,238.497,0.035,-0.807,0.018,0.589,0.428,1.155,0.251
2016-12-01 01:48:18.891,238.519,0.035,-0.807,0.018,0.590,0.428,1.155,0.251
2016-12-01 01:48:18.902,238.519,0.035,-0.806,0.018,0.590,0.428,1.155,0.251
2016-12-01 01:48:18.913,238.519,0.035,-0.806,0.018,0.591,0.428,1.155,0.251
2016-12-01 01:48:18.924,238.540,0.035,-0.805,0.018,0.592,0.428,1.155,0.251
2016-12-01 01:48:18.936,238.561,0.035,-0.805,0.018,0.592,0.428,1.155,0.250
2016-12-01 01:48:18.946,238.561,0.035,-0.805,0.018,0.593,0.428,1.155,0.250
2016-12-01 01:48:18.957,238.583,0.035,-0.804,0.018,0.593,0.428,1.155,0.250
2016-12-01 01:48:18.970,238.583,0.035,-0.804,0.018,0.594,0.428,1.155,0.250
2016-12-01 01:48:18.980,238.604,0.035,-0.803,0.018,0.594,0.428,1.155,0.250
2016-12-01 01:48:18.991,238.604,0.035,-0.803,0.018,0.594,0.428,1.155,0.250
2016-12-01 01:48:19.003,238.625,0.035,-0.803,0.018,0.595,0.428,1.155,0.250
2016-12-01 01:48:19.014,238.625,0.034,-0.803,0.018,0.595,0.428,1.155,0.250
2016-12-01 01:48:19.025,238.647,0.034,-0.802,0.018,0.596,0.428,1.155,0.250
2016-12-01 01:48:19.036,238.668,0.034,-0.802,0.018,0.596,0.429,1.155,0.250
2016-12-01 01:48:19.047,238.668,0.034,-0.802,0.018,0.597,0.428,1.155,0.250
2016-12-01 01:48:19.058,238.689,0.034,-0.801,0.018,0.597,0.429,1.155,0.250
2016-12-01 01:48:19.070,238.689,0.034,-0.801,0.018,0.598,0.429,1.155,0.250
2016-12-01 01:48:19.081,238.689,0.034,-0.801,0.018,0.598,0.429,1.155,0.250
2016-12-01 01:48:19.092,238.711,0.034,-0.800,0.018,0.599,0.429,1.155,0.250
2016-12-01 01:48:19.104,238.711,0.034,-0.800,0.018,0.599,0.429,1.155,0.250
2016-12-01 01:48:19.114,238.732,0.034,-0.799,0.018,0.600,0.429,1.155,0.250
2016-12-01 01:48:19.125,238.732,0.034,-0.799,0.018,0.601,0.429,1.155,0.250
2016-12-01 01:48:19.136,238.753,0.034,-0.798,0.018,0.601,0.429,1.155,0.250
2016-12-01 01:48:19.148,238.775,0.034,-0.798,0.018,0.602,0.429,1.155,0.250
2016-12-01 01:48:19.159,238.775,0.034,-0.797,0.018,0.602,0.429,1.155,0.250
2016-12-01 01:48:19.170,238.796,0.034,-0.797,0.018,0.603,0.429,1.155,0.250
2016-12-01 01:48:19.181,238.796,0.033,-0.796,0.018,0.604,0.429,1.155,0.250
2016-12-01 01:48:19.193,238.817,0.033,-0.796,0.019,0.604,0.429,1.155,0.250
2016-12-01 01:48:19.204,238.817,0.033,-0.795,0.019,0.605,0.429,1.155,0.250
2016-12-01 01:48:19.215,238.839,0.033,-0.795,0.018,0.606,0.429,1.155,0.250
2016-12-01 01:48:19.226,238.839,0.033,-0.794,0.019,0.606,0.428,1.155,0.250
2016-12-01 01:48:19.237,238.860,0.034,-0.794,0.018,0.607,0.428,1.155,0.250
2016-12-01 01:48:19.249,238.860,0.034,-0.793,0.018,0.608,0.428,1.155,0.250
2016-12-01 01:48:19.260,238.881,0.034,-0.793,0.019,0.608,0.428,1.155,0.250
2016-12-01 01:48:19.271,238.881,0.034,-0.792,0.019,0.609,0.429,1.155,0.250
2016-12-01 01:48:19.282,238.903,0.034,-0.792,0.019,0.610,0.429,1.155,0.250
2016-12-01 01:48:19.293,238.903,0.034,-0.791,0.019,0.610,0.429,1.155,0.250
2016-12-01 01:48:19.304,238.924,0.034,-0.791,0.019,0.611,0.429,1.155,0.250
2016-12-01 01:48:19.315,238.924,0.034,-0.790,0.019,0.612,0.429,1.155,0.250
2016-12-01 01:48:19.326,238.945,0.034,-0.790,0.019,0.612,0.429,1.155,0.250
2016-12-01 01:48:19.338,238.967,0.034,-0.789,0.019,0.613,0.429,1.155,0.250
2016-12-01 01:48:19.349,238.967,0.034,-0.789,0.019,0.613,0.429,1.155,0.250
2016-12-01 01:48:19.360,238.988,0.033,-0.788,0.018,0.614,0.429,1.155,0.250
2016-12-01 01:48:19.372,238.988,0.033,-0.788,0.018,0.615,0.429,1.155,0.249
2016-12-01 01:48:19.382,239.009,0.033,-0.787,0.018,0.615,0.429,1.155,0.249
2016-12-01 01:48:19.394,239.009,0.033,-0.787,0.019,0.616,0.429,1.155,0.249
2016-12-01 01:48:19.405,239.009,0.033,-0.787,0.018,0.616,0.429,1.155,0.249
2016-12-01 01:48:19.416,239.031,0.033,-0.786,0.018,0.617,0.429,1.155,0.249
2016-12-01 01:48:19.427,239.052,0.033,-0.786,0.019,0.617,0.429,1.155,0.250
2016-12-01 01:48:19.439,239.052,0.033,-0.785,0.019,0.618,0.429,1.155,0.249
2016-12-01 01:48:19.449,239.073,0.033,-0.785,0.019,0.619,0.430,1.155,0.249
2016-12-01 01:48:19.461,239.073,0.033,-0.784,0.019,0.619,0.430,1.155,0.249
2016-12-01 01:48:19.471,239.095,0.033,-0.784,0.019,0.620,0.430,1.155,0.249
2016-12-01 01:48:19.483,239.095,0.033,-0.783,0.019,0.621,0.430,1.155,0.249
2016-12-01 01:48:19.494,239.116,0.033,-0.783,0.019,0.621,0.430,1.155,0.249
2016-12-01 01:48:19.505,239.116,0.033,-0.782,0.018,0.622,0.430,1.155,0.249
2016-12-01 01:48:19.516,239.137,0.033,-0.782,0.018,0.622,0.430,1.155,0.249
2016-12-01 01:48:19.528,239.159,0.033,-0.781,0.018,0.623,0.430,1.155,0.249
2016-12-01 01:48:19.539,239.159,0.032,-0.781,0.018,0.624,0.430,1.155,0.249
2016-12-01 01:48:19.550,239.180,0.032,-0.780,0.018,0.625,0.430,1.155,0.249
2016-12-01 01:48:19.561,239.180,0.032,-0.780,0.018,0.625,0.430,1.155,0.249
2016-12-01 01:48:19.572,239.180,0.032,-0.779,0.018,0.626,0.430,1.155,0.249
2016-12-01 01:48:19.584,239.201,0.032,-0.779,0.018,0.627,0.430,1.155,0.249
2016-12-01 01:48:19.595,239.201,0.032,-0.778,0.018,0.627,0.430,1.155,0.249
2016-12-01 01:48:19.606,239.223,0.032,-0.777,0.018,0.628,0.430,1.155,0.249
2016-12-01 01:48:19.617,239.244,0.032,-0.777,0.018,0.629,0.430,1.155,0.249
2016-12-01 01:48:19.628,239.244,0.032,-0.776,0.018,0.629,0.430,1.155,0.249
2016-12-01 01:48:19.639,239.265,0.032,-0.776,0.017,0.630,0.430,1.155,0.249
2016-12-01 01:48:19.650,239.265,0.031,-0.775,0.017,0.631,0.430,1.155,0.249
2016-12-01 01:48:19.661,239.287,0.031,-0.775,0.017,0.631,0.430,1.155,0.249
2016-12-01 01:48:19.673,239.287,0.031,-0.774,0.017,0.632,0.430,1.155,0.249
2016-12-01 01:48:19.684,239.308,0.031,-0.774,0.017,0.633,0.430,1.155,0.249
2016-12-01 01:48:19.695,239.308,0.031,-0.773,0.017,0.633,0.430,1.155,0.249
2016-12-01 01:48:19.706,239.329,0.031,-0.772,0.016,0.634,0.430,1.155,0.249
2016-12-01 01:48:19.718,239.329,0.031,-0.772,0.016,0.635,0.430,1.155,0.249
2016-12-01 01:48:19.729,239.351,0.031,-0.771,0.016,0.635,0.430,1.155,0.249
2016-12-01 01:48:19.740,239.351,0.030,-0.771,0.016,0.636,0.430,1.155,0.249
2016-12-01 01:48:19.751,239.372,0.030,-0.770,0.016,0.637,0.431,1.155,0.250
2016-12-01 01:48:19.762,239.372,0.030,-0.770,0.016,0.637,0.431,1.155,0.250
2016-12-01 01:48:19.773,239.393,0.030,-0.770,0.016,0.638,0.431,1.155,0.250
2016-12-01 01:48:19.785,239.393,0.030,-0.769,0.016,0.638,0.431,1.155,0.250
2016-12-01 01:48:19.796,239.415,0.030,-0.769,0.016,0.639,0.431,1.155,0.249
2016-12-01 01:48:19.807,239.436,0.030,-0.768,0.016,0.639,0.431,1.155,0.249
2016-12-01 01:48:19.818,239.436,0.030,-0.768,0.016,0.640,0.431,1.155,0.249
2016-12-01 01:48:19.829,239.457,0.030,-0.768,0.016,0.640,0.431,1.155,0.249
2016-12-01 01:48:19.841,239.457,0.029,-0.767,0.016,0.640,0.431,1.155,0.249
2016-12-01 01:48:19.851,239.479,0.029,-0.767,0.016,0.641,0.431,1.155,0.249
2016-12-01 01:48:19.863,239.479,0.029,-0.767,0.016,0.641,0.431,1.155,0.249
2016-12-01 01:48:19.873,239.500,0.029,-0.767,0.016,0.641,0.431,1.155,0.249
2016-12-01 01:48:19.885,239.500,0.029,-0.766,0.016,0.642,0.431,1.155,0.249
2016-12-01 01:48:19.896,239.521,0.029,-0.766,0.017,0.642,0.431,1.155,0.249
2016-12-01 01:48:19.908,239.521,0.029,-0.766,0.017,0.642,0.431,1.155,0.249
2016-12-01 01:48:19.919,239.543,0.028,-0.766,0.017,0.642,0.431,1.156,0.249
2016-12-01 01:48:19.930,239.543,0.028,-0.766,0.017,0.642,0.431,1.156,0.249
2016-12-01 01:48:19.941,239.564,0.028,-0.765,0.017,0.643,0.431,1.156,0.249
2016-12-01 01:48:19.952,239.564,0.028,-0.765,0.017,0.643,0.431,1.156,0.248
2016-12-01 01:48:19.963,239.585,0.028,-0.765,0.017,0.643,0.430,1.156,0.248
2016-12-01 01:48:19.975,239.585,0.028,-0.765,0.017,0.643,0.430,1.156,0.248
2016-12-01 01:48:19.986,239.607,0.028,-0.765,0.017,0.643,0.430,1.156,0.248
2016-12-01 01:48:19.997,239.628,0.028,-0.765,0.018,0.643,0.430,1.155,0.248
2016-12-01 01:48:20.008,239.628,0.028,-0.765,0.018,0.643,0.430,1.155,0.248
2016-12-01 01:48:20.019,239.649,0.028,-0.765,0.018,0.643,0.430,1.155,0.248
2016-12-01 01:48:20.031,239.649,0.028,-0.765,0.018,0.643,0.430,1.156,0.248
2016-12-01 01:48:20.041,239.649,0.028,-0.765,0.018,0.643,0.430,1.156,0.248
2016-12-01 01:48:20.052,239.671,0.028,-0.765,0.018,0.643,0.430,1.156,0.248
2016-12-01 01:48:20.063,239.671,0.028,-0.765,0.018,0.643,0.430,1.156,0.248
2016-12-01 01:48:20.075,239.692,0.028,-0.766,0.018,0.643,0.430,1.156,0.248
2016-12-01 01:48:20.086,239.713,0.028,-0.766,0.018,0.642,0.430,1.156,0.248
2016-12-01 01:48:20.098,239.713,0.027,-0.766,0.018,0.642,0.430,1.156,0.247
2016-12-01 01:48:20.108,239.735,0.027,-0.766,0.018,0.642,0.430,1.156,0.247
2016-12-01 01:48:20.120,239.735,0.027,-0.766,0.018,0.642,0.430,1.156,0.247
2016-12-01 01:48:20.131,239.756,0.027,-0.766,0.018,0.642,0.430,1.156,0.247
2016-12-01 01:48:20.142,239.756,0.027,-0.766,0.018,0.641,0.430,1.156,0.247
2016-12-01 01:48:20.153,239.777,0.028,-0.766,0.018,0.641,0.430,1.155,0.247
2016-12-01 01:48:20.165,239.777,0.028,-0.767,0.018,0.641,0.430,1.156,0.247
2016-12-01 01:48:20.175,239.799,0.028,-0.767,0.019,0.641,0.430,1.156,0.247
2016-12-01 01:48:20.186,239.820,0.028,-0.767,0.019,0.641,0.430,1.156,0.247
2016-12-01 01:48:20.198,239.820,0.028,-0.767,0.019,0.641,0.430,1.156,0.247
2016-12-01 01:48:20.209,239.820,0.028,-0.767,0.019,0.641,0.430,1.156,0.247
2016-12-01 01:48:20.220,239.841,0.028,-0.767,0.019,0.640,0.430,1.156,0.247
2016-12-01 01:48:20.231,239.841,0.028,-0.767,0.019,0.640,0.430,1.156,0.247
2016-12-01 01:48:20.242,239.863,0.028,-0.768,0.019,0.640,0.430,1.156,0.247
2016-12-01 01:48:20.253,239.863,0.028,-0.768,0.019,0.640,0.430,1.156,0.247
2016-12-01 01:48:20.264,239.884,0.028,-0.768,0.019,0.639,0.430,1.156,0.248
2016-12-01 01:48:20.276,239.905,0.028,-0.768,0.019,0.639,0.430,1.156,0.248
2016-12-01 01:48:20.287,239.905,0.028,-0.769,0.019,0.639,0.430,1.156,0.248
2016-12-01 01:48:20.298,239.927,0.028,-0.769,0.019,0.638,0.430,1.156,0.248
2016-12-01 01:48:20.310,239.927,0.028,-0.769,0.019,0.638,0.430,1.156,0.248
2016-12-01 01:48:20.321,239.948,0.028,-0.769,0.019,0.638,0.431,1.156,0.248
2016-12-01 01:48:20.332,239.948,0.028,-0.770,0.018,0.638,0.431,1.156,0.248
2016-12-01 01:48:20.343,239.969,0.028,-0.770,0.018,0.638,0.431,1.156,0.248
2016-12-01 01:48:20.354,239.969,0.028,-0.770,0.018,0.637,0.431,1.156,0.248
2016-12-01 01:48:20.365,239.991,0.028,-0.770,0.018,0.637,0.431,1.156,0.248
2016-12-01 01:48:20.377,239.991,0.027,-0.770,0.018,0.637,0.431,1.156,0.248
2016-12-01 01:48:20.388,240.012,0.027,-0.770,0.018,0.637,0.431,1.156,0.248
2016-12-01 01:48:20.399,240.012,0.027,-0.770,0.018,0.637,0.431,1.156,0.248
2016-12-01 01:48:20.410,240.033,0.027,-0.770,0.017,0.637,0.431,1.156,0.249
2016-12-01 01:48:20.421,240.033,0.027,-0.770,0.017,0.637,0.431,1.156,0.249
2016-12-01 01:48:20.432,240.055,0.027,-0.771,0.017,0.637,0.431,1.156,0.249
2016-12-01 01:48:20.444,240.055,0.027,-0.771,0.017,0.637,0.431,1.156,0.249
2016-12-01 01:48:20.455,240.076,0.027,-0.771,0.017,0.637,0.431,1.156,0.249
2016-12-01 01:48:20.465,240.076,0.027,-0.771,0.017,0.636,0.431,1.156,0.249
2016-12-01 01:48:20.477,240.097,0.027,-0.771,0.018,0.636,0.431,1.156,0.250
2016-12-01 01:48:20.488,240.119,0.027,-0.771,0.018,0.636,0.431,1.156,0.250
2016-12-01 01:48:20.500,240.119,0.028,-0.771,0.018,0.637,0.431,1.156,0.250
2016-12-01 01:48:20.511,240.140,0.028,-0.770,0.018,0.637,0.431,1.156,0.250
2016-12-01 01:48:20.522,240.140,0.029,-0.770,0.018,0.637,0.431,1.156,0.250
2016-12-01 01:48:20.533,240.140,0.029,-0.770,0.018,0.637,0.431,1.156,0.250
2016-12-01 01:48:20.544,240.161,0.030,-0.770,0.018,0.637,0.431,1.156,0.250
2016-12-01 01:48:20.556,240.161,0.030,-0.770,0.018,0.637,0.431,1.156,0.250
2016-12-01 01:48:20.566,240.183,0.030,-0.770,0.018,0.638,0.431,1.156,0.250
2016-12-01 01:48:20.578,240.204,0.030,-0.769,0.017,0.638,0.431,1.156,0.250
2016-12-01 01:48:20.588,240.204,0.030,-0.769,0.017,0.638,0.431,1.156,0.251
2016-12-01 01:48:20.600,240.225,0.030,-0.769,0.017,0.638,0.431,1.156,0.251
2016-12-01 01:48:20.611,240.225,0.030,-0.769,0.017,0.638,0.430,1.156,0.251
2016-12-01 01:48:20.622,240.247,0.030,-0.769,0.018,0.639,0.430,1.156,0.251
2016-12-01 01:48:20.634,240.247,0.030,-0.769,0.018,0.639,0.430,1.156,0.251
2016-12-01 01:48:20.644,240.268,0.030,-0.768,0.018,0.639,0.430,1.156,0.251
2016-12-01 01:48:20.656,240.268,0.030,-0.768,0.018,0.639,0.430,1.156,0.251
2016-12-01 01:48:20.667,240.289,0.030,-0.768,0.018,0.639,0.430,1.156,0.251
2016-12-01 01:48:20.679,240.311,0.030,-0.768,0.018,0.639,0.430,1.156,0.251
2016-12-01 01:48:20.690,240.311,0.029,-0.768,0.018,0.640,0.430,1.156,0.251
2016-12-01 01:48:20.700,240.311,0.029,-0.768,0.019,0.640,0.430,1.156,0.251
2016-12-01 01:48:20.711,240.332,0.029,-0.768,0.019,0.640,0.429,1.156,0.251
2016-12-01 01:48:20.723,240.332,0.029,-0.768,0.019,0.640,0.429,1.156,0.251
2016-12-01 01:48:20.734,240.353,0.030,-0.768,0.019,0.640,0.429,1.156,0.251
2016-12-01 01:48:20.745,240.353,0.030,-0.768,0.019,0.640,0.429,1.156,0.251
2016-12-01 01:48:20.756,240.375,0.030,-0.768,0.019,0.639,0.429,1.156,0.251
2016-12-01 01:48:20.768,240.396,0.030,-0.768,0.019,0.639,0.429,1.156,0.251
2016-12-01 01:48:20.778,240.396,0.030,-0.768,0.018,0.639,0.429,1.156,0.251
2016-12-01 01:48:20.789,240.417,0.031,-0.768,0.018,0.639,0.429,1.156,0.251
2016-12-01 01:48:20.801,240.417,0.031,-0.769,0.018,0.639,0.429,1.156,0.251
2016-12-01 01:48:20.812,240.439,0.031,-0.769,0.018,0.638,0.429,1.156,0.251
2016-12-01 01:48:20.823,240.439,0.031,-0.769,0.017,0.638,0.429,1.156,0.251
2016-12-01 01:48:20.834,240.460,0.031,-0.770,0.017,0.638,0.428,1.156,0.251
2016-12-01 01:48:20.846,240.460,0.031,-0.770,0.017,0.637,0.429,1.155,0.251
2016-12-01 01:48:20.857,240.481,0.030,-0.770,0.017,0.637,0.428,1.155,0.251
2016-12-01 01:48:20.868,240.481,0.030,-0.771,0.017,0.636,0.428,1.155,0.251
2016-12-01 01:48:20.879,240.503,0.030,-0.772,0.017,0.635,0.428,1.155,0.251
2016-12-01 01:48:20.890,240.503,0.029,-0.772,0.017,0.634,0.428,1.155,0.251
2016-12-01 01:48:20.901,240.524,0.029,-0.773,0.017,0.634,0.428,1.156,0.251
2016-12-01 01:48:20.913,240.524,0.028,-0.774,0.018,0.633,0.428,1.156,0.251
2016-12-01 01:48:20.924,240.545,0.028,-0.774,0.018,0.632,0.428,1.156,0.251
2016-12-01 01:48:20.935,240.545,0.027,-0.775,0.018,0.631,0.428,1.156,0.251
2016-12-01 01:48:20.946,240.567,0.027,-0.776,0.018,0.630,0.428,1.156,0.251
2016-12-01 01:48:20.957,240.588,0.027,-0.777,0.018,0.629,0.428,1.156,0.251
2016-12-01 01:48:20.969,240.588,0.026,-0.778,0.018,0.628,0.428,1.156,0.251
2016-12-01 01:48:20.980,240.609,0.026,-0.778,0.018,0.627,0.428,1.156,0.251
2016-12-01 01:48:20.991,240.609,0.026,-0.779,0.018,0.626,0.428,1.156,0.251
2016-12-01 01:48:21.002,240.631,0.025,-0.780,0.018,0.625,0.428,1.156,0.250
2016-12-01 01:48:21.013,240.631,0.025,-0.781,0.018,0.624,0.428,1.156,0.250
2016-12-01 01:48:21.024,240.631,0.025,-0.782,0.018,0.623,0.428,1.156,0.250
2016-12-01 01:48:21.035,240.652,0.025,-0.783,0.017,0.622,0.428,1.156,0.250
2016-12-01 01:48:21.047,240.673,0.025,-0.784,0.017,0.621,0.428,1.156,0.250
2016-12-01 01:48:21.058,240.673,0.025,-0.784,0.017,0.619,0.428,1.156,0.250
2016-12-01 01:48:21.070,240.695,0.025,-0.785,0.017,0.618,0.428,1.156,0.250
2016-12-01 01:48:21.081,240.695,0.025,-0.786,0.017,0.617,0.428,1.156,0.250
2016-12-01 01:48:21.092,240.716,0.025,-0.787,0.017,0.616,0.428,1.156,0.250
2016-12-01 01:48:21.103,240.716,0.025,-0.788,0.017,0.616,0.428,1.156,0.250
2016-12-01 01:48:21.114,240.737,0.025,-0.788,0.017,0.615,0.428,1.156,0.250
2016-12-01 01:48:21.125,240.737,0.025,-0.789,0.017,0.614,0.428,1.156,0.250
2016-12-01 01:48:21.136,240.759,0.025,-0.790,0.017,0.613,0.428,1.156,0.250
2016-12-01 01:48:21.148,240.780,0.025,-0.791,0.017,0.611,0.429,1.156,0.250
2016-12-01 01:48:21.159,240.780,0.025,-0.792,0.017,0.610,0.429,1.156,0.250
2016-12-01 01:48:21.169,240.801,0.024,-0.792,0.017,0.609,0.429,1.156,0.250
2016-12-01 01:48:21.180,240.801,0.024,-0.793,0.017,0.608,0.429,1.156,0.250
2016-12-01 01:48:21.192,240.801,0.023,-0.794,0.017,0.607,0.429,1.156,0.250
2016-12-01 01:48:21.203,240.823,0.023,-0.795,0.017,0.606,0.429,1.156,0.249
2016-12-01 01:48:21.214,240.823,0.022,-0.796,0.018,0.604,0.429,1.156,0.249
2016-12-01 01:48:21.225,240.844,0.022,-0.798,0.018,0.603,0.429,1.157,0.249
2016-12-01 01:48:21.237,240.865,0.022,-0.799,0.018,0.601,0.429,1.157,0.249
2016-12-01 01:48:21.247,240.865,0.021,-0.800,0.019,0.600,0.430,1.157,0.249
2016-12-01 01:48:21.259,240.887,0.021,-0.801,0.019,0.598,0.430,1.157,0.248
2016-12-01 01:48:21.271,240.887,0.021,-0.802,0.019,0.596,0.430,1.156,0.248
2016-12-01 01:48:21.281,240.908,0.021,-0.803,0.019,0.595,0.430,1.156,0.248
2016-12-01 01:48:21.293,240.908,0.021,-0.805,0.020,0.593,0.430,1.156,0.248
2016-12-01 01:48:21.304,240.929,0.021,-0.806,0.020,0.592,0.430,1.156,0.247
2016-12-01 01:48:21.315,240.929,0.021,-0.807,0.020,0.590,0.430,1.156,0.247
2016-12-01 01:48:21.326,240.951,0.021,-0.808,0.020,0.589,0.430,1.156,0.247
2016-12-01 01:48:21.337,240.951,0.021,-0.809,0.021,0.587,0.430,1.156,0.247
2016-12-01 01:48:21.348,240.972,0.021,-0.810,0.021,0.586,0.430,1.156,0.246
2016-12-01 01:48:21.359,240.972,0.021,-0.811,0.021,0.585,0.430,1.156,0.246
2016-12-01 01:48:21.370,240.993,0.020,-0.812,0.022,0.583,0.430,1.156,0.246
2016-12-01 01:48:21.382,240.993,0.020,-0.813,0.022,0.582,0.430,1.156,0.245
2016-12-01 01:48:21.393,241.015,0.020,-0.814,0.022,0.581,0.430,1.156,0.245
2016-12-01 01:48:21.404,241.015,0.020,-0.815,0.023,0.579,0.430,1.156,0.245
2016-12-01 01:48:21.415,241.036,0.019,-0.816,0.023,0.578,0.430,1.156,0.244
2016-12-01 01:48:21.426,241.057,0.019,-0.817,0.023,0.577,0.430,1.156,0.244
2016-12-01 01:48:21.438,241.057,0.019,-0.817,0.023,0.575,0.430,1.156,0.244
2016-12-01 01:48:21.449,241.079,0.019,-0.818,0.024,0.574,0.430,1.156,0.243
2016-12-01 01:48:21.460,241.079,0.019,-0.819,0.024,0.573,0.431,1.156,0.243
2016-12-01 01:48:21.471,241.100,0.018,-0.820,0.024,0.571,0.431,1.156,0.243
2016-12-01 01:48:21.482,241.100,0.018,-0.821,0.025,0.570,0.431,1.156,0.243
2016-12-01 01:48:21.493,241.121,0.018,-0.822,0.025,0.569,0.431,1.156,0.242
2016-12-01 01:48:21.505,241.121,0.018,-0.823,0.025,0.567,0.431,1.156,0.242
2016-12-01 01:48:21.516,241.121,0.018,-0.824,0.026,0.566,0.431,1.156,0.242
2016-12-01 01:48:21.527,241.143,0.018,-0.825,0.026,0.564,0.431,1.156,0.242
2016-12-01 01:48:21.538,241.164,0.017,-0.826,0.026,0.563,0.431,1.156,0.242
2016-12-01 01:48:21.549,241.164,0.017,-0.827,0.026,0.561,0.431,1.156,0.241
2016-12-01 01:48:21.560,241.185,0.017,-0.828,0.026,0.560,0.432,1.156,0.241
2016-12-01 01:48:21.572,241.185,0.017,-0.829,0.026,0.559,0.432,1.156,0.241
2016-12-01 01:48:21.583,241.207,0.017,-0.830,0.026,0.558,0.432,1.156,0.241
2016-12-01 01:48:21.594,241.207,0.017,-0.830,0.026,0.556,0.432,1.156,0.240
2016-12-01 01:48:21.605,241.228,0.016,-0.831,0.026,0.555,0.432,1.156,0.240
2016-12-01 01:48:21.616,241.249,0.016,-0.832,0.026,0.555,0.432,1.156,0.240
2016-12-01 01:48:21.628,241.249,0.016,-0.832,0.026,0.554,0.432,1.156,0.240
2016-12-01 01:48:21.639,241.271,0.016,-0.833,0.026,0.553,0.432,1.156,0.240
2016-12-01 01:48:21.650,241.271,0.016,-0.833,0.026,0.552,0.432,1.156,0.240
2016-12-01 01:48:21.661,241.271,0.016,-0.834,0.026,0.551,0.432,1.156,0.240
2016-12-01 01:48:21.672,241.292,0.016,-0.834,0.026,0.551,0.432,1.156,0.239
2016-12-01 01:48:21.683,241.292,0.016,-0.834,0.026,0.550,0.432,1.156,0.239
2016-12-01 01:48:21.695,241.313,0.016,-0.835,0.026,0.550,0.432,1.156,0.239
2016-12-01 01:48:21.706,241.313,0.016,-0.835,0.026,0.549,0.432,1.156,0.239
2016-12-01 01:48:21.717,241.335,0.015,-0.835,0.026,0.549,0.432,1.156,0.239
2016-12-01 01:48:21.728,241.356,0.015,-0.836,0.026,0.548,0.432,1.157,0.239
2016-12-01 01:48:21.740,241.356,0.015,-0.836,0.026,0.548,0.433,1.157,0.239
2016-12-01 01:48:21.750,241.377,0.015,-0.836,0.026,0.547,0.433,1.157,0.239
2016-12-01 01:48:21.762,241.377,0.015,-0.837,0.026,0.547,0.433,1.157,0.239
2016-12-01 01:48:21.773,241.399,0.015,-0.837,0.026,0.546,0.433,1.157,0.239
2016-12-01 01:48:21.784,241.399,0.016,-0.838,0.026,0.545,0.433,1.157,0.239
2016-12-01 01:48:21.795,241.420,0.016,-0.838,0.026,0.544,0.433,1.157,0.239
2016-12-01 01:48:21.806,241.441,0.015,-0.839,0.026,0.543,0.433,1.157,0.239
2016-12-01 01:48:21.817,241.441,0.015,-0.840,0.025,0.542,0.433,1.157,0.239
2016-12-01 01:48:21.829,241.441,0.015,-0.841,0.025,0.541,0.433,1.157,0.239
2016-12-01 01:48:21.840,241.463,0.015,-0.842,0.025,0.539,0.433,1.157,0.239
2016-12-01 01:48:21.851,241.463,0.015,-0.842,0.025,0.538,0.434,1.157,0.239
2016-12-01 01:48:21.862,241.484,0.015,-0.843,0.025,0.536,0.434,1.157,0.239
2016-12-01 01:48:21.874,241.484,0.015,-0.844,0.025,0.535,0.434,1.157,0.239
2016-12-01 01:48:21.884,241.505,0.015,-0.845,0.025,0.533,0.434,1.157,0.239
2016-12-01 01:48:21.896,241.505,0.014,-0.847,0.025,0.531,0.434,1.157,0.238
2016-12-01 01:48:21.907,241.527,0.013,-0.848,0.025,0.530,0.434,1.157,0.238
2016-12-01 01:48:21.918,241.548,0.013,-0.849,0.025,0.528,0.434,1.157,0.238
2016-12-01 01:48:21.930,241.548,0.013,-0.851,0.024,0.525,0.434,1.157,0.238
2016-12-01 01:48:21.940,241.569,0.012,-0.852,0.023,0.523,0.435,1.157,0.238
2016-12-01 01:48:21.951,241.569,0.012,-0.854,0.022,0.520,0.435,1.158,0.237
2016-12-01 01:48:21.962,241.591,0.011,-0.856,0.021,0.516,0.435,1.158,0.237
2016-12-01 01:48:21.974,241.591,0.011,-0.858,0.019,0.513,0.435,1.158,0.237
2016-12-01 01:48:21.985,241.612,0.011,-0.861,0.018,0.509,0.435,1.158,0.236
2016-12-01 01:48:21.996,241.612,0.010,-0.863,0.016,0.505,0.435,1.158,0.236
2016-12-01 01:48:22.007,241.633,0.010,-0.866,0.015,0.500,0.436,1.159,0.236
2016-12-01 01:48:22.019,241.633,-0.010,0.868,-0.014,-0.495,0.436,1.159,0.236
2016-12-01 01:48:22.030,241.655,-0.010,0.871,-0.013,-0.491,0.437,1.159,0.235
2016-12-01 01:48:22.041,241.655,-0.010,0.874,-0.011,-0.486,0.437,1.159,0.235
2016-12-01 01:48:22.052,241.676,-0.010,0.877,-0.010,-0.481,0.437,1.159,0.235
2016-12-01 01:48:22.064,241.676,-0.010,0.880,-0.009,-0.475,0.438,1.159,0.234
2016-12-01 01:48:22.074,241.697,-0.010,0.883,-0.008,-0.470,0.438,1.160,0.234
2016-12-01 01:48:22.085,241.697,-0.011,0.886,-0.007,-0.464,0.439,1.160,0.234
2016-12-01 01:48:22.097,241.719,-0.011,0.889,-0.005,-0.458,0.439,1.160,0.234
2016-12-01 01:48:22.108,241.740,-0.011,0.891,-0.004,-0.453,0.440,1.160,0.233
2016-12-01 01:48:22.119,241.740,-0.011,0.894,-0.003,-0.447,0.440,1.160,0.233
2016-12-01 01:48:22.130,241.761,-0.012,0.897,-0.001,-0.442,0.441,1.161,0.232
2016-12-01 01:48:22.141,241.761,-0.011,0.900,-0.001,-0.436,0.441,1.161,0.232
2016-12-01 01:48:22.152,241.761,-0.011,0.903,0.000,-0.430,0.442,1.161,0.232
2016-12-01 01:48:22.164,241.783,-0.010,0.906,0.001,-0.423,0.442,1.161,0.231
2016-12-01 01:48:22.175,241.783,-0.010,0.909,0.002,-0.418,0.442,1.161,0.231
2016-12-01 01:48:22.186,241.804,-0.010,0.911,0.002,-0.412,0.443,1.161,0.231
2016-12-01 01:48:22.197,241.825,-0.010,0.914,0.003,-0.407,0.443,1.161,0.230
2016-12-01 01:48:22.209,241.825,-0.010,0.916,0.004,-0.402,0.444,1.161,0.230
2016-12-01 01:48:22.220,241.847,-0.011,0.918,0.004,-0.397,0.444,1.161,0.230
2016-12-01 01:48:22.231,241.847,-0.011,0.920,0.005,-0.392,0.445,1.161,0.229
2016-12-01 01:48:22.242,241.868,-0.010,0.922,0.005,-0.388,0.445,1.161,0.229
2016-12-01 01:48:22.253,241.868,-0.010,0.924,0.006,-0.383,0.446,1.161,0.229
2016-12-01 01:48:22.264,241.889,-0.010,0.925,0.006,-0.379,0.446,1.161,0.228
2016-12-01 01:48:22.276,241.889,-0.010,0.927,0.007,-0.374,0.447,1.161,0.228
2016-12-01 01:48:22.286,241.911,-0.010,0.929,0.007,-0.371,0.447,1.161,0.228
2016-12-01 01:48:22.298,241.932,-0.010,0.930,0.007,-0.367,0.448,1.161,0.228
2016-12-01 01:48:22.309,241.932,-0.010,0.931,0.008,-0.364,0.448,1.161,0.227
2016-12-01 01:48:22.320,241.932,-0.011,0.932,0.008,-0.361,0.449,1.161,0.227
2016-12-01 01:48:22.331,241.953,-0.011,0.934,0.009,-0.358,0.449,1.161,0.227
2016-12-01 01:48:22.343,241.953,-0.011,0.934,0.009,-0.356,0.449,1.161,0.227
2016-12-01 01:48:22.353,241.975,-0.011,0.935,0.010,-0.354,0.450,1.161,0.226
2016-12-01 01:48:22.364,241.975,-0.011,0.936,0.010,-0.352,0.450,1.161,0.226
2016-12-01 01:48:22.375,241.996,-0.011,0.936,0.010,-0.351,0.450,1.161,0.227
2016-12-01 01:48:22.387,242.017,-0.011,0.937,0.010,-0.350,0.451,1.161,0.226
2016-12-01 01:48:22.399,242.017,-0.011,0.937,0.010,-0.349,0.451,1.161,0.226
2016-12-01 01:48:22.410,242.039,-0.011,0.937,0.010,-0.349,0.451,1.161,0.226
2016-12-01 01:48:22.421,242.039,-0.011,0.937,0.010,-0.350,0.451,1.161,0.226
2016-12-01 01:48:22.432,242.060,-0.010,0.937,0.010,-0.350,0.451,1.161,0.226
2016-12-01 01:48:22.443,242.060,-0.010,0.936,0.010,-0.351,0.451,1.161,0.227
2016-12-01 01:48:22.454,242.081,-0.009,0.936,0.010,-0.352,0.451,1.160,0.227
2016-12-01 01:48:22.466,242.081,-0.008,0.935,0.010,-0.354,0.452,1.161,0.227
2016-12-01 01:48:22.476,242.103,-0.008,0.935,0.010,-0.355,0.452,1.161,0.227
2016-12-01 01:48:22.487,242.103,-0.007,0.934,0.010,-0.357,0.452,1.161,0.227
2016-12-01 01:48:22.499,242.124,-0.007,0.933,0.010,-0.359,0.452,1.161,0.227
2016-12-01 01:48:22.510,242.124,-0.006,0.932,0.010,-0.361,0.452,1.161,0.227
2016-12-01 01:48:22.521,242.145,-0.006,0.932,0.010,-0.363,0.452,1.161,0.227
2016-12-01 01:48:22.532,242.145,-0.006,0.931,0.010,-0.365,0.452,1.161,0.227
2016-12-01 01:48:22.543,242.167,-0.006,0.930,0.009,-0.367,0.451,1.161,0.227
2016-12-01 01:48:22.554,242.167,-0.006,0.929,0.009,-0.370,0.451,1.161,0.227
2016-12-01 01:48:22.565,242.188,-0.006,0.928,0.009,-0.372,0.451,1.161,0.227
2016-12-01 01:48:22.578,242.209,-0.005,0.927,0.009,-0.374,0.451,1.161,0.227
2016-12-01 01:48:22.589,242.209,-0.006,0.926,0.009,-0.376,0.451,1.161,0.228
2016-12-01 01:48:22.612,242.231,-0.006,0.925,0.009,-0.381,0.450,1.161,0.228
2016-12-01 01:48:22.622,242.252,-0.006,0.924,0.009,-0.383,0.450,1.161,0.228
2016-12-01 01:48:22.636,242.252,-0.007,0.922,0.009,-0.387,0.450,1.161,0.228
2016-12-01 01:48:22.658,242.273,-0.007,0.920,0.008,-0.392,0.449,1.161,0.228
2016-12-01 01:48:22.680,242.295,-0.008,0.918,0.008,-0.396,0.448,1.161,0.228
2016-12-01 01:48:22.703,242.316,-0.008,0.917,0.007,-0.399,0.448,1.161,0.228
2016-12-01 01:48:22.722,242.337,-0.008,0.916,0.007,-0.401,0.447,1.161,0.228
2016-12-01 01:48:22.733,242.359,-0.008,0.915,0.006,-0.403,0.447,1.161,0.229
2016-12-01 01:48:22.745,242.359,-0.009,0.914,0.006,-0.405,0.447,1.161,0.229
2016-12-01 01:48:22.755,242.380,-0.009,0.914,0.006,-0.407,0.446,1.161,0.229
2016-12-01 01:48:22.767,242.401,-0.009,0.913,0.006,-0.408,0.446,1.160,0.229
2016-12-01 01:48:22.778,242.401,-0.009,0.912,0.006,-0.410,0.446,1.160,0.229
2016-12-01 01:48:22.789,242.423,-0.010,0.911,0.006,-0.412,0.445,1.160,0.229
2016-12-01 01:48:22.801,242.423,-0.010,0.910,0.005,-0.414,0.445,1.160,0.229
2016-12-01 01:48:22.811,242.423,-0.011,0.910,0.005,-0.416,0.445,1.160,0.229
2016-12-01 01:48:22.823,242.444,-0.011,0.909,0.005,-0.417,0.445,1.160,0.229
2016-12-01 01:48:22.834,242.444,-0.012,0.908,0.004,-0.419,0.444,1.160,0.229
2016-12-01 01:48:22.845,242.465,-0.012,0.907,0.004,-0.421,0.444,1.160,0.229
2016-12-01 01:48:22.856,242.465,-0.013,0.906,0.004,-0.423,0.444,1.160,0.230
2016-12-01 01:48:22.867,242.487,-0.013,0.905,0.004,-0.426,0.443,1.160,0.230
2016-12-01 01:48:22.879,242.508,-0.013,0.904,0.004,-0.428,0.443,1.160,0.230
2016-12-01 01:48:22.889,242.508,-0.014,0.903,0.004,-0.430,0.443,1.160,0.230
2016-12-01 01:48:22.901,242.529,-0.014,0.902,0.004,-0.432,0.442,1.160,0.231
2016-12-01 01:48:22.912,242.529,-0.015,0.901,0.004,-0.434,0.442,1.160,0.231
2016-12-01 01:48:22.923,242.551,-0.015,0.900,0.004,-0.436,0.442,1.160,0.231
2016-12-01 01:48:22.935,242.551,-0.015,0.899,0.004,-0.438,0.442,1.160,0.231
2016-12-01 01:48:22.945,242.572,-0.016,0.898,0.004,-0.440,0.441,1.160,0.231
2016-12-01 01:48:22.957,242.572,-0.016,0.897,0.004,-0.443,0.441,1.160,0.232
2016-12-01 01:48:22.968,242.593,-0.017,0.895,0.003,-0.445,0.440,1.160,0.232
2016-12-01 01:48:22.980,242.593,-0.017,0.894,0.003,-0.447,0.440,1.160,0.232
2016-12-01 01:48:22.990,242.615,-0.018,0.893,0.003,-0.450,0.440,1.160,0.232
2016-12-01 01:48:23.002,242.615,-0.018,0.892,0.003,-0.452,0.440,1.160,0.232
2016-12-01 01:48:23.013,242.636,-0.018,0.890,0.003,-0.455,0.439,1.160,0.233
2016-12-01 01:48:23.024,242.636,-0.018,0.889,0.003,-0.457,0.439,1.160,0.233
2016-12-01 01:48:23.035,242.657,-0.019,0.888,0.003,-0.460,0.439,1.160,0.233
2016-12-01 01:48:23.047,242.679,-0.019,0.886,0.003,-0.463,0.439,1.160,0.233
2016-12-01 01:48:23.058,242.679,-0.019,0.885,0.003,-0.465,0.439,1.160,0.234
2016-12-01 01:48:23.068,242.700,-0.019,0.884,0.003,-0.468,0.438,1.159,0.234
2016-12-01 01:48:23.079,242.700,-0.019,0.882,0.003,-0.471,0.438,1.159,0.234
2016-12-01 01:48:23.090,242.721,-0.019,0.880,0.002,-0.474,0.438,1.159,0.234
2016-12-01 01:48:23.102,242.721,-0.020,0.879,0.002,-0.477,0.438,1.159,0.234
2016-12-01 01:48:23.113,242.743,-0.020,0.877,0.002,-0.479,0.437,1.159,0.235
2016-12-01 01:48:23.124,242.743,-0.020,0.876,0.002,-0.482,0.437,1.159,0.235
2016-12-01 01:48:23.135,242.743,-0.020,0.874,0.002,-0.485,0.437,1.159,0.235
2016-12-01 01:48:23.147,242.764,-0.020,0.873,0.002,-0.488,0.437,1.159,0.235
2016-12-01 01:48:23.158,242.785,-0.021,0.871,0.002,-0.491,0.436,1.159,0.235
2016-12-01 01:48:23.170,242.785,-0.021,0.869,0.002,-0.494,0.436,1.159,0.236
2016-12-01 01:48:23.180,242.807,-0.021,0.868,0.002,-0.496,0.436,1.159,0.236
2016-12-01 01:48:23.191,242.807,-0.021,0.866,0.002,-0.499,0.436,1.159,0.236
2016-12-01 01:48:23.203,242.828,0.021,-0.865,-0.002,0.502,0.436,1.159,0.236
2016-12-01 01:48:23.214,242.828,0.022,-0.863,-0.002,0.505,0.436,1.159,0.237
2016-12-01 01:48:23.225,242.849,0.022,-0.861,-0.002,0.507,0.436,1.159,0.237
2016-12-01 01:48:23.236,242.871,0.022,-0.860,-0.002,0.510,0.436,1.159,0.237
2016-12-01 01:48:23.247,242.871,0.023,-0.858,-0.002,0.513,0.436,1.159,0.237
2016-12-01 01:48:23.258,242.892,0.023,-0.856,-0.003,0.516,0.436,1.159,0.237
2016-12-01 01:48:23.270,242.892,0.023,-0.855,-0.003,0.518,0.436,1.159,0.238
2016-12-01 01:48:23.280,242.892,0.023,-0.853,-0.003,0.521,0.436,1.159,0.238
2016-12-01 01:48:23.291,242.913,0.024,-0.852,-0.003,0.524,0.435,1.159,0.238
2016-12-01 01:48:23.303,242.913,0.024,-0.850,-0.003,0.526,0.435,1.159,0.238
2016-12-01 01:48:23.314,242.935,0.024,-0.849,-0.003,0.528,0.435,1.159,0.238
2016-12-01 01:48:23.325,242.935,0.025,-0.847,-0.003,0.531,0.435,1.159,0.238
2016-12-01 01:48:23.336,242.956,0.025,-0.846,-0.003,0.533,0.435,1.159,0.238
2016-12-01 01:48:23.348,242.977,0.025,-0.844,-0.002,0.535,0.435,1.159,0.238
2016-12-01 01:48:23.360,242.977,0.025,-0.843,-0.002,0.537,0.436,1.159,0.238
2016-12-01 01:48:23.370,242.999,0.025,-0.842,-0.002,0.539,0.435,1.158,0.238
2016-12-01 01:48:23.381,242.999,0.025,-0.841,-0.002,0.541,0.435,1.158,0.238
2016-12-01 01:48:23.392,243.020,0.025,-0.840,-0.001,0.542,0.435,1.159,0.238
2016-12-01 01:48:23.404,243.020,0.025,-0.839,-0.001,0.544,0.436,1.158,0.238
2016-12-01 01:48:23.415,243.041,0.025,-0.838,-0.001,0.545,0.436,1.158,0.238
2016-12-01 01:48:23.426,243.041,0.024,-0.837,-0.001,0.547,0.436,1.158,0.238
2016-12-01 01:48:23.437,243.063,0.024,-0.836,-0.001,0.548,0.436,1.158,0.238
2016-12-01 01:48:23.448,243.063,0.024,-0.835,-0.001,0.550,0.436,1.158,0.238
2016-12-01 01:48:23.459,243.084,0.024,-0.834,-0.001,0.551,0.436,1.158,0.238
2016-12-01 01:48:23.471,243.084,0.024,-0.833,-0.001,0.552,0.435,1.158,0.238
2016-12-01 01:48:23.481,243.105,0.024,-0.832,-0.001,0.554,0.435,1.158,0.238
2016-12-01 01:48:23.492,243.105,0.024,-0.832,-0.001,0.555,0.435,1.158,0.238
2016-12-01 01:48:23.504,243.127,0.024,-0.831,-0.001,0.556,0.436,1.158,0.238
2016-12-01 01:48:23.516,243.127,0.024,-0.830,0.000,0.557,0.435,1.158,0.238
2016-12-01 01:48:23.526,243.148,0.024,-0.829,0.000,0.558,0.436,1.159,0.238
2016-12-01 01:48:23.538,243.169,0.024,-0.828,0.000,0.560,0.436,1.159,0.238
2016-12-01 01:48:23.549,243.169,0.024,-0.828,0.000,0.561,0.436,1.159,0.238
2016-12-01 01:48:23.560,243.191,0.024,-0.827,0.000,0.562,0.436,1.159,0.237
2016-12-01 01:48:23.571,243.191,0.024,-0.826,0.000,0.563,0.436,1.158,0.237
2016-12-01 01:48:23.582,243.212,0.023,-0.826,0.000,0.564,0.436,1.159,0.237
2016-12-01 01:48:23.594,243.212,0.023,-0.825,0.000,0.565,0.436,1.159,0.237
2016-12-01 01:48:23.605,243.233,0.023,-0.824,0.000,0.566,0.436,1.158,0.237
2016-12-01 01:48:23.616,243.233,0.023,-0.824,0.000,0.567,0.436,1.159,0.237
2016-12-01 01:48:23.627,243.255,0.023,-0.823,0.001,0.568,0.436,1.158,0.237
2016-12-01 01:48:23.638,243.255,0.023,-0.822,0.001,0.569,0.436,1.158,0.237
2016-12-01 01:48:23.649,243.276,0.023,-0.821,0.001,0.570,0.436,1.158,0.237
2016-12-01 01:48:23.660,243.276,0.023,-0.821,0.002,0.571,0.435,1.158,0.236
2016-12-01 01:48:23.671,243.297,0.023,-0.820,0.002,0.572,0.435,1.158,0.236
2016-12-01 01:48:23.683,243.297,0.023,-0.819,0.002,0.573,0.435,1.158,0.236
2016-12-01 01:48:23.693,243.319,0.023,-0.819,0.002,0.574,0.436,1.158,0.236
2016-12-01 01:48:23.706,243.319,0.022,-0.818,0.003,0.575,0.436,1.158,0.236
2016-12-01 01:48:23.716,243.340,0.022,-0.817,0.003,0.576,0.436,1.158,0.236
2016-12-01 01:48:23.728,243.361,0.022,-0.816,0.003,0.577,0.436,1.158,0.236
2016-12-01 01:48:23.739,243.361,0.022,-0.816,0.003,0.578,0.435,1.158,0.236
2016-12-01 01:48:23.750,243.383,0.022,-0.815,0.004,0.579,0.435,1.158,0.236
2016-12-01 01:48:23.761,243.383,0.022,-0.814,0.004,0.580,0.435,1.158,0.236
2016-12-01 01:48:23.772,243.383,0.022,-0.813,0.004,0.582,0.435,1.158,0.236
2016-12-01 01:48:23.783,243.404,0.022,-0.812,0.004,0.583,0.435,1.158,0.236
2016-12-01 01:48:23.794,243.404,0.022,-0.811,0.004,0.584,0.435,1.158,0.237
2016-12-01 01:48:23.805,243.425,0.023,-0.810,0.005,0.585,0.435,1.158,0.237
2016-12-01 01:48:23.817,243.447,0.023,-0.809,0.005,0.587,0.435,1.158,0.237
2016-12-01 01:48:23.828,243.447,0.023,-0.808,0.005,0.588,0.435,1.157,0.237
2016-12-01 01:48:23.839,243.468,0.023,-0.807,0.005,0.589,0.435,1.157,0.237
2016-12-01 01:48:23.850,243.468,0.024,-0.806,0.006,0.591,0.435,1.157,0.237
2016-12-01 01:48:23.861,243.489,0.024,-0.805,0.006,0.592,0.435,1.157,0.237
2016-12-01 01:48:23.873,243.489,0.024,-0.804,0.006,0.594,0.435,1.157,0.237
2016-12-01 01:48:23.883,243.511,0.024,-0.803,0.006,0.595,0.434,1.157,0.238
2016-12-01 01:48:23.896,243.511,0.024,-0.802,0.006,0.596,0.434,1.157,0.238
2016-12-01 01:48:23.906,243.532,0.024,-0.801,0.006,0.598,0.434,1.157,0.238
2016-12-01 01:48:23.917,243.553,0.024,-0.800,0.006,0.599,0.434,1.157,0.238
2016-12-01 01:48:23.929,243.553,0.025,-0.799,0.006,0.600,0.434,1.157,0.238
2016-12-01 01:48:23.940,243.553,0.025,-0.798,0.006,0.602,0.434,1.157,0.238
2016-12-01 01:48:23.951,243.575,0.025,-0.797,0.006,0.603,0.433,1.157,0.238
2016-12-01 01:48:23.962,243.575,0.025,-0.796,0.007,0.604,0.433,1.157,0.238
2016-12-01 01:48:23.973,243.596,0.025,-0.795,0.007,0.606,0.433,1.157,0.239
2016-12-01 01:48:23.985,243.596,0.026,-0.794,0.007,0.607,0.433,1.157,0.239
2016-12-01 01:48:23.995,243.617,0.026,-0.793,0.007,0.608,0.433,1.157,0.239
2016-12-01 01:48:24.007,243.639,0.026,-0.792,0.008,0.610,0.433,1.157,0.239
2016-12-01 01:48:24.018,243.639,0.026,-0.791,0.008,0.611,0.433,1.157,0.239
2016-12-01 01:48:24.029,243.660,0.026,-0.790,0.008,0.612,0.432,1.157,0.240
2016-12-01 01:48:24.040,243.660,0.026,-0.790,0.008,0.613,0.432,1.157,0.240
2016-12-01 01:48:24.051,243.681,0.027,-0.789,0.008,0.614,0.432,1.157,0.240
2016-12-01 01:48:24.063,243.681,0.027,-0.788,0.008,0.615,0.432,1.156,0.240
2016-12-01 01:48:24.073,243.703,0.027,-0.787,0.009,0.616,0.432,1.156,0.240
2016-12-01 01:48:24.085,243.703,0.028,-0.786,0.009,0.618,0.432,1.156,0.240
2016-12-01 01:48:24.096,243.724,0.028,-0.785,0.009,0.619,0.432,1.156,0.240
2016-12-01 01:48:24.108,243.724,0.028,-0.784,0.009,0.620,0.432,1.156,0.241
2016-12-01 01:48:24.118,243.745,0.028,-0.784,0.009,0.621,0.432,1.156,0.241
2016-12-01 01:48:24.130,243.745,0.029,-0.783,0.009,0.622,0.432,1.156,0.241
2016-12-01 01:48:24.141,243.767,0.029,-0.782,0.009,0.623,0.432,1.156,0.241
2016-12-01 01:48:24.152,243.767,0.029,-0.781,0.009,0.623,0.431,1.156,0.241
2016-12-01 01:48:24.163,243.788,0.029,-0.781,0.009,0.624,0.431,1.156,0.241
2016-12-01 01:48:24.175,243.788,0.029,-0.780,0.009,0.625,0.431,1.156,0.242
2016-12-01 01:48:24.185,243.809,0.029,-0.779,0.009,0.626,0.431,1.156,0.242
2016-12-01 01:48:24.197,243.831,0.030,-0.779,0.009,0.627,0.431,1.156,0.242
2016-12-01 01:48:24.208,243.831,0.030,-0.778,0.009,0.627,0.431,1.156,0.242
2016-12-01 01:48:24.219,243.852,0.030,-0.777,0.009,0.628,0.431,1.156,0.242
2016-12-01 01:48:24.230,243.852,0.030,-0.777,0.009,0.629,0.431,1.156,0.242
2016-12-01 01:48:24.241,243.873,0.031,-0.776,0.009,0.630,0.431,1.156,0.242
2016-12-01 01:48:24.252,243.873,0.031,-0.775,0.009,0.631,0.430,1.156,0.242
2016-12-01 01:48:24.263,243.873,0.031,-0.775,0.009,0.631,0.430,1.156,0.243
2016-12-01 01:48:24.275,243.895,0.032,-0.774,0.009,0.632,0.430,1.156,0.243
2016-12-01 01:48:24.286,243.916,0.032,-0.774,0.009,0.633,0.430,1.156,0.243
2016-12-01 01:48:24.297,243.916,0.032,-0.773,0.009,0.634,0.430,1.156,0.243
2016-12-01 01:48:24.308,243.937,0.032,-0.772,0.009,0.634,0.430,1.156,0.243
2016-12-01 01:48:24.319,243.937,0.032,-0.772,0.009,0.635,0.430,1.156,0.243
2016-12-01 01:48:24.331,243.959,0.032,-0.771,0.009,0.636,0.430,1.156,0.243
2016-12-01 01:48:24.342,243.959,0.032,-0.771,0.008,0.636,0.430,1.156,0.243
2016-12-01 01:48:24.353,243.980,0.032,-0.770,0.008,0.637,0.430,1.156,0.243
2016-12-01 01:48:24.364,243.980,0.032,-0.770,0.008,0.638,0.430,1.156,0.244
2016-12-01 01:48:24.375,244.001,0.032,-0.769,0.008,0.638,0.430,1.156,0.244
2016-12-01 01:48:24.386,244.023,0.032,-0.769,0.008,0.639,0.430,1.156,0.243
2016-12-01 01:48:24.398,244.023,0.032,-0.768,0.008,0.639,0.430,1.156,0.244
2016-12-01 01:48:24.409,244.044,0.032,-0.768,0.008,0.640,0.430,1.156,0.244
2016-12-01 01:48:24.420,244.044,0.033,-0.767,0.008,0.641,0.430,1.156,0.244
2016-12-01 01:48:24.431,244.044,0.033,-0.767,0.009,0.641,0.430,1.156,0.244
2016-12-01 01:48:24.442,244.065,0.033,-0.766,0.009,0.642,0.430,1.156,0.244
2016-12-01 01:48:24.453,244.065,0.033,-0.766,0.009,0.642,0.430,1.156,0.244
2016-12-01 01:48:24.465,244.087,0.034,-0.765,0.009,0.643,0.430,1.156,0.244
2016-12-01 01:48:24.476,244.108,0.034,-0.765,0.009,0.644,0.429,1.156,0.244
2016-12-01 01:48:24.487,244.108,0.034,-0.764,0.009,0.644,0.429,1.156,0.244
2016-12-01 01:48:24.498,244.129,0.034,-0.764,0.009,0.645,0.429,1.156,0.244
2016-12-01 01:48:24.510,244.129,0.034,-0.763,0.009,0.645,0.429,1.156,0.244
2016-12-01 01:48:24.520,244.151,0.034,-0.763,0.009,0.645,0.429,1.156,0.244
2016-12-01 01:48:24.532,244.151,0.034,-0.763,0.009,0.646,0.429,1.156,0.244
2016-12-01 01:48:24.543,244.172,0.034,-0.762,0.009,0.646,0.429,1.156,0.244
2016-12-01 01:48:24.554,244.172,0.034,-0.762,0.009,0.647,0.429,1.156,0.244
2016-12-01 01:48:24.565,244.193,0.034,-0.761,0.009,0.647,0.429,1.156,0.244
2016-12-01 01:48:24.577,244.193,0.034,-0.761,0.009,0.648,0.429,1.156,0.244
2016-12-01 01:48:24.587,244.215,0.034,-0.761,0.010,0.648,0.429,1.156,0.244
2016-12-01 01:48:24.599,244.215,0.035,-0.760,0.010,0.648,0.429,1.156,0.244
2016-12-01 01:48:24.609,244.236,0.035,-0.760,0.010,0.649,0.429,1.156,0.244
2016-12-01 01:48:24.621,244.236,0.035,-0.760,0.010,0.649,0.429,1.156,0.244
2016-12-01 01:48:24.632,244.257,0.034,-0.760,0.010,0.649,0.429,1.156,0.244
2016-12-01 01:48:24.644,244.257,0.034,-0.759,0.010,0.650,0.429,1.156,0.244
2016-12-01 01:48:24.655,244.279,0.034,-0.759,0.010,0.650,0.429,1.156,0.244
2016-12-01 01:48:24.666,244.300,0.034,-0.759,0.010,0.650,0.429,1.156,0.244
2016-12-01 01:48:24.677,244.300,0.034,-0.759,0.010,0.650,0.430,1.156,0.244
2016-12-01 01:48:24.688,244.321,0.034,-0.759,0.010,0.651,0.430,1.156,0.244
2016-12-01 01:48:24.700,244.321,0.034,-0.758,0.010,0.651,0.430,1.156,0.244
2016-12-01 01:48:24.710,244.343,0.034,-0.758,0.010,0.651,0.430,1.156,0.244
2016-12-01 01:48:24.722,244.343,0.034,-0.758,0.009,0.651,0.430,1.156,0.244
2016-12-01 01:48:24.733,244.364,0.034,-0.758,0.010,0.652,0.430,1.156,0.244
2016-12-01 01:48:24.744,244.364,0.033,-0.757,0.009,0.652,0.430,1.156,0.244
2016-12-01 01:48:24.755,244.364,0.033,-0.757,0.009,0.652,0.430,1.156,0.244
2016-12-01 01:48:24.767,244.385,0.033,-0.757,0.009,0.653,0.430,1.156,0.244
2016-12-01 01:48:24.778,244.407,0.033,-0.757,0.009,0.653,0.429,1.156,0.244
2016-12-01 01:48:24.788,244.407,0.033,-0.756,0.009,0.653,0.429,1.156,0.244
2016-12-01 01:48:24.799,244.428,0.033,-0.756,0.008,0.654,0.430,1.156,0.245
2016-12-01 01:48:24.811,244.428,0.032,-0.756,0.008,0.654,0.429,1.156,0.245
2016-12-01 01:48:24.822,244.449,0.032,-0.755,0.007,0.655,0.429,1.157,0.245
2016-12-01 01:48:24.834,244.449,0.031,-0.754,0.007,0.656,0.429,1.157,0.245
2016-12-01 01:48:24.845,244.471,0.031,-0.754,0.007,0.657,0.430,1.157,0.245
2016-12-01 01:48:24.856,244.471,0.030,-0.753,0.006,0.658,0.430,1.157,0.246
2016-12-01 01:48:24.867,244.492,0.030,-0.752,0.006,0.659,0.430,1.157,0.246
2016-12-01 01:48:24.878,244.513,0.029,-0.751,0.005,0.660,0.430,1.157,0.246
2016-12-01 01:48:24.889,244.513,0.029,-0.749,0.005,0.661,0.429,1.158,0.246
2016-12-01 01:48:24.900,244.513,0.028,-0.748,0.004,0.663,0.429,1.158,0.246
2016-12-01 01:48:24.912,244.535,0.027,-0.747,0.003,0.665,0.429,1.158,0.247
2016-12-01 01:48:24.922,244.535,0.026,-0.745,0.002,0.667,0.429,1.158,0.247
2016-12-01 01:48:24.934,244.556,0.025,-0.743,0.001,0.669,0.430,1.159,0.248
2016-12-01 01:48:24.945,244.556,0.024,-0.741,0.000,0.671,0.429,1.159,0.248
2016-12-01 01:48:24.956,244.577,0.023,-0.739,-0.002,0.673,0.430,1.159,0.248
2016-12-01 01:48:24.967,244.599,0.022,-0.737,-0.003,0.675,0.429,1.159,0.249
2016-12-01 01:48:24.979,244.599,0.021,-0.735,-0.004,0.678,0.430,1.160,0.249
2016-12-01 01:48:24.989,244.620,0.019,-0.733,-0.005,0.680,0.430,1.160,0.250
2016-12-01 01:48:25.001,244.620,0.018,-0.731,-0.006,0.682,0.430,1.160,0.250
2016-12-01 01:48:25.012,244.641,0.017,-0.729,-0.007,0.684,0.430,1.160,0.251
2016-12-01 01:48:25.023,244.641,0.015,-0.727,-0.008,0.687,0.430,1.161,0.251
2016-12-01 01:48:25.034,244.663,0.014,-0.725,-0.008,0.689,0.430,1.161,0.252
2016-12-01 01:48:25.046,244.663,0.013,-0.723,-0.009,0.691,0.430,1.161,0.252
2016-12-01 01:48:25.057,244.684,0.011,-0.721,-0.011,0.692,0.430,1.162,0.253
2016-12-01 01:48:25.068,244.684,0.011,-0.720,-0.012,0.694,0.430,1.162,0.253
2016-12-01 01:48:25.079,244.705,0.010,-0.718,-0.013,0.696,0.430,1.162,0.254
2016-12-01 01:48:25.090,244.705,0.009,-0.716,-0.014,0.697,0.430,1.162,0.254
2016-12-01 01:48:25.101,244.727,0.009,-0.715,-0.014,0.699,0.430,1.162,0.255
2016-12-01 01:48:25.114,244.727,0.009,-0.713,-0.015,0.700,0.430,1.162,0.255
2016-12-01 01:48:25.123,244.748,0.009,-0.712,-0.016,0.702,0.430,1.162,0.256
2016-12-01 01:48:25.135,244.748,0.009,-0.711,-0.016,0.703,0.430,1.162,0.256
2016-12-01 01:48:25.146,244.769,0.009,-0.709,-0.017,0.705,0.430,1.162,0.256
2016-12-01 01:48:25.157,244.791,0.009,-0.708,-0.017,0.706,0.431,1.163,0.257
2016-12-01 01:48:25.168,244.791,0.009,-0.707,-0.018,0.707,0.430,1.163,0.257
2016-12-01 01:48:25.179,244.812,0.009,-0.706,-0.019,0.708,0.431,1.163,0.258
2016-12-01 01:48:25.191,244.812,0.009,-0.705,-0.020,0.709,0.431,1.163,0.258
2016-12-01 01:48:25.201,244.833,0.009,-0.703,-0.021,0.710,0.431,1.163,0.259
2016-12-01 01:48:25.213,244.833,0.009,-0.702,-0.022,0.711,0.431,1.163,0.259
2016-12-01 01:48:25.224,244.855,0.009,-0.701,-0.023,0.712,0.431,1.163,0.260
2016-12-01 01:48:25.236,244.855,0.009,-0.701,-0.023,0.713,0.431,1.163,0.260
2016-12-01 01:48:25.247,244.876,0.009,-0.700,-0.024,0.714,0.431,1.163,0.260
2016-12-01 01:48:25.258,244.876,0.008,-0.699,-0.025,0.715,0.431,1.163,0.261
2016-12-01 01:48:25.269,244.897,0.008,-0.698,-0.025,0.716,0.431,1.163,0.261
2016-12-01 01:48:25.280,244.897,0.008,-0.697,-0.026,0.716,0.431,1.163,0.262
2016-12-01 01:48:25.291,244.919,0.008,-0.697,-0.026,0.717,0.431,1.163,0.262
2016-12-01 01:48:25.303,244.919,0.008,-0.696,-0.026,0.717,0.431,1.163,0.262
2016-12-01 01:48:25.314,244.940,0.008,-0.696,-0.027,0.718,0.431,1.163,0.263
2016-12-01 01:48:25.324,244.940,0.008,-0.695,-0.027,0.718,0.431,1.163,0.263
2016-12-01 01:48:25.336,244.961,0.009,-0.695,-0.027,0.719,0.431,1.163,0.263
2016-12-01 01:48:25.347,244.983,0.009,-0.694,-0.028,0.719,0.431,1.163,0.263
2016-12-01 01:48:25.358,244.983,0.009,-0.694,-0.028,0.720,0.431,1.163,0.264
2016-12-01 01:48:25.369,245.004,0.010,-0.693,-0.028,0.720,0.431,1.163,0.264
2016-12-01 01:48:25.380,245.004,0.010,-0.693,-0.029,0.721,0.432,1.163,0.264
2016-12-01 01:48:25.392,245.004,0.010,-0.692,-0.029,0.721,0.432,1.163,0.265
2016-12-01 01:48:25.403,245.025,0.011,-0.692,-0.029,0.722,0.432,1.163,0.265
2016-12-01 01:48:25.415,245.025,0.011,-0.691,-0.030,0.722,0.431,1.163,0.265
2016-12-01 01:48:25.426,245.047,0.012,-0.691,-0.030,0.723,0.431,1.163,0.266
2016-12-01 01:48:25.437,245.068,0.012,-0.690,-0.030,0.723,0.431,1.163,0.266
2016-12-01 01:48:25.448,245.068,0.013,-0.689,-0.031,0.724,0.432,1.163,0.266
2016-12-01 01:48:25.459,245.089,0.013,-0.689,-0.031,0.724,0.432,1.163,0.266
2016-12-01 01:48:25.470,245.089,0.013,-0.688,-0.031,0.725,0.432,1.163,0.267
2016-12-01 01:48:25.481,245.111,0.014,-0.687,-0.032,0.726,0.431,1.163,0.267
2016-12-01 01:48:25.492,245.111,0.014,-0.687,-0.032,0.726,0.431,1.163,0.267
2016-12-01 01:48:25.503,245.132,0.015,-0.686,-0.032,0.727,0.431,1.163,0.268
2016-12-01 01:48:25.515,245.132,0.015,-0.685,-0.032,0.728,0.431,1.162,0.268
2016-12-01 01:48:25.526,245.153,0.015,-0.684,-0.032,0.729,0.432,1.162,0.268
2016-12-01 01:48:25.537,245.175,0.016,-0.683,-0.033,0.729,0.432,1.162,0.268
2016-12-01 01:48:25.548,245.175,0.016,-0.683,-0.032,0.730,0.432,1.162,0.269
2016-12-01 01:48:25.559,245.175,0.016,-0.682,-0.033,0.731,0.432,1.162,0.269
2016-12-01 01:48:25.570,245.196,0.017,-0.681,-0.033,0.731,0.432,1.162,0.269
2016-12-01 01:48:25.582,245.196,0.017,-0.680,-0.033,0.732,0.432,1.162,0.269
2016-12-01 01:48:25.593,245.217,0.017,-0.680,-0.033,0.733,0.432,1.162,0.270
2016-12-01 01:48:25.605,245.217,0.018,-0.679,-0.033,0.733,0.432,1.162,0.270
2016-12-01 01:48:25.615,245.239,0.018,-0.678,-0.033,0.734,0.432,1.162,0.270
2016-12-01 01:48:25.626,245.239,0.018,-0.678,-0.033,0.734,0.432,1.162,0.270
2016-12-01 01:48:25.637,245.260,0.018,-0.677,-0.033,0.735,0.432,1.162,0.270
2016-12-01 01:48:25.649,245.281,0.018,-0.677,-0.033,0.735,0.432,1.162,0.270
2016-12-01 01:48:25.660,245.281,0.019,-0.677,-0.034,0.735,0.432,1.162,0.271
2016-12-01 01:48:25.671,245.303,0.019,-0.677,-0.034,0.735,0.432,1.162,0.271
2016-12-01 01:48:25.682,245.303,0.019,-0.676,-0.034,0.736,0.432,1.162,0.271
2016-12-01 01:48:25.693,245.324,0.018,-0.676,-0.034,0.736,0.432,1.162,0.271
2016-12-01 01:48:25.705,245.324,0.018,-0.676,-0.035,0.736,0.432,1.162,0.271
2016-12-01 01:48:25.715,245.324,0.018,-0.676,-0.035,0.736,0.432,1.162,0.271
2016-12-01 01:48:25.727,245.345,0.017,-0.676,-0.035,0.736,0.432,1.162,0.272
2016-12-01 01:48:25.738,245.367,0.017,-0.675,-0.035,0.736,0.431,1.162,0.272
2016-12-01 01:48:25.749,245.367,0.016,-0.675,-0.036,0.737,0.431,1.162,0.272
2016-12-01 01:48:25.760,245.388,0.016,-0.675,-0.035,0.737,0.431,1.162,0.272
2016-12-01 01:48:25.772,245.388,0.016,-0.675,-0.035,0.737,0.431,1.162,0.272
2016-12-01 01:48:25.783,245.409,0.016,-0.675,-0.035,0.737,0.431,1.162,0.272
2016-12-01 01:48:25.794,245.409,0.017,-0.675,-0.035,0.737,0.431,1.162,0.272
2016-12-01 01:48:25.805,245.431,0.017,-0.675,-0.035,0.737,0.431,1.162,0.272
2016-12-01 01:48:25.817,245.452,0.017,-0.675,-0.034,0.737,0.431,1.162,0.272
2016-12-01 01:48:25.828,245.452,0.018,-0.675,-0.034,0.737,0.431,1.162,0.273
2016-12-01 01:48:25.839,245.473,0.018,-0.675,-0.034,0.737,0.431,1.162,0.273
2016-12-01 01:48:25.850,245.473,0.018,-0.675,-0.033,0.736,0.431,1.162,0.273
2016-12-01 01:48:25.861,245.495,0.019,-0.676,-0.033,0.736,0.430,1.162,0.273
2016-12-01 01:48:25.873,245.495,0.019,-0.676,-0.033,0.736,0.430,1.162,0.273
2016-12-01 01:48:25.883,245.495,0.020,-0.677,-0.033,0.735,0.430,1.162,0.273
2016-12-01 01:48:25.894,245.516,0.020,-0.677,-0.033,0.735,0.430,1.162,0.273
2016-12-01 01:48:25.906,245.537,0.021,-0.678,-0.033,0.734,0.430,1.162,0.273
2016-12-01 01:48:25.917,245.537,0.021,-0.678,-0.032,0.734,0.430,1.162,0.273
2016-12-01 01:48:25.928,245.559,0.021,-0.679,-0.032,0.733,0.430,1.162,0.273
2016-12-01 01:48:25.939,245.559,0.022,-0.680,-0.032,0.732,0.430,1.162,0.273
2016-12-01 01:48:25.950,245.580,0.022,-0.681,-0.032,0.732,0.430,1.162,0.273
2016-12-01 01:48:25.962,245.580,0.022,-0.681,-0.032,0.731,0.430,1.161,0.273
2016-12-01 01:48:25.973,245.601,0.022,-0.682,-0.032,0.730,0.429,1.161,0.273
2016-12-01 01:48:25.984,245.601,0.023,-0.683,-0.031,0.729,0.429,1.161,0.273
2016-12-01 01:48:25.995,245.623,0.023,-0.684,-0.031,0.729,0.429,1.161,0.273
2016-12-01 01:48:26.007,245.644,0.023,-0.685,-0.031,0.728,0.429,1.161,0.273
2016-12-01 01:48:26.017,245.644,0.023,-0.686,-0.030,0.727,0.429,1.161,0.272
2016-12-01 01:48:26.028,245.665,0.024,-0.686,-0.030,0.726,0.429,1.161,0.272
2016-12-01 01:48:26.040,245.665,0.024,-0.687,-0.030,0.725,0.429,1.160,0.272
2016-12-01 01:48:26.051,245.665,0.024,-0.688,-0.029,0.725,0.429,1.160,0.272
2016-12-01 01:48:26.062,245.687,0.025,-0.689,-0.029,0.724,0.428,1.160,0.272
2016-12-01 01:48:26.073,245.687,0.025,-0.690,-0.028,0.723,0.428,1.160,0.272
2016-12-01 01:48:26.084,245.708,0.025,-0.691,-0.028,0.722,0.428,1.160,0.272
2016-12-01 01:48:26.095,245.708,0.025,-0.691,-0.027,0.722,0.428,1.160,0.272
2016-12-01 01:48:26.106,245.729,0.025,-0.692,-0.027,0.721,0.428,1.159,0.272
2016-12-01 01:48:26.118,245.751,0.025,-0.693,-0.026,0.720,0.427,1.159,0.272
2016-12-01 01:48:26.129,245.751,0.025,-0.693,-0.026,0.720,0.427,1.159,0.272
2016-12-01 01:48:26.140,245.772,0.026,-0.694,-0.025,0.719,0.427,1.159,0.272
2016-12-01 01:48:26.151,245.772,0.026,-0.695,-0.024,0.718,0.427,1.159,0.272
2016-12-01 01:48:26.163,245.793,0.026,-0.695,-0.024,0.718,0.427,1.159,0.272
2016-12-01 01:48:26.174,245.793,0.027,-0.696,-0.023,0.717,0.427,1.159,0.272
2016-12-01 01:48:26.185,245.815,0.028,-0.697,-0.023,0.717,0.427,1.158,0.272
2016-12-01 01:48:26.196,245.815,0.028,-0.697,-0.022,0.716,0.427,1.158,0.273
2016-12-01 01:48:26.207,245.836,0.029,-0.698,-0.022,0.715,0.427,1.158,0.273
2016-12-01 01:48:26.218,245.836,0.029,-0.699,-0.022,0.715,0.426,1.158,0.273
2016-12-01 01:48:26.230,245.857,0.030,-0.699,-0.022,0.714,0.426,1.158,0.273
2016-12-01 01:48:26.241,245.857,0.030,-0.700,-0.022,0.713,0.426,1.158,0.273
2016-12-01 01:48:26.252,245.879,0.030,-0.701,-0.022,0.713,0.426,1.159,0.273
2016-12-01 01:48:26.263,245.879,0.030,-0.701,-0.022,0.712,0.426,1.158,0.273
2016-12-01 01:48:26.274,245.900,0.030,-0.702,-0.022,0.711,0.426,1.158,0.273
2016-12-01 01:48:26.286,245.921,0.030,-0.703,-0.023,0.710,0.426,1.158,0.273
2016-12-01 01:48:26.297,245.921,0.030,-0.703,-0.023,0.710,0.426,1.159,0.273
2016-12-01 01:48:26.308,245.943,0.031,-0.704,-0.023,0.709,0.425,1.159,0.273
2016-12-01 01:48:26.318,245.943,0.031,-0.705,-0.023,0.708,0.425,1.159,0.273
2016-12-01 01:48:26.330,245.964,0.031,-0.706,-0.023,0.708,0.425,1.159,0.273
2016-12-01 01:48:26.342,245.964,0.031,-0.706,-0.023,0.707,0.425,1.159,0.273
2016-12-01 01:48:26.352,245.985,0.031,-0.707,-0.023,0.706,0.425,1.158,0.273
2016-12-01 01:48:26.364,245.985,0.031,-0.708,-0.023,0.705,0.425,1.158,0.273
2016-12-01 01:48:26.375,245.985,0.031,-0.708,-0.023,0.705,0.424,1.158,0.274
2016-12-01 01:48:26.386,246.007,0.031,-0.709,-0.022,0.704,0.424,1.158,0.274
2016-12-01 01:48:26.397,246.028,0.031,-0.710,-0.022,0.703,0.424,1.158,0.274
2016-12-01 01:48:26.409,246.028,0.031,-0.710,-0.021,0.703,0.424,1.158,0.274
2016-12-01 01:48:26.419,246.049,0.032,-0.711,-0.020,0.702,0.423,1.158,0.274
2016-12-01 01:48:26.431,246.049,0.032,-0.711,-0.020,0.702,0.423,1.158,0.274
2016-12-01 01:48:26.442,246.071,0.032,-0.712,-0.019,0.701,0.423,1.158,0.274
2016-12-01 01:48:26.453,246.071,0.033,-0.712,-0.018,0.701,0.423,1.158,0.274
2016-12-01 01:48:26.464,246.092,0.033,-0.713,-0.018,0.700,0.423,1.157,0.274
2016-12-01 01:48:26.475,246.092,0.034,-0.713,-0.017,0.700,0.422,1.157,0.274
2016-12-01 01:48:26.486,246.113,0.034,-0.714,-0.016,0.700,0.422,1.157,0.275
2016-12-01 01:48:26.497,246.135,0.034,-0.714,-0.016,0.699,0.422,1.157,0.275
2016-12-01 01:48:26.508,246.135,0.035,-0.714,-0.016,0.699,0.422,1.157,0.275
2016-12-01 01:48:26.520,246.135,0.035,-0.715,-0.015,0.698,0.422,1.157,0.275
2016-12-01 01:48:26.531,246.156,0.035,-0.715,-0.015,0.698,0.421,1.157,0.275
2016-12-01 01:48:26.543,246.156,0.036,-0.715,-0.015,0.698,0.421,1.157,0.275
2016-12-01 01:48:26.553,246.177,0.036,-0.716,-0.015,0.697,0.421,1.157,0.275
2016-12-01 01:48:26.565,246.177,0.036,-0.716,-0.015,0.697,0.421,1.157,0.275
2016-12-01 01:48:26.576,246.199,0.037,-0.717,-0.015,0.696,0.421,1.157,0.275
2016-12-01 01:48:26.587,246.220,0.037,-0.717,-0.014,0.696,0.421,1.157,0.275
2016-12-01 01:48:26.598,246.220,0.037,-0.718,-0.014,0.695,0.421,1.157,0.276
2016-12-01 01:48:26.609,246.241,0.037,-0.718,-0.014,0.694,0.421,1.157,0.276
2016-12-01 01:48:26.620,246.241,0.037,-0.719,-0.015,0.694,0.421,1.157,0.276
2016-12-01 01:48:26.632,246.263,0.037,-0.720,-0.015,0.693,0.420,1.157,0.276
2016-12-01 01:48:26.643,246.263,0.037,-0.720,-0.015,0.693,0.420,1.156,0.276
2016-12-01 01:48:26.654,246.284,0.038,-0.721,-0.015,0.692,0.420,1.156,0.276
2016-12-01 01:48:26.665,246.284,0.038,-0.721,-0.015,0.692,0.420,1.156,0.276
2016-12-01 01:48:26.676,246.305,0.038,-0.722,-0.015,0.691,0.420,1.156,0.276
2016-12-01 01:48:26.687,246.305,0.038,-0.722,-0.015,0.691,0.420,1.156,0.276
2016-12-01 01:48:26.699,246.327,0.039,-0.722,-0.015,0.691,0.420,1.156,0.276
2016-12-01 01:48:26.710,246.327,0.039,-0.722,-0.015,0.690,0.420,1.156,0.276
2016-12-01 01:48:26.721,246.348,0.040,-0.722,-0.014,0.690,0.420,1.156,0.276
2016-12-01 01:48:26.733,246.348,0.040,-0.723,-0.014,0.690,0.420,1.156,0.276
2016-12-01 01:48:26.743,246.369,0.040,-0.723,-0.014,0.690,0.420,1.156,0.276
2016-12-01 01:48:26.755,246.369,0.041,-0.723,-0.014,0.690,0.420,1.156,0.276
2016-12-01 01:48:26.766,246.391,0.041,-0.723,-0.014,0.690,0.420,1.156,0.276
2016-12-01 01:48:26.777,246.412,0.041,-0.723,-0.013,0.690,0.420,1.156,0.276
2016-12-01 01:48:26.788,246.412,0.041,-0.723,-0.013,0.690,0.420,1.156,0.276
2016-12-01 01:48:26.799,246.433,0.041,-0.723,-0.013,0.690,0.420,1.156,0.276
2016-12-01 01:48:26.811,246.433,0.041,-0.722,-0.012,0.690,0.420,1.156,0.276
2016-12-01 01:48:26.821,246.455,0.041,-0.722,-0.012,0.690,0.420,1.156,0.276
2016-12-01 01:48:26.833,246.455,0.042,-0.722,-0.012,0.690,0.420,1.156,0.276
2016-12-01 01:48:26.844,246.476,0.042,-0.722,-0.011,0.691,0.420,1.156,0.276
2016-12-01 01:48:26.855,246.476,0.042,-0.722,-0.011,0.691,0.420,1.156,0.276
2016-12-01 01:48:26.866,246.497,0.042,-0.722,-0.011,0.691,0.420,1.156,0.276
2016-12-01 01:48:26.877,246.497,0.042,-0.721,-0.011,0.691,0.420,1.155,0.276
2016-12-01 01:48:26.888,246.519,0.042,-0.721,-0.011,0.691,0.420,1.156,0.276
2016-12-01 01:48:26.900,246.519,0.042,-0.721,-0.010,0.691,0.420,1.155,0.276
2016-12-01 01:48:26.911,246.540,0.041,-0.721,-0.010,0.691,0.420,1.155,0.276
2016-12-01 01:48:26.922,246.540,0.041,-0.721,-0.011,0.691,0.420,1.156,0.276
2016-12-01 01:48:26.933,246.561,0.040,-0.721,-0.011,0.691,0.420,1.156,0.276
2016-12-01 01:48:26.945,246.561,0.039,-0.721,-0.011,0.691,0.420,1.156,0.276
2016-12-01 01:48:26.955,246.583,0.038,-0.721,-0.012,0.691,0.420,1.156,0.276
2016-12-01 01:48:26.967,246.604,0.036,-0.722,-0.012,0.691,0.420,1.156,0.276
2016-12-01 01:48:26.978,246.604,0.035,-0.722,-0.012,0.691,0.420,1.156,0.276
2016-12-01 01:48:26.989,246.625,0.034,-0.722,-0.012,0.691,0.420,1.157,0.276
2016-12-01 01:48:27.000,246.625,0.033,-0.722,-0.013,0.691,0.420,1.157,0.276
2016-12-01 01:48:27.011,246.625,0.033,-0.722,-0.013,0.691,0.420,1.157,0.276
2016-12-01 01:48:27.022,246.647,0.032,-0.722,-0.014,0.691,0.420,1.157,0.275
2016-12-01 01:48:27.034,246.647,0.032,-0.722,-0.015,0.691,0.421,1.157,0.275
2016-12-01 01:48:27.045,246.668,0.032,-0.722,-0.015,0.691,0.421,1.157,0.275
2016-12-01 01:48:27.056,246.689,0.032,-0.722,-0.016,0.691,0.421,1.157,0.275
2016-12-01 01:48:27.067,246.689,0.032,-0.722,-0.016,0.691,0.421,1.157,0.275
2016-12-01 01:48:27.078,246.711,0.033,-0.722,-0.016,0.691,0.421,1.157,0.275
2016-12-01 01:48:27.090,246.711,0.033,-0.722,-0.016,0.691,0.421,1.157,0.275
2016-12-01 01:48:27.101,246.732,0.033,-0.721,-0.015,0.692,0.421,1.157,0.275
2016-12-01 01:48:27.113,246.732,0.033,-0.721,-0.015,0.692,0.422,1.157,0.274
2016-12-01 01:48:27.124,246.753,0.033,-0.721,-0.015,0.692,0.422,1.157,0.274
2016-12-01 01:48:27.135,246.753,0.033,-0.720,-0.015,0.693,0.422,1.157,0.274
2016-12-01 01:48:27.145,246.775,0.033,-0.720,-0.014,0.693,0.422,1.157,0.274
2016-12-01 01:48:27.157,246.796,0.033,-0.719,-0.014,0.694,0.422,1.157,0.274
2016-12-01 01:48:27.168,246.796,0.033,-0.719,-0.014,0.694,0.422,1.157,0.274
2016-12-01 01:48:27.179,246.796,0.033,-0.718,-0.013,0.695,0.422,1.157,0.273
2016-12-01 01:48:27.190,246.817,0.033,-0.718,-0.013,0.695,0.422,1.157,0.273
2016-12-01 01:48:27.202,246.817,0.034,-0.717,-0.012,0.696,0.422,1.157,0.273
2016-12-01 01:48:27.212,246.839,0.034,-0.717,-0.012,0.696,0.422,1.156,0.273
2016-12-01 01:48:27.223,246.839,0.034,-0.717,-0.011,0.697,0.422,1.156,0.273
2016-12-01 01:48:27.235,246.860,0.034,-0.716,-0.011,0.697,0.422,1.156,0.273
2016-12-01 01:48:27.246,246.881,0.034,-0.716,-0.011,0.698,0.422,1.156,0.273
2016-12-01 01:48:27.257,246.881,0.034,-0.715,-0.011,0.698,0.423,1.156,0.272
2016-12-01 01:48:27.268,246.903,0.035,-0.715,-0.010,0.698,0.423,1.156,0.272
2016-12-01 01:48:27.280,246.903,0.035,-0.715,-0.010,0.699,0.423,1.156,0.272
2016-12-01 01:48:27.291,246.924,0.035,-0.714,-0.010,0.699,0.423,1.156,0.272
2016-12-01 01:48:27.302,246.924,0.035,-0.714,-0.010,0.699,0.423,1.156,0.272
2016-12-01 01:48:27.313,246.945,0.035,-0.714,-0.010,0.700,0.423,1.156,0.272
2016-12-01 01:48:27.324,246.945,0.035,-0.713,-0.010,0.700,0.423,1.156,0.272
2016-12-01 01:48:27.335,246.945,0.035,-0.713,-0.010,0.700,0.423,1.156,0.271
2016-12-01 01:48:27.346,246.967,0.035,-0.713,-0.011,0.701,0.423,1.156,0.271
2016-12-01 01:48:27.358,246.988,0.034,-0.712,-0.011,0.701,0.424,1.156,0.271
2016-12-01 01:48:27.369,246.988,0.034,-0.712,-0.011,0.702,0.424,1.156,0.271
2016-12-01 01:48:27.380,247.009,0.034,-0.711,-0.011,0.702,0.424,1.156,0.271
2016-12-01 01:48:27.391,247.009,0.034,-0.711,-0.011,0.702,0.424,1.156,0.271
2016-12-01 01:48:27.402,247.031,0.034,-0.710,-0.012,0.703,0.425,1.156,0.271
2016-12-01 01:48:27.414,247.031,0.033,-0.710,-0.012,0.703,0.425,1.156,0.271
2016-12-01 01:48:27.424,247.052,0.033,-0.709,-0.011,0.704,0.425,1.156,0.271
2016-12-01 01:48:27.436,247.073,0.033,-0.709,-0.012,0.705,0.425,1.156,0.271
2016-12-01 01:48:27.447,247.073,0.033,-0.708,-0.012,0.705,0.425,1.156,0.270
2016-12-01 01:48:27.458,247.095,0.032,-0.708,-0.012,0.706,0.425,1.156,0.270
2016-12-01 01:48:27.470,247.095,0.032,-0.707,-0.012,0.706,0.425,1.157,0.270
2016-12-01 01:48:27.481,247.116,0.032,-0.706,-0.012,0.707,0.425,1.157,0.270
2016-12-01 01:48:27.492,247.116,0.031,-0.706,-0.012,0.707,0.425,1.157,0.270
2016-12-01 01:48:27.503,247.116,0.031,-0.706,-0.012,0.708,0.425,1.157,0.270
2016-12-01 01:48:27.514,247.137,0.031,-0.705,-0.012,0.708,0.425,1.157,0.270
2016-12-01 01:48:27.525,247.137,0.031,-0.705,-0.012,0.709,0.425,1.157,0.270
2016-12-01 01:48:27.536,247.159,0.031,-0.704,-0.012,0.709,0.426,1.157,0.269
2016-12-01 01:48:27.548,247.180,0.031,-0.704,-0.012,0.710,0.426,1.157,0.269
2016-12-01 01:48:27.559,247.180,0.031,-0.703,-0.012,0.710,0.426,1.156,0.269
2016-12-01 01:48:27.570,247.201,0.030,-0.703,-0.012,0.711,0.426,1.156,0.269
2016-12-01 01:48:27.581,247.201,0.030,-0.702,-0.012,0.711,0.426,1.157,0.269
2016-12-01 01:48:27.592,247.223,0.030,-0.702,-0.012,0.712,0.426,1.157,0.269
2016-12-01 01:48:27.604,247.223,0.030,-0.701,-0.011,0.712,0.426,1.157,0.269
2016-12-01 01:48:27.614,247.244,0.030,-0.701,-0.011,0.713,0.426,1.157,0.268
2016-12-01 01:48:27.626,247.244,0.029,-0.700,-0.011,0.713,0.426,1.157,0.268
2016-12-01 01:48:27.637,247.265,0.029,-0.700,-0.011,0.714,0.426,1.157,0.268
2016-12-01 01:48:27.648,247.287,0.029,-0.699,-0.011,0.714,0.426,1.157,0.268
2016-12-01 01:48:27.660,247.287,0.029,-0.699,-0.011,0.714,0.427,1.157,0.268
2016-12-01 01:48:27.671,247.287,0.029,-0.699,-0.011,0.715,0.427,1.157,0.268
2016-12-01 01:48:27.682,247.308,0.028,-0.699,-0.011,0.715,0.427,1.157,0.268
2016-12-01 01:48:27.693,247.308,0.028,-0.698,-0.011,0.715,0.427,1.157,0.267
2016-12-01 01:48:27.704,247.329,0.028,-0.698,-0.012,0.715,0.427,1.157,0.267
2016-12-01 01:48:27.715,247.329,0.028,-0.698,-0.012,0.715,0.427,1.157,0.267
2016-12-01 01:48:27.726,247.351,0.028,-0.698,-0.012,0.715,0.427,1.157,0.267
2016-12-01 01:48:27.738,247.372,0.028,-0.698,-0.012,0.715,0.427,1.157,0.267
2016-12-01 01:48:27.748,247.372,0.028,-0.698,-0.012,0.715,0.427,1.157,0.266
2016-12-01 01:48:27.760,247.393,0.028,-0.698,-0.012,0.715,0.427,1.157,0.266
2016-12-01 01:48:27.771,247.393,0.028,-0.699,-0.012,0.715,0.427,1.157,0.266
2016-12-01 01:48:27.782,247.415,0.028,-0.699,-0.013,0.715,0.427,1.157,0.266
2016-12-01 01:48:27.794,247.415,0.028,-0.699,-0.013,0.715,0.427,1.157,0.266
2016-12-01 01:48:27.804,247.436,0.028,-0.699,-0.013,0.714,0.427,1.157,0.265
2016-12-01 01:48:27.815,247.436,0.028,-0.699,-0.013,0.714,0.427,1.157,0.265
2016-12-01 01:48:27.826,247.457,0.029,-0.700,-0.014,0.714,0.427,1.157,0.265
2016-12-01 01:48:27.838,247.457,0.029,-0.700,-0.014,0.713,0.427,1.157,0.265
2016-12-01 01:48:27.849,247.479,0.028,-0.701,-0.014,0.713,0.427,1.158,0.265
2016-12-01 01:48:27.860,247.479,0.028,-0.701,-0.014,0.712,0.427,1.158,0.265
2016-12-01 01:48:27.872,247.500,0.028,-0.702,-0.014,0.712,0.427,1.158,0.264
2016-12-01 01:48:27.883,247.500,0.028,-0.702,-0.014,0.711,0.427,1.158,0.264
2016-12-01 01:48:27.894,247.521,0.028,-0.703,-0.015,0.710,0.427,1.158,0.264
2016-12-01 01:48:27.905,247.521,0.028,-0.704,-0.014,0.710,0.427,1.158,0.264
2016-12-01 01:48:27.916,247.543,0.028,-0.704,-0.015,0.709,0.427,1.158,0.263
2016-12-01 01:48:27.928,247.564,0.028,-0.705,-0.015,0.708,0.428,1.158,0.263
2016-12-01 01:48:27.939,247.564,0.028,-0.706,-0.015,0.708,0.427,1.158,0.263
2016-12-01 01:48:27.950,247.585,0.028,-0.706,-0.015,0.707,0.428,1.158,0.263
2016-12-01 01:48:27.961,247.585,0.028,-0.707,-0.014,0.706,0.428,1.158,0.263
2016-12-01 01:48:27.972,247.607,0.028,-0.708,-0.014,0.706,0.428,1.158,0.263
2016-12-01 01:48:27.983,247.607,0.027,-0.709,-0.014,0.705,0.428,1.158,0.263
2016-12-01 01:48:27.994,247.607,0.027,-0.710,-0.014,0.704,0.428,1.158,0.262
2016-12-01 01:48:28.005,247.628,0.027,-0.710,-0.014,0.703,0.428,1.158,0.262
2016-12-01 01:48:28.017,247.649,0.027,-0.711,-0.013,0.702,0.428,1.158,0.262
2016-12-01 01:48:28.028,247.649,0.027,-0.712,-0.013,0.701,0.428,1.158,0.262
2016-12-01 01:48:28.039,247.671,0.027,-0.713,-0.013,0.701,0.428,1.158,0.262
2016-12-01 01:48:28.050,247.671,0.027,-0.714,-0.012,0.700,0.428,1.158,0.261
2016-12-01 01:48:28.061,247.692,0.027,-0.714,-0.012,0.699,0.428,1.158,0.261
2016-12-01 01:48:28.073,247.692,0.027,-0.715,-0.012,0.698,0.428,1.158,0.261
2016-12-01 01:48:28.084,247.713,0.026,-0.716,-0.011,0.697,0.428,1.158,0.261
2016-12-01 01:48:28.095,247.713,0.026,-0.717,-0.011,0.697,0.428,1.158,0.260
2016-12-01 01:48:28.106,247.735,0.026,-0.717,-0.011,0.696,0.428,1.158,0.260
2016-12-01 01:48:28.117,247.756,0.027,-0.718,-0.010,0.695,0.428,1.158,0.260
2016-12-01 01:48:28.129,247.756,0.027,-0.719,-0.010,0.694,0.428,1.158,0.260
2016-12-01 01:48:28.139,247.756,0.027,-0.720,-0.010,0.694,0.428,1.158,0.260
2016-12-01 01:48:28.151,247.777,0.027,-0.720,-0.010,0.693,0.428,1.158,0.260
2016-12-01 01:48:28.162,247.777,0.027,-0.721,-0.010,0.692,0.428,1.158,0.260
2016-12-01 01:48:28.173,247.799,0.027,-0.722,-0.010,0.691,0.428,1.158,0.260
2016-12-01 01:48:28.184,247.799,0.027,-0.723,-0.009,0.691,0.428,1.158,0.260
2016-12-01 01:48:28.195,247.820,0.027,-0.723,-0.009,0.690,0.428,1.158,0.260
2016-12-01 01:48:28.207,247.841,0.027,-0.724,-0.009,0.689,0.428,1.158,0.260
2016-12-01 01:48:28.218,247.841,0.027,-0.724,-0.009,0.689,0.428,1.158,0.259
2016-12-01 01:48:28.229,247.863,0.027,-0.725,-0.009,0.688,0.428,1.158,0.259
2016-12-01 01:48:28.241,247.863,0.027,-0.726,-0.009,0.688,0.429,1.158,0.259
2016-12-01 01:48:28.252,247.884,0.026,-0.726,-0.009,0.687,0.429,1.158,0.259
2016-12-01 01:48:28.263,247.884,0.026,-0.727,-0.009,0.686,0.428,1.158,0.259
2016-12-01 01:48:28.275,247.905,0.026,-0.727,-0.009,0.686,0.429,1.158,0.259
2016-12-01 01:48:28.285,247.905,0.026,-0.728,-0.009,0.685,0.429,1.158,0.259
2016-12-01 01:48:28.296,247.927,0.025,-0.729,-0.009,0.684,0.429,1.158,0.259
2016-12-01 01:48:28.307,247.927,0.025,-0.729,-0.009,0.684,0.429,1.158,0.259
2016-12-01 01:48:28.318,247.948,0.025,-0.730,-0.009,0.683,0.429,1.158,0.259
2016-12-01 01:48:28.330,247.948,0.025,-0.731,-0.009,0.682,0.429,1.158,0.259
2016-12-01 01:48:28.340,247.969,0.025,-0.731,-0.009,0.682,0.429,1.158,0.259
2016-12-01 01:48:28.352,247.969,0.025,-0.732,-0.009,0.681,0.429,1.158,0.259
2016-12-01 01:48:28.363,247.991,0.025,-0.733,-0.009,0.680,0.429,1.158,0.259
2016-12-01 01:48:28.374,247.991,0.025,-0.733,-0.009,0.679,0.429,1.158,0.259
2016-12-01 01:48:28.385,248.012,0.025,-0.734,-0.009,0.679,0.429,1.158,0.259
2016-12-01 01:48:28.396,248.033,0.025,-0.735,-0.009,0.678,0.429,1.158,0.259
2016-12-01 01:48:28.408,248.033,0.025,-0.736,-0.009,0.677,0.429,1.158,0.259
2016-12-01 01:48:28.419,248.055,0.025,-0.737,-0.008,0.676,0.429,1.158,0.259
2016-12-01 01:48:28.431,248.055,0.025,-0.738,-0.009,0.675,0.429,1.158,0.259
2016-12-01 01:48:28.441,248.076,0.025,-0.739,-0.009,0.674,0.429,1.158,0.259
2016-12-01 01:48:28.452,248.076,0.025,-0.739,-0.009,0.673,0.429,1.158,0.259
2016-12-01 01:48:28.463,248.097,0.026,-0.740,-0.009,0.672,0.429,1.158,0.259
2016-12-01 01:48:28.475,248.097,0.026,-0.741,-0.009,0.671,0.429,1.158,0.260
2016-12-01 01:48:28.486,248.097,0.026,-0.742,-0.009,0.670,0.429,1.158,0.260
2016-12-01 01:48:28.497,248.119,0.026,-0.743,-0.008,0.669,0.429,1.158,0.260
2016-12-01 01:48:28.508,248.140,0.026,-0.744,-0.008,0.667,0.429,1.158,0.259
2016-12-01 01:48:28.519,248.140,0.026,-0.745,-0.008,0.667,0.429,1.158,0.259
2016-12-01 01:48:28.530,248.161,0.026,-0.746,-0.008,0.665,0.428,1.158,0.259
2016-12-01 01:48:28.542,248.161,0.026,-0.747,-0.008,0.664,0.428,1.158,0.260
2016-12-01 01:48:28.552,248.183,0.027,-0.748,-0.008,0.663,0.428,1.158,0.260
2016-12-01 01:48:28.564,248.183,0.027,-0.749,-0.008,0.662,0.428,1.158,0.260
2016-12-01 01:48:28.575,248.204,0.027,-0.750,-0.008,0.661,0.428,1.158,0.260
2016-12-01 01:48:28.586,248.225,0.027,-0.751,-0.008,0.660,0.428,1.157,0.260
2016-12-01 01:48:28.598,248.225,0.027,-0.752,-0.008,0.659,0.428,1.157,0.260
2016-12-01 01:48:28.609,248.247,0.027,-0.753,-0.008,0.658,0.428,1.157,0.260
2016-12-01 01:48:28.620,248.247,0.027,-0.754,-0.008,0.657,0.428,1.157,0.260
2016-12-01 01:48:28.631,248.247,0.027,-0.755,-0.007,0.656,0.428,1.157,0.260
2016-12-01 01:48:28.642,248.268,0.028,-0.756,-0.007,0.654,0.428,1.157,0.260
2016-12-01 01:48:28.654,248.268,0.028,-0.756,-0.007,0.653,0.428,1.157,0.260
2016-12-01 01:48:28.664,248.289,0.028,-0.757,-0.007,0.652,0.428,1.157,0.260
2016-12-01 01:48:28.676,248.289,0.029,-0.758,-0.006,0.651,0.428,1.157,0.260
2016-12-01 01:48:28.687,248.311,0.029,-0.759,-0.006,0.650,0.427,1.157,0.260
2016-12-01 01:48:28.698,248.332,0.029,-0.760,-0.006,0.649,0.427,1.157,0.260
2016-12-01 01:48:28.710,248.332,0.029,-0.761,-0.006,0.648,0.427,1.157,0.260
2016-12-01 01:48:28.720,248.353,0.029,-0.762,-0.006,0.647,0.427,1.157,0.260
2016-12-01 01:48:28.732,248.353,0.029,-0.763,-0.006,0.646,0.427,1.157,0.260
2016-12-01 01:48:28.742,248.375,0.029,-0.764,-0.006,0.645,0.427,1.157,0.260
2016-12-01 01:48:28.754,248.375,0.029,-0.765,-0.006,0.644,0.427,1.157,0.260
2016-12-01 01:48:28.765,248.396,0.029,-0.765,-0.006,0.643,0.427,1.157,0.260
2016-12-01 01:48:28.776,248.417,0.029,-0.766,-0.006,0.642,0.426,1.157,0.260
2016-12-01 01:48:28.788,248.417,0.029,-0.767,-0.006,0.641,0.426,1.157,0.260
2016-12-01 01:48:28.799,248.417,0.029,-0.768,-0.006,0.640,0.426,1.157,0.260
2016-12-01 01:48:28.810,248.439,0.029,-0.768,-0.005,0.639,0.426,1.157,0.260
2016-12-01 01:48:28.821,248.439,0.029,-0.769,-0.005,0.638,0.426,1.157,0.260
2016-12-01 01:48:28.832,248.460,0.030,-0.770,-0.005,0.637,0.425,1.157,0.260
2016-12-01 01:48:28.844,248.460,0.030,-0.771,-0.005,0.637,0.425,1.157,0.260
2016-12-01 01:48:28.854,248.481,0.030,-0.771,-0.005,0.636,0.425,1.157,0.260
2016-12-01 01:48:28.865,248.481,0.030,-0.772,-0.005,0.635,0.425,1.157,0.260
2016-12-01 01:48:28.877,248.503,0.030,-0.773,-0.005,0.634,0.425,1.157,0.260
2016-12-01 01:48:28.888,248.524,0.030,-0.773,-0.005,0.633,0.425,1.157,0.260
2016-12-01 01:48:28.899,248.524,0.031,-0.774,-0.004,0.632,0.424,1.157,0.260
2016-12-01 01:48:28.910,248.545,0.031,-0.775,-0.004,0.632,0.424,1.157,0.259
2016-12-01 01:48:28.921,248.545,0.032,-0.775,-0.003,0.631,0.424,1.157,0.259
2016-12-01 01:48:28.933,248.567,0.032,-0.776,-0.003,0.630,0.424,1.157,0.259
2016-12-01 01:48:28.944,248.567,0.032,-0.776,-0.003,0.630,0.424,1.157,0.259
2016-12-01 01:48:28.955,248.588,0.033,-0.777,-0.003,0.629,0.423,1.157,0.259
2016-12-01 01:48:28.966,248.588,0.033,-0.777,-0.003,0.629,0.423,1.157,0.259
2016-12-01 01:48:28.977,248.609,0.033,-0.778,-0.002,0.628,0.423,1.157,0.259
2016-12-01 01:48:28.989,248.609,0.033,-0.778,-0.002,0.627,0.423,1.157,0.259
2016-12-01 01:48:29.000,248.631,0.034,-0.778,-0.002,0.627,0.423,1.157,0.259
2016-12-01 01:48:29.011,248.631,0.034,-0.779,-0.002,0.626,0.423,1.157,0.259
2016-12-01 01:48:29.022,248.652,0.034,-0.779,-0.002,0.626,0.423,1.157,0.259
2016-12-01 01:48:29.033,248.652,0.034,-0.780,-0.001,0.625,0.423,1.157,0.259
2016-12-01 01:48:29.044,248.673,0.034,-0.780,-0.001,0.625,0.423,1.156,0.259
2016-12-01 01:48:29.055,248.673,0.035,-0.780,-0.001,0.625,0.423,1.156,0.259
2016-12-01 01:48:29.066,248.695,0.035,-0.780,-0.001,0.624,0.422,1.156,0.259
2016-12-01 01:48:29.078,248.716,0.035,-0.780,-0.001,0.624,0.423,1.156,0.259
2016-12-01 01:48:29.089,248.716,0.035,-0.780,-0.001,0.624,0.423,1.156,0.259
2016-12-01 01:48:29.100,248.737,0.035,-0.781,0.000,0.624,0.422,1.156,0.259
2016-12-01 01:48:29.111,248.737,0.035,-0.781,0.000,0.624,0.422,1.156,0.259
2016-12-01 01:48:29.122,248.737,0.035,-0.781,0.000,0.624,0.422,1.156,0.259
2016-12-01 01:48:29.134,248.759,0.036,-0.780,0.000,0.624,0.422,1.156,0.259
2016-12-01 01:48:29.145,248.759,0.036,-0.780,0.000,0.624,0.422,1.156,0.259
2016-12-01 01:48:29.156,248.780,0.035,-0.780,0.000,0.625,0.423,1.156,0.259
2016-12-01 01:48:29.167,248.801,0.036,-0.780,0.000,0.625,0.423,1.156,0.259
2016-12-01 01:48:29.179,248.801,0.036,-0.780,0.000,0.625,0.423,1.156,0.259
2016-12-01 01:48:29.190,248.823,0.035,-0.779,0.000,0.626,0.423,1.156,0.259
2016-12-01 01:48:29.201,248.823,0.035,-0.779,0.000,0.626,0.423,1.156,0.259
2016-12-01 01:48:29.212,248.844,0.036,-0.779,0.000,0.627,0.423,1.156,0.259
2016-12-01 01:48:29.223,248.844,0.036,-0.778,0.000,0.627,0.423,1.156,0.259
2016-12-01 01:48:29.234,248.865,0.036,-0.778,0.000,0.627,0.423,1.156,0.260
2016-12-01 01:48:29.246,248.865,0.036,-0.777,0.000,0.628,0.423,1.156,0.259
2016-12-01 01:48:29.256,248.887,0.036,-0.777,0.000,0.628,0.423,1.156,0.260
2016-12-01 01:48:29.268,248.908,0.036,-0.777,0.000,0.629,0.423,1.156,0.259
2016-12-01 01:48:29.279,248.908,0.036,-0.776,0.000,0.629,0.423,1.156,0.259
2016-12-01 01:48:29.290,248.908,0.036,-0.776,0.000,0.630,0.423,1.156,0.259
2016-12-01 01:48:29.301,248.929,0.036,-0.775,0.000,0.631,0.423,1.156,0.259
2016-12-01 01:48:29.313,248.929,0.036,-0.775,0.000,0.631,0.423,1.156,0.260
2016-12-01 01:48:29.323,248.951,0.036,-0.774,0.000,0.632,0.423,1.156,0.259
2016-12-01 01:48:29.335,248.951,0.036,-0.774,0.000,0.633,0.423,1.156,0.259
2016-12-01 01:48:29.345,248.972,0.036,-0.773,0.000,0.633,0.423,1.156,0.259
2016-12-01 01:48:29.357,248.993,0.036,-0.772,0.000,0.634,0.423,1.156,0.259
2016-12-01 01:48:29.369,248.993,0.036,-0.772,0.000,0.635,0.423,1.156,0.259
2016-12-01 01:48:29.380,249.015,0.036,-0.771,0.000,0.636,0.423,1.156,0.259
2016-12-01 01:48:29.391,249.015,0.036,-0.770,0.000,0.637,0.423,1.156,0.259
2016-12-01 01:48:29.402,249.036,0.036,-0.770,0.000,0.637,0.423,1.156,0.259
2016-12-01 01:48:29.413,249.036,0.036,-0.769,0.000,0.638,0.424,1.156,0.260
2016-12-01 01:48:29.424,249.057,0.036,-0.768,0.000,0.639,0.424,1.156,0.260
2016-12-01 01:48:29.436,249.057,0.036,-0.768,0.000,0.640,0.424,1.156,0.260
2016-12-01 01:48:29.447,249.079,0.036,-0.767,0.000,0.641,0.424,1.156,0.260
2016-12-01 01:48:29.457,249.079,0.036,-0.766,0.000,0.642,0.424,1.156,0.260
2016-12-01 01:48:29.469,249.100,0.036,-0.766,0.000,0.642,0.424,1.156,0.260
2016-12-01 01:48:29.480,249.100,0.036,-0.765,0.000,0.643,0.424,1.156,0.260
2016-12-01 01:48:29.491,249.121,0.036,-0.764,0.000,0.644,0.424,1.156,0.260
2016-12-01 01:48:29.503,249.121,0.035,-0.763,0.000,0.645,0.424,1.156,0.260
2016-12-01 01:48:29.513,249.143,0.035,-0.763,0.000,0.646,0.424,1.156,0.260
2016-12-01 01:48:29.524,249.143,0.035,-0.762,0.000,0.647,0.424,1.156,0.260
2016-12-01 01:48:29.536,249.164,0.035,-0.761,0.000,0.648,0.424,1.156,0.260
2016-12-01 01:48:29.548,249.185,0.035,-0.761,0.000,0.648,0.424,1.156,0.260
2016-12-01 01:48:29.559,249.185,0.035,-0.760,0.000,0.649,0.424,1.156,0.260
2016-12-01 01:48:29.569,249.207,0.035,-0.759,0.000,0.650,0.424,1.156,0.260
2016-12-01 01:48:29.581,249.207,0.035,-0.758,0.000,0.651,0.424,1.156,0.260
2016-12-01 01:48:29.592,249.228,0.035,-0.758,0.000,0.652,0.424,1.156,0.260
2016-12-01 01:48:29.603,249.228,0.035,-0.757,0.000,0.652,0.424,1.156,0.260
2016-12-01 01:48:29.614,249.228,0.035,-0.756,0.001,0.653,0.424,1.156,0.260
2016-12-01 01:48:29.625,249.249,0.035,-0.756,0.001,0.654,0.424,1.156,0.260
2016-12-01 01:48:29.637,249.271,0.035,-0.755,0.001,0.655,0.424,1.156,0.260
2016-12-01 01:48:29.647,249.271,0.036,-0.754,0.001,0.656,0.424,1.156,0.260
2016-12-01 01:48:29.658,249.292,0.036,-0.753,0.001,0.657,0.424,1.156,0.260
2016-12-01 01:48:29.670,249.292,0.036,-0.753,0.000,0.658,0.424,1.156,0.260
2016-12-01 01:48:29.681,249.313,0.036,-0.752,0.000,0.658,0.424,1.156,0.260
2016-12-01 01:48:29.692,249.313,0.036,-0.751,0.000,0.660,0.424,1.156,0.260
2016-12-01 01:48:29.703,249.335,0.036,-0.750,0.000,0.661,0.424,1.156,0.260
2016-12-01 01:48:29.715,249.335,0.036,-0.749,0.000,0.662,0.424,1.156,0.260
2016-12-01 01:48:29.726,249.356,0.036,-0.748,0.000,0.663,0.424,1.156,0.260
2016-12-01 01:48:29.737,249.377,0.036,-0.747,0.001,0.664,0.424,1.156,0.260
2016-12-01 01:48:29.748,249.377,0.036,-0.746,0.001,0.665,0.424,1.156,0.260
2016-12-01 01:48:29.759,249.399,0.036,-0.746,0.001,0.665,0.424,1.156,0.260
2016-12-01 01:48:29.771,249.399,0.036,-0.745,0.001,0.666,0.424,1.156,0.260
2016-12-01 01:48:29.782,249.399,0.036,-0.744,0.001,0.667,0.424,1.156,0.260
2016-12-01 01:48:29.793,249.420,0.035,-0.743,0.001,0.668,0.424,1.156,0.260
2016-12-01 01:48:29.804,249.420,0.035,-0.742,0.001,0.669,0.424,1.156,0.260
2016-12-01 01:48:29.815,249.441,0.035,-0.742,0.001,0.670,0.424,1.156,0.260
2016-12-01 01:48:29.826,249.463,0.035,-0.741,0.001,0.670,0.424,1.156,0.260
2016-12-01 01:48:29.838,249.463,0.036,-0.740,0.001,0.671,0.424,1.156,0.260
2016-12-01 01:48:29.848,249.484,0.036,-0.740,0.001,0.672,0.424,1.156,0.260
2016-12-01 01:48:29.860,249.484,0.036,-0.739,0.001,0.673,0.424,1.156,0.260
2016-12-01 01:48:29.871,249.505,0.036,-0.738,0.001,0.674,0.424,1.156,0.260
2016-12-01 01:48:29.882,249.505,0.037,-0.737,0.001,0.675,0.424,1.156,0.260
2016-12-01 01:48:29.893,249.527,0.037,-0.737,0.001,0.675,0.424,1.156,0.261
2016-12-01 01:48:29.905,249.527,0.038,-0.736,0.001,0.676,0.424,1.155,0.261
2016-12-01 01:48:29.916,249.548,0.038,-0.735,0.001,0.677,0.424,1.156,0.261
2016-12-01 01:48:29.927,249.548,0.038,-0.734,0.001,0.678,0.424,1.156,0.261
2016-12-01 01:48:29.938,249.569,0.039,-0.733,0.001,0.679,0.424,1.156,0.261
2016-12-01 01:48:29.949,249.569,0.039,-0.732,0.000,0.680,0.424,1.156,0.261
2016-12-01 01:48:29.960,249.591,0.039,-0.731,0.000,0.681,0.424,1.155,0.261
2016-12-01 01:48:29.972,249.591,0.039,-0.730,0.000,0.683,0.424,1.155,0.261
2016-12-01 01:48:29.982,249.612,0.039,-0.729,0.000,0.684,0.424,1.155,0.261
2016-12-01 01:48:29.994,249.612,0.039,-0.727,0.000,0.685,0.424,1.155,0.261
2016-12-01 01:48:30.005,249.633,0.039,-0.726,0.000,0.686,0.424,1.155,0.261
2016-12-01 01:48:30.016,249.655,0.039,-0.725,0.000,0.688,0.424,1.155,0.262
2016-12-01 01:48:30.028,249.655,0.039,-0.724,0.000,0.689,0.424,1.155,0.262
2016-12-01 01:48:30.038,249.676,0.039,-0.722,0.000,0.690,0.425,1.155,0.262
2016-12-01 01:48:30.049,249.676,0.039,-0.721,0.000,0.692,0.425,1.155,0.262
2016-12-01 01:48:30.060,249.697,0.039,-0.720,0.000,0.693,0.425,1.155,0.262
2016-12-01 01:48:30.072,249.697,0.040,-0.719,0.000,0.694,0.425,1.155,0.262
2016-12-01 01:48:30.083,249.719,0.040,-0.717,0.000,0.695,0.425,1.155,0.263
2016-12-01 01:48:30.094,249.719,0.040,-0.716,0.000,0.697,0.425,1.155,0.263
2016-12-01 01:48:30.106,249.719,0.041,-0.715,0.000,0.698,0.425,1.155,0.263
2016-12-01 01:48:30.117,249.740,0.041,-0.714,0.000,0.699,0.425,1.155,0.263
2016-12-01 01:48:30.128,249.761,0.041,-0.713,0.000,0.700,0.425,1.155,0.263
2016-12-01 01:48:30.140,249.761,0.041,-0.712,0.000,0.701,0.425,1.155,0.263
2016-12-01 01:48:30.150,249.783,0.041,-0.711,0.000,0.702,0.425,1.155,0.263
2016-12-01 01:48:30.161,249.783,0.041,-0.710,0.000,0.703,0.425,1.155,0.263
2016-12-01 01:48:30.173,249.804,0.041,-0.709,0.000,0.704,0.426,1.155,0.263
2016-12-01 01:48:30.184,249.804,0.041,-0.708,0.000,0.705,0.426,1.155,0.263
2016-12-01 01:48:30.195,249.825,0.041,-0.707,0.000,0.706,0.426,1.155,0.264
2016-12-01 01:48:30.206,249.847,0.041,-0.706,0.000,0.707,0.426,1.155,0.264
2016-12-01 01:48:30.217,249.847,0.041,-0.706,0.000,0.707,0.426,1.155,0.264
2016-12-01 01:48:30.228,249.868,0.041,-0.705,0.000,0.708,0.426,1.155,0.264
2016-12-01 01:48:30.240,249.868,0.041,-0.704,0.000,0.709,0.426,1.155,0.264
2016-12-01 01:48:30.250,249.868,0.041,-0.703,-0.001,0.710,0.426,1.155,0.264
2016-12-01 01:48:30.262,249.889,0.041,-0.702,-0.001,0.711,0.426,1.155,0.264
2016-12-01 01:48:30.273,249.889,0.041,-0.701,-0.001,0.712,0.426,1.155,0.264
2016-12-01 01:48:30.284,249.911,0.041,-0.700,-0.001,0.713,0.426,1.155,0.264
2016-12-01 01:48:30.296,249.911,0.041,-0.699,-0.001,0.714,0.426,1.155,0.264
2016-12-01 01:48:30.307,249.932,0.041,-0.698,-0.001,0.715,0.426,1.155,0.264
2016-12-01 01:48:30.318,249.953,0.041,-0.697,-0.001,0.716,0.426,1.155,0.264
2016-12-01 01:48:30.330,249.953,0.041,-0.696,-0.001,0.717,0.426,1.155,0.264
2016-12-01 01:48:30.340,249.975,0.041,-0.695,-0.001,0.718,0.426,1.155,0.264
2016-12-01 01:48:30.351,249.975,0.041,-0.694,-0.001,0.719,0.426,1.155,0.264
2016-12-01 01:48:30.362,249.996,0.041,-0.693,-0.001,0.720,0.426,1.155,0.264
2016-12-01 01:48:30.374,249.996,0.041,-0.692,-0.001,0.720,0.426,1.155,0.264
2016-12-01 01:48:30.385,250.017,0.041,-0.692,0.000,0.721,0.426,1.155,0.264
2016-12-01 01:48:30.396,250.039,0.041,-0.691,0.000,0.722,0.426,1.155,0.264
2016-12-01 01:48:30.407,250.039,0.041,-0.690,0.000,0.723,0.426,1.155,0.264
2016-12-01 01:48:30.418,250.039,0.041,-0.689,0.000,0.723,0.426,1.155,0.263
2016-12-01 01:48:30.429,250.060,0.041,-0.689,0.000,0.724,0.425,1.155,0.263
2016-12-01 01:48:30.441,250.060,0.041,-0.688,0.000,0.724,0.425,1.155,0.263
2016-12-01 01:48:30.451,250.081,0.041,-0.688,0.000,0.725,0.425,1.155,0.263
2016-12-01 01:48:30.463,250.081,0.041,-0.687,0.001,0.725,0.425,1.155,0.263
2016-12-01 01:48:30.474,250.103,0.041,-0.687,0.001,0.726,0.425,1.155,0.263
2016-12-01 01:48:30.486,250.103,0.041,-0.686,0.001,0.726,0.425,1.155,0.263
2016-12-01 01:48:30.496,250.124,0.041,-0.686,0.002,0.727,0.425,1.155,0.263
2016-12-01 01:48:30.508,250.145,0.041,-0.685,0.002,0.727,0.425,1.155,0.263
2016-12-01 01:48:30.519,250.145,0.041,-0.685,0.002,0.727,0.425,1.155,0.263
2016-12-01 01:48:30.530,250.167,0.041,-0.685,0.002,0.728,0.424,1.155,0.262
2016-12-01 01:48:30.541,250.167,0.041,-0.685,0.003,0.728,0.424,1.155,0.262
2016-12-01 01:48:30.552,250.188,0.041,-0.684,0.003,0.728,0.424,1.155,0.262
2016-12-01 01:48:30.564,250.188,0.041,-0.684,0.003,0.728,0.424,1.155,0.262
2016-12-01 01:48:30.574,250.209,0.041,-0.684,0.003,0.728,0.424,1.155,0.262
2016-12-01 01:48:30.586,250.209,0.041,-0.684,0.003,0.728,0.424,1.155,0.262
2016-12-01 01:48:30.597,250.231,0.041,-0.684,0.003,0.728,0.424,1.155,0.262
2016-12-01 01:48:30.608,250.231,0.041,-0.684,0.003,0.728,0.424,1.155,0.262
2016-12-01 01:48:30.619,250.252,0.040,-0.684,0.003,0.728,0.424,1.155,0.262
2016-12-01 01:48:30.631,250.252,0.040,-0.685,0.004,0.728,0.424,1.155,0.262
2016-12-01 01:48:30.642,250.273,0.040,-0.685,0.004,0.728,0.424,1.155,0.262
2016-12-01 01:48:30.653,250.273,0.040,-0.685,0.004,0.727,0.424,1.155,0.262
2016-12-01 01:48:30.664,250.295,0.040,-0.685,0.004,0.727,0.423,1.155,0.261
2016-12-01 01:48:30.676,250.295,0.040,-0.685,0.005,0.727,0.423,1.155,0.261
2016-12-01 01:48:30.686,250.316,0.040,-0.686,0.005,0.727,0.423,1.155,0.261
2016-12-01 01:48:30.697,250.337,0.040,-0.686,0.005,0.726,0.423,1.155,0.261
2016-12-01 01:48:30.709,250.337,0.040,-0.687,0.005,0.726,0.423,1.155,0.261
2016-12-01 01:48:30.720,250.359,0.040,-0.687,0.005,0.725,0.423,1.155,0.261
2016-12-01 01:48:30.731,250.359,0.040,-0.688,0.005,0.725,0.424,1.155,0.261
2016-12-01 01:48:30.742,250.359,0.040,-0.688,0.005,0.725,0.423,1.155,0.261
2016-12-01 01:48:30.753,250.380,0.040,-0.688,0.005,0.724,0.423,1.155,0.261
2016-12-01 01:48:30.765,250.380,0.040,-0.689,0.006,0.724,0.423,1.155,0.261
2016-12-01 01:48:30.776,250.401,0.040,-0.689,0.006,0.723,0.423,1.155,0.261
2016-12-01 01:48:30.787,250.423,0.040,-0.690,0.006,0.723,0.423,1.155,0.261
2016-12-01 01:48:30.798,250.423,0.040,-0.690,0.006,0.722,0.423,1.155,0.261
2016-12-01 01:48:30.809,250.444,0.040,-0.691,0.006,0.722,0.423,1.155,0.261
2016-12-01 01:48:30.820,250.444,0.040,-0.691,0.006,0.721,0.423,1.155,0.261
2016-12-01 01:48:30.831,250.465,0.040,-0.692,0.006,0.721,0.423,1.155,0.261
2016-12-01 01:48:30.843,250.465,0.040,-0.692,0.006,0.721,0.423,1.155,0.261
2016-12-01 01:48:30.854,250.487,0.040,-0.693,0.007,0.720,0.423,1.155,0.261
2016-12-01 01:48:30.865,250.487,0.040,-0.693,0.007,0.720,0.423,1.155,0.261
2016-12-01 01:48:30.876,250.508,0.040,-0.694,0.007,0.719,0.423,1.155,0.261
2016-12-01 01:48:30.887,250.529,0.040,-0.694,0.008,0.719,0.423,1.155,0.261
2016-12-01 01:48:30.899,250.529,0.040,-0.695,0.008,0.718,0.423,1.155,0.261
2016-12-01 01:48:30.910,250.529,0.040,-0.695,0.008,0.717,0.422,1.155,0.261
2016-12-01 01:48:30.921,250.551,0.039,-0.696,0.008,0.717,0.422,1.155,0.261
2016-12-01 01:48:30.932,250.551,0.039,-0.697,0.009,0.716,0.422,1.155,0.261
2016-12-01 01:48:30.943,250.572,0.039,-0.698,0.009,0.715,0.422,1.155,0.261
2016-12-01 01:48:30.954,250.572,0.039,-0.699,0.009,0.714,0.422,1.155,0.261
2016-12-01 01:48:30.965,250.593,0.039,-0.700,0.009,0.713,0.422,1.155,0.261
2016-12-01 01:48:30.977,250.615,0.039,-0.701,0.009,0.712,0.422,1.155,0.261
2016-12-01 01:48:30.988,250.615,0.039,-0.702,0.009,0.711,0.422,1.155,0.261
2016-12-01 01:48:30.999,250.636,0.040,-0.703,0.009,0.710,0.422,1.155,0.261
2016-12-01 01:48:31.010,250.636,0.040,-0.704,0.009,0.709,0.422,1.155,0.261
2016-12-01 01:48:31.021,250.657,0.040,-0.705,0.009,0.708,0.422,1.155,0.261
2016-12-01 01:48:31.033,250.657,0.040,-0.706,0.009,0.707,0.422,1.155,0.261
2016-12-01 01:48:31.044,250.679,0.040,-0.707,0.009,0.706,0.421,1.155,0.261
2016-12-01 01:48:31.055,250.679,0.040,-0.708,0.009,0.705,0.421,1.154,0.261
2016-12-01 01:48:31.066,250.700,0.041,-0.709,0.009,0.704,0.421,1.155,0.262
2016-12-01 01:48:31.078,250.700,0.041,-0.710,0.009,0.703,0.421,1.155,0.262
2016-12-01 01:48:31.088,250.721,0.041,-0.711,0.009,0.702,0.421,1.154,0.262
2016-12-01 01:48:31.100,250.721,0.041,-0.712,0.009,0.701,0.421,1.154,0.262
2016-12-01 01:48:31.111,250.743,0.042,-0.713,0.009,0.700,0.421,1.154,0.262
2016-12-01 01:48:31.122,250.743,0.042,-0.714,0.009,0.699,0.421,1.154,0.262
2016-12-01 01:48:31.133,250.764,0.042,-0.715,0.009,0.698,0.421,1.154,0.262
2016-12-01 01:48:31.145,250.764,0.043,-0.715,0.009,0.697,0.421,1.154,0.262
2016-12-01 01:48:31.155,250.785,0.043,-0.716,0.009,0.697,0.421,1.154,0.262
2016-12-01 01:48:31.167,250.807,0.043,-0.717,0.009,0.696,0.420,1.154,0.262
2016-12-01 01:48:31.177,250.807,0.043,-0.718,0.010,0.695,0.420,1.154,0.262
2016-12-01 01:48:31.189,250.828,0.043,-0.718,0.010,0.694,0.420,1.154,0.263
2016-12-01 01:48:31.200,250.828,0.043,-0.719,0.010,0.693,0.420,1.154,0.263
2016-12-01 01:48:31.211,250.849,0.044,-0.720,0.010,0.692,0.420,1.154,0.263
2016-12-01 01:48:31.222,250.849,0.044,-0.721,0.010,0.691,0.420,1.154,0.263
2016-12-01 01:48:31.234,250.849,0.044,-0.722,0.010,0.690,0.420,1.154,0.263
2016-12-01 01:48:31.245,250.871,0.044,-0.724,0.010,0.689,0.420,1.154,0.263
2016-12-01 01:48:31.256,250.892,0.044,-0.725,0.011,0.688,0.420,1.154,0.263
2016-12-01 01:48:31.268,250.892,0.044,-0.726,0.011,0.687,0.420,1.154,0.263
2016-12-01 01:48:31.278,250.913,0.044,-0.727,0.011,0.685,0.420,1.154,0.263
2016-12-01 01:48:31.289,250.913,0.044,-0.728,0.011,0.684,0.420,1.154,0.263
2016-12-01 01:48:31.301,250.935,0.044,-0.729,0.011,0.683,0.419,1.153,0.263
2016-12-01 01:48:31.312,250.935,0.044,-0.730,0.012,0.682,0.419,1.153,0.263
2016-12-01 01:48:31.323,250.956,0.044,-0.731,0.012,0.681,0.419,1.153,0.263
2016-12-01 01:48:31.334,250.956,0.044,-0.732,0.012,0.680,0.419,1.153,0.263
2016-12-01 01:48:31.345,250.977,0.044,-0.733,0.012,0.678,0.419,1.153,0.263
2016-12-01 01:48:31.356,250.999,0.044,-0.734,0.013,0.677,0.419,1.153,0.263
2016-12-01 01:48:31.368,250.999,0.044,-0.735,0.013,0.676,0.419,1.153,0.263
2016-12-01 01:48:31.379,251.020,0.044,-0.737,0.013,0.675,0.419,1.153,0.263
2016-12-01 01:48:31.390,251.020,0.044,-0.738,0.013,0.674,0.419,1.153,0.263
2016-12-01 01:48:31.401,251.020,0.044,-0.739,0.013,0.673,0.419,1.153,0.263
2016-12-01 01:48:31.412,251.041,0.044,-0.739,0.013,0.672,0.418,1.153,0.263
2016-12-01 01:48:31.424,251.041,0.044,-0.740,0.013,0.671,0.418,1.153,0.263
2016-12-01 01:48:31.435,251.063,0.045,-0.741,0.014,0.670,0.418,1.153,0.263
2016-12-01 01:48:31.446,251.084,0.045,-0.742,0.014,0.669,0.418,1.153,0.263
2016-12-01 01:48:31.457,251.084,0.045,-0.743,0.014,0.668,0.418,1.153,0.263
2016-12-01 01:48:31.468,251.105,0.045,-0.743,0.014,0.667,0.418,1.153,0.263
2016-12-01 01:48:31.480,251.105,0.046,-0.744,0.014,0.666,0.418,1.153,0.263
2016-12-01 01:48:31.490,251.127,0.046,-0.745,0.014,0.665,0.418,1.153,0.263
2016-12-01 01:48:31.502,251.127,0.046,-0.746,0.014,0.665,0.418,1.153,0.263
2016-12-01 01:48:31.513,251.148,0.046,-0.746,0.014,0.664,0.418,1.153,0.263
2016-12-01 01:48:31.524,251.148,0.046,-0.747,0.014,0.663,0.418,1.153,0.263
2016-12-01 01:48:31.535,251.169,0.046,-0.748,0.014,0.662,0.418,1.153,0.263
2016-12-01 01:48:31.547,251.169,0.046,-0.748,0.014,0.662,0.418,1.153,0.263
2016-12-01 01:48:31.557,251.191,0.047,-0.749,0.014,0.661,0.418,1.153,0.263
2016-12-01 01:48:31.569,251.191,0.047,-0.749,0.014,0.660,0.418,1.153,0.263
2016-12-01 01:48:31.580,251.212,0.047,-0.750,0.014,0.660,0.418,1.153,0.263
2016-12-01 01:48:31.591,251.212,0.047,-0.751,0.014,0.659,0.418,1.153,0.263
2016-12-01 01:48:31.602,251.233,0.047,-0.751,0.015,0.658,0.418,1.153,0.263
2016-12-01 01:48:31.615,251.233,0.046,-0.752,0.015,0.658,0.418,1.153,0.263
2016-12-01 01:48:31.625,251.255,0.046,-0.752,0.015,0.657,0.417,1.153,0.263
2016-12-01 01:48:31.636,251.276,0.046,-0.753,0.015,0.657,0.418,1.153,0.263
2016-12-01 01:48:31.647,251.276,0.046,-0.753,0.015,0.656,0.418,1.153,0.263
2016-12-01 01:48:31.658,251.297,0.046,-0.754,0.015,0.655,0.418,1.153,0.263
2016-12-01 01:48:31.670,251.297,0.046,-0.754,0.015,0.655,0.418,1.153,0.262
2016-12-01 01:48:31.680,251.319,0.046,-0.755,0.015,0.654,0.418,1.153,0.262
2016-12-01 01:48:31.692,251.319,0.046,-0.755,0.015,0.654,0.418,1.153,0.262
2016-12-01 01:48:31.703,251.340,0.046,-0.756,0.015,0.653,0.418,1.153,0.262
2016-12-01 01:48:31.714,251.340,0.046,-0.756,0.015,0.653,0.417,1.153,0.262
2016-12-01 01:48:31.725,251.340,0.046,-0.757,0.015,0.652,0.417,1.153,0.262
2016-12-01 01:48:31.736,251.361,0.046,-0.757,0.016,0.652,0.417,1.153,0.262
2016-12-01 01:48:31.748,251.383,0.046,-0.757,0.016,0.651,0.417,1.153,0.262
2016-12-01 01:48:31.758,251.383,0.047,-0.758,0.016,0.651,0.417,1.153,0.262
2016-12-01 01:48:31.769,251.404,0.047,-0.758,0.016,0.650,0.417,1.152,0.262
2016-12-01 01:48:31.781,251.404,0.047,-0.758,0.016,0.650,0.417,1.152,0.262
2016-12-01 01:48:31.792,251.425,0.047,-0.758,0.016,0.650,0.417,1.152,0.262
2016-12-01 01:48:31.804,251.425,0.047,-0.759,0.016,0.650,0.417,1.152,0.262
2016-12-01 01:48:31.815,251.447,0.047,-0.759,0.017,0.649,0.417,1.152,0.262
2016-12-01 01:48:31.826,251.468,0.047,-0.759,0.017,0.649,0.417,1.152,0.262
2016-12-01 01:48:31.837,251.468,0.047,-0.759,0.017,0.649,0.417,1.152,0.262
2016-12-01 01:48:31.848,251.489,0.047,-0.760,0.017,0.648,0.417,1.152,0.262
2016-12-01 01:48:31.860,251.489,0.048,-0.760,0.017,0.648,0.417,1.152,0.261
2016-12-01 01:48:31.870,251.489,0.048,-0.760,0.017,0.648,0.417,1.152,0.261
2016-12-01 01:48:31.881,251.511,0.048,-0.760,0.017,0.648,0.416,1.152,0.261
2016-12-01 01:48:31.892,251.511,0.048,-0.760,0.017,0.647,0.416,1.152,0.261
2016-12-01 01:48:31.904,251.532,0.048,-0.760,0.018,0.647,0.416,1.152,0.261
2016-12-01 01:48:31.915,251.532,0.049,-0.760,0.018,0.647,0.416,1.152,0.261
2016-12-01 01:48:31.926,251.553,0.049,-0.760,0.018,0.647,0.416,1.152,0.261
2016-12-01 01:48:31.938,251.575,0.049,-0.760,0.018,0.647,0.416,1.152,0.261
2016-12-01 01:48:31.948,251.575,0.049,-0.760,0.018,0.647,0.416,1.152,0.261
2016-12-01 01:48:31.959,251.596,0.048,-0.761,0.019,0.647,0.416,1.152,0.261
2016-12-01 01:48:31.971,251.596,0.048,-0.761,0.019,0.647,0.416,1.152,0.261
2016-12-01 01:48:31.982,251.617,0.048,-0.761,0.019,0.647,0.416,1.152,0.262
2016-12-01 01:48:31.993,251.617,0.048,-0.761,0.018,0.647,0.416,1.152,0.262
2016-12-01 01:48:32.004,251.639,0.048,-0.761,0.018,0.647,0.416,1.152,0.262
2016-12-01 01:48:32.016,251.639,0.048,-0.761,0.018,0.647,0.416,1.152,0.262
2016-12-01 01:48:32.027,251.660,0.048,-0.761,0.018,0.647,0.416,1.152,0.262
2016-12-01 01:48:32.038,251.660,0.048,-0.760,0.018,0.648,0.416,1.152,0.262
2016-12-01 01:48:32.049,251.681,0.048,-0.760,0.018,0.648,0.416,1.152,0.262
2016-12-01 01:48:32.060,251.681,0.048,-0.760,0.018,0.648,0.416,1.152,0.262
2016-12-01 01:48:32.071,251.703,0.048,-0.760,0.018,0.648,0.416,1.152,0.262
2016-12-01 01:48:32.083,251.703,0.048,-0.760,0.018,0.648,0.416,1.152,0.262
2016-12-01 01:48:32.094,251.724,0.048,-0.760,0.018,0.648,0.416,1.152,0.262
2016-12-01 01:48:32.105,251.724,0.048,-0.760,0.018,0.648,0.416,1.152,0.262
2016-12-01 01:48:32.116,251.745,0.048,-0.760,0.018,0.648,0.416,1.152,0.262
2016-12-01 01:48:32.127,251.767,0.048,-0.760,0.018,0.648,0.416,1.152,0.262
2016-12-01 01:48:32.138,251.767,0.048,-0.760,0.018,0.648,0.416,1.152,0.262
2016-12-01 01:48:32.149,251.788,0.048,-0.760,0.018,0.648,0.416,1.152,0.262
2016-12-01 01:48:32.161,251.788,0.048,-0.760,0.018,0.648,0.416,1.152,0.262
2016-12-01 01:48:32.172,251.809,0.048,-0.759,0.018,0.649,0.416,1.152,0.262
2016-12-01 01:48:32.183,251.809,0.048,-0.759,0.018,0.649,0.416,1.152,0.262
2016-12-01 01:48:32.194,251.831,0.048,-0.759,0.018,0.649,0.416,1.152,0.262
2016-12-01 01:48:32.206,251.831,0.048,-0.759,0.018,0.649,0.416,1.152,0.262
2016-12-01 01:48:32.217,251.852,0.048,-0.759,0.018,0.649,0.417,1.152,0.262
2016-12-01 01:48:32.228,251.852,0.048,-0.758,0.018,0.650,0.417,1.152,0.262
2016-12-01 01:48:32.239,251.873,0.049,-0.758,0.018,0.650,0.416,1.152,0.263
2016-12-01 01:48:32.250,251.873,0.049,-0.758,0.018,0.650,0.416,1.152,0.263
2016-12-01 01:48:32.261,251.895,0.049,-0.758,0.018,0.651,0.417,1.152,0.263
2016-12-01 01:48:32.273,251.895,0.049,-0.757,0.018,0.651,0.417,1.152,0.263
2016-12-01 01:48:32.283,251.916,0.049,-0.757,0.018,0.651,0.417,1.152,0.263
2016-12-01 01:48:32.295,251.916,0.049,-0.757,0.018,0.652,0.417,1.152,0.263
2016-12-01 01:48:32.306,251.937,0.049,-0.756,0.018,0.652,0.417,1.152,0.263
2016-12-01 01:48:32.317,251.959,0.049,-0.756,0.018,0.652,0.417,1.152,0.263
2016-12-01 01:48:32.328,251.959,0.049,-0.756,0.018,0.653,0.417,1.152,0.263
2016-12-01 01:48:32.339,251.980,0.049,-0.756,0.018,0.653,0.417,1.152,0.263
2016-12-01 01:48:32.350,251.980,0.050,-0.756,0.018,0.653,0.417,1.152,0.263
2016-12-01 01:48:32.362,251.980,0.050,-0.755,0.018,0.653,0.417,1.152,0.263
2016-12-01 01:48:32.373,252.001,0.050,-0.755,0.018,0.653,0.417,1.152,0.263
2016-12-01 01:48:32.385,252.001,0.050,-0.756,0.018,0.653,0.416,1.152,0.263
2016-12-01 01:48:32.395,252.023,0.050,-0.756,0.018,0.653,0.417,1.152,0.263
2016-12-01 01:48:32.407,252.044,0.049,-0.756,0.018,0.653,0.417,1.153,0.263
2016-12-01 01:48:32.418,252.044,0.049,-0.756,0.018,0.652,0.417,1.152,0.263
2016-12-01 01:48:32.429,252.065,0.049,-0.756,0.018,0.652,0.417,1.152,0.263
2016-12-01 01:48:32.441,252.065,0.049,-0.757,0.018,0.652,0.417,1.153,0.263
2016-12-01 01:48:32.451,252.087,0.049,-0.757,0.018,0.652,0.417,1.153,0.263
2016-12-01 01:48:32.463,252.087,0.049,-0.757,0.018,0.651,0.417,1.153,0.263
2016-12-01 01:48:32.473,252.108,0.049,-0.757,0.018,0.651,0.417,1.153,0.262
2016-12-01 01:48:32.484,252.108,0.049,-0.757,0.018,0.651,0.417,1.152,0.263
2016-12-01 01:48:32.496,252.129,0.048,-0.758,0.018,0.651,0.417,1.152,0.262
2016-12-01 01:48:32.507,252.151,0.048,-0.758,0.018,0.651,0.417,1.152,0.262
2016-12-01 01:48:32.518,252.151,0.048,-0.758,0.018,0.651,0.417,1.152,0.262
2016-12-01 01:48:32.529,252.151,0.049,-0.758,0.018,0.651,0.417,1.152,0.262
2016-12-01 01:48:32.540,252.172,0.049,-0.758,0.018,0.651,0.417,1.152,0.262
2016-12-01 01:48:32.552,252.172,0.049,-0.758,0.018,0.651,0.416,1.152,0.262
2016-12-01 01:48:32.563,252.193,0.049,-0.757,0.018,0.651,0.416,1.152,0.262
2016-12-01 01:48:32.574,252.193,0.049,-0.757,0.018,0.651,0.416,1.152,0.262
2016-12-01 01:48:32.585,252.215,0.049,-0.757,0.018,0.651,0.416,1.152,0.262
2016-12-01 01:48:32.596,252.236,0.049,-0.757,0.018,0.651,0.416,1.152,0.262
2016-12-01 01:48:32.608,252.236,0.049,-0.757,0.018,0.651,0.416,1.152,0.262
2016-12-01 01:48:32.619,252.257,0.049,-0.757,0.019,0.651,0.416,1.152,0.262
2016-12-01 01:48:32.630,252.257,0.049,-0.757,0.019,0.651,0.416,1.152,0.262
2016-12-01 01:48:32.641,252.279,0.049,-0.757,0.019,0.651,0.416,1.152,0.262
2016-12-01 01:48:32.652,252.279,0.049,-0.757,0.019,0.652,0.416,1.152,0.262
2016-12-01 01:48:32.663,252.300,0.049,-0.757,0.019,0.652,0.416,1.152,0.262
2016-12-01 01:48:32.675,252.300,0.049,-0.757,0.019,0.652,0.416,1.152,0.262
2016-12-01 01:48:32.686,252.300,0.049,-0.757,0.019,0.652,0.416,1.152,0.262
2016-12-01 01:48:32.697,252.321,0.049,-0.757,0.019,0.651,0.417,1.152,0.261
2016-12-01 01:48:32.708,252.343,0.049,-0.757,0.019,0.651,0.416,1.152,0.261
2016-12-01 01:48:32.719,252.343,0.049,-0.757,0.019,0.651,0.417,1.152,0.261
2016-12-01 01:48:32.730,252.364,0.048,-0.757,0.019,0.651,0.417,1.152,0.261
2016-12-01 01:48:32.742,252.364,0.048,-0.758,0.020,0.651,0.417,1.152,0.261
2016-12-01 01:48:32.753,252.385,0.048,-0.758,0.020,0.650,0.417,1.152,0.261
2016-12-01 01:48:32.764,252.385,0.048,-0.758,0.020,0.650,0.417,1.152,0.261
2016-12-01 01:48:32.775,252.407,0.048,-0.758,0.020,0.650,0.417,1.152,0.261
2016-12-01 01:48:32.787,252.428,0.048,-0.758,0.020,0.650,0.417,1.152,0.261
2016-12-01 01:48:32.798,252.428,0.048,-0.758,0.020,0.650,0.417,1.152,0.261
2016-12-01 01:48:32.809,252.449,0.048,-0.758,0.020,0.650,0.417,1.152,0.261
2016-12-01 01:48:32.820,252.449,0.048,-0.758,0.020,0.650,0.417,1.152,0.261
2016-12-01 01:48:32.831,252.471,0.048,-0.758,0.020,0.650,0.417,1.152,0.261
2016-12-01 01:48:32.842,252.471,0.048,-0.758,0.020,0.650,0.417,1.152,0.261
2016-12-01 01:48:32.853,252.471,0.048,-0.758,0.020,0.650,0.417,1.152,0.261
2016-12-01 01:48:32.864,252.492,0.048,-0.758,0.020,0.650,0.417,1.152,0.261
2016-12-01 01:48:32.876,252.513,0.048,-0.758,0.020,0.650,0.417,1.152,0.261
2016-12-01 01:48:32.887,252.513,0.048,-0.758,0.020,0.650,0.417,1.152,0.261
2016-12-01 01:48:32.898,252.535,0.048,-0.758,0.020,0.650,0.417,1.152,0.261
2016-12-01 01:48:32.909,252.535,0.048,-0.758,0.020,0.650,0.417,1.152,0.261
2016-12-01 01:48:32.920,252.556,0.048,-0.758,0.020,0.650,0.417,1.152,0.261
2016-12-01 01:48:32.932,252.556,0.048,-0.758,0.020,0.650,0.417,1.152,0.261
2016-12-01 01:48:32.943,252.577,0.048,-0.758,0.020,0.650,0.417,1.152,0.261
2016-12-01 01:48:32.954,252.577,0.049,-0.758,0.020,0.650,0.417,1.152,0.261
2016-12-01 01:48:32.965,252.599,0.049,-0.758,0.020,0.650,0.417,1.152,0.261
2016-12-01 01:48:32.977,252.599,0.049,-0.758,0.020,0.651,0.417,1.152,0.261
2016-12-01 01:48:32.987,252.620,0.049,-0.758,0.020,0.651,0.417,1.152,0.261
2016-12-01 01:48:32.999,252.641,0.049,-0.758,0.020,0.651,0.417,1.152,0.261
2016-12-01 01:48:33.010,252.641,0.049,-0.758,0.020,0.651,0.417,1.152,0.261
2016-12-01 01:48:33.021,252.641,0.049,-0.758,0.020,0.651,0.417,1.152,0.262
2016-12-01 01:48:33.032,252.663,0.049,-0.757,0.020,0.651,0.417,1.152,0.262
2016-12-01 01:48:33.044,252.663,0.049,-0.757,0.020,0.651,0.417,1.152,0.262
2016-12-01 01:48:33.054,252.684,0.049,-0.757,0.020,0.651,0.417,1.152,0.262
2016-12-01 01:48:33.065,252.684,0.049,-0.757,0.020,0.651,0.417,1.152,0.262
2016-12-01 01:48:33.076,252.705,0.049,-0.757,0.020,0.651,0.417,1.152,0.262
2016-12-01 01:48:33.088,252.727,0.049,-0.757,0.020,0.651,0.417,1.152,0.262
2016-12-01 01:48:33.099,252.727,0.049,-0.757,0.020,0.651,0.417,1.152,0.262
2016-12-01 01:48:33.110,252.748,0.049,-0.757,0.021,0.651,0.417,1.152,0.262
2016-12-01 01:48:33.121,252.748,0.049,-0.757,0.021,0.652,0.417,1.152,0.262
2016-12-01 01:48:33.133,252.769,0.049,-0.757,0.021,0.652,0.417,1.152,0.262
2016-12-01 01:48:33.144,252.769,0.050,-0.757,0.021,0.652,0.417,1.152,0.262
2016-12-01 01:48:33.155,252.791,0.050,-0.757,0.021,0.652,0.417,1.152,0.262
2016-12-01 01:48:33.166,252.791,0.050,-0.757,0.020,0.652,0.417,1.152,0.262
2016-12-01 01:48:33.177,252.812,0.050,-0.757,0.020,0.652,0.417,1.152,0.262
2016-12-01 01:48:33.188,252.812,0.050,-0.757,0.020,0.652,0.417,1.152,0.262
2016-12-01 01:48:33.199,252.833,0.050,-0.757,0.020,0.652,0.417,1.152,0.262
2016-12-01 01:48:33.211,252.833,0.050,-0.756,0.020,0.652,0.417,1.152,0.262
2016-12-01 01:48:33.222,252.855,0.050,-0.756,0.020,0.652,0.417,1.152,0.262
2016-12-01 01:48:33.233,252.855,0.050,-0.756,0.020,0.652,0.417,1.152,0.262
2016-12-01 01:48:33.244,252.876,0.050,-0.756,0.021,0.652,0.417,1.152,0.262
2016-12-01 01:48:33.255,252.876,0.050,-0.756,0.021,0.652,0.417,1.152,0.262
2016-12-01 01:48:33.266,252.897,0.050,-0.756,0.021,0.652,0.417,1.152,0.262
2016-12-01 01:48:33.278,252.919,0.050,-0.756,0.021,0.652,0.417,1.152,0.262
2016-12-01 01:48:33.288,252.919,0.050,-0.756,0.021,0.652,0.417,1.152,0.262
2016-12-01 01:48:33.300,252.940,0.050,-0.756,0.021,0.652,0.417,1.152,0.262
2016-12-01 01:48:33.312,252.940,0.050,-0.756,0.021,0.652,0.417,1.152,0.262
2016-12-01 01:48:33.322,252.961,0.050,-0.756,0.021,0.652,0.417,1.152,0.262
2016-12-01 01:48:33.334,252.961,0.050,-0.756,0.021,0.652,0.417,1.152,0.262
2016-12-01 01:48:33.345,252.961,0.050,-0.756,0.021,0.652,0.417,1.152,0.262
2016-12-01 01:48:33.356,252.983,0.050,-0.756,0.022,0.652,0.417,1.152,0.262
2016-12-01 01:48:33.367,253.004,0.050,-0.756,0.022,0.652,0.417,1.152,0.262
2016-12-01 01:48:33.379,253.004,0.050,-0.757,0.022,0.652,0.417,1.151,0.262
2016-12-01 01:48:33.389,253.025,0.050,-0.757,0.023,0.652,0.417,1.151,0.262
2016-12-01 01:48:33.401,253.025,0.051,-0.757,0.023,0.652,0.417,1.152,0.262
2016-12-01 01:48:33.412,253.047,0.051,-0.757,0.022,0.652,0.417,1.151,0.262
2016-12-01 01:48:33.423,253.047,0.051,-0.757,0.022,0.652,0.417,1.151,0.262
2016-12-01 01:48:33.434,253.068,0.051,-0.757,0.022,0.652,0.416,1.152,0.262
2016-12-01 01:48:33.445,253.068,0.051,-0.757,0.022,0.651,0.416,1.152,0.262
2016-12-01 01:48:33.456,253.089,0.051,-0.757,0.022,0.651,0.416,1.152,0.262
2016-12-01 01:48:33.468,253.111,0.051,-0.757,0.022,0.651,0.416,1.152,0.262
2016-12-01 01:48:33.478,253.111,0.051,-0.757,0.022,0.651,0.417,1.152,0.262
2016-12-01 01:48:33.490,253.111,0.051,-0.757,0.022,0.651,0.417,1.152,0.262
2016-12-01 01:48:33.501,253.132,0.051,-0.757,0.022,0.652,0.417,1.152,0.262
2016-12-01 01:48:33.513,253.132,0.051,-0.756,0.022,0.652,0.416,1.152,0.262
2016-12-01 01:48:33.524,253.153,0.052,-0.756,0.022,0.652,0.416,1.152,0.262
2016-12-01 01:48:33.535,253.153,0.052,-0.756,0.023,0.652,0.416,1.152,0.262
2016-12-01 01:48:33.546,253.175,0.052,-0.756,0.023,0.652,0.416,1.152,0.262
2016-12-01 01:48:33.557,253.196,0.052,-0.756,0.023,0.652,0.416,1.152,0.262
2016-12-01 01:48:33.569,253.196,0.052,-0.756,0.023,0.652,0.416,1.152,0.262
2016-12-01 01:48:33.579,253.217,0.052,-0.756,0.023,0.652,0.416,1.152,0.263
2016-12-01 01:48:33.590,253.217,0.052,-0.756,0.022,0.652,0.416,1.152,0.263
2016-12-01 01:48:33.601,253.239,0.052,-0.756,0.022,0.652,0.417,1.152,0.263
2016-12-01 01:48:33.614,253.239,0.051,-0.756,0.022,0.652,0.417,1.152,0.263
2016-12-01 01:48:33.624,253.260,0.051,-0.756,0.022,0.652,0.417,1.152,0.263
2016-12-01 01:48:33.635,253.260,0.051,-0.756,0.022,0.652,0.417,1.152,0.262
2016-12-01 01:48:33.646,253.281,0.051,-0.756,0.022,0.652,0.417,1.152,0.262
2016-12-01 01:48:33.657,253.281,0.051,-0.756,0.022,0.652,0.417,1.152,0.263
2016-12-01 01:48:33.668,253.303,0.051,-0.756,0.022,0.652,0.417,1.152,0.263
2016-12-01 01:48:33.680,253.303,0.051,-0.756,0.022,0.652,0.417,1.152,0.263
2016-12-01 01:48:33.691,253.324,0.052,-0.756,0.022,0.652,0.417,1.152,0.263
2016-12-01 01:48:33.703,253.324,0.052,-0.756,0.022,0.652,0.417,1.152,0.263
2016-12-01 01:48:33.713,253.345,0.052,-0.756,0.022,0.652,0.417,1.152,0.263
2016-12-01 01:48:33.724,253.345,0.052,-0.756,0.022,0.652,0.417,1.152,0.263
2016-12-01 01:48:33.736,253.367,0.052,-0.756,0.022,0.652,0.417,1.152,0.263
2016-12-01 01:48:33.747,253.388,0.052,-0.756,0.022,0.652,0.417,1.152,0.263
2016-12-01 01:48:33.758,253.388,0.052,-0.756,0.022,0.653,0.417,1.151,0.263
2016-12-01 01:48:33.769,253.409,0.052,-0.756,0.022,0.653,0.417,1.151,0.263
2016-12-01 01:48:33.781,253.409,0.052,-0.756,0.022,0.653,0.417,1.151,0.263
2016-12-01 01:48:33.791,253.431,0.052,-0.755,0.022,0.653,0.417,1.151,0.263
2016-12-01 01:48:33.803,253.431,0.052,-0.755,0.022,0.653,0.417,1.151,0.263
2016-12-01 01:48:33.814,253.452,0.052,-0.755,0.022,0.653,0.417,1.151,0.263
2016-12-01 01:48:33.825,253.452,0.052,-0.755,0.022,0.653,0.417,1.151,0.263
2016-12-01 01:48:33.836,253.473,0.052,-0.755,0.022,0.653,0.417,1.151,0.263
2016-12-01 01:48:33.848,253.473,0.052,-0.755,0.022,0.653,0.417,1.152,0.263
2016-12-01 01:48:33.859,253.495,0.053,-0.755,0.022,0.653,0.417,1.152,0.263
2016-12-01 01:48:33.870,253.495,0.053,-0.755,0.022,0.653,0.417,1.152,0.263
2016-12-01 01:48:33.881,253.516,0.053,-0.755,0.022,0.653,0.416,1.152,0.263
2016-12-01 01:48:33.892,253.516,0.052,-0.755,0.022,0.653,0.417,1.152,0.263
2016-12-01 01:48:33.903,253.537,0.052,-0.755,0.022,0.653,0.416,1.151,0.263
2016-12-01 01:48:33.915,253.537,0.052,-0.755,0.022,0.653,0.417,1.151,0.263
2016-12-01 01:48:33.926,253.559,0.052,-0.755,0.022,0.653,0.417,1.151,0.263
2016-12-01 01:48:33.937,253.580,0.052,-0.755,0.022,0.653,0.417,1.151,0.263
2016-12-01 01:48:33.948,253.580,0.052,-0.755,0.022,0.653,0.417,1.151,0.263
2016-12-01 01:48:33.959,253.601,0.052,-0.755,0.022,0.653,0.417,1.151,0.263
2016-12-01 01:48:33.971,253.601,0.052,-0.755,0.022,0.653,0.417,1.151,0.263
2016-12-01 01:48:33.981,253.601,0.052,-0.755,0.022,0.653,0.417,1.151,0.263
2016-12-01 01:48:33.992,253.623,0.052,-0.755,0.022,0.653,0.417,1.151,0.263
2016-12-01 01:48:34.004,253.623,0.052,-0.755,0.022,0.653,0.417,1.151,0.263
2016-12-01 01:48:34.015,253.644,0.052,-0.755,0.022,0.653,0.417,1.151,0.263
2016-12-01 01:48:34.026,253.644,0.052,-0.755,0.022,0.653,0.417,1.151,0.263
2016-12-01 01:48:34.037,253.665,0.052,-0.755,0.022,0.653,0.416,1.151,0.263
2016-12-01 01:48:34.048,253.687,0.053,-0.756,0.022,0.653,0.416,1.151,0.263
2016-12-01 01:48:34.060,253.687,0.052,-0.755,0.022,0.653,0.416,1.151,0.263
2016-12-01 01:48:34.071,253.708,0.053,-0.755,0.022,0.653,0.416,1.151,0.262
2016-12-01 01:48:34.083,253.708,0.053,-0.755,0.022,0.653,0.416,1.151,0.262
2016-12-01 01:48:34.093,253.729,0.053,-0.755,0.022,0.653,0.416,1.151,0.263
2016-12-01 01:48:34.105,253.729,0.053,-0.755,0.022,0.653,0.416,1.151,0.262
2016-12-01 01:48:34.116,253.751,0.054,-0.755,0.022,0.654,0.416,1.151,0.262
2016-12-01 01:48:34.127,253.772,0.054,-0.754,0.022,0.654,0.416,1.151,0.262
2016-12-01 01:48:34.138,253.772,0.054,-0.754,0.022,0.654,0.416,1.151,0.262
2016-12-01 01:48:34.149,253.772,0.054,-0.754,0.022,0.655,0.416,1.151,0.263
2016-12-01 01:48:34.160,253.793,0.054,-0.753,0.022,0.655,0.416,1.151,0.262
2016-12-01 01:48:34.172,253.793,0.054,-0.753,0.022,0.656,0.416,1.151,0.263
2016-12-01 01:48:34.183,253.815,0.054,-0.752,0.022,0.656,0.416,1.151,0.263
2016-12-01 01:48:34.194,253.815,0.054,-0.752,0.021,0.657,0.417,1.151,0.263
2016-12-01 01:48:34.205,253.836,0.054,-0.752,0.021,0.657,0.416,1.151,0.263
2016-12-01 01:48:34.216,253.857,0.053,-0.751,0.021,0.658,0.417,1.151,0.263
2016-12-01 01:48:34.227,253.857,0.053,-0.751,0.020,0.658,0.417,1.151,0.263
2016-12-01 01:48:34.238,253.879,0.052,-0.750,0.019,0.659,0.417,1.152,0.263
2016-12-01 01:48:34.250,253.879,0.052,-0.750,0.019,0.659,0.417,1.152,0.263
2016-12-01 01:48:34.261,253.900,0.051,-0.749,0.019,0.660,0.417,1.152,0.263
2016-12-01 01:48:34.273,253.900,0.051,-0.749,0.018,0.661,0.417,1.152,0.263
2016-12-01 01:48:34.283,253.921,0.051,-0.748,0.018,0.661,0.417,1.152,0.263
2016-12-01 01:48:34.295,253.921,0.050,-0.748,0.018,0.662,0.417,1.152,0.263
2016-12-01 01:48:34.305,253.921,0.050,-0.747,0.017,0.663,0.417,1.152,0.263
2016-12-01 01:48:34.317,253.943,0.050,-0.746,0.017,0.664,0.418,1.152,0.263
2016-12-01 01:48:34.328,253.964,0.051,-0.746,0.017,0.664,0.418,1.152,0.264
2016-12-01 01:48:34.339,253.964,0.051,-0.745,0.017,0.665,0.418,1.152,0.264
2016-12-01 01:48:34.350,253.985,0.051,-0.744,0.017,0.666,0.418,1.152,0.264
2016-12-01 01:48:34.361,253.985,0.051,-0.743,0.017,0.667,0.418,1.152,0.264
2016-12-01 01:48:34.372,254.007,0.051,-0.742,0.017,0.668,0.418,1.152,0.264
2016-12-01 01:48:34.384,254.007,0.051,-0.741,0.016,0.669,0.418,1.152,0.264
2016-12-01 01:48:34.394,254.028,0.051,-0.741,0.016,0.670,0.418,1.152,0.264
2016-12-01 01:48:34.406,254.049,0.051,-0.740,0.016,0.670,0.418,1.152,0.265
2016-12-01 01:48:34.417,254.049,0.051,-0.739,0.016,0.671,0.419,1.152,0.265
2016-12-01 01:48:34.428,254.071,0.052,-0.739,0.015,0.672,0.419,1.152,0.265
2016-12-01 01:48:34.440,254.071,0.052,-0.738,0.015,0.673,0.419,1.152,0.265
2016-12-01 01:48:34.451,254.092,0.052,-0.737,0.015,0.674,0.419,1.152,0.266
2016-12-01 01:48:34.462,254.092,0.053,-0.736,0.014,0.674,0.419,1.152,0.266
2016-12-01 01:48:34.473,254.092,0.053,-0.735,0.014,0.675,0.419,1.152,0.266
2016-12-01 01:48:34.484,254.113,0.054,-0.735,0.014,0.676,0.419,1.152,0.266
2016-12-01 01:48:34.495,254.113,0.054,-0.734,0.014,0.677,0.419,1.152,0.266
2016-12-01 01:48:34.506,254.135,0.054,-0.733,0.014,0.678,0.420,1.152,0.266
2016-12-01 01:48:34.518,254.156,0.054,-0.732,0.014,0.679,0.420,1.152,0.266
2016-12-01 01:48:34.529,254.156,0.055,-0.731,0.014,0.680,0.420,1.152,0.266
2016-12-01 01:48:34.540,254.177,0.055,-0.730,0.013,0.681,0.420,1.152,0.266
2016-12-01 01:48:34.551,254.177,0.055,-0.729,0.013,0.682,0.420,1.152,0.267
2016-12-01 01:48:34.562,254.199,0.055,-0.728,0.013,0.683,0.420,1.152,0.267
2016-12-01 01:48:34.574,254.199,0.055,-0.727,0.013,0.684,0.420,1.152,0.267
2016-12-01 01:48:34.584,254.220,0.055,-0.726,0.013,0.685,0.420,1.152,0.267
2016-12-01 01:48:34.595,254.220,0.055,-0.725,0.012,0.686,0.420,1.152,0.267
2016-12-01 01:48:34.607,254.241,0.055,-0.724,0.012,0.687,0.421,1.152,0.267
2016-12-01 01:48:34.619,254.263,0.055,-0.723,0.012,0.688,0.421,1.152,0.267
2016-12-01 01:48:34.630,254.263,0.055,-0.722,0.012,0.689,0.421,1.152,0.267
2016-12-01 01:48:34.641,254.263,0.055,-0.722,0.012,0.690,0.421,1.152,0.267
2016-12-01 01:48:34.652,254.284,0.055,-0.721,0.012,0.691,0.421,1.152,0.267
2016-12-01 01:48:34.663,254.284,0.055,-0.720,0.012,0.692,0.421,1.152,0.267
2016-12-01 01:48:34.674,254.305,0.055,-0.719,0.012,0.693,0.421,1.152,0.267
2016-12-01 01:48:34.685,254.305,0.055,-0.718,0.012,0.694,0.421,1.152,0.267
2016-12-01 01:48:34.696,254.327,0.055,-0.717,0.012,0.694,0.421,1.152,0.267
2016-12-01 01:48:34.708,254.348,0.055,-0.717,0.012,0.695,0.421,1.152,0.267
2016-12-01 01:48:34.718,254.348,0.055,-0.716,0.012,0.696,0.421,1.152,0.267
2016-12-01 01:48:34.730,254.369,0.055,-0.715,0.012,0.697,0.421,1.152,0.267
2016-12-01 01:48:34.741,254.369,0.055,-0.715,0.012,0.697,0.422,1.152,0.267
2016-12-01 01:48:34.752,254.391,0.055,-0.714,0.012,0.698,0.422,1.152,0.267
2016-12-01 01:48:34.764,254.391,0.055,-0.713,0.012,0.699,0.422,1.152,0.267
2016-12-01 01:48:34.774,254.412,0.055,-0.712,0.012,0.699,0.422,1.152,0.267
2016-12-01 01:48:34.785,254.412,0.055,-0.712,0.012,0.700,0.422,1.152,0.267
2016-12-01 01:48:34.796,254.433,0.055,-0.711,0.012,0.701,0.422,1.152,0.267
2016-12-01 01:48:34.809,254.433,0.055,-0.711,0.012,0.701,0.422,1.152,0.267
2016-12-01 01:48:34.819,254.455,0.055,-0.710,0.013,0.702,0.422,1.152,0.266
2016-12-01 01:48:34.831,254.455,0.055,-0.709,0.013,0.702,0.422,1.152,0.266
2016-12-01 01:48:34.841,254.476,0.055,-0.709,0.013,0.703,0.422,1.152,0.266
2016-12-01 01:48:34.853,254.476,0.055,-0.708,0.013,0.704,0.422,1.152,0.266
2016-12-01 01:48:34.864,254.497,0.055,-0.708,0.013,0.704,0.422,1.152,0.266
2016-12-01 01:48:34.875,254.497,0.055,-0.707,0.013,0.705,0.422,1.152,0.266
2016-12-01 01:48:34.886,254.519,0.054,-0.707,0.013,0.705,0.422,1.152,0.265
2016-12-01 01:48:34.897,254.540,0.054,-0.706,0.014,0.706,0.422,1.152,0.265
2016-12-01 01:48:34.909,254.540,0.054,-0.706,0.014,0.706,0.422,1.152,0.265
2016-12-01 01:48:34.919,254.561,0.053,-0.706,0.014,0.706,0.422,1.152,0.265
2016-12-01 01:48:34.931,254.561,0.053,-0.705,0.014,0.707,0.422,1.152,0.265
2016-12-01 01:48:34.942,254.583,0.052,-0.705,0.014,0.707,0.422,1.152,0.264
2016-12-01 01:48:34.953,254.583,0.052,-0.704,0.014,0.708,0.422,1.152,0.264
2016-12-01 01:48:34.964,254.583,0.051,-0.704,0.014,0.708,0.422,1.153,0.264
2016-12-01 01:48:34.975,254.604,0.050,-0.704,0.014,0.708,0.422,1.153,0.264
2016-12-01 01:48:34.987,254.625,0.049,-0.704,0.015,0.709,0.422,1.153,0.263
2016-12-01 01:48:34.998,254.625,0.048,-0.703,0.015,0.709,0.422,1.153,0.263
2016-12-01 01:48:35.009,254.647,0.048,-0.703,0.015,0.709,0.422,1.153,0.263
2016-12-01 01:48:35.020,254.647,0.047,-0.703,0.016,0.709,0.422,1.153,0.262
2016-12-01 01:48:35.031,254.668,0.046,-0.703,0.016,0.709,0.422,1.153,0.262
2016-12-01 01:48:35.043,254.668,0.045,-0.703,0.017,0.709,0.423,1.153,0.261
2016-12-01 01:48:35.054,254.689,0.045,-0.703,0.018,0.709,0.423,1.153,0.261
2016-12-01 01:48:35.065,254.689,0.044,-0.704,0.018,0.709,0.423,1.153,0.261
2016-12-01 01:48:35.076,254.711,0.043,-0.704,0.019,0.709,0.423,1.153,0.260
2016-12-01 01:48:35.087,254.732,0.042,-0.705,0.020,0.708,0.423,1.153,0.260
2016-12-01 01:48:35.099,254.732,0.041,-0.705,0.020,0.708,0.423,1.153,0.259
2016-12-01 01:48:35.109,254.732,0.040,-0.706,0.021,0.707,0.423,1.153,0.259
2016-12-01 01:48:35.121,254.753,0.039,-0.707,0.022,0.706,0.423,1.153,0.258
2016-12-01 01:48:35.132,254.753,0.038,-0.708,0.023,0.705,0.423,1.153,0.258
2016-12-01 01:48:35.143,254.775,0.037,-0.709,0.023,0.704,0.423,1.154,0.257
2016-12-01 01:48:35.154,254.775,0.036,-0.710,0.024,0.703,0.423,1.154,0.257
2016-12-01 01:48:35.165,254.796,0.035,-0.711,0.025,0.702,0.423,1.154,0.256
2016-12-01 01:48:35.177,254.817,0.034,-0.712,0.026,0.701,0.423,1.154,0.256
2016-12-01 01:48:35.188,254.817,0.034,-0.713,0.026,0.700,0.423,1.154,0.255
2016-12-01 01:48:35.199,254.839,0.033,-0.714,0.027,0.698,0.423,1.153,0.254
2016-12-01 01:48:35.211,254.839,0.032,-0.716,0.028,0.697,0.423,1.154,0.254
2016-12-01 01:48:35.221,254.860,0.031,-0.717,0.028,0.696,0.423,1.154,0.253
2016-12-01 01:48:35.233,254.860,0.030,-0.719,0.029,0.694,0.423,1.153,0.253
2016-12-01 01:48:35.244,254.881,0.030,-0.720,0.029,0.692,0.423,1.153,0.252
2016-12-01 01:48:35.255,254.881,0.029,-0.722,0.029,0.691,0.423,1.153,0.251
2016-12-01 01:48:35.266,254.903,0.028,-0.723,0.030,0.689,0.423,1.153,0.251
2016-12-01 01:48:35.277,254.903,0.028,-0.725,0.030,0.688,0.423,1.153,0.250
2016-12-01 01:48:35.288,254.924,0.027,-0.727,0.031,0.686,0.423,1.153,0.249
2016-12-01 01:48:35.300,254.924,0.027,-0.728,0.031,0.684,0.424,1.153,0.249
2016-12-01 01:48:35.310,254.945,0.026,-0.730,0.032,0.682,0.424,1.153,0.249
2016-12-01 01:48:35.322,254.945,0.026,-0.732,0.032,0.680,0.424,1.153,0.248
2016-12-01 01:48:35.333,254.967,0.026,-0.734,0.033,0.678,0.424,1.153,0.248
2016-12-01 01:48:35.345,254.967,0.026,-0.735,0.033,0.676,0.424,1.153,0.247
2016-12-01 01:48:35.355,254.988,0.025,-0.737,0.033,0.674,0.424,1.153,0.247
2016-12-01 01:48:35.367,255.009,0.025,-0.739,0.034,0.673,0.424,1.153,0.246
2016-12-01 01:48:35.378,255.009,0.025,-0.741,0.034,0.671,0.424,1.153,0.246
2016-12-01 01:48:35.389,255.031,0.025,-0.742,0.034,0.669,0.424,1.153,0.245
2016-12-01 01:48:35.401,255.031,0.025,-0.744,0.035,0.667,0.424,1.153,0.245
2016-12-01 01:48:35.411,255.052,0.024,-0.746,0.035,0.665,0.424,1.153,0.244
2016-12-01 01:48:35.422,255.052,0.024,-0.748,0.035,0.663,0.424,1.153,0.244
2016-12-01 01:48:35.433,255.073,0.024,-0.749,0.035,0.661,0.424,1.153,0.244
2016-12-01 01:48:35.445,255.073,0.023,-0.751,0.036,0.659,0.425,1.153,0.243
2016-12-01 01:48:35.456,255.073,0.023,-0.753,0.036,0.657,0.425,1.153,0.243
2016-12-01 01:48:35.467,255.095,0.023,-0.754,0.036,0.655,0.425,1.153,0.243
2016-12-01 01:48:35.479,255.116,0.022,-0.756,0.036,0.653,0.425,1.153,0.242
2016-12-01 01:48:35.489,255.116,0.022,-0.758,0.037,0.651,0.425,1.153,0.242
2016-12-01 01:48:35.500,255.137,0.021,-0.759,0.037,0.649,0.425,1.153,0.242
2016-12-01 01:48:35.512,255.137,0.020,-0.761,0.037,0.648,0.425,1.153,0.241
2016-12-01 01:48:35.523,255.159,0.020,-0.762,0.038,0.646,0.425,1.153,0.241
2016-12-01 01:48:35.534,255.159,0.019,-0.764,0.038,0.644,0.425,1.153,0.241
2016-12-01 01:48:35.545,255.180,0.019,-0.765,0.038,0.642,0.425,1.153,0.240
2016-12-01 01:48:35.556,255.180,0.019,-0.767,0.039,0.640,0.425,1.153,0.240
2016-12-01 01:48:35.568,255.201,0.019,-0.768,0.039,0.639,0.425,1.153,0.240
2016-12-01 01:48:35.579,255.223,0.018,-0.770,0.039,0.637,0.426,1.153,0.240
2016-12-01 01:48:35.590,255.223,0.018,-0.771,0.040,0.635,0.426,1.153,0.240
2016-12-01 01:48:35.601,255.223,0.018,-0.773,0.040,0.633,0.426,1.153,0.240
2016-12-01 01:48:35.612,255.244,0.018,-0.774,0.040,0.632,0.426,1.153,0.239
2016-12-01 01:48:35.624,255.244,0.018,-0.775,0.040,0.630,0.426,1.153,0.239
2016-12-01 01:48:35.634,255.265,0.018,-0.777,0.040,0.628,0.426,1.153,0.239
2016-12-01 01:48:35.646,255.287,0.018,-0.778,0.040,0.627,0.426,1.153,0.239
2016-12-01 01:48:35.657,255.287,0.018,-0.780,0.040,0.625,0.426,1.153,0.239
2016-12-01 01:48:35.668,255.308,0.017,-0.781,0.040,0.623,0.426,1.153,0.239
2016-12-01 01:48:35.680,255.308,0.017,-0.782,0.040,0.622,0.426,1.153,0.239
2016-12-01 01:48:35.690,255.329,0.017,-0.783,0.040,0.620,0.426,1.153,0.239
2016-12-01 01:48:35.702,255.329,0.017,-0.785,0.040,0.618,0.426,1.153,0.239
2016-12-01 01:48:35.713,255.351,0.017,-0.786,0.040,0.617,0.426,1.153,0.239
2016-12-01 01:48:35.724,255.351,0.017,-0.787,0.040,0.615,0.426,1.153,0.239
2016-12-01 01:48:35.735,255.372,0.017,-0.788,0.040,0.614,0.426,1.153,0.239
2016-12-01 01:48:35.747,255.393,0.017,-0.789,0.040,0.613,0.426,1.153,0.239
2016-12-01 01:48:35.758,255.393,0.017,-0.790,0.040,0.611,0.426,1.153,0.239
2016-12-01 01:48:35.769,255.393,0.017,-0.791,0.040,0.610,0.426,1.153,0.239
2016-12-01 01:48:35.780,255.415,0.017,-0.793,0.040,0.608,0.426,1.153,0.239
2016-12-01 01:48:35.791,255.415,0.017,-0.794,0.040,0.607,0.426,1.153,0.240
2016-12-01 01:48:35.802,255.436,0.017,-0.795,0.040,0.605,0.427,1.153,0.240
2016-12-01 01:48:35.814,255.436,0.017,-0.796,0.040,0.604,0.427,1.153,0.240
2016-12-01 01:48:35.825,255.457,0.017,-0.797,0.040,0.602,0.426,1.153,0.240
2016-12-01 01:48:35.836,255.457,0.017,-0.798,0.040,0.601,0.426,1.153,0.240
2016-12-01 01:48:35.847,255.479,0.017,-0.799,0.040,0.599,0.426,1.153,0.240
2016-12-01 01:48:35.858,255.500,0.017,-0.801,0.040,0.598,0.426,1.153,0.240
2016-12-01 01:48:35.870,255.500,0.018,-0.802,0.039,0.596,0.426,1.153,0.240
2016-12-01 01:48:35.880,255.521,0.017,-0.803,0.038,0.594,0.426,1.153,0.240
2016-12-01 01:48:35.891,255.521,0.017,-0.805,0.037,0.593,0.426,1.153,0.241
2016-12-01 01:48:35.902,255.543,0.017,-0.806,0.035,0.590,0.426,1.153,0.241
2016-12-01 01:48:35.914,255.543,0.017,-0.808,0.034,0.588,0.427,1.153,0.241
2016-12-01 01:48:35.925,255.543,0.017,-0.809,0.032,0.586,0.427,1.153,0.241
2016-12-01 01:48:35.936,255.564,0.017,-0.811,0.030,0.585,0.427,1.153,0.242
2016-12-01 01:48:35.948,255.585,0.017,-0.812,0.028,0.583,0.427,1.154,0.242
2016-12-01 01:48:35.959,255.585,0.018,-0.813,0.026,0.582,0.427,1.154,0.243
2016-12-01 01:48:35.970,255.607,0.018,-0.814,0.023,0.581,0.427,1.154,0.243
2016-12-01 01:48:35.981,255.607,0.019,-0.814,0.022,0.580,0.427,1.154,0.243
2016-12-01 01:48:35.992,255.628,0.019,-0.815,0.020,0.579,0.427,1.154,0.244
2016-12-01 01:48:36.004,255.628,0.019,-0.816,0.019,0.578,0.427,1.155,0.245
2016-12-01 01:48:36.014,255.649,0.019,-0.817,0.017,0.577,0.428,1.155,0.245
2016-12-01 01:48:36.025,255.649,0.019,-0.817,0.016,0.576,0.428,1.155,0.246
2016-12-01 01:48:36.037,255.671,0.018,-0.818,0.015,0.575,0.428,1.155,0.246
2016-12-01 01:48:36.048,255.692,0.018,-0.819,0.013,0.574,0.428,1.156,0.247
2016-12-01 01:48:36.059,255.692,0.018,-0.819,0.012,0.573,0.428,1.156,0.247
2016-12-01 01:48:36.070,255.713,0.018,-0.820,0.011,0.572,0.428,1.156,0.248
2016-12-01 01:48:36.081,255.713,0.018,-0.820,0.009,0.571,0.428,1.156,0.248
2016-12-01 01:48:36.093,255.713,0.018,-0.821,0.008,0.571,0.428,1.156,0.249
2016-12-01 01:48:36.103,255.735,0.018,-0.821,0.007,0.571,0.427,1.156,0.250
2016-12-01 01:48:36.115,255.735,0.019,-0.821,0.006,0.570,0.428,1.156,0.250
2016-12-01 01:48:36.126,255.756,0.022,-0.821,0.006,0.570,0.428,1.156,0.251
2016-12-01 01:48:36.138,255.777,0.024,-0.821,0.004,0.570,0.428,1.156,0.251
2016-12-01 01:48:36.148,255.777,0.024,-0.821,0.003,0.570,0.428,1.156,0.252
2016-12-01 01:48:36.160,255.799,0.024,-0.821,0.004,0.570,0.428,1.156,0.253
2016-12-01 01:48:36.171,255.799,0.025,-0.821,0.004,0.570,0.427,1.156,0.253
2016-12-01 01:48:36.182,255.820,0.026,-0.821,0.005,0.571,0.427,1.156,0.254
2016-12-01 01:48:36.193,255.820,0.027,-0.821,0.006,0.571,0.427,1.155,0.254
2016-12-01 01:48:36.204,255.841,0.028,-0.820,0.006,0.571,0.427,1.155,0.255
2016-12-01 01:48:36.216,255.841,0.029,-0.820,0.007,0.571,0.426,1.155,0.255
2016-12-01 01:48:36.226,255.863,0.029,-0.820,0.008,0.572,0.426,1.155,0.256
2016-12-01 01:48:36.238,255.884,0.029,-0.819,0.009,0.573,0.426,1.154,0.257
2016-12-01 01:48:36.249,255.884,0.029,-0.819,0.011,0.573,0.425,1.154,0.257
2016-12-01 01:48:36.260,255.884,0.028,-0.818,0.012,0.574,0.425,1.154,0.258
2016-12-01 01:48:36.271,255.905,0.027,-0.817,0.014,0.575,0.425,1.154,0.258
2016-12-01 01:48:36.283,255.905,0.027,-0.817,0.015,0.576,0.425,1.153,0.259
2016-12-01 01:48:36.293,255.927,0.026,-0.816,0.016,0.577,0.425,1.153,0.259
2016-12-01 01:48:36.305,255.927,0.026,-0.815,0.016,0.578,0.424,1.153,0.260
2016-12-01 01:48:36.316,255.948,0.026,-0.815,0.016,0.579,0.424,1.153,0.260
2016-12-01 01:48:36.327,255.969,0.026,-0.814,0.016,0.579,0.424,1.153,0.261
2016-12-01 01:48:36.339,255.969,0.026,-0.814,0.015,0.580,0.424,1.153,0.261
2016-12-01 01:48:36.349,255.991,0.026,-0.814,0.014,0.580,0.424,1.153,0.261
2016-12-01 01:48:36.361,255.991,0.026,-0.814,0.013,0.581,0.423,1.154,0.262
2016-12-01 01:48:36.372,256.012,0.027,-0.814,0.012,0.581,0.423,1.154,0.262
2016-12-01 01:48:36.383,256.012,0.028,-0.813,0.010,0.581,0.423,1.154,0.262
2016-12-01 01:48:36.394,256.033,0.028,-0.813,0.009,0.581,0.423,1.154,0.262
2016-12-01 01:48:36.406,256.033,0.028,-0.813,0.008,0.581,0.423,1.154,0.263
2016-12-01 01:48:36.416,256.055,0.029,-0.813,0.007,0.581,0.423,1.155,0.263
2016-12-01 01:48:36.427,256.055,0.029,-0.813,0.006,0.581,0.423,1.155,0.263
2016-12-01 01:48:36.439,256.076,0.029,-0.813,0.005,0.581,0.423,1.155,0.263
2016-12-01 01:48:36.450,256.076,0.029,-0.813,0.004,0.581,0.423,1.155,0.264
2016-12-01 01:48:36.461,256.097,0.029,-0.813,0.003,0.581,0.423,1.156,0.264
2016-12-01 01:48:36.472,256.097,0.029,-0.813,0.003,0.582,0.423,1.156,0.264
2016-12-01 01:48:36.483,256.119,0.029,-0.813,0.002,0.581,0.423,1.156,0.264
2016-12-01 01:48:36.494,256.119,0.029,-0.813,0.002,0.582,0.423,1.156,0.264
2016-12-01 01:48:36.506,256.140,0.030,-0.813,0.001,0.582,0.422,1.156,0.264
2016-12-01 01:48:36.517,256.161,0.030,-0.813,0.001,0.582,0.422,1.156,0.264
2016-12-01 01:48:36.529,256.161,0.030,-0.813,0.001,0.582,0.422,1.156,0.264
2016-12-01 01:48:36.539,256.183,0.030,-0.813,0.001,0.582,0.422,1.156,0.264
2016-12-01 01:48:36.551,256.183,0.030,-0.813,0.001,0.582,0.422,1.156,0.264
2016-12-01 01:48:36.562,256.204,0.031,-0.813,0.001,0.582,0.422,1.156,0.264
2016-12-01 01:48:36.574,256.204,0.031,-0.813,0.002,0.582,0.422,1.156,0.264
2016-12-01 01:48:36.584,256.204,0.032,-0.813,0.002,0.582,0.422,1.156,0.264
2016-12-01 01:48:36.595,256.225,0.033,-0.812,0.002,0.582,0.422,1.156,0.264
2016-12-01 01:48:36.607,256.247,0.033,-0.812,0.002,0.582,0.422,1.156,0.264
2016-12-01 01:48:36.617,256.247,0.033,-0.812,0.002,0.582,0.422,1.156,0.264
2016-12-01 01:48:36.628,256.268,0.034,-0.812,0.003,0.583,0.422,1.156,0.264
2016-12-01 01:48:36.640,256.268,0.034,-0.812,0.003,0.583,0.422,1.156,0.264
2016-12-01 01:48:36.651,256.289,0.034,-0.812,0.004,0.583,0.421,1.155,0.264
2016-12-01 01:48:36.662,256.289,0.033,-0.812,0.005,0.582,0.421,1.155,0.264
2016-12-01 01:48:36.673,256.311,0.033,-0.812,0.005,0.582,0.421,1.155,0.264
2016-12-01 01:48:36.685,256.311,0.033,-0.812,0.006,0.582,0.421,1.155,0.263
2016-12-01 01:48:36.696,256.332,0.032,-0.813,0.006,0.582,0.421,1.155,0.263
2016-12-01 01:48:36.707,256.353,0.033,-0.813,0.006,0.581,0.421,1.155,0.263
2016-12-01 01:48:36.718,256.353,0.033,-0.813,0.006,0.581,0.421,1.155,0.263
2016-12-01 01:48:36.729,256.353,0.033,-0.813,0.006,0.581,0.421,1.155,0.263
2016-12-01 01:48:36.740,256.375,0.033,-0.814,0.006,0.580,0.421,1.156,0.263
2016-12-01 01:48:36.752,256.375,0.033,-0.814,0.006,0.580,0.421,1.156,0.262
2016-12-01 01:48:36.763,256.396,0.033,-0.814,0.005,0.579,0.421,1.156,0.262
2016-12-01 01:48:36.774,256.396,0.034,-0.815,0.005,0.579,0.421,1.156,0.262
2016-12-01 01:48:36.785,256.417,0.033,-0.815,0.004,0.579,0.422,1.156,0.262
2016-12-01 01:48:36.796,256.439,0.033,-0.815,0.004,0.579,0.422,1.156,0.262
2016-12-01 01:48:36.808,256.439,0.033,-0.815,0.003,0.579,0.422,1.156,0.262
2016-12-01 01:48:36.818,256.460,0.033,-0.815,0.002,0.579,0.422,1.156,0.262
2016-12-01 01:48:36.830,256.460,0.033,-0.815,0.001,0.579,0.422,1.157,0.262
2016-12-01 01:48:36.841,256.481,0.033,-0.815,0.001,0.579,0.422,1.157,0.262
2016-12-01 01:48:36.852,256.481,0.033,-0.814,0.000,0.579,0.422,1.157,0.262
2016-12-01 01:48:36.863,256.503,0.033,-0.814,0.000,0.580,0.422,1.157,0.262
2016-12-01 01:48:36.875,256.503,0.034,-0.814,-0.001,0.581,0.422,1.157,0.262
2016-12-01 01:48:36.886,256.524,0.035,-0.813,-0.002,0.581,0.422,1.157,0.262
2016-12-01 01:48:36.897,256.524,0.035,-0.812,-0.002,0.582,0.422,1.157,0.262
2016-12-01 01:48:36.908,256.545,0.035,-0.812,-0.002,0.583,0.422,1.157,0.262
2016-12-01 01:48:36.919,256.545,0.035,-0.811,-0.002,0.584,0.422,1.157,0.262
2016-12-01 01:48:36.930,256.567,0.035,-0.810,-0.002,0.585,0.422,1.157,0.262
2016-12-01 01:48:36.942,256.567,0.036,-0.810,-0.001,0.586,0.422,1.157,0.262
2016-12-01 01:48:36.953,256.588,0.036,-0.809,-0.001,0.587,0.422,1.157,0.261
2016-12-01 01:48:36.964,256.588,0.037,-0.808,0.000,0.588,0.422,1.157,0.261
2016-12-01 01:48:36.975,256.609,0.037,-0.807,0.001,0.589,0.421,1.157,0.261
2016-12-01 01:48:36.986,256.631,0.038,-0.807,0.002,0.590,0.421,1.156,0.261
2016-12-01 01:48:36.997,256.631,0.039,-0.806,0.003,0.591,0.421,1.156,0.261
2016-12-01 01:48:37.008,256.652,0.039,-0.805,0.004,0.591,0.421,1.156,0.261
2016-12-01 01:48:37.019,256.652,0.040,-0.805,0.005,0.592,0.421,1.156,0.261
2016-12-01 01:48:37.031,256.673,0.040,-0.804,0.006,0.593,0.421,1.155,0.261
2016-12-01 01:48:37.042,256.673,0.041,-0.804,0.008,0.594,0.421,1.155,0.260
2016-12-01 01:48:37.053,256.695,0.042,-0.803,0.009,0.594,0.420,1.155,0.260
2016-12-01 01:48:37.065,256.695,0.042,-0.803,0.010,0.595,0.420,1.155,0.260
2016-12-01 01:48:37.076,256.695,0.043,-0.802,0.011,0.595,0.420,1.155,0.260
2016-12-01 01:48:37.087,256.716,0.043,-0.802,0.012,0.596,0.420,1.155,0.259
2016-12-01 01:48:37.098,256.737,0.043,-0.802,0.012,0.596,0.419,1.154,0.259
2016-12-01 01:48:37.109,256.737,0.043,-0.802,0.012,0.596,0.419,1.154,0.259
2016-12-01 01:48:37.120,256.759,0.042,-0.802,0.012,0.596,0.419,1.154,0.259
2016-12-01 01:48:37.132,256.759,0.042,-0.801,0.012,0.596,0.419,1.154,0.259
2016-12-01 01:48:37.142,256.780,0.042,-0.801,0.011,0.596,0.419,1.154,0.258
2016-12-01 01:48:37.154,256.780,0.041,-0.802,0.011,0.596,0.419,1.154,0.258
2016-12-01 01:48:37.165,256.801,0.041,-0.802,0.009,0.596,0.418,1.155,0.258
2016-12-01 01:48:37.176,256.823,0.040,-0.802,0.008,0.595,0.418,1.155,0.258
2016-12-01 01:48:37.187,256.823,0.039,-0.804,0.005,0.594,0.418,1.155,0.258
2016-12-01 01:48:37.198,256.844,0.039,-0.805,0.003,0.593,0.417,1.155,0.258
2016-12-01 01:48:37.210,256.844,0.039,-0.806,0.000,0.591,0.417,1.155,0.258
2016-12-01 01:48:37.220,256.844,0.039,-0.807,-0.002,0.590,0.417,1.156,0.258
2016-12-01 01:48:37.232,256.865,0.040,-0.808,-0.005,0.588,0.416,1.156,0.258
2016-12-01 01:48:37.244,256.865,0.041,-0.808,-0.008,0.587,0.416,1.156,0.258
2016-12-01 01:48:37.254,256.887,0.043,-0.809,-0.010,0.586,0.416,1.156,0.258
2016-12-01 01:48:37.265,256.887,0.044,-0.809,-0.011,0.585,0.416,1.156,0.258
2016-12-01 01:48:37.276,256.908,0.046,-0.810,-0.012,0.585,0.415,1.156,0.258
2016-12-01 01:48:37.288,256.929,0.048,-0.810,-0.013,0.584,0.415,1.156,0.258
2016-12-01 01:48:37.299,256.929,0.051,-0.810,-0.013,0.584,0.415,1.156,0.259
2016-12-01 01:48:37.310,256.951,0.053,-0.810,-0.013,0.584,0.414,1.156,0.259
2016-12-01 01:48:37.321,256.951,0.055,-0.810,-0.013,0.584,0.414,1.155,0.259
2016-12-01 01:48:37.332,256.972,0.057,-0.810,-0.012,0.584,0.414,1.155,0.259
2016-12-01 01:48:37.344,256.972,0.058,-0.809,-0.011,0.585,0.414,1.155,0.259
2016-12-01 01:48:37.354,256.993,0.060,-0.808,-0.010,0.586,0.413,1.154,0.260
2016-12-01 01:48:37.366,257.015,0.062,-0.807,-0.009,0.587,0.413,1.154,0.260
2016-12-01 01:48:37.377,257.015,0.064,-0.806,-0.007,0.588,0.413,1.154,0.260
2016-12-01 01:48:37.388,257.015,0.065,-0.805,-0.006,0.590,0.412,1.153,0.261
2016-12-01 01:48:37.400,257.036,0.066,-0.803,-0.005,0.592,0.412,1.153,0.261
2016-12-01 01:48:37.411,257.036,0.067,-0.802,-0.003,0.594,0.412,1.152,0.261
2016-12-01 01:48:37.422,257.057,0.067,-0.800,-0.002,0.596,0.411,1.152,0.261
2016-12-01 01:48:37.433,257.057,0.068,-0.799,-0.001,0.598,0.411,1.152,0.262
2016-12-01 01:48:37.444,257.079,0.068,-0.797,0.001,0.600,0.411,1.151,0.262
2016-12-01 01:48:37.455,257.079,0.067,-0.796,0.002,0.601,0.410,1.151,0.262
2016-12-01 01:48:37.466,257.100,0.066,-0.795,0.003,0.603,0.410,1.151,0.262
2016-12-01 01:48:37.478,257.121,0.065,-0.794,0.004,0.604,0.410,1.151,0.262
2016-12-01 01:48:37.489,257.121,0.065,-0.794,0.005,0.605,0.410,1.151,0.262
2016-12-01 01:48:37.500,257.143,0.064,-0.793,0.006,0.605,0.410,1.151,0.262
2016-12-01 01:48:37.511,257.143,0.064,-0.793,0.007,0.606,0.409,1.151,0.262
2016-12-01 01:48:37.522,257.164,0.063,-0.792,0.007,0.607,0.409,1.151,0.262
2016-12-01 01:48:37.533,257.164,0.063,-0.792,0.007,0.607,0.409,1.151,0.262
2016-12-01 01:48:37.544,257.164,0.063,-0.792,0.007,0.608,0.409,1.151,0.262
2016-12-01 01:48:37.556,257.185,0.062,-0.791,0.007,0.608,0.409,1.151,0.262
2016-12-01 01:48:37.567,257.207,0.062,-0.791,0.007,0.609,0.409,1.151,0.262
2016-12-01 01:48:37.579,257.207,0.062,-0.790,0.007,0.609,0.408,1.151,0.262
2016-12-01 01:48:37.589,257.228,0.062,-0.790,0.007,0.610,0.408,1.151,0.262
2016-12-01 01:48:37.601,257.228,0.062,-0.789,0.007,0.611,0.408,1.151,0.262
2016-12-01 01:48:37.612,257.249,0.063,-0.789,0.006,0.612,0.408,1.151,0.262
2016-12-01 01:48:37.623,257.249,0.063,-0.787,0.006,0.613,0.408,1.151,0.262
2016-12-01 01:48:37.634,257.271,0.064,-0.786,0.005,0.615,0.408,1.151,0.262
2016-12-01 01:48:37.646,257.271,0.064,-0.785,0.004,0.616,0.408,1.151,0.263
2016-12-01 01:48:37.656,257.292,0.064,-0.783,0.003,0.618,0.408,1.151,0.263
2016-12-01 01:48:37.668,257.313,0.063,-0.782,0.003,0.620,0.407,1.151,0.263
2016-12-01 01:48:37.679,257.313,0.061,-0.781,0.002,0.622,0.408,1.151,0.263
2016-12-01 01:48:37.690,257.335,0.060,-0.779,0.001,0.624,0.407,1.151,0.263
2016-12-01 01:48:37.702,257.335,0.059,-0.778,0.000,0.625,0.408,1.151,0.264
2016-12-01 01:48:37.712,257.335,0.058,-0.777,-0.001,0.627,0.408,1.152,0.264
2016-12-01 01:48:37.723,257.356,0.057,-0.775,-0.001,0.629,0.408,1.152,0.264
2016-12-01 01:48:37.735,257.356,0.057,-0.774,-0.002,0.631,0.408,1.152,0.264
2016-12-01 01:48:37.746,257.377,0.056,-0.773,-0.002,0.632,0.408,1.152,0.264
2016-12-01 01:48:37.757,257.399,0.055,-0.771,-0.002,0.634,0.408,1.152,0.264
2016-12-01 01:48:37.769,257.399,0.055,-0.770,-0.002,0.635,0.408,1.152,0.264
2016-12-01 01:48:37.779,257.420,0.054,-0.769,-0.002,0.636,0.409,1.152,0.263
2016-12-01 01:48:37.791,257.420,0.054,-0.769,-0.001,0.637,0.409,1.152,0.263
2016-12-01 01:48:37.802,257.441,0.054,-0.768,-0.001,0.638,0.409,1.152,0.263
2016-12-01 01:48:37.813,257.441,0.053,-0.767,-0.001,0.639,0.409,1.152,0.263
2016-12-01 01:48:37.824,257.463,0.053,-0.767,0.000,0.639,0.410,1.152,0.263
2016-12-01 01:48:37.836,257.463,0.053,-0.767,0.000,0.640,0.409,1.152,0.262
2016-12-01 01:48:37.847,257.484,0.053,-0.767,0.000,0.639,0.410,1.152,0.262
2016-12-01 01:48:37.858,257.505,0.053,-0.767,0.000,0.639,0.410,1.152,0.262
2016-12-01 01:48:37.869,257.505,0.053,-0.767,0.000,0.639,0.410,1.152,0.261
2016-12-01 01:48:37.880,257.505,0.053,-0.767,-0.001,0.639,0.410,1.152,0.261
2016-12-01 01:48:37.891,257.527,0.052,-0.767,-0.002,0.639,0.411,1.152,0.261
2016-12-01 01:48:37.902,257.527,0.052,-0.768,-0.002,0.639,0.411,1.152,0.260
2016-12-01 01:48:37.913,257.548,0.051,-0.768,-0.003,0.638,0.411,1.152,0.260
2016-12-01 01:48:37.924,257.548,0.050,-0.768,-0.004,0.638,0.412,1.152,0.260
2016-12-01 01:48:37.935,257.569,0.050,-0.769,-0.004,0.637,0.412,1.153,0.259
2016-12-01 01:48:37.947,257.591,0.049,-0.770,-0.005,0.636,0.412,1.153,0.259
2016-12-01 01:48:37.958,257.591,0.048,-0.771,-0.006,0.635,0.413,1.153,0.259
2016-12-01 01:48:37.969,257.612,0.048,-0.772,-0.006,0.634,0.413,1.153,0.258
2016-12-01 01:48:37.981,257.612,0.047,-0.774,-0.007,0.632,0.413,1.153,0.258
2016-12-01 01:48:37.991,257.633,0.046,-0.775,-0.007,0.630,0.414,1.153,0.257
2016-12-01 01:48:38.003,257.633,0.046,-0.776,-0.007,0.629,0.414,1.153,0.257
2016-12-01 01:48:38.014,257.655,0.046,-0.778,-0.007,0.627,0.415,1.153,0.256
2016-12-01 01:48:38.025,257.655,0.045,-0.779,-0.007,0.625,0.415,1.154,0.256
2016-12-01 01:48:38.036,257.676,0.045,-0.780,-0.007,0.624,0.416,1.154,0.255
2016-12-01 01:48:38.048,257.676,0.045,-0.782,-0.007,0.622,0.416,1.154,0.255
2016-12-01 01:48:38.058,257.697,0.045,-0.783,-0.007,0.621,0.417,1.154,0.254
2016-12-01 01:48:38.070,257.697,0.044,-0.784,-0.007,0.619,0.417,1.154,0.254
2016-12-01 01:48:38.081,257.719,0.044,-0.785,-0.006,0.618,0.418,1.154,0.254
2016-12-01 01:48:38.092,257.719,0.043,-0.786,-0.006,0.617,0.418,1.154,0.253
2016-12-01 01:48:38.103,257.740,0.042,-0.787,-0.005,0.616,0.419,1.154,0.253
2016-12-01 01:48:38.114,257.740,0.042,-0.788,-0.005,0.615,0.419,1.154,0.252
2016-12-01 01:48:38.125,257.761,0.041,-0.788,-0.004,0.614,0.419,1.154,0.252
2016-12-01 01:48:38.137,257.783,0.041,-0.788,-0.004,0.614,0.420,1.154,0.252
2016-12-01 01:48:38.148,257.783,0.040,-0.789,-0.003,0.614,0.420,1.154,0.251
2016-12-01 01:48:38.159,257.804,0.040,-0.789,-0.002,0.614,0.420,1.154,0.251
2016-12-01 01:48:38.171,257.804,0.039,-0.788,-0.001,0.614,0.421,1.154,0.250
2016-12-01 01:48:38.181,257.825,0.039,-0.788,0.000,0.614,0.421,1.154,0.250
2016-12-01 01:48:38.193,257.825,0.038,-0.788,0.000,0.614,0.421,1.154,0.249
2016-12-01 01:48:38.204,257.825,0.038,-0.788,0.002,0.615,0.421,1.154,0.249
2016-12-01 01:48:38.215,257.847,0.037,-0.787,0.002,0.615,0.422,1.154,0.249
2016-12-01 01:48:38.226,257.847,0.036,-0.787,0.003,0.616,0.422,1.154,0.248
2016-12-01 01:48:38.237,257.868,0.035,-0.787,0.004,0.616,0.422,1.153,0.248
2016-12-01 01:48:38.249,257.889,0.035,-0.786,0.005,0.617,0.422,1.153,0.247
2016-12-01 01:48:38.259,257.889,0.034,-0.786,0.006,0.617,0.422,1.153,0.247
2016-12-01 01:48:38.270,257.911,0.033,-0.786,0.007,0.617,0.422,1.153,0.246
2016-12-01 01:48:38.282,257.911,0.033,-0.786,0.008,0.618,0.422,1.153,0.246
2016-12-01 01:48:38.293,257.932,0.032,-0.785,0.008,0.618,0.422,1.153,0.245
2016-12-01 01:48:38.304,257.932,0.032,-0.785,0.009,0.618,0.422,1.153,0.245
2016-12-01 01:48:38.315,257.953,0.032,-0.785,0.009,0.619,0.422,1.153,0.245
2016-12-01 01:48:38.327,257.975,0.031,-0.785,0.009,0.619,0.423,1.153,0.244
2016-12-01 01:48:38.338,257.975,0.031,-0.785,0.010,0.619,0.423,1.153,0.244
2016-12-01 01:48:38.349,257.996,0.031,-0.784,0.010,0.619,0.423,1.153,0.244
2016-12-01 01:48:38.361,257.996,0.031,-0.784,0.010,0.620,0.423,1.153,0.244
2016-12-01 01:48:38.371,257.996,0.031,-0.784,0.010,0.620,0.423,1.153,0.243
2016-12-01 01:48:38.382,258.017,0.031,-0.784,0.010,0.620,0.423,1.153,0.243
2016-12-01 01:48:38.394,258.017,0.030,-0.783,0.011,0.621,0.423,1.153,0.243
2016-12-01 01:48:38.405,258.039,0.030,-0.783,0.011,0.621,0.423,1.153,0.243
2016-12-01 01:48:38.416,258.060,0.030,-0.783,0.011,0.622,0.423,1.153,0.243
2016-12-01 01:48:38.427,258.060,0.030,-0.782,0.011,0.622,0.423,1.153,0.242
2016-12-01 01:48:38.438,258.081,0.030,-0.782,0.011,0.623,0.423,1.153,0.242
2016-12-01 01:48:38.449,258.081,0.029,-0.781,0.011,0.623,0.423,1.154,0.242
2016-12-01 01:48:38.460,258.103,0.029,-0.781,0.012,0.624,0.422,1.154,0.242
2016-12-01 01:48:38.472,258.103,0.028,-0.780,0.012,0.625,0.422,1.154,0.242
2016-12-01 01:48:38.483,258.124,0.028,-0.780,0.012,0.625,0.422,1.154,0.241
2016-12-01 01:48:38.494,258.124,0.027,-0.779,0.012,0.626,0.422,1.154,0.241
2016-12-01 01:48:38.505,258.145,0.027,-0.779,0.012,0.627,0.422,1.154,0.241
2016-12-01 01:48:38.517,258.145,0.027,-0.778,0.013,0.627,0.422,1.154,0.241
2016-12-01 01:48:38.528,258.167,0.027,-0.778,0.013,0.628,0.422,1.154,0.241
2016-12-01 01:48:38.539,258.167,0.026,-0.777,0.014,0.629,0.422,1.154,0.241
2016-12-01 01:48:38.550,258.188,0.026,-0.777,0.014,0.629,0.422,1.154,0.241
2016-12-01 01:48:38.561,258.188,0.026,-0.776,0.014,0.630,0.422,1.154,0.240
2016-12-01 01:48:38.572,258.209,0.026,-0.776,0.015,0.630,0.422,1.153,0.240
2016-12-01 01:48:38.584,258.209,0.025,-0.776,0.015,0.631,0.422,1.153,0.240
2016-12-01 01:48:38.594,258.231,0.025,-0.775,0.016,0.631,0.422,1.153,0.240
2016-12-01 01:48:38.606,258.231,0.025,-0.775,0.016,0.631,0.422,1.153,0.240
2016-12-01 01:48:38.617,258.252,0.025,-0.775,0.016,0.632,0.421,1.153,0.240
2016-12-01 01:48:38.628,258.273,0.025,-0.774,0.017,0.632,0.421,1.153,0.240
2016-12-01 01:48:38.640,258.273,0.025,-0.774,0.017,0.632,0.421,1.153,0.240
2016-12-01 01:48:38.650,258.295,0.025,-0.774,0.017,0.633,0.421,1.153,0.240
2016-12-01 01:48:38.662,258.295,0.025,-0.774,0.017,0.633,0.421,1.153,0.240
2016-12-01 01:48:38.673,258.316,0.025,-0.773,0.018,0.633,0.421,1.153,0.240
2016-12-01 01:48:38.684,258.316,0.025,-0.773,0.018,0.634,0.421,1.153,0.240
2016-12-01 01:48:38.695,258.316,0.025,-0.773,0.018,0.634,0.421,1.153,0.240
2016-12-01 01:48:38.706,258.337,0.026,-0.772,0.018,0.635,0.421,1.153,0.240
2016-12-01 01:48:38.718,258.359,0.026,-0.772,0.018,0.635,0.421,1.153,0.240
2016-12-01 01:48:38.729,258.359,0.026,-0.772,0.019,0.635,0.421,1.153,0.240
2016-12-01 01:48:38.740,258.380,0.026,-0.771,0.019,0.636,0.421,1.153,0.240
2016-12-01 01:48:38.751,258.380,0.026,-0.771,0.019,0.636,0.421,1.153,0.240
2016-12-01 01:48:38.762,258.401,0.026,-0.771,0.018,0.636,0.421,1.154,0.241
2016-12-01 01:48:38.774,258.401,0.026,-0.770,0.018,0.637,0.421,1.154,0.241
2016-12-01 01:48:38.784,258.423,0.026,-0.770,0.018,0.637,0.421,1.154,0.241
2016-12-01 01:48:38.795,258.423,0.026,-0.770,0.018,0.638,0.421,1.154,0.241
2016-12-01 01:48:38.807,258.444,0.027,-0.769,0.018,0.638,0.421,1.154,0.241
2016-12-01 01:48:38.818,258.465,0.027,-0.769,0.018,0.639,0.422,1.154,0.241
2016-12-01 01:48:38.829,258.465,0.027,-0.769,0.018,0.639,0.422,1.154,0.241
2016-12-01 01:48:38.840,258.465,0.027,-0.768,0.018,0.639,0.422,1.154,0.241
2016-12-01 01:48:38.851,258.487,0.027,-0.768,0.018,0.640,0.422,1.154,0.242
2016-12-01 01:48:38.862,258.487,0.028,-0.768,0.018,0.640,0.422,1.154,0.242
2016-12-01 01:48:38.874,258.508,0.028,-0.767,0.018,0.640,0.422,1.154,0.242
2016-12-01 01:48:38.886,258.508,0.028,-0.767,0.018,0.641,0.422,1.154,0.242
2016-12-01 01:48:38.896,258.529,0.028,-0.767,0.018,0.641,0.422,1.154,0.242
2016-12-01 01:48:38.908,258.551,0.028,-0.767,0.017,0.641,0.422,1.154,0.242
2016-12-01 01:48:38.919,258.551,0.028,-0.766,0.017,0.642,0.422,1.153,0.242
2016-12-01 01:48:38.930,258.572,0.028,-0.766,0.017,0.642,0.422,1.153,0.242
2016-12-01 01:48:38.942,258.572,0.028,-0.766,0.017,0.642,0.422,1.153,0.243
2016-12-01 01:48:38.952,258.593,0.028,-0.766,0.017,0.642,0.422,1.154,0.242
2016-12-01 01:48:38.964,258.593,0.028,-0.766,0.017,0.642,0.422,1.154,0.242
2016-12-01 01:48:38.975,258.615,0.028,-0.766,0.017,0.642,0.422,1.154,0.242
2016-12-01 01:48:38.986,258.636,0.028,-0.766,0.017,0.642,0.422,1.154,0.243
2016-12-01 01:48:38.997,258.636,0.028,-0.766,0.017,0.642,0.422,1.153,0.242
2016-12-01 01:48:39.008,258.636,0.029,-0.766,0.017,0.642,0.422,1.153,0.242
2016-12-01 01:48:39.019,258.657,0.029,-0.766,0.017,0.641,0.422,1.153,0.243
2016-12-01 01:48:39.031,258.657,0.029,-0.766,0.017,0.641,0.422,1.153,0.243
2016-12-01 01:48:39.042,258.679,0.030,-0.766,0.017,0.641,0.422,1.153,0.243
2016-12-01 01:48:39.053,258.679,0.030,-0.767,0.017,0.641,0.422,1.153,0.243
2016-12-01 01:48:39.064,258.700,0.030,-0.767,0.017,0.641,0.422,1.153,0.243
2016-12-01 01:48:39.076,258.700,0.030,-0.767,0.017,0.641,0.422,1.153,0.243
2016-12-01 01:48:39.086,258.721,0.029,-0.767,0.017,0.641,0.422,1.153,0.243
2016-12-01 01:48:39.097,258.743,0.029,-0.766,0.018,0.641,0.422,1.153,0.243
2016-12-01 01:48:39.110,258.743,0.029,-0.766,0.017,0.642,0.422,1.153,0.243
2016-12-01 01:48:39.120,258.764,0.029,-0.766,0.017,0.642,0.422,1.153,0.243
2016-12-01 01:48:39.131,258.764,0.029,-0.766,0.017,0.642,0.422,1.154,0.243
2016-12-01 01:48:39.142,258.785,0.029,-0.766,0.017,0.642,0.422,1.154,0.243
2016-12-01 01:48:39.153,258.785,0.029,-0.765,0.017,0.643,0.422,1.154,0.244
2016-12-01 01:48:39.164,258.807,0.029,-0.765,0.017,0.643,0.422,1.154,0.244
2016-12-01 01:48:39.176,258.807,0.028,-0.765,0.017,0.643,0.422,1.154,0.244
2016-12-01 01:48:39.186,258.828,0.028,-0.765,0.017,0.644,0.422,1.154,0.244
2016-12-01 01:48:39.198,258.828,0.028,-0.764,0.018,0.644,0.422,1.154,0.244
2016-12-01 01:48:39.209,258.849,0.027,-0.764,0.018,0.644,0.422,1.154,0.244
2016-12-01 01:48:39.220,258.849,0.027,-0.764,0.018,0.645,0.422,1.154,0.245
2016-12-01 01:48:39.231,258.871,0.027,-0.764,0.018,0.645,0.422,1.154,0.245
2016-12-01 01:48:39.243,258.871,0.027,-0.763,0.018,0.645,0.422,1.154,0.245
2016-12-01 01:48:39.253,258.892,0.027,-0.763,0.018,0.646,0.422,1.154,0.245
2016-12-01 01:48:39.265,258.892,0.027,-0.763,0.018,0.646,0.421,1.154,0.245
2016-12-01 01:48:39.276,258.913,0.027,-0.762,0.019,0.646,0.421,1.154,0.245
2016-12-01 01:48:39.288,258.935,0.028,-0.762,0.019,0.646,0.421,1.154,0.245
2016-12-01 01:48:39.299,258.935,0.028,-0.762,0.019,0.646,0.421,1.154,0.245
2016-12-01 01:48:39.310,258.956,0.028,-0.762,0.019,0.647,0.421,1.154,0.245
2016-12-01 01:48:39.321,258.956,0.028,-0.762,0.019,0.646,0.421,1.154,0.246
2016-12-01 01:48:39.332,258.956,0.028,-0.762,0.019,0.646,0.421,1.154,0.246
2016-12-01 01:48:39.343,258.977,0.028,-0.763,0.019,0.646,0.421,1.154,0.246
2016-12-01 01:48:39.354,258.977,0.028,-0.763,0.019,0.646,0.421,1.154,0.246
2016-12-01 01:48:39.365,258.999,0.028,-0.763,0.019,0.645,0.421,1.154,0.246
2016-12-01 01:48:39.377,259.020,0.028,-0.763,0.019,0.645,0.421,1.153,0.246
2016-12-01 01:48:39.387,259.020,0.028,-0.764,0.019,0.645,0.421,1.153,0.246
2016-12-01 01:48:39.399,259.041,0.028,-0.764,0.019,0.644,0.421,1.153,0.246
2016-12-01 01:48:39.410,259.041,0.029,-0.764,0.019,0.644,0.421,1.153,0.246
2016-12-01 01:48:39.421,259.063,0.029,-0.765,0.019,0.644,0.421,1.153,0.247
2016-12-01 01:48:39.433,259.063,0.029,-0.765,0.019,0.643,0.421,1.153,0.247
2016-12-01 01:48:39.443,259.084,0.030,-0.766,0.019,0.642,0.421,1.153,0.247
2016-12-01 01:48:39.455,259.084,0.030,-0.766,0.019,0.642,0.421,1.153,0.247
2016-12-01 01:48:39.466,259.105,0.030,-0.767,0.019,0.641,0.421,1.153,0.247
2016-12-01 01:48:39.477,259.127,0.030,-0.767,0.019,0.640,0.420,1.153,0.247
2016-12-01 01:48:39.489,259.127,0.030,-0.768,0.019,0.639,0.420,1.153,0.247
2016-12-01 01:48:39.499,259.127,0.030,-0.769,0.020,0.639,0.420,1.153,0.247
2016-12-01 01:48:39.511,259.148,0.030,-0.769,0.020,0.638,0.420,1.153,0.247
2016-12-01 01:48:39.522,259.148,0.030,-0.770,0.020,0.637,0.420,1.153,0.247
2016-12-01 01:48:39.533,259.169,0.030,-0.771,0.020,0.636,0.420,1.153,0.247
2016-12-01 01:48:39.544,259.169,0.031,-0.772,0.020,0.635,0.420,1.153,0.247
2016-12-01 01:48:39.555,259.191,0.031,-0.772,0.020,0.634,0.420,1.153,0.247
2016-12-01 01:48:39.566,259.212,0.031,-0.773,0.020,0.633,0.420,1.153,0.247
2016-12-01 01:48:39.578,259.212,0.031,-0.774,0.020,0.632,0.420,1.153,0.247
2016-12-01 01:48:39.588,259.233,0.031,-0.775,0.020,0.631,0.420,1.153,0.248
2016-12-01 01:48:39.600,259.233,0.031,-0.775,0.020,0.630,0.420,1.153,0.247
2016-12-01 01:48:39.611,259.255,0.031,-0.776,0.020,0.629,0.420,1.153,0.248
2016-12-01 01:48:39.622,259.255,0.031,-0.777,0.020,0.628,0.420,1.153,0.248
2016-12-01 01:48:39.633,259.276,0.031,-0.778,0.020,0.628,0.420,1.153,0.248
2016-12-01 01:48:39.645,259.276,0.031,-0.778,0.020,0.627,0.420,1.153,0.248
2016-12-01 01:48:39.656,259.297,0.031,-0.779,0.020,0.626,0.420,1.153,0.248
2016-12-01 01:48:39.667,259.297,0.031,-0.780,0.020,0.625,0.420,1.153,0.248
2016-12-01 01:48:39.678,259.319,0.031,-0.780,0.021,0.624,0.420,1.153,0.248
2016-12-01 01:48:39.689,259.319,0.031,-0.781,0.020,0.623,0.420,1.153,0.248
2016-12-01 01:48:39.700,259.340,0.031,-0.782,0.020,0.622,0.419,1.153,0.248
2016-12-01 01:48:39.712,259.340,0.031,-0.782,0.020,0.622,0.419,1.153,0.248
2016-12-01 01:48:39.723,259.361,0.031,-0.783,0.020,0.621,0.419,1.153,0.248
2016-12-01 01:48:39.734,259.361,0.031,-0.783,0.020,0.621,0.419,1.153,0.248
2016-12-01 01:48:39.745,259.383,0.031,-0.784,0.020,0.620,0.419,1.153,0.248
2016-12-01 01:48:39.756,259.404,0.031,-0.784,0.020,0.620,0.419,1.153,0.248
2016-12-01 01:48:39.768,259.404,0.032,-0.784,0.020,0.619,0.419,1.153,0.248
2016-12-01 01:48:39.778,259.425,0.032,-0.785,0.020,0.619,0.419,1.153,0.248
2016-12-01 01:48:39.790,259.425,0.032,-0.785,0.020,0.618,0.419,1.153,0.248
2016-12-01 01:48:39.801,259.447,0.032,-0.785,0.020,0.618,0.419,1.153,0.249
2016-12-01 01:48:39.812,259.447,0.032,-0.786,0.020,0.618,0.419,1.153,0.249
2016-12-01 01:48:39.823,259.447,0.032,-0.786,0.020,0.617,0.419,1.153,0.249
2016-12-01 01:48:39.835,259.468,0.033,-0.786,0.020,0.617,0.420,1.153,0.249
2016-12-01 01:48:39.846,259.468,0.033,-0.786,0.020,0.617,0.419,1.153,0.249
2016-12-01 01:48:39.857,259.489,0.033,-0.787,0.020,0.616,0.419,1.153,0.249
2016-12-01 01:48:39.868,259.511,0.033,-0.787,0.020,0.616,0.419,1.153,0.249
2016-12-01 01:48:39.880,259.511,0.033,-0.787,0.021,0.616,0.419,1.153,0.249
2016-12-01 01:48:39.890,259.532,0.033,-0.787,0.021,0.615,0.419,1.153,0.250
2016-12-01 01:48:39.902,259.532,0.034,-0.788,0.021,0.615,0.419,1.153,0.250
2016-12-01 01:48:39.913,259.553,0.034,-0.788,0.021,0.614,0.419,1.153,0.250
2016-12-01 01:48:39.924,259.553,0.034,-0.788,0.021,0.614,0.419,1.153,0.250
2016-12-01 01:48:39.935,259.575,0.034,-0.788,0.021,0.614,0.419,1.153,0.250
2016-12-01 01:48:39.947,259.596,0.034,-0.789,0.021,0.613,0.419,1.153,0.250
2016-12-01 01:48:39.958,259.596,0.034,-0.789,0.021,0.613,0.419,1.153,0.250
2016-12-01 01:48:39.968,259.617,0.034,-0.789,0.021,0.613,0.419,1.153,0.250
2016-12-01 01:48:39.980,259.617,0.034,-0.790,0.021,0.612,0.419,1.153,0.250
2016-12-01 01:48:39.990,259.617,0.035,-0.790,0.021,0.612,0.419,1.153,0.250
2016-12-01 01:48:40.002,259.639,0.035,-0.790,0.021,0.611,0.419,1.152,0.250
2016-12-01 01:48:40.014,259.639,0.035,-0.790,0.022,0.611,0.419,1.152,0.250
2016-12-01 01:48:40.025,259.660,0.036,-0.791,0.022,0.611,0.418,1.152,0.250
2016-12-01 01:48:40.036,259.681,0.036,-0.791,0.022,0.610,0.418,1.152,0.250
2016-12-01 01:48:40.047,259.681,0.036,-0.791,0.022,0.610,0.418,1.152,0.250
2016-12-01 01:48:40.058,259.703,0.037,-0.792,0.022,0.609,0.418,1.152,0.250
2016-12-01 01:48:40.069,259.703,0.037,-0.792,0.023,0.609,0.418,1.152,0.250
2016-12-01 01:48:40.080,259.724,0.037,-0.792,0.023,0.608,0.418,1.152,0.250
2016-12-01 01:48:40.091,259.724,0.037,-0.793,0.023,0.608,0.418,1.152,0.250
2016-12-01 01:48:40.103,259.745,0.038,-0.793,0.023,0.607,0.418,1.152,0.250
2016-12-01 01:48:40.115,259.745,0.038,-0.793,0.023,0.607,0.418,1.152,0.250
2016-12-01 01:48:40.125,259.767,0.038,-0.794,0.023,0.607,0.418,1.152,0.250
2016-12-01 01:48:40.136,259.767,0.038,-0.794,0.023,0.606,0.418,1.152,0.250
2016-12-01 01:48:40.147,259.788,0.038,-0.794,0.023,0.606,0.418,1.152,0.251
2016-12-01 01:48:40.158,259.788,0.038,-0.795,0.023,0.606,0.418,1.152,0.251
2016-12-01 01:48:40.170,259.809,0.038,-0.795,0.023,0.605,0.418,1.152,0.251
2016-12-01 01:48:40.181,259.809,0.038,-0.795,0.023,0.605,0.418,1.152,0.251
2016-12-01 01:48:40.192,259.831,0.038,-0.795,0.023,0.605,0.418,1.152,0.251
2016-12-01 01:48:40.204,259.831,0.038,-0.795,0.023,0.604,0.418,1.152,0.251
2016-12-01 01:48:40.215,259.852,0.038,-0.796,0.022,0.604,0.418,1.152,0.251
2016-12-01 01:48:40.226,259.852,0.038,-0.796,0.022,0.604,0.418,1.152,0.251
2016-12-01 01:48:40.237,259.873,0.038,-0.796,0.022,0.604,0.418,1.152,0.251
2016-12-01 01:48:40.249,259.895,0.038,-0.796,0.022,0.604,0.419,1.152,0.251
2016-12-01 01:48:40.260,259.895,0.038,-0.796,0.022,0.604,0.419,1.152,0.251
2016-12-01 01:48:40.271,259.916,0.038,-0.795,0.021,0.605,0.419,1.152,0.251
2016-12-01 01:48:40.281,259.916,0.037,-0.795,0.021,0.605,0.419,1.152,0.251
2016-12-01 01:48:40.293,259.937,0.037,-0.795,0.021,0.605,0.419,1.152,0.251
2016-12-01 01:48:40.305,259.937,0.037,-0.794,0.021,0.606,0.419,1.152,0.251
2016-12-01 01:48:40.315,259.937,0.037,-0.794,0.021,0.606,0.419,1.152,0.251
2016-12-01 01:48:40.326,259.959,0.037,-0.794,0.021,0.607,0.419,1.152,0.251
2016-12-01 01:48:40.337,259.980,0.037,-0.793,0.021,0.607,0.419,1.152,0.251
2016-12-01 01:48:40.348,259.980,0.037,-0.793,0.021,0.608,0.419,1.152,0.251
2016-12-01 01:48:40.359,260.001,0.037,-0.792,0.021,0.608,0.419,1.152,0.251
2016-12-01 01:48:40.371,260.001,0.037,-0.792,0.021,0.609,0.419,1.152,0.251
2016-12-01 01:48:40.381,260.023,0.037,-0.792,0.021,0.609,0.419,1.152,0.251
2016-12-01 01:48:40.393,260.023,0.037,-0.791,0.021,0.610,0.419,1.152,0.251
2016-12-01 01:48:40.404,260.044,0.037,-0.791,0.021,0.610,0.419,1.153,0.251
2016-12-01 01:48:40.416,260.044,0.037,-0.791,0.021,0.611,0.419,1.152,0.251
2016-12-01 01:48:40.426,260.065,0.037,-0.790,0.021,0.611,0.419,1.152,0.251
2016-12-01 01:48:40.438,260.087,0.037,-0.790,0.021,0.612,0.419,1.152,0.251
2016-12-01 01:48:40.449,260.087,0.037,-0.790,0.022,0.612,0.419,1.152,0.251
2016-12-01 01:48:40.460,260.087,0.037,-0.789,0.022,0.613,0.419,1.152,0.251
2016-12-01 01:48:40.471,260.108,0.037,-0.789,0.022,0.613,0.419,1.152,0.251
2016-12-01 01:48:40.483,260.108,0.037,-0.789,0.022,0.613,0.419,1.152,0.251
2016-12-01 01:48:40.493,260.129,0.037,-0.788,0.022,0.614,0.419,1.152,0.251
2016-12-01 01:48:40.505,260.129,0.037,-0.788,0.022,0.615,0.419,1.152,0.251
2016-12-01 01:48:40.516,260.151,0.037,-0.787,0.022,0.615,0.419,1.152,0.251
2016-12-01 01:48:40.527,260.172,0.037,-0.787,0.022,0.616,0.419,1.152,0.251
2016-12-01 01:48:40.539,260.172,0.038,-0.786,0.022,0.616,0.419,1.152,0.250
2016-12-01 01:48:40.549,260.193,0.038,-0.786,0.022,0.617,0.419,1.152,0.250
2016-12-01 01:48:40.561,260.193,0.038,-0.785,0.022,0.618,0.419,1.152,0.250
2016-12-01 01:48:40.571,260.215,0.038,-0.784,0.022,0.619,0.419,1.152,0.250
2016-12-01 01:48:40.584,260.215,0.038,-0.784,0.022,0.620,0.419,1.152,0.250
2016-12-01 01:48:40.594,260.236,0.038,-0.783,0.023,0.621,0.419,1.152,0.251
2016-12-01 01:48:40.606,260.236,0.038,-0.782,0.023,0.621,0.419,1.152,0.251
2016-12-01 01:48:40.616,260.257,0.038,-0.781,0.023,0.622,0.419,1.152,0.251
2016-12-01 01:48:40.628,260.257,0.038,-0.781,0.023,0.623,0.419,1.152,0.251
2016-12-01 01:48:40.639,260.279,0.038,-0.780,0.023,0.624,0.419,1.152,0.251
2016-12-01 01:48:40.650,260.279,0.038,-0.779,0.023,0.625,0.419,1.152,0.250
2016-12-01 01:48:40.661,260.300,0.038,-0.779,0.023,0.626,0.419,1.152,0.250
2016-12-01 01:48:40.674,260.300,0.038,-0.778,0.023,0.627,0.419,1.152,0.250
2016-12-01 01:48:40.683,260.321,0.037,-0.777,0.023,0.628,0.419,1.152,0.250
2016-12-01 01:48:40.695,260.321,0.037,-0.777,0.023,0.628,0.419,1.152,0.250
2016-12-01 01:48:40.706,260.343,0.037,-0.776,0.023,0.629,0.419,1.152,0.250
2016-12-01 01:48:40.717,260.364,0.037,-0.775,0.023,0.630,0.419,1.152,0.250
2016-12-01 01:48:40.728,260.364,0.037,-0.775,0.023,0.631,0.419,1.152,0.250
2016-12-01 01:48:40.739,260.385,0.037,-0.774,0.023,0.632,0.419,1.152,0.250
2016-12-01 01:48:40.750,260.385,0.037,-0.773,0.023,0.632,0.419,1.152,0.250
2016-12-01 01:48:40.761,260.407,0.037,-0.773,0.023,0.633,0.419,1.152,0.250
2016-12-01 01:48:40.774,260.407,0.037,-0.772,0.024,0.634,0.419,1.152,0.249
2016-12-01 01:48:40.784,260.428,0.037,-0.771,0.024,0.635,0.419,1.152,0.249
2016-12-01 01:48:40.795,260.428,0.037,-0.771,0.024,0.636,0.419,1.152,0.250
2016-12-01 01:48:40.806,260.449,0.037,-0.770,0.024,0.636,0.419,1.152,0.250
2016-12-01 01:48:40.817,260.449,0.037,-0.769,0.024,0.637,0.419,1.152,0.250
2016-12-01 01:48:40.829,260.471,0.037,-0.769,0.024,0.638,0.419,1.152,0.250
2016-12-01 01:48:40.840,260.471,0.037,-0.768,0.025,0.639,0.419,1.152,0.249
2016-12-01 01:48:40.851,260.492,0.037,-0.768,0.025,0.639,0.419,1.152,0.249
2016-12-01 01:48:40.862,260.492,0.037,-0.767,0.025,0.640,0.419,1.152,0.249
2016-12-01 01:48:40.874,260.513,0.037,-0.767,0.025,0.641,0.419,1.152,0.249
2016-12-01 01:48:40.885,260.513,0.037,-0.766,0.025,0.641,0.419,1.152,0.249
2016-12-01 01:48:40.895,260.535,0.037,-0.765,0.025,0.642,0.419,1.152,0.249
2016-12-01 01:48:40.907,260.556,0.037,-0.765,0.025,0.643,0.419,1.152,0.249
2016-12-01 01:48:40.918,260.556,0.037,-0.764,0.026,0.643,0.419,1.152,0.249
2016-12-01 01:48:40.929,260.577,0.037,-0.764,0.026,0.644,0.419,1.152,0.249
2016-12-01 01:48:40.941,260.577,0.037,-0.763,0.026,0.645,0.419,1.152,0.249
2016-12-01 01:48:40.951,260.577,0.037,-0.763,0.026,0.645,0.419,1.152,0.249
2016-12-01 01:48:40.963,260.599,0.037,-0.762,0.026,0.646,0.419,1.152,0.249
2016-12-01 01:48:40.974,260.599,0.037,-0.762,0.026,0.646,0.419,1.152,0.249
2016-12-01 01:48:40.985,260.620,0.037,-0.761,0.026,0.647,0.419,1.152,0.249
2016-12-01 01:48:40.996,260.641,0.037,-0.761,0.026,0.648,0.419,1.152,0.249
2016-12-01 01:48:41.008,260.641,0.037,-0.760,0.025,0.648,0.419,1.152,0.249
2016-12-01 01:48:41.019,260.663,0.037,-0.760,0.025,0.649,0.419,1.152,0.249
2016-12-01 01:48:41.031,260.663,0.037,-0.759,0.025,0.649,0.419,1.152,0.249
2016-12-01 01:48:41.041,260.684,0.036,-0.759,0.025,0.649,0.419,1.152,0.249
2016-12-01 01:48:41.052,260.684,0.036,-0.759,0.025,0.650,0.420,1.152,0.249
2016-12-01 01:48:41.063,260.705,0.036,-0.758,0.025,0.650,0.420,1.152,0.249
2016-12-01 01:48:41.075,260.705,0.036,-0.758,0.025,0.651,0.420,1.152,0.249
2016-12-01 01:48:41.085,260.727,0.036,-0.758,0.025,0.651,0.420,1.152,0.249
2016-12-01 01:48:41.096,260.748,0.036,-0.758,0.025,0.651,0.420,1.152,0.249
2016-12-01 01:48:41.108,260.748,0.036,-0.757,0.025,0.651,0.420,1.152,0.249
2016-12-01 01:48:41.119,260.748,0.036,-0.757,0.025,0.652,0.420,1.152,0.249
2016-12-01 01:48:41.130,260.769,0.036,-0.757,0.025,0.652,0.420,1.152,0.249
2016-12-01 01:48:41.141,260.769,0.036,-0.757,0.025,0.652,0.420,1.152,0.249
2016-12-01 01:48:41.153,260.791,0.036,-0.757,0.025,0.652,0.420,1.152,0.249
2016-12-01 01:48:41.164,260.791,0.036,-0.757,0.025,0.652,0.420,1.152,0.249
2016-12-01 01:48:41.175,260.812,0.036,-0.756,0.025,0.653,0.420,1.152,0.249
2016-12-01 01:48:41.186,260.833,0.036,-0.756,0.025,0.653,0.420,1.152,0.249
2016-12-01 01:48:41.198,260.833,0.036,-0.756,0.026,0.653,0.420,1.152,0.249
2016-12-01 01:48:41.208,260.855,0.036,-0.756,0.026,0.653,0.420,1.152,0.249
2016-12-01 01:48:41.219,260.855,0.036,-0.757,0.026,0.652,0.420,1.152,0.249
2016-12-01 01:48:41.231,260.876,0.036,-0.757,0.026,0.652,0.420,1.152,0.249
2016-12-01 01:48:41.242,260.876,0.036,-0.757,0.026,0.652,0.420,1.152,0.249
2016-12-01 01:48:41.253,260.897,0.036,-0.757,0.026,0.652,0.420,1.152,0.249
2016-12-01 01:48:41.264,260.897,0.036,-0.757,0.026,0.652,0.420,1.152,0.249
2016-12-01 01:48:41.275,260.897,0.036,-0.758,0.026,0.651,0.420,1.152,0.249
2016-12-01 01:48:41.286,260.919,0.036,-0.758,0.026,0.651,0.420,1.152,0.249
2016-12-01 01:48:41.297,260.940,0.036,-0.758,0.026,0.651,0.420,1.152,0.248
2016-12-01 01:48:41.309,260.940,0.035,-0.758,0.026,0.650,0.420,1.152,0.248
2016-12-01 01:48:41.320,260.961,0.035,-0.759,0.026,0.650,0.420,1.152,0.248
2016-12-01 01:48:41.332,260.961,0.035,-0.759,0.026,0.650,0.420,1.152,0.248
2016-12-01 01:48:41.343,260.983,0.035,-0.759,0.026,0.649,0.420,1.152,0.248
2016-12-01 01:48:41.354,260.983,0.035,-0.760,0.026,0.649,0.420,1.152,0.248
2016-12-01 01:48:41.365,261.004,0.035,-0.760,0.026,0.648,0.420,1.152,0.248
2016-12-01 01:48:41.377,261.004,0.035,-0.760,0.026,0.648,0.420,1.152,0.248
2016-12-01 01:48:41.387,261.004,0.035,-0.761,0.027,0.648,0.420,1.152,0.248
2016-12-01 01:48:41.398,261.025,0.035,-0.761,0.027,0.647,0.420,1.152,0.248
2016-12-01 01:48:41.409,261.025,0.036,-0.761,0.027,0.647,0.420,1.152,0.248
2016-12-01 01:48:41.421,261.047,0.036,-0.762,0.027,0.647,0.420,1.152,0.248
2016-12-01 01:48:41.432,261.047,0.036,-0.762,0.027,0.646,0.420,1.152,0.248
2016-12-01 01:48:41.443,261.047,0.036,-0.762,0.027,0.646,0.420,1.152,0.247
2016-12-01 01:48:41.455,261.068,0.036,-0.762,0.027,0.646,0.420,1.152,0.247
2016-12-01 01:48:41.466,261.089,0.036,-0.762,0.027,0.645,0.420,1.152,0.248
2016-12-01 01:48:41.476,261.089,0.036,-0.763,0.028,0.645,0.420,1.152,0.248
2016-12-01 01:48:41.487,261.111,0.037,-0.763,0.028,0.645,0.420,1.152,0.247
2016-12-01 01:48:41.499,261.111,0.037,-0.763,0.028,0.645,0.420,1.152,0.248
2016-12-01 01:48:41.510,261.132,0.037,-0.763,0.028,0.645,0.420,1.152,0.247
2016-12-01 01:48:41.522,261.132,0.037,-0.763,0.029,0.644,0.420,1.152,0.247
2016-12-01 01:48:41.532,261.153,0.038,-0.764,0.029,0.644,0.420,1.152,0.247
2016-12-01 01:48:41.544,261.153,0.038,-0.764,0.029,0.644,0.420,1.151,0.247
2016-12-01 01:48:41.555,261.175,0.038,-0.764,0.029,0.643,0.420,1.152,0.248
2016-12-01 01:48:41.566,261.196,0.038,-0.764,0.029,0.643,0.420,1.152,0.248
2016-12-01 01:48:41.577,261.196,0.038,-0.764,0.028,0.643,0.420,1.152,0.248
2016-12-01 01:48:41.588,261.217,0.038,-0.764,0.028,0.643,0.420,1.152,0.248
2016-12-01 01:48:41.599,261.217,0.038,-0.765,0.028,0.643,0.420,1.152,0.248
2016-12-01 01:48:41.610,261.217,0.038,-0.765,0.028,0.643,0.420,1.152,0.248
2016-12-01 01:48:41.621,261.239,0.038,-0.765,0.028,0.643,0.420,1.152,0.248
2016-12-01 01:48:41.633,261.239,0.038,-0.765,0.028,0.643,0.419,1.152,0.248
2016-12-01 01:48:41.644,261.260,0.038,-0.765,0.028,0.642,0.419,1.152,0.248
2016-12-01 01:48:41.655,261.260,0.038,-0.765,0.028,0.642,0.419,1.152,0.248
2016-12-01 01:48:41.666,261.281,0.038,-0.765,0.028,0.642,0.420,1.152,0.248
2016-12-01 01:48:41.678,261.303,0.037,-0.765,0.028,0.642,0.420,1.152,0.248
2016-12-01 01:48:41.689,261.303,0.037,-0.765,0.027,0.642,0.420,1.152,0.248
2016-12-01 01:48:41.700,261.324,0.037,-0.766,0.027,0.642,0.420,1.152,0.248
2016-12-01 01:48:41.711,261.324,0.037,-0.766,0.027,0.641,0.420,1.152,0.248
2016-12-01 01:48:41.723,261.345,0.037,-0.766,0.027,0.641,0.420,1.152,0.248
2016-12-01 01:48:41.734,261.345,0.037,-0.766,0.027,0.641,0.420,1.152,0.248
2016-12-01 01:48:41.745,261.367,0.037,-0.766,0.027,0.641,0.420,1.152,0.248
2016-12-01 01:48:41.756,261.367,0.037,-0.767,0.027,0.641,0.420,1.152,0.248
2016-12-01 01:48:41.767,261.388,0.037,-0.767,0.027,0.640,0.420,1.152,0.248
2016-12-01 01:48:41.778,261.388,0.037,-0.767,0.027,0.640,0.420,1.152,0.249
2016-12-01 01:48:41.789,261.409,0.037,-0.767,0.027,0.640,0.420,1.152,0.249
2016-12-01 01:48:41.801,261.409,0.037,-0.767,0.027,0.640,0.420,1.152,0.249
2016-12-01 01:48:41.812,261.431,0.038,-0.767,0.027,0.640,0.420,1.152,0.249
2016-12-01 01:48:41.824,261.431,0.038,-0.767,0.027,0.640,0.420,1.152,0.249
2016-12-01 01:48:41.834,261.452,0.038,-0.767,0.027,0.640,0.420,1.152,0.248
2016-12-01 01:48:41.845,261.473,0.038,-0.767,0.027,0.640,0.420,1.152,0.248
2016-12-01 01:48:41.856,261.473,0.038,-0.767,0.027,0.640,0.420,1.152,0.248
2016-12-01 01:48:41.867,261.495,0.038,-0.767,0.027,0.640,0.420,1.152,0.249
2016-12-01 01:48:41.879,261.495,0.038,-0.767,0.027,0.640,0.420,1.152,0.249
2016-12-01 01:48:41.890,261.516,0.038,-0.767,0.027,0.640,0.420,1.151,0.249
2016-12-01 01:48:41.901,261.516,0.038,-0.767,0.027,0.640,0.420,1.151,0.249
2016-12-01 01:48:41.912,261.537,0.038,-0.767,0.027,0.640,0.420,1.151,0.249
2016-12-01 01:48:41.924,261.537,0.038,-0.767,0.027,0.640,0.420,1.151,0.249
2016-12-01 01:48:41.935,261.537,0.038,-0.767,0.027,0.640,0.420,1.151,0.249
2016-12-01 01:48:41.946,261.559,0.038,-0.767,0.027,0.640,0.420,1.151,0.249
2016-12-01 01:48:41.957,261.580,0.038,-0.767,0.027,0.640,0.420,1.151,0.249
2016-12-01 01:48:41.969,261.580,0.038,-0.767,0.027,0.640,0.420,1.152,0.249
2016-12-01 01:48:41.979,261.601,0.038,-0.767,0.027,0.639,0.420,1.151,0.249
2016-12-01 01:48:41.990,261.601,0.038,-0.767,0.027,0.639,0.420,1.151,0.249
2016-12-01 01:48:42.001,261.623,0.038,-0.767,0.028,0.639,0.420,1.151,0.249
2016-12-01 01:48:42.013,261.623,0.037,-0.768,0.028,0.639,0.420,1.151,0.249
2016-12-01 01:48:42.024,261.644,0.038,-0.767,0.028,0.639,0.420,1.151,0.249
2016-12-01 01:48:42.035,261.644,0.038,-0.767,0.028,0.639,0.420,1.151,0.248
2016-12-01 01:48:42.046,261.665,0.038,-0.767,0.028,0.640,0.419,1.151,0.248
2016-12-01 01:48:42.057,261.687,0.038,-0.767,0.028,0.640,0.419,1.151,0.248
2016-12-01 01:48:42.068,261.687,0.038,-0.767,0.028,0.640,0.419,1.151,0.248
2016-12-01 01:48:42.081,261.687,0.038,-0.767,0.028,0.640,0.420,1.151,0.248
2016-12-01 01:48:42.091,261.708,0.038,-0.767,0.029,0.640,0.419,1.151,0.248
2016-12-01 01:48:42.103,261.708,0.038,-0.767,0.028,0.640,0.420,1.151,0.248
2016-12-01 01:48:42.113,261.729,0.038,-0.767,0.029,0.640,0.420,1.151,0.248
2016-12-01 01:48:42.125,261.729,0.038,-0.767,0.029,0.640,0.420,1.151,0.248
2016-12-01 01:48:42.136,261.751,0.037,-0.767,0.029,0.640,0.420,1.151,0.248
2016-12-01 01:48:42.147,261.772,0.037,-0.767,0.029,0.640,0.420,1.151,0.248
2016-12-01 01:48:42.158,261.772,0.037,-0.767,0.029,0.640,0.420,1.151,0.248
2016-12-01 01:48:42.169,261.793,0.037,-0.767,0.029,0.639,0.420,1.151,0.248
2016-12-01 01:48:42.181,261.793,0.037,-0.767,0.029,0.639,0.420,1.151,0.248
2016-12-01 01:48:42.191,261.815,0.037,-0.767,0.030,0.639,0.420,1.151,0.248
2016-12-01 01:48:42.203,261.815,0.037,-0.768,0.030,0.639,0.420,1.151,0.248
2016-12-01 01:48:42.213,261.836,0.037,-0.768,0.030,0.639,0.420,1.151,0.248
2016-12-01 01:48:42.225,261.836,0.037,-0.768,0.030,0.639,0.420,1.151,0.247
2016-12-01 01:48:42.236,261.857,0.037,-0.768,0.030,0.639,0.419,1.151,0.247
2016-12-01 01:48:42.247,261.857,0.037,-0.768,0.030,0.638,0.419,1.151,0.247
2016-12-01 01:48:42.258,261.879,0.037,-0.768,0.030,0.638,0.419,1.151,0.247
2016-12-01 01:48:42.269,261.879,0.037,-0.769,0.031,0.638,0.420,1.151,0.247
2016-12-01 01:48:42.281,261.900,0.037,-0.769,0.031,0.638,0.420,1.151,0.247
2016-12-01 01:48:42.293,261.900,0.037,-0.769,0.031,0.638,0.419,1.151,0.247
2016-12-01 01:48:42.303,261.921,0.037,-0.769,0.031,0.637,0.419,1.151,0.247
2016-12-01 01:48:42.315,261.921,0.037,-0.769,0.031,0.637,0.419,1.151,0.247
2016-12-01 01:48:42.325,261.943,0.037,-0.769,0.032,0.637,0.419,1.151,0.247
2016-12-01 01:48:42.337,261.964,0.038,-0.769,0.032,0.637,0.419,1.151,0.247
2016-12-01 01:48:42.348,261.964,0.038,-0.769,0.032,0.637,0.419,1.151,0.247
2016-12-01 01:48:42.359,261.985,0.038,-0.769,0.033,0.637,0.419,1.151,0.247
2016-12-01 01:48:42.370,261.985,0.038,-0.769,0.033,0.637,0.419,1.151,0.247
2016-12-01 01:48:42.381,262.007,0.038,-0.769,0.033,0.637,0.419,1.151,0.247
2016-12-01 01:48:42.393,262.007,0.038,-0.769,0.033,0.637,0.419,1.151,0.247
2016-12-01 01:48:42.403,262.028,0.038,-0.769,0.033,0.637,0.419,1.151,0.246
2016-12-01 01:48:42.414,262.028,0.038,-0.769,0.033,0.637,0.419,1.151,0.246
2016-12-01 01:48:42.426,262.049,0.038,-0.769,0.033,0.637,0.419,1.151,0.246
2016-12-01 01:48:42.437,262.049,0.038,-0.769,0.033,0.637,0.419,1.151,0.246
2016-12-01 01:48:42.448,262.071,0.038,-0.769,0.033,0.637,0.419,1.151,0.246
2016-12-01 01:48:42.459,262.071,0.038,-0.769,0.033,0.637,0.419,1.151,0.246
2016-12-01 01:48:42.471,262.092,0.038,-0.769,0.033,0.637,0.419,1.151,0.246
2016-12-01 01:48:42.482,262.092,0.038,-0.769,0.033,0.637,0.419,1.151,0.246
2016-12-01 01:48:42.493,262.113,0.038,-0.769,0.033,0.637,0.419,1.151,0.246
2016-12-01 01:48:42.505,262.113,0.038,-0.769,0.033,0.637,0.419,1.151,0.246
2016-12-01 01:48:42.515,262.135,0.038,-0.769,0.033,0.637,0.419,1.151,0.246
2016-12-01 01:48:42.527,262.156,0.038,-0.769,0.033,0.637,0.419,1.151,0.246
2016-12-01 01:48:42.538,262.156,0.038,-0.769,0.033,0.637,0.419,1.151,0.246
2016-12-01 01:48:42.549,262.177,0.038,-0.769,0.033,0.637,0.419,1.151,0.246
2016-12-01 01:48:42.560,262.177,0.038,-0.769,0.033,0.637,0.419,1.151,0.246
2016-12-01 01:48:42.571,262.177,0.038,-0.769,0.033,0.637,0.419,1.151,0.246
2016-12-01 01:48:42.582,262.199,0.038,-0.769,0.034,0.637,0.419,1.151,0.246
2016-12-01 01:48:42.594,262.199,0.038,-0.769,0.034,0.637,0.419,1.151,0.246
2016-12-01 01:48:42.604,262.220,0.038,-0.769,0.034,0.637,0.419,1.151,0.246
2016-12-01 01:48:42.616,262.241,0.038,-0.769,0.034,0.637,0.419,1.151,0.246
2016-12-01 01:48:42.627,262.241,0.038,-0.769,0.034,0.637,0.419,1.150,0.246
2016-12-01 01:48:42.638,262.263,0.038,-0.769,0.034,0.637,0.419,1.150,0.246
2016-12-01 01:48:42.650,262.263,0.038,-0.769,0.034,0.637,0.419,1.150,0.246
2016-12-01 01:48:42.661,262.284,0.038,-0.769,0.034,0.637,0.419,1.150,0.246
2016-12-01 01:48:42.672,262.284,0.038,-0.769,0.034,0.637,0.419,1.150,0.246
2016-12-01 01:48:42.683,262.305,0.038,-0.769,0.034,0.637,0.419,1.150,0.246
2016-12-01 01:48:42.694,262.305,0.039,-0.769,0.034,0.637,0.419,1.150,0.246
2016-12-01 01:48:42.705,262.327,0.039,-0.769,0.034,0.637,0.419,1.150,0.247
2016-12-01 01:48:42.716,262.348,0.039,-0.769,0.034,0.637,0.419,1.150,0.247
2016-12-01 01:48:42.728,262.348,0.039,-0.769,0.034,0.637,0.419,1.151,0.247
2016-12-01 01:48:42.739,262.348,0.039,-0.769,0.034,0.637,0.419,1.151,0.247
2016-12-01 01:48:42.750,262.369,0.039,-0.769,0.034,0.637,0.419,1.151,0.247
2016-12-01 01:48:42.761,262.369,0.039,-0.769,0.034,0.637,0.419,1.151,0.247
2016-12-01 01:48:42.772,262.391,0.039,-0.769,0.034,0.637,0.419,1.151,0.247
2016-12-01 01:48:42.783,262.391,0.039,-0.769,0.034,0.637,0.419,1.151,0.247
2016-12-01 01:48:42.794,262.412,0.039,-0.769,0.034,0.637,0.419,1.150,0.247
2016-12-01 01:48:42.806,262.433,0.039,-0.769,0.034,0.637,0.419,1.151,0.247
2016-12-01 01:48:42.817,262.433,0.039,-0.769,0.034,0.638,0.419,1.151,0.247
2016-12-01 01:48:42.828,262.455,0.039,-0.769,0.034,0.638,0.419,1.151,0.247
2016-12-01 01:48:42.839,262.455,0.039,-0.769,0.034,0.638,0.419,1.151,0.247
2016-12-01 01:48:42.850,262.476,0.039,-0.769,0.034,0.638,0.419,1.150,0.247
2016-12-01 01:48:42.862,262.476,0.039,-0.769,0.034,0.638,0.419,1.150,0.247
2016-12-01 01:48:42.873,262.497,0.039,-0.768,0.034,0.638,0.419,1.150,0.247
2016-12-01 01:48:42.884,262.497,0.039,-0.768,0.034,0.638,0.418,1.150,0.247
2016-12-01 01:48:42.895,262.497,0.040,-0.768,0.034,0.638,0.418,1.150,0.247
2016-12-01 01:48:42.906,262.519,0.040,-0.768,0.034,0.638,0.418,1.150,0.247
2016-12-01 01:48:42.917,262.540,0.040,-0.768,0.034,0.638,0.418,1.150,0.247
2016-12-01 01:48:42.929,262.540,0.040,-0.768,0.035,0.638,0.418,1.150,0.247
2016-12-01 01:48:42.940,262.561,0.040,-0.768,0.035,0.638,0.418,1.150,0.247
2016-12-01 01:48:42.951,262.561,0.040,-0.768,0.035,0.639,0.418,1.150,0.247
2016-12-01 01:48:42.962,262.583,0.041,-0.768,0.035,0.639,0.418,1.150,0.247
2016-12-01 01:48:42.973,262.583,0.040,-0.768,0.035,0.639,0.418,1.150,0.247
2016-12-01 01:48:42.984,262.604,0.040,-0.768,0.035,0.639,0.418,1.150,0.247
2016-12-01 01:48:42.996,262.625,0.040,-0.768,0.034,0.639,0.418,1.150,0.247
2016-12-01 01:48:43.006,262.625,0.040,-0.768,0.034,0.639,0.418,1.150,0.247
2016-12-01 01:48:43.018,262.647,0.040,-0.768,0.034,0.638,0.418,1.150,0.247
2016-12-01 01:48:43.030,262.647,0.040,-0.768,0.034,0.638,0.418,1.150,0.247
2016-12-01 01:48:43.040,262.668,0.040,-0.768,0.034,0.638,0.418,1.150,0.247
2016-12-01 01:48:43.052,262.668,0.040,-0.768,0.034,0.638,0.418,1.150,0.247
2016-12-01 01:48:43.063,262.668,0.040,-0.768,0.034,0.638,0.418,1.150,0.247
2016-12-01 01:48:43.074,262.689,0.040,-0.768,0.035,0.638,0.418,1.150,0.247
2016-12-01 01:48:43.085,262.689,0.040,-0.768,0.035,0.638,0.418,1.150,0.247
2016-12-01 01:48:43.096,262.711,0.040,-0.768,0.035,0.639,0.418,1.150,0.247
2016-12-01 01:48:43.107,262.732,0.040,-0.768,0.035,0.638,0.418,1.150,0.247
2016-12-01 01:48:43.119,262.732,0.040,-0.768,0.035,0.639,0.418,1.150,0.247
2016-12-01 01:48:43.130,262.753,0.040,-0.768,0.035,0.638,0.418,1.150,0.247
2016-12-01 01:48:43.141,262.753,0.040,-0.768,0.035,0.638,0.418,1.150,0.247
2016-12-01 01:48:43.152,262.775,0.040,-0.768,0.035,0.638,0.418,1.150,0.247
2016-12-01 01:48:43.164,262.775,0.040,-0.768,0.035,0.639,0.418,1.150,0.247
2016-12-01 01:48:43.174,262.796,0.040,-0.768,0.035,0.638,0.418,1.150,0.247
2016-12-01 01:48:43.185,262.796,0.040,-0.768,0.035,0.638,0.419,1.150,0.247
2016-12-01 01:48:43.196,262.817,0.040,-0.768,0.035,0.639,0.418,1.150,0.247
2016-12-01 01:48:43.207,262.839,0.040,-0.768,0.035,0.638,0.418,1.150,0.247
2016-12-01 01:48:43.219,262.839,0.040,-0.768,0.034,0.639,0.419,1.150,0.247
2016-12-01 01:48:43.230,262.839,0.040,-0.768,0.034,0.639,0.419,1.150,0.247
2016-12-01 01:48:43.241,262.860,0.040,-0.768,0.034,0.639,0.419,1.150,0.247
2016-12-01 01:48:43.253,262.860,0.040,-0.768,0.034,0.639,0.419,1.150,0.247
2016-12-01 01:48:43.264,262.881,0.040,-0.768,0.034,0.639,0.419,1.150,0.247
2016-12-01 01:48:43.275,262.881,0.040,-0.768,0.034,0.638,0.419,1.150,0.247
2016-12-01 01:48:43.286,262.903,0.040,-0.768,0.034,0.639,0.419,1.150,0.247
2016-12-01 01:48:43.298,262.924,0.040,-0.768,0.034,0.639,0.419,1.150,0.247
2016-12-01 01:48:43.308,262.924,0.040,-0.768,0.034,0.639,0.419,1.150,0.247
2016-12-01 01:48:43.319,262.945,0.040,-0.768,0.034,0.639,0.419,1.150,0.247
2016-12-01 01:48:43.331,262.945,0.040,-0.768,0.034,0.639,0.419,1.150,0.247
2016-12-01 01:48:43.342,262.967,0.040,-0.768,0.034,0.639,0.419,1.150,0.247
2016-12-01 01:48:43.353,262.967,0.040,-0.767,0.034,0.639,0.419,1.150,0.247
2016-12-01 01:48:43.364,262.988,0.040,-0.767,0.035,0.639,0.419,1.150,0.247
2016-12-01 01:48:43.375,262.988,0.040,-0.767,0.035,0.639,0.419,1.150,0.247
2016-12-01 01:48:43.386,263.009,0.040,-0.767,0.035,0.639,0.419,1.150,0.247
2016-12-01 01:48:43.398,263.009,0.040,-0.767,0.035,0.639,0.419,1.150,0.247
2016-12-01 01:48:43.409,263.031,0.040,-0.768,0.035,0.639,0.419,1.150,0.247
2016-12-01 01:48:43.420,263.031,0.040,-0.768,0.035,0.639,0.419,1.150,0.247
2016-12-01 01:48:43.431,263.052,0.040,-0.768,0.035,0.639,0.419,1.150,0.247
2016-12-01 01:48:43.442,263.052,0.040,-0.768,0.034,0.639,0.419,1.150,0.247
2016-12-01 01:48:43.453,263.073,0.040,-0.768,0.034,0.639,0.419,1.150,0.247
2016-12-01 01:48:43.465,263.073,0.040,-0.768,0.034,0.639,0.419,1.150,0.247
2016-12-01 01:48:43.476,263.095,0.040,-0.768,0.034,0.639,0.419,1.150,0.247
2016-12-01 01:48:43.487,263.116,0.040,-0.768,0.034,0.638,0.419,1.150,0.247
2016-12-01 01:48:43.498,263.116,0.040,-0.768,0.034,0.638,0.419,1.150,0.247
2016-12-01 01:48:43.509,263.137,0.040,-0.768,0.034,0.638,0.419,1.150,0.247
2016-12-01 01:48:43.521,263.137,0.040,-0.768,0.034,0.638,0.419,1.150,0.247
2016-12-01 01:48:43.532,263.159,0.040,-0.768,0.034,0.639,0.419,1.150,0.247
2016-12-01 01:48:43.543,263.159,0.040,-0.768,0.034,0.639,0.419,1.150,0.247
2016-12-01 01:48:43.554,263.159,0.040,-0.768,0.034,0.639,0.419,1.151,0.247
2016-12-01 01:48:43.565,263.180,0.040,-0.768,0.034,0.639,0.419,1.151,0.247
2016-12-01 01:48:43.577,263.201,0.040,-0.767,0.034,0.639,0.419,1.151,0.247
2016-12-01 01:48:43.588,263.201,0.040,-0.767,0.034,0.639,0.419,1.151,0.248
2016-12-01 01:48:43.599,263.223,0.040,-0.767,0.034,0.639,0.419,1.150,0.247
2016-12-01 01:48:43.610,263.223,0.041,-0.767,0.034,0.639,0.419,1.150,0.247
2016-12-01 01:48:43.621,263.244,0.041,-0.767,0.034,0.639,0.419,1.150,0.248
2016-12-01 01:48:43.633,263.244,0.041,-0.767,0.034,0.639,0.419,1.150,0.248
2016-12-01 01:48:43.643,263.265,0.041,-0.767,0.034,0.639,0.419,1.150,0.248
2016-12-01 01:48:43.655,263.265,0.041,-0.767,0.034,0.640,0.419,1.150,0.248
2016-12-01 01:48:43.666,263.287,0.041,-0.767,0.034,0.640,0.419,1.150,0.248
2016-12-01 01:48:43.677,263.308,0.041,-0.767,0.034,0.640,0.419,1.150,0.248
2016-12-01 01:48:43.689,263.308,0.041,-0.767,0.034,0.640,0.419,1.150,0.248
2016-12-01 01:48:43.699,263.308,0.041,-0.767,0.034,0.640,0.419,1.150,0.248
2016-12-01 01:48:43.710,263.329,0.041,-0.767,0.034,0.640,0.419,1.150,0.248
2016-12-01 01:48:43.722,263.329,0.041,-0.767,0.034,0.640,0.419,1.150,0.248
2016-12-01 01:48:43.733,263.351,0.041,-0.767,0.034,0.640,0.419,1.150,0.248
2016-12-01 01:48:43.744,263.351,0.041,-0.767,0.034,0.640,0.419,1.150,0.248
2016-12-01 01:48:43.755,263.372,0.041,-0.767,0.034,0.640,0.419,1.150,0.248
2016-12-01 01:48:43.766,263.393,0.041,-0.767,0.034,0.640,0.419,1.150,0.248
2016-12-01 01:48:43.778,263.393,0.041,-0.767,0.034,0.639,0.419,1.150,0.248
2016-12-01 01:48:43.789,263.415,0.041,-0.767,0.034,0.639,0.419,1.150,0.248
2016-12-01 01:48:43.800,263.415,0.041,-0.767,0.034,0.639,0.419,1.150,0.248
2016-12-01 01:48:43.811,263.436,0.041,-0.767,0.034,0.639,0.419,1.150,0.248
2016-12-01 01:48:43.823,263.436,0.041,-0.767,0.034,0.640,0.419,1.150,0.248
2016-12-01 01:48:43.833,263.457,0.041,-0.767,0.034,0.640,0.419,1.150,0.248
2016-12-01 01:48:43.845,263.457,0.042,-0.767,0.034,0.640,0.419,1.150,0.248
2016-12-01 01:48:43.856,263.479,0.042,-0.767,0.034,0.640,0.419,1.150,0.248
2016-12-01 01:48:43.867,263.479,0.042,-0.767,0.034,0.640,0.419,1.150,0.248
2016-12-01 01:48:43.878,263.500,0.042,-0.767,0.034,0.640,0.419,1.150,0.248
2016-12-01 01:48:43.890,263.500,0.042,-0.767,0.034,0.640,0.419,1.150,0.248
2016-12-01 01:48:43.900,263.521,0.041,-0.767,0.034,0.640,0.419,1.150,0.248
2016-12-01 01:48:43.911,263.521,0.041,-0.767,0.033,0.640,0.419,1.150,0.248
2016-12-01 01:48:43.923,263.543,0.042,-0.767,0.033,0.640,0.419,1.150,0.248
2016-12-01 01:48:43.934,263.543,0.042,-0.767,0.033,0.640,0.419,1.150,0.248
2016-12-01 01:48:43.945,263.564,0.041,-0.767,0.033,0.640,0.419,1.150,0.248
2016-12-01 01:48:43.956,263.585,0.042,-0.767,0.033,0.640,0.419,1.150,0.248
2016-12-01 01:48:43.968,263.585,0.041,-0.767,0.033,0.640,0.419,1.151,0.248
2016-12-01 01:48:43.979,263.607,0.042,-0.767,0.033,0.640,0.419,1.150,0.248
2016-12-01 01:48:43.990,263.607,0.042,-0.767,0.033,0.640,0.419,1.151,0.248
2016-12-01 01:48:44.001,263.628,0.042,-0.767,0.033,0.640,0.419,1.151,0.248
2016-12-01 01:48:44.012,263.628,0.042,-0.767,0.033,0.640,0.419,1.151,0.248
2016-12-01 01:48:44.023,263.649,0.042,-0.767,0.033,0.640,0.419,1.151,0.248
2016-12-01 01:48:44.035,263.649,0.042,-0.767,0.033,0.640,0.419,1.151,0.249
2016-12-01 01:48:44.046,263.671,0.042,-0.767,0.033,0.640,0.419,1.151,0.249
2016-12-01 01:48:44.057,263.671,0.042,-0.767,0.033,0.640,0.419,1.151,0.249
2016-12-01 01:48:44.068,263.692,0.042,-0.767,0.033,0.640,0.419,1.151,0.248
2016-12-01 01:48:44.079,263.692,0.042,-0.767,0.033,0.640,0.419,1.151,0.249
2016-12-01 01:48:44.090,263.713,0.042,-0.767,0.033,0.640,0.419,1.151,0.249
2016-12-01 01:48:44.102,263.713,0.042,-0.767,0.033,0.640,0.419,1.151,0.249
2016-12-01 01:48:44.112,263.735,0.042,-0.767,0.033,0.640,0.419,1.151,0.249
2016-12-01 01:48:44.124,263.735,0.042,-0.767,0.033,0.640,0.419,1.151,0.249
2016-12-01 01:48:44.135,263.756,0.041,-0.767,0.033,0.640,0.419,1.150,0.248
2016-12-01 01:48:44.146,263.777,0.041,-0.767,0.033,0.640,0.419,1.150,0.248
2016-12-01 01:48:44.158,263.777,0.041,-0.767,0.033,0.640,0.419,1.150,0.248
2016-12-01 01:48:44.169,263.799,0.041,-0.767,0.034,0.640,0.419,1.151,0.248
2016-12-01 01:48:44.180,263.799,0.041,-0.767,0.034,0.639,0.419,1.151,0.248
2016-12-01 01:48:44.191,263.799,0.041,-0.767,0.034,0.639,0.419,1.151,0.248
2016-12-01 01:48:44.202,263.820,0.041,-0.767,0.034,0.639,0.419,1.151,0.248
2016-12-01 01:48:44.213,263.820,0.041,-0.767,0.034,0.639,0.420,1.151,0.248
2016-12-01 01:48:44.224,263.841,0.041,-0.767,0.034,0.639,0.419,1.151,0.248
2016-12-01 01:48:44.236,263.841,0.041,-0.767,0.034,0.639,0.419,1.150,0.247
2016-12-01 01:48:44.247,263.863,0.041,-0.767,0.034,0.639,0.419,1.150,0.247
2016-12-01 01:48:44.258,263.884,0.041,-0.767,0.034,0.639,0.419,1.150,0.247
2016-12-01 01:48:44.269,263.884,0.041,-0.767,0.035,0.639,0.419,1.150,0.247
2016-12-01 01:48:44.280,263.905,0.041,-0.768,0.035,0.639,0.419,1.150,0.247
2016-12-01 01:48:44.291,263.905,0.041,-0.768,0.035,0.639,0.419,1.150,0.247
2016-12-01 01:48:44.302,263.927,0.041,-0.768,0.035,0.639,0.419,1.150,0.247
2016-12-01 01:48:44.314,263.927,0.041,-0.768,0.035,0.639,0.419,1.150,0.247
2016-12-01 01:48:44.324,263.948,0.041,-0.768,0.035,0.639,0.419,1.150,0.247
2016-12-01 01:48:44.337,263.969,0.041,-0.768,0.035,0.638,0.419,1.150,0.247
2016-12-01 01:48:44.348,263.969,0.041,-0.768,0.036,0.638,0.419,1.150,0.247
2016-12-01 01:48:44.359,263.969,0.041,-0.768,0.036,0.638,0.419,1.150,0.246
2016-12-01 01:48:44.369,263.991,0.041,-0.768,0.036,0.638,0.419,1.150,0.247
2016-12-01 01:48:44.381,263.991,0.041,-0.768,0.036,0.638,0.419,1.150,0.247
2016-12-01 01:48:44.392,264.012,0.041,-0.768,0.036,0.638,0.419,1.150,0.247
2016-12-01 01:48:44.403,264.012,0.041,-0.768,0.036,0.638,0.419,1.150,0.246
2016-12-01 01:48:44.414,264.033,0.041,-0.768,0.036,0.638,0.419,1.150,0.246
2016-12-01 01:48:44.426,264.033,0.041,-0.768,0.036,0.638,0.419,1.150,0.246
2016-12-01 01:48:44.436,264.055,0.041,-0.768,0.036,0.638,0.419,1.150,0.246
2016-12-01 01:48:44.447,264.076,0.041,-0.768,0.036,0.638,0.419,1.150,0.246
2016-12-01 01:48:44.459,264.076,0.041,-0.768,0.037,0.638,0.419,1.150,0.246
2016-12-01 01:48:44.470,264.097,0.041,-0.769,0.037,0.637,0.419,1.150,0.246
2016-12-01 01:48:44.481,264.097,0.041,-0.769,0.037,0.637,0.419,1.150,0.246
2016-12-01 01:48:44.492,264.119,0.041,-0.769,0.037,0.637,0.419,1.150,0.246
2016-12-01 01:48:44.503,264.119,0.041,-0.769,0.037,0.637,0.419,1.150,0.246
2016-12-01 01:48:44.514,264.119,0.041,-0.769,0.037,0.637,0.419,1.150,0.246
2016-12-01 01:48:44.525,264.140,0.041,-0.769,0.037,0.637,0.419,1.150,0.246
2016-12-01 01:48:44.537,264.161,0.041,-0.769,0.038,0.637,0.419,1.150,0.246
2016-12-01 01:48:44.548,264.161,0.041,-0.769,0.038,0.637,0.419,1.150,0.246
2016-12-01 01:48:44.559,264.183,0.041,-0.769,0.038,0.637,0.419,1.150,0.246
2016-12-01 01:48:44.571,264.183,0.041,-0.769,0.038,0.637,0.419,1.150,0.246
2016-12-01 01:48:44.582,264.204,0.041,-0.769,0.038,0.637,0.419,1.150,0.246
2016-12-01 01:48:44.593,264.204,0.041,-0.769,0.038,0.637,0.419,1.150,0.246
2016-12-01 01:48:44.604,264.225,0.041,-0.769,0.038,0.637,0.419,1.150,0.246
2016-12-01 01:48:44.615,264.225,0.041,-0.769,0.038,0.637,0.419,1.150,0.246
2016-12-01 01:48:44.626,264.247,0.041,-0.769,0.038,0.637,0.419,1.150,0.246
2016-12-01 01:48:44.638,264.268,0.040,-0.769,0.038,0.637,0.419,1.150,0.246
2016-12-01 01:48:44.649,264.268,0.040,-0.769,0.038,0.637,0.419,1.150,0.246
2016-12-01 01:48:44.660,264.289,0.040,-0.769,0.038,0.637,0.419,1.150,0.246
2016-12-01 01:48:44.671,264.289,0.040,-0.769,0.038,0.637,0.419,1.150,0.246
2016-12-01 01:48:44.682,264.289,0.040,-0.769,0.038,0.637,0.419,1.150,0.246
2016-12-01 01:48:44.693,264.311,0.040,-0.769,0.038,0.637,0.419,1.150,0.246
2016-12-01 01:48:44.705,264.311,0.040,-0.769,0.038,0.637,0.419,1.150,0.246
2016-12-01 01:48:44.715,264.332,0.040,-0.769,0.038,0.637,0.419,1.150,0.246
2016-12-01 01:48:44.728,264.353,0.040,-0.769,0.038,0.637,0.419,1.150,0.246
2016-12-01 01:48:44.739,264.353,0.040,-0.769,0.038,0.636,0.419,1.150,0.246
2016-12-01 01:48:44.750,264.375,0.040,-0.769,0.038,0.636,0.419,1.150,0.246
2016-12-01 01:48:44.761,264.375,0.040,-0.769,0.038,0.636,0.419,1.150,0.246
2016-12-01 01:48:44.772,264.396,0.040,-0.769,0.038,0.637,0.419,1.150,0.245
2016-12-01 01:48:44.783,264.396,0.040,-0.769,0.038,0.637,0.419,1.150,0.245
2016-12-01 01:48:44.794,264.417,0.040,-0.769,0.038,0.637,0.419,1.150,0.245
2016-12-01 01:48:44.806,264.417,0.040,-0.769,0.038,0.637,0.419,1.150,0.245
2016-12-01 01:48:44.816,264.439,0.040,-0.769,0.038,0.637,0.419,1.150,0.245
2016-12-01 01:48:44.828,264.460,0.040,-0.769,0.038,0.637,0.419,1.150,0.245
2016-12-01 01:48:44.838,264.460,0.040,-0.769,0.038,0.637,0.419,1.150,0.245
2016-12-01 01:48:44.850,264.460,0.040,-0.769,0.038,0.637,0.419,1.150,0.246
2016-12-01 01:48:44.861,264.481,0.040,-0.769,0.038,0.637,0.419,1.150,0.246
2016-12-01 01:48:44.876,264.503,0.040,-0.769,0.038,0.637,0.419,1.150,0.246
2016-12-01 01:48:44.885,264.503,0.040,-0.769,0.038,0.637,0.419,1.150,0.246
2016-12-01 01:48:44.895,264.503,0.041,-0.769,0.038,0.637,0.419,1.150,0.246
2016-12-01 01:48:44.907,264.524,0.041,-0.769,0.038,0.637,0.418,1.150,0.246
2016-12-01 01:48:44.917,264.545,0.041,-0.769,0.038,0.637,0.419,1.150,0.246
2016-12-01 01:48:44.930,264.545,0.041,-0.769,0.038,0.637,0.419,1.150,0.246
2016-12-01 01:48:44.940,264.567,0.041,-0.769,0.038,0.637,0.418,1.150,0.246
2016-12-01 01:48:44.952,264.567,0.041,-0.769,0.038,0.637,0.418,1.150,0.246
2016-12-01 01:48:44.963,264.588,0.040,-0.769,0.038,0.637,0.418,1.150,0.246
2016-12-01 01:48:44.973,264.588,0.041,-0.769,0.038,0.637,0.418,1.150,0.246
2016-12-01 01:48:44.987,264.609,0.040,-0.769,0.038,0.637,0.419,1.150,0.246
2016-12-01 01:48:44.997,264.609,0.040,-0.769,0.039,0.637,0.418,1.150,0.246
2016-12-01 01:48:45.018,264.631,0.040,-0.769,0.039,0.636,0.418,1.150,0.246
2016-12-01 01:48:45.029,264.652,0.040,-0.770,0.039,0.636,0.418,1.150,0.246
2016-12-01 01:48:45.045,264.652,0.040,-0.770,0.039,0.636,0.419,1.150,0.246
2016-12-01 01:48:45.078,264.695,0.041,-0.769,0.039,0.636,0.418,1.150,0.246
2016-12-01 01:48:45.100,264.716,0.041,-0.769,0.040,0.636,0.418,1.150,0.246
2016-12-01 01:48:45.122,264.737,0.041,-0.769,0.040,0.636,0.418,1.150,0.245
2016-12-01 01:48:45.145,264.759,0.041,-0.769,0.040,0.636,0.418,1.150,0.245
2016-12-01 01:48:45.164,264.780,0.041,-0.769,0.040,0.636,0.418,1.150,0.245
2016-12-01 01:48:45.174,264.780,0.041,-0.769,0.040,0.636,0.418,1.150,0.245
2016-12-01 01:48:45.185,264.801,0.041,-0.769,0.040,0.636,0.418,1.150,0.245
2016-12-01 01:48:45.196,264.823,0.041,-0.769,0.040,0.636,0.418,1.150,0.245
2016-12-01 01:48:45.208,264.823,0.041,-0.770,0.040,0.636,0.418,1.150,0.245
2016-12-01 01:48:45.219,264.844,0.041,-0.770,0.040,0.636,0.418,1.149,0.245
2016-12-01 01:48:45.230,264.844,0.041,-0.770,0.040,0.636,0.419,1.150,0.245
2016-12-01 01:48:45.241,264.865,0.041,-0.769,0.040,0.636,0.419,1.149,0.245
2016-12-01 01:48:45.252,264.865,0.041,-0.770,0.040,0.636,0.419,1.150,0.245
2016-12-01 01:48:45.263,264.887,0.041,-0.770,0.040,0.636,0.419,1.150,0.245
2016-12-01 01:48:45.274,264.887,0.041,-0.770,0.040,0.636,0.419,1.150,0.245
2016-12-01 01:48:45.286,264.908,0.041,-0.770,0.040,0.636,0.419,1.150,0.245
2016-12-01 01:48:45.297,264.929,0.041,-0.770,0.040,0.636,0.419,1.150,0.245
2016-12-01 01:48:45.308,264.929,0.041,-0.770,0.040,0.636,0.419,1.150,0.245
2016-12-01 01:48:45.319,264.929,0.041,-0.770,0.040,0.636,0.419,1.150,0.245
2016-12-01 01:48:45.330,264.951,0.041,-0.770,0.040,0.636,0.419,1.150,0.245
2016-12-01 01:48:45.342,264.951,0.041,-0.770,0.040,0.636,0.419,1.150,0.245
2016-12-01 01:48:45.352,264.972,0.041,-0.770,0.040,0.636,0.419,1.150,0.245
2016-12-01 01:48:45.364,264.972,0.041,-0.770,0.040,0.636,0.419,1.149,0.245
2016-12-01 01:48:45.375,264.993,0.041,-0.770,0.040,0.635,0.419,1.149,0.245
2016-12-01 01:48:45.386,265.015,0.041,-0.770,0.040,0.635,0.419,1.149,0.245
2016-12-01 01:48:45.398,265.015,0.041,-0.770,0.040,0.635,0.419,1.149,0.245
2016-12-01 01:48:45.408,265.036,0.041,-0.770,0.040,0.635,0.419,1.149,0.245
2016-12-01 01:48:45.420,265.036,0.041,-0.770,0.040,0.635,0.419,1.149,0.245
2016-12-01 01:48:45.431,265.057,0.041,-0.770,0.040,0.635,0.419,1.149,0.245
2016-12-01 01:48:45.441,265.057,0.041,-0.770,0.040,0.635,0.419,1.149,0.245
2016-12-01 01:48:45.453,265.079,0.041,-0.770,0.040,0.635,0.419,1.150,0.245
2016-12-01 01:48:45.465,265.079,0.040,-0.770,0.040,0.635,0.419,1.150,0.245
2016-12-01 01:48:45.475,265.100,0.040,-0.770,0.040,0.635,0.419,1.150,0.245
2016-12-01 01:48:45.487,265.100,0.040,-0.771,0.040,0.635,0.419,1.150,0.245
2016-12-01 01:48:45.498,265.121,0.040,-0.771,0.039,0.635,0.419,1.150,0.245
2016-12-01 01:48:45.509,265.121,0.040,-0.771,0.040,0.635,0.419,1.150,0.245
2016-12-01 01:48:45.520,265.143,0.040,-0.771,0.040,0.635,0.419,1.150,0.245
2016-12-01 01:48:45.532,265.143,0.041,-0.771,0.040,0.635,0.419,1.150,0.245
2016-12-01 01:48:45.542,265.164,0.041,-0.771,0.040,0.635,0.419,1.150,0.245
2016-12-01 01:48:45.553,265.164,0.041,-0.771,0.040,0.635,0.419,1.150,0.245
2016-12-01 01:48:45.565,265.185,0.041,-0.771,0.040,0.635,0.419,1.150,0.245
2016-12-01 01:48:45.576,265.207,0.041,-0.771,0.040,0.635,0.419,1.150,0.245
2016-12-01 01:48:45.587,265.207,0.041,-0.771,0.040,0.635,0.419,1.150,0.245
2016-12-01 01:48:45.598,265.228,0.041,-0.771,0.040,0.635,0.419,1.150,0.245
2016-12-01 01:48:45.610,265.228,0.041,-0.771,0.040,0.635,0.419,1.150,0.245
2016-12-01 01:48:45.620,265.249,0.041,-0.771,0.040,0.635,0.419,1.150,0.245
2016-12-01 01:48:45.632,265.249,0.041,-0.771,0.040,0.635,0.419,1.150,0.245
2016-12-01 01:48:45.643,265.271,0.041,-0.771,0.039,0.635,0.419,1.150,0.245
2016-12-01 01:48:45.654,265.271,0.041,-0.771,0.039,0.635,0.419,1.150,0.245
2016-12-01 01:48:45.665,265.271,0.041,-0.771,0.039,0.635,0.419,1.150,0.245
2016-12-01 01:48:45.676,265.292,0.041,-0.771,0.039,0.635,0.419,1.150,0.245
2016-12-01 01:48:45.688,265.313,0.041,-0.771,0.039,0.635,0.419,1.150,0.245
2016-12-01 01:48:45.699,265.313,0.041,-0.771,0.039,0.635,0.419,1.150,0.245
2016-12-01 01:48:45.710,265.335,0.041,-0.771,0.039,0.635,0.419,1.150,0.245
2016-12-01 01:48:45.722,265.335,0.041,-0.771,0.039,0.635,0.419,1.150,0.245
2016-12-01 01:48:45.732,265.356,0.041,-0.771,0.039,0.635,0.419,1.150,0.246
2016-12-01 01:48:45.743,265.356,0.041,-0.771,0.039,0.635,0.419,1.150,0.246
2016-12-01 01:48:45.755,265.377,0.040,-0.771,0.039,0.635,0.419,1.150,0.246
2016-12-01 01:48:45.766,265.399,0.040,-0.771,0.039,0.635,0.419,1.150,0.246
2016-12-01 01:48:45.777,265.399,0.040,-0.771,0.039,0.635,0.419,1.150,0.246
2016-12-01 01:48:45.788,265.420,0.040,-0.771,0.038,0.635,0.419,1.150,0.246
2016-12-01 01:48:45.799,265.420,0.040,-0.771,0.038,0.635,0.419,1.150,0.246
2016-12-01 01:48:45.810,265.420,0.040,-0.771,0.038,0.634,0.419,1.150,0.246
2016-12-01 01:48:45.821,265.441,0.040,-0.771,0.038,0.634,0.419,1.150,0.246
2016-12-01 01:48:45.833,265.441,0.040,-0.771,0.038,0.634,0.419,1.150,0.246
2016-12-01 01:48:45.844,265.463,0.040,-0.771,0.038,0.634,0.419,1.150,0.246
2016-12-01 01:48:45.855,265.463,0.040,-0.771,0.039,0.634,0.419,1.150,0.246
2016-12-01 01:48:45.866,265.484,0.040,-0.771,0.039,0.634,0.419,1.150,0.246
2016-12-01 01:48:45.878,265.505,0.040,-0.771,0.039,0.634,0.419,1.150,0.246
2016-12-01 01:48:45.889,265.505,0.040,-0.771,0.039,0.634,0.419,1.150,0.246
2016-12-01 01:48:45.900,265.527,0.040,-0.771,0.039,0.634,0.419,1.150,0.246
2016-12-01 01:48:45.911,265.527,0.040,-0.771,0.039,0.634,0.419,1.150,0.246
2016-12-01 01:48:45.922,265.548,0.040,-0.771,0.038,0.634,0.419,1.150,0.246
2016-12-01 01:48:45.934,265.548,0.040,-0.771,0.038,0.634,0.419,1.150,0.246
2016-12-01 01:48:45.944,265.569,0.040,-0.771,0.038,0.634,0.420,1.150,0.246
2016-12-01 01:48:45.956,265.591,0.040,-0.772,0.038,0.634,0.420,1.150,0.246
2016-12-01 01:48:45.967,265.591,0.040,-0.772,0.038,0.634,0.420,1.150,0.246
2016-12-01 01:48:45.978,265.591,0.040,-0.772,0.038,0.634,0.420,1.150,0.246
2016-12-01 01:48:45.989,265.612,0.040,-0.771,0.038,0.634,0.420,1.150,0.246
2016-12-01 01:48:46.000,265.612,0.040,-0.771,0.038,0.634,0.420,1.150,0.246
2016-12-01 01:48:46.011,265.633,0.039,-0.771,0.038,0.634,0.420,1.150,0.246
2016-12-01 01:48:46.023,265.633,0.040,-0.771,0.038,0.634,0.420,1.150,0.246
2016-12-01 01:48:46.033,265.655,0.040,-0.771,0.038,0.634,0.420,1.150,0.246
2016-12-01 01:48:46.045,265.655,0.039,-0.771,0.038,0.634,0.420,1.150,0.246
2016-12-01 01:48:46.056,265.676,0.039,-0.771,0.038,0.634,0.420,1.150,0.246
2016-12-01 01:48:46.068,265.697,0.039,-0.772,0.038,0.634,0.420,1.150,0.246
2016-12-01 01:48:46.079,265.697,0.039,-0.772,0.038,0.634,0.420,1.150,0.246
2016-12-01 01:48:46.090,265.719,0.039,-0.772,0.037,0.634,0.420,1.150,0.246
2016-12-01 01:48:46.101,265.719,0.039,-0.772,0.037,0.634,0.420,1.150,0.246
2016-12-01 01:48:46.112,265.740,0.039,-0.772,0.037,0.634,0.420,1.150,0.246
2016-12-01 01:48:46.124,265.740,0.039,-0.772,0.037,0.634,0.420,1.150,0.246
2016-12-01 01:48:46.134,265.740,0.039,-0.772,0.037,0.634,0.420,1.150,0.246
2016-12-01 01:48:46.145,265.761,0.039,-0.772,0.037,0.634,0.420,1.150,0.246
2016-12-01 01:48:46.156,265.783,0.039,-0.772,0.037,0.634,0.420,1.150,0.246
2016-12-01 01:48:46.168,265.783,0.039,-0.772,0.037,0.634,0.420,1.151,0.246
2016-12-01 01:48:46.179,265.804,0.039,-0.772,0.037,0.634,0.420,1.150,0.246
2016-12-01 01:48:46.191,265.804,0.039,-0.772,0.037,0.634,0.420,1.150,0.246
2016-12-01 01:48:46.201,265.825,0.039,-0.772,0.037,0.633,0.420,1.151,0.246
2016-12-01 01:48:46.213,265.825,0.039,-0.772,0.037,0.633,0.420,1.151,0.246
2016-12-01 01:48:46.225,265.847,0.039,-0.772,0.037,0.634,0.420,1.151,0.246
2016-12-01 01:48:46.236,265.868,0.039,-0.772,0.037,0.634,0.420,1.151,0.246
2016-12-01 01:48:46.247,265.868,0.039,-0.772,0.037,0.634,0.420,1.150,0.246
2016-12-01 01:48:46.257,265.889,0.039,-0.772,0.037,0.634,0.420,1.150,0.246
2016-12-01 01:48:46.268,265.889,0.039,-0.772,0.037,0.634,0.420,1.150,0.246
2016-12-01 01:48:46.280,265.911,0.039,-0.772,0.037,0.634,0.420,1.150,0.246
2016-12-01 01:48:46.291,265.911,0.039,-0.771,0.038,0.634,0.420,1.150,0.246
2016-12-01 01:48:46.302,265.911,0.039,-0.771,0.038,0.634,0.420,1.150,0.246
2016-12-01 01:48:46.314,265.932,0.039,-0.771,0.038,0.634,0.420,1.150,0.246
2016-12-01 01:48:46.324,265.932,0.040,-0.771,0.038,0.634,0.420,1.150,0.246
2016-12-01 01:48:46.335,265.953,0.040,-0.771,0.038,0.634,0.420,1.150,0.246
2016-12-01 01:48:46.347,265.975,0.040,-0.771,0.038,0.634,0.420,1.150,0.246
2016-12-01 01:48:46.358,265.975,0.040,-0.771,0.038,0.634,0.420,1.150,0.246
2016-12-01 01:48:46.369,265.996,0.040,-0.772,0.038,0.634,0.420,1.150,0.246
2016-12-01 01:48:46.380,265.996,0.040,-0.772,0.038,0.634,0.420,1.150,0.246
2016-12-01 01:48:46.391,266.017,0.040,-0.771,0.038,0.634,0.420,1.150,0.246
2016-12-01 01:48:46.403,266.017,0.040,-0.771,0.038,0.634,0.420,1.150,0.246
2016-12-01 01:48:46.414,266.039,0.040,-0.771,0.038,0.634,0.420,1.150,0.246
2016-12-01 01:48:46.425,266.039,0.040,-0.771,0.039,0.634,0.420,1.150,0.246
2016-12-01 01:48:46.436,266.060,0.040,-0.771,0.039,0.634,0.420,1.150,0.246
2016-12-01 01:48:46.447,266.081,0.040,-0.771,0.039,0.634,0.420,1.150,0.246
2016-12-01 01:48:46.459,266.081,0.040,-0.771,0.039,0.634,0.420,1.150,0.246
2016-12-01 01:48:46.470,266.081,0.040,-0.771,0.039,0.634,0.419,1.150,0.246
2016-12-01 01:48:46.481,266.103,0.040,-0.771,0.039,0.634,0.419,1.150,0.246
2016-12-01 01:48:46.492,266.103,0.040,-0.771,0.039,0.634,0.419,1.150,0.246
2016-12-01 01:48:46.503,266.124,0.040,-0.771,0.039,0.634,0.419,1.150,0.246
2016-12-01 01:48:46.514,266.124,0.041,-0.771,0.039,0.634,0.419,1.150,0.246
2016-12-01 01:48:46.525,266.145,0.041,-0.771,0.039,0.635,0.419,1.150,0.246
2016-12-01 01:48:46.537,266.167,0.041,-0.771,0.039,0.635,0.419,1.150,0.246
2016-12-01 01:48:46.548,266.167,0.041,-0.771,0.039,0.635,0.419,1.150,0.246
2016-12-01 01:48:46.559,266.188,0.041,-0.771,0.039,0.635,0.419,1.150,0.246
2016-12-01 01:48:46.570,266.188,0.041,-0.771,0.039,0.635,0.419,1.150,0.246
2016-12-01 01:48:46.581,266.209,0.041,-0.770,0.039,0.635,0.419,1.150,0.246
2016-12-01 01:48:46.593,266.209,0.041,-0.771,0.039,0.635,0.419,1.150,0.246
2016-12-01 01:48:46.604,266.231,0.041,-0.771,0.039,0.635,0.419,1.150,0.246
2016-12-01 01:48:46.615,266.231,0.041,-0.771,0.039,0.635,0.418,1.150,0.246
2016-12-01 01:48:46.626,266.231,0.042,-0.771,0.039,0.635,0.418,1.150,0.246
2016-12-01 01:48:46.637,266.252,0.042,-0.771,0.039,0.635,0.418,1.150,0.246
2016-12-01 01:48:46.649,266.273,0.042,-0.771,0.039,0.635,0.418,1.150,0.246
2016-12-01 01:48:46.660,266.273,0.042,-0.770,0.040,0.635,0.418,1.150,0.246
2016-12-01 01:48:46.670,266.295,0.042,-0.770,0.040,0.635,0.418,1.150,0.246
2016-12-01 01:48:46.682,266.295,0.042,-0.770,0.040,0.635,0.418,1.150,0.246
2016-12-01 01:48:46.693,266.316,0.043,-0.770,0.040,0.635,0.418,1.149,0.246
2016-12-01 01:48:46.704,266.316,0.043,-0.770,0.040,0.635,0.418,1.149,0.246
2016-12-01 01:48:46.715,266.337,0.043,-0.770,0.041,0.635,0.418,1.149,0.246
2016-12-01 01:48:46.727,266.359,0.043,-0.770,0.041,0.635,0.418,1.149,0.246
2016-12-01 01:48:46.737,266.359,0.043,-0.770,0.041,0.635,0.418,1.149,0.246
2016-12-01 01:48:46.748,266.380,0.043,-0.770,0.040,0.635,0.418,1.149,0.246
2016-12-01 01:48:46.760,266.380,0.043,-0.770,0.040,0.635,0.418,1.150,0.246
2016-12-01 01:48:46.771,266.401,0.043,-0.770,0.040,0.635,0.418,1.150,0.246
2016-12-01 01:48:46.782,266.401,0.043,-0.770,0.040,0.635,0.418,1.150,0.246
2016-12-01 01:48:46.793,266.401,0.042,-0.770,0.039,0.635,0.418,1.150,0.246
2016-12-01 01:48:46.805,266.423,0.042,-0.770,0.039,0.635,0.418,1.150,0.246
2016-12-01 01:48:46.816,266.423,0.041,-0.770,0.039,0.635,0.418,1.150,0.246
2016-12-01 01:48:46.827,266.444,0.041,-0.770,0.038,0.635,0.418,1.150,0.246
2016-12-01 01:48:46.838,266.465,0.040,-0.771,0.038,0.635,0.418,1.150,0.246
2016-12-01 01:48:46.849,266.465,0.040,-0.771,0.037,0.635,0.419,1.150,0.246
2016-12-01 01:48:46.861,266.487,0.039,-0.771,0.036,0.634,0.419,1.151,0.246
2016-12-01 01:48:46.872,266.487,0.039,-0.771,0.036,0.634,0.419,1.151,0.246
2016-12-01 01:48:46.883,266.508,0.038,-0.772,0.035,0.634,0.419,1.151,0.247
2016-12-01 01:48:46.894,266.508,0.038,-0.772,0.035,0.634,0.419,1.151,0.247
2016-12-01 01:48:46.905,266.529,0.037,-0.772,0.034,0.633,0.419,1.151,0.247
2016-12-01 01:48:46.916,266.529,0.037,-0.773,0.034,0.633,0.419,1.151,0.247
2016-12-01 01:48:46.927,266.551,0.036,-0.773,0.034,0.633,0.419,1.151,0.247
2016-12-01 01:48:46.939,266.551,0.036,-0.773,0.033,0.632,0.420,1.151,0.247
2016-12-01 01:48:46.949,266.572,0.036,-0.774,0.033,0.632,0.420,1.151,0.247
2016-12-01 01:48:46.961,266.572,0.035,-0.774,0.032,0.631,0.420,1.152,0.247
2016-12-01 01:48:46.972,266.593,0.035,-0.774,0.032,0.631,0.420,1.152,0.247
2016-12-01 01:48:46.983,266.593,0.034,-0.775,0.032,0.630,0.420,1.152,0.247
2016-12-01 01:48:46.995,266.615,0.034,-0.775,0.031,0.630,0.420,1.152,0.247
2016-12-01 01:48:47.006,266.636,0.034,-0.776,0.031,0.629,0.420,1.152,0.247
2016-12-01 01:48:47.017,266.636,0.033,-0.776,0.031,0.629,0.421,1.152,0.247
2016-12-01 01:48:47.028,266.657,0.033,-0.777,0.031,0.628,0.421,1.152,0.247
2016-12-01 01:48:47.039,266.657,0.033,-0.777,0.031,0.628,0.421,1.152,0.247
2016-12-01 01:48:47.050,266.679,0.033,-0.778,0.031,0.627,0.421,1.152,0.247
2016-12-01 01:48:47.062,266.679,0.033,-0.778,0.031,0.626,0.421,1.152,0.247
2016-12-01 01:48:47.073,266.700,0.032,-0.779,0.031,0.625,0.421,1.152,0.247
2016-12-01 01:48:47.084,266.700,0.032,-0.780,0.031,0.625,0.421,1.152,0.247
2016-12-01 01:48:47.095,266.721,0.032,-0.780,0.031,0.624,0.422,1.152,0.247
2016-12-01 01:48:47.106,266.721,0.032,-0.781,0.031,0.623,0.422,1.152,0.247
2016-12-01 01:48:47.117,266.743,0.033,-0.782,0.031,0.622,0.422,1.152,0.247
2016-12-01 01:48:47.129,266.743,0.033,-0.782,0.031,0.621,0.422,1.152,0.247
2016-12-01 01:48:47.139,266.764,0.033,-0.783,0.031,0.620,0.422,1.152,0.247
2016-12-01 01:48:47.150,266.764,0.033,-0.784,0.032,0.619,0.422,1.152,0.247
2016-12-01 01:48:47.162,266.785,0.032,-0.785,0.032,0.618,0.422,1.152,0.247
2016-12-01 01:48:47.174,266.785,0.033,-0.786,0.032,0.617,0.422,1.152,0.247
2016-12-01 01:48:47.185,266.807,0.033,-0.787,0.032,0.616,0.422,1.152,0.247
2016-12-01 01:48:47.196,266.807,0.033,-0.788,0.032,0.615,0.422,1.152,0.247
2016-12-01 01:48:47.207,266.828,0.033,-0.788,0.032,0.613,0.422,1.152,0.247
2016-12-01 01:48:47.218,266.849,0.033,-0.789,0.032,0.612,0.422,1.152,0.247
2016-12-01 01:48:47.230,266.849,0.033,-0.790,0.032,0.611,0.423,1.152,0.247
2016-12-01 01:48:47.240,266.871,0.033,-0.791,0.032,0.610,0.423,1.152,0.247
2016-12-01 01:48:47.252,266.871,0.033,-0.792,0.032,0.609,0.423,1.152,0.247
2016-12-01 01:48:47.262,266.892,0.033,-0.793,0.032,0.608,0.422,1.152,0.247
2016-12-01 01:48:47.273,266.892,0.033,-0.794,0.032,0.607,0.423,1.152,0.247
2016-12-01 01:48:47.285,266.892,0.032,-0.795,0.031,0.606,0.423,1.152,0.247
2016-12-01 01:48:47.296,266.913,0.032,-0.795,0.031,0.604,0.423,1.152,0.247
2016-12-01 01:48:47.307,266.935,0.032,-0.796,0.031,0.603,0.423,1.152,0.247
2016-12-01 01:48:47.319,266.935,0.031,-0.797,0.031,0.602,0.423,1.152,0.247
2016-12-01 01:48:47.329,266.956,0.031,-0.798,0.030,0.601,0.423,1.152,0.247
2016-12-01 01:48:47.340,266.956,0.031,-0.799,0.030,0.600,0.423,1.153,0.247
2016-12-01 01:48:47.352,266.977,0.030,-0.800,0.030,0.599,0.423,1.153,0.247
2016-12-01 01:48:47.364,266.977,0.030,-0.801,0.029,0.598,0.423,1.153,0.247
2016-12-01 01:48:47.374,266.999,0.030,-0.801,0.029,0.597,0.423,1.153,0.247
2016-12-01 01:48:47.386,266.999,0.029,-0.802,0.029,0.596,0.423,1.153,0.247
2016-12-01 01:48:47.397,267.020,0.029,-0.803,0.029,0.595,0.423,1.153,0.247
2016-12-01 01:48:47.408,267.041,0.029,-0.804,0.029,0.594,0.423,1.153,0.247
2016-12-01 01:48:47.420,267.041,0.029,-0.804,0.029,0.593,0.423,1.153,0.247
2016-12-01 01:48:47.430,267.041,0.028,-0.805,0.028,0.592,0.423,1.153,0.247
2016-12-01 01:48:47.441,267.063,0.028,-0.806,0.029,0.591,0.423,1.153,0.247
2016-12-01 01:48:47.453,267.063,0.028,-0.807,0.028,0.590,0.423,1.153,0.247
2016-12-01 01:48:47.464,267.084,0.028,-0.807,0.028,0.589,0.423,1.153,0.247
2016-12-01 01:48:47.475,267.084,0.028,-0.808,0.028,0.588,0.423,1.153,0.247
2016-12-01 01:48:47.486,267.105,0.028,-0.809,0.028,0.587,0.423,1.153,0.247
2016-12-01 01:48:47.498,267.127,0.028,-0.809,0.028,0.586,0.423,1.153,0.247
2016-12-01 01:48:47.508,267.127,0.029,-0.810,0.027,0.585,0.423,1.153,0.247
2016-12-01 01:48:47.519,267.148,0.029,-0.810,0.027,0.585,0.423,1.154,0.247
2016-12-01 01:48:47.531,267.148,0.029,-0.811,0.027,0.584,0.423,1.154,0.248
2016-12-01 01:48:47.542,267.169,0.029,-0.811,0.027,0.583,0.423,1.154,0.248
2016-12-01 01:48:47.554,267.169,0.030,-0.812,0.027,0.583,0.423,1.154,0.248
2016-12-01 01:48:47.564,267.191,0.030,-0.812,0.027,0.582,0.423,1.154,0.248
2016-12-01 01:48:47.575,267.191,0.030,-0.812,0.027,0.582,0.423,1.154,0.248
2016-12-01 01:48:47.586,267.212,0.030,-0.813,0.027,0.581,0.423,1.154,0.248
2016-12-01 01:48:47.598,267.212,0.030,-0.813,0.027,0.581,0.423,1.154,0.248
2016-12-01 01:48:47.609,267.233,0.031,-0.813,0.027,0.580,0.423,1.154,0.248
2016-12-01 01:48:47.620,267.233,0.031,-0.814,0.027,0.580,0.423,1.153,0.248
2016-12-01 01:48:47.631,267.255,0.031,-0.814,0.027,0.580,0.423,1.153,0.248
2016-12-01 01:48:47.643,267.255,0.031,-0.814,0.027,0.579,0.423,1.153,0.248
2016-12-01 01:48:47.653,267.276,0.031,-0.814,0.027,0.579,0.423,1.153,0.248
2016-12-01 01:48:47.665,267.276,0.032,-0.814,0.027,0.579,0.423,1.153,0.248
2016-12-01 01:48:47.676,267.297,0.032,-0.814,0.027,0.579,0.423,1.153,0.248
2016-12-01 01:48:47.687,267.319,0.032,-0.814,0.027,0.579,0.423,1.153,0.248
2016-12-01 01:48:47.699,267.319,0.032,-0.814,0.027,0.579,0.423,1.153,0.248
2016-12-01 01:48:47.709,267.340,0.033,-0.814,0.027,0.579,0.423,1.153,0.248
2016-12-01 01:48:47.721,267.340,0.033,-0.814,0.027,0.579,0.423,1.153,0.248
2016-12-01 01:48:47.732,267.361,0.034,-0.814,0.027,0.579,0.423,1.153,0.248
2016-12-01 01:48:47.743,267.361,0.034,-0.814,0.027,0.579,0.423,1.153,0.248
2016-12-01 01:48:47.754,267.383,0.034,-0.814,0.028,0.579,0.423,1.153,0.248
2016-12-01 01:48:47.766,267.383,0.034,-0.814,0.027,0.580,0.424,1.153,0.249
2016-12-01 01:48:47.776,267.404,0.035,-0.814,0.027,0.580,0.424,1.153,0.249
2016-12-01 01:48:47.788,267.404,0.035,-0.813,0.027,0.580,0.424,1.153,0.249
2016-12-01 01:48:47.799,267.425,0.035,-0.813,0.027,0.580,0.424,1.153,0.249
2016-12-01 01:48:47.810,267.425,0.035,-0.813,0.027,0.580,0.424,1.153,0.249
2016-12-01 01:48:47.821,267.447,0.035,-0.813,0.027,0.581,0.424,1.153,0.249
2016-12-01 01:48:47.832,267.447,0.035,-0.813,0.027,0.581,0.424,1.153,0.249
2016-12-01 01:48:47.843,267.468,0.034,-0.813,0.026,0.581,0.424,1.153,0.249
2016-12-01 01:48:47.855,267.468,0.034,-0.812,0.026,0.582,0.424,1.153,0.248
2016-12-01 01:48:47.865,267.489,0.034,-0.812,0.026,0.582,0.424,1.153,0.248
2016-12-01 01:48:47.877,267.511,0.034,-0.812,0.026,0.582,0.424,1.153,0.248
2016-12-01 01:48:47.888,267.511,0.033,-0.812,0.026,0.582,0.424,1.153,0.248
2016-12-01 01:48:47.899,267.532,0.033,-0.812,0.025,0.583,0.424,1.154,0.248
2016-12-01 01:48:47.910,267.532,0.033,-0.811,0.025,0.583,0.424,1.154,0.249
2016-12-01 01:48:47.922,267.532,0.032,-0.811,0.025,0.583,0.424,1.154,0.249
2016-12-01 01:48:47.933,267.553,0.032,-0.811,0.025,0.584,0.424,1.154,0.249
2016-12-01 01:48:47.944,267.553,0.032,-0.811,0.025,0.584,0.425,1.154,0.249
2016-12-01 01:48:47.955,267.575,0.032,-0.810,0.025,0.584,0.425,1.154,0.249
2016-12-01 01:48:47.967,267.596,0.032,-0.810,0.025,0.585,0.425,1.154,0.249
2016-12-01 01:48:47.977,267.596,0.032,-0.810,0.025,0.585,0.425,1.154,0.249
2016-12-01 01:48:47.988,267.617,0.032,-0.809,0.025,0.586,0.425,1.154,0.249
2016-12-01 01:48:48.000,267.617,0.033,-0.809,0.025,0.587,0.425,1.154,0.249
2016-12-01 01:48:48.011,267.639,0.033,-0.808,0.026,0.587,0.425,1.154,0.249
2016-12-01 01:48:48.022,267.639,0.033,-0.808,0.026,0.588,0.425,1.154,0.249
2016-12-01 01:48:48.033,267.660,0.033,-0.808,0.026,0.588,0.425,1.154,0.249
2016-12-01 01:48:48.044,267.660,0.033,-0.807,0.026,0.589,0.425,1.154,0.249
2016-12-01 01:48:48.055,267.681,0.034,-0.807,0.025,0.589,0.425,1.154,0.249
2016-12-01 01:48:48.067,267.703,0.034,-0.806,0.025,0.590,0.425,1.154,0.249
2016-12-01 01:48:48.078,267.703,0.034,-0.806,0.025,0.591,0.425,1.154,0.249
2016-12-01 01:48:48.089,267.703,0.034,-0.805,0.025,0.592,0.425,1.153,0.249
2016-12-01 01:48:48.100,267.724,0.034,-0.804,0.025,0.592,0.425,1.154,0.249
2016-12-01 01:48:48.111,267.724,0.034,-0.804,0.025,0.593,0.425,1.154,0.249
2016-12-01 01:48:48.123,267.745,0.034,-0.803,0.025,0.594,0.425,1.154,0.249
2016-12-01 01:48:48.134,267.745,0.035,-0.802,0.025,0.595,0.425,1.154,0.249
2016-12-01 01:48:48.145,267.767,0.035,-0.802,0.025,0.596,0.425,1.153,0.249
2016-12-01 01:48:48.156,267.788,0.035,-0.801,0.025,0.597,0.425,1.153,0.249
2016-12-01 01:48:48.168,267.788,0.035,-0.801,0.025,0.598,0.425,1.153,0.250
2016-12-01 01:48:48.178,267.809,0.035,-0.800,0.025,0.599,0.425,1.153,0.250
2016-12-01 01:48:48.190,267.809,0.035,-0.799,0.025,0.600,0.425,1.153,0.250
2016-12-01 01:48:48.201,267.831,0.035,-0.798,0.025,0.601,0.425,1.153,0.250
2016-12-01 01:48:48.212,267.831,0.035,-0.798,0.025,0.602,0.425,1.153,0.250
2016-12-01 01:48:48.223,267.852,0.035,-0.797,0.025,0.603,0.425,1.153,0.250
2016-12-01 01:48:48.235,267.852,0.035,-0.796,0.025,0.604,0.425,1.153,0.250
2016-12-01 01:48:48.245,267.852,0.035,-0.795,0.025,0.605,0.425,1.153,0.250
2016-12-01 01:48:48.256,267.873,0.035,-0.795,0.025,0.606,0.425,1.153,0.250
2016-12-01 01:48:48.268,267.895,0.035,-0.794,0.025,0.607,0.425,1.153,0.250
2016-12-01 01:48:48.279,267.895,0.035,-0.793,0.025,0.608,0.425,1.153,0.250
2016-12-01 01:48:48.290,267.916,0.035,-0.792,0.025,0.609,0.425,1.153,0.250
2016-12-01 01:48:48.302,267.916,0.035,-0.792,0.025,0.609,0.425,1.153,0.250
2016-12-01 01:48:48.313,267.937,0.035,-0.791,0.025,0.610,0.425,1.153,0.250
2016-12-01 01:48:48.325,267.937,0.035,-0.790,0.025,0.611,0.425,1.153,0.250
2016-12-01 01:48:48.335,267.959,0.035,-0.790,0.024,0.612,0.425,1.153,0.250
2016-12-01 01:48:48.346,267.959,0.035,-0.789,0.024,0.613,0.425,1.154,0.250
2016-12-01 01:48:48.358,267.980,0.035,-0.788,0.024,0.614,0.425,1.154,0.250
2016-12-01 01:48:48.369,268.001,0.034,-0.788,0.024,0.615,0.425,1.153,0.250
2016-12-01 01:48:48.380,268.001,0.034,-0.787,0.024,0.616,0.425,1.154,0.250
2016-12-01 01:48:48.391,268.023,0.034,-0.786,0.024,0.617,0.425,1.154,0.250
2016-12-01 01:48:48.402,268.023,0.034,-0.785,0.024,0.618,0.425,1.154,0.250
2016-12-01 01:48:48.413,268.023,0.034,-0.784,0.024,0.619,0.425,1.154,0.250
2016-12-01 01:48:48.424,268.044,0.034,-0.784,0.024,0.620,0.425,1.154,0.250
2016-12-01 01:48:48.435,268.044,0.034,-0.783,0.024,0.621,0.425,1.154,0.249
2016-12-01 01:48:48.446,268.065,0.034,-0.782,0.024,0.622,0.425,1.154,0.249
2016-12-01 01:48:48.457,268.087,0.034,-0.781,0.024,0.623,0.425,1.154,0.249
2016-12-01 01:48:48.469,268.087,0.034,-0.780,0.024,0.624,0.425,1.154,0.249
2016-12-01 01:48:48.480,268.108,0.034,-0.779,0.025,0.625,0.425,1.154,0.249
2016-12-01 01:48:48.492,268.108,0.034,-0.778,0.025,0.626,0.425,1.154,0.249
2016-12-01 01:48:48.503,268.129,0.034,-0.777,0.025,0.628,0.425,1.153,0.249
2016-12-01 01:48:48.514,268.129,0.034,-0.776,0.025,0.629,0.425,1.153,0.249
2016-12-01 01:48:48.525,268.151,0.034,-0.775,0.025,0.630,0.425,1.153,0.249
2016-12-01 01:48:48.536,268.172,0.035,-0.774,0.025,0.631,0.425,1.153,0.249
2016-12-01 01:48:48.548,268.172,0.035,-0.773,0.026,0.632,0.424,1.153,0.249
2016-12-01 01:48:48.558,268.193,0.035,-0.772,0.026,0.634,0.424,1.153,0.249
2016-12-01 01:48:48.569,268.193,0.035,-0.772,0.026,0.635,0.424,1.153,0.249
2016-12-01 01:48:48.581,268.193,0.035,-0.771,0.027,0.636,0.424,1.153,0.249
2016-12-01 01:48:48.592,268.215,0.036,-0.770,0.027,0.637,0.424,1.152,0.249
2016-12-01 01:48:48.603,268.215,0.036,-0.769,0.027,0.638,0.424,1.152,0.249
2016-12-01 01:48:48.614,268.236,0.036,-0.768,0.027,0.639,0.424,1.152,0.249
2016-12-01 01:48:48.625,268.236,0.036,-0.767,0.027,0.640,0.424,1.152,0.249
2016-12-01 01:48:48.636,268.257,0.036,-0.766,0.027,0.641,0.424,1.152,0.249
2016-12-01 01:48:48.648,268.279,0.036,-0.765,0.027,0.642,0.424,1.152,0.249
2016-12-01 01:48:48.659,268.279,0.036,-0.764,0.027,0.643,0.424,1.152,0.249
2016-12-01 01:48:48.670,268.300,0.036,-0.764,0.028,0.644,0.424,1.153,0.248
2016-12-01 01:48:48.681,268.300,0.036,-0.763,0.028,0.645,0.424,1.153,0.248
2016-12-01 01:48:48.692,268.321,0.035,-0.762,0.027,0.646,0.424,1.153,0.248
2016-12-01 01:48:48.704,268.321,0.035,-0.761,0.027,0.647,0.424,1.153,0.248
2016-12-01 01:48:48.715,268.343,0.035,-0.760,0.027,0.648,0.424,1.153,0.248
2016-12-01 01:48:48.726,268.343,0.035,-0.760,0.027,0.649,0.424,1.153,0.248
2016-12-01 01:48:48.737,268.364,0.034,-0.759,0.027,0.650,0.424,1.153,0.248
2016-12-01 01:48:48.748,268.364,0.034,-0.758,0.026,0.651,0.424,1.153,0.248
2016-12-01 01:48:48.759,268.385,0.033,-0.758,0.026,0.651,0.424,1.153,0.248
2016-12-01 01:48:48.771,268.385,0.033,-0.757,0.026,0.652,0.424,1.153,0.248
2016-12-01 01:48:48.781,268.407,0.032,-0.756,0.026,0.653,0.424,1.153,0.248
2016-12-01 01:48:48.793,268.407,0.032,-0.755,0.026,0.654,0.424,1.153,0.248
2016-12-01 01:48:48.804,268.428,0.032,-0.755,0.026,0.655,0.424,1.153,0.248
2016-12-01 01:48:48.815,268.428,0.031,-0.754,0.026,0.656,0.424,1.153,0.248
2016-12-01 01:48:48.826,268.449,0.031,-0.753,0.026,0.656,0.424,1.153,0.248
2016-12-01 01:48:48.838,268.471,0.031,-0.753,0.026,0.657,0.424,1.153,0.248
2016-12-01 01:48:48.849,268.471,0.030,-0.752,0.026,0.658,0.425,1.153,0.248
2016-12-01 01:48:48.860,268.492,0.030,-0.752,0.026,0.658,0.425,1.154,0.248
2016-12-01 01:48:48.871,268.492,0.030,-0.751,0.026,0.659,0.425,1.153,0.247
2016-12-01 01:48:48.882,268.513,0.030,-0.751,0.026,0.659,0.425,1.153,0.247
2016-12-01 01:48:48.894,268.513,0.030,-0.750,0.026,0.660,0.425,1.153,0.247
2016-12-01 01:48:48.905,268.513,0.030,-0.750,0.026,0.660,0.425,1.153,0.247
2016-12-01 01:48:48.916,268.535,0.030,-0.750,0.026,0.661,0.425,1.154,0.247
2016-12-01 01:48:48.927,268.556,0.030,-0.749,0.026,0.661,0.425,1.154,0.247
2016-12-01 01:48:48.939,268.556,0.029,-0.749,0.027,0.661,0.425,1.154,0.247
2016-12-01 01:48:48.949,268.577,0.029,-0.749,0.027,0.661,0.425,1.154,0.247
2016-12-01 01:48:48.961,268.577,0.029,-0.749,0.027,0.662,0.425,1.154,0.247
2016-12-01 01:48:48.971,268.599,0.029,-0.749,0.027,0.662,0.425,1.154,0.246
2016-12-01 01:48:48.983,268.599,0.029,-0.749,0.027,0.662,0.425,1.154,0.246
2016-12-01 01:48:48.994,268.620,0.029,-0.749,0.027,0.662,0.425,1.154,0.246
2016-12-01 01:48:49.005,268.620,0.029,-0.749,0.028,0.662,0.425,1.154,0.246
2016-12-01 01:48:49.016,268.641,0.029,-0.749,0.028,0.662,0.426,1.154,0.246
2016-12-01 01:48:49.027,268.663,0.028,-0.749,0.028,0.662,0.426,1.154,0.246
2016-12-01 01:48:49.038,268.663,0.028,-0.749,0.028,0.661,0.426,1.154,0.245
2016-12-01 01:48:49.050,268.663,0.028,-0.749,0.028,0.661,0.426,1.154,0.245
2016-12-01 01:48:49.061,268.684,0.028,-0.750,0.028,0.661,0.426,1.154,0.245
2016-12-01 01:48:49.073,268.684,0.028,-0.750,0.028,0.660,0.426,1.154,0.245
2016-12-01 01:48:49.083,268.705,0.027,-0.750,0.029,0.660,0.426,1.154,0.245
2016-12-01 01:48:49.095,268.705,0.027,-0.751,0.029,0.659,0.426,1.154,0.245
2016-12-01 01:48:49.106,268.727,0.027,-0.751,0.029,0.659,0.427,1.154,0.244
2016-12-01 01:48:49.117,268.748,0.026,-0.752,0.029,0.658,0.427,1.154,0.244
2016-12-01 01:48:49.128,268.748,0.025,-0.753,0.029,0.657,0.427,1.154,0.244
2016-12-01 01:48:49.139,268.769,0.025,-0.754,0.029,0.656,0.427,1.154,0.243
2016-12-01 01:48:49.150,268.769,0.024,-0.754,0.029,0.655,0.427,1.154,0.243
2016-12-01 01:48:49.161,268.791,0.023,-0.755,0.030,0.654,0.427,1.154,0.243
2016-12-01 01:48:49.173,268.791,0.022,-0.757,0.030,0.653,0.427,1.154,0.242
2016-12-01 01:48:49.184,268.812,0.021,-0.758,0.030,0.651,0.427,1.154,0.242
2016-12-01 01:48:49.195,268.812,0.020,-0.759,0.030,0.650,0.428,1.155,0.241
2016-12-01 01:48:49.206,268.833,0.019,-0.761,0.031,0.648,0.428,1.155,0.241
2016-12-01 01:48:49.218,268.833,0.018,-0.762,0.031,0.646,0.428,1.155,0.241
2016-12-01 01:48:49.228,268.855,0.017,-0.764,0.031,0.644,0.428,1.155,0.240
2016-12-01 01:48:49.240,268.855,0.016,-0.766,0.031,0.642,0.428,1.155,0.240
2016-12-01 01:48:49.251,268.876,0.014,-0.768,0.031,0.639,0.429,1.155,0.239
2016-12-01 01:48:49.263,268.876,0.013,-0.770,0.031,0.637,0.429,1.155,0.239
2016-12-01 01:48:49.273,268.897,0.012,-0.773,0.031,0.634,0.429,1.155,0.238
2016-12-01 01:48:49.284,268.897,0.011,-0.776,0.031,0.630,0.429,1.155,0.238
2016-12-01 01:48:49.296,268.919,0.010,-0.779,0.031,0.627,0.429,1.155,0.237
2016-12-01 01:48:49.307,268.940,0.009,-0.781,0.031,0.623,0.430,1.155,0.236
2016-12-01 01:48:49.318,268.940,0.009,-0.784,0.032,0.620,0.430,1.155,0.236
2016-12-01 01:48:49.329,268.961,0.008,-0.787,0.032,0.616,0.430,1.155,0.235
2016-12-01 01:48:49.340,268.961,0.008,-0.790,0.032,0.613,0.430,1.155,0.234
2016-12-01 01:48:49.351,268.983,0.007,-0.792,0.032,0.610,0.430,1.155,0.234
2016-12-01 01:48:49.363,268.983,0.007,-0.794,0.032,0.606,0.430,1.155,0.233
2016-12-01 01:48:49.373,269.004,0.007,-0.797,0.033,0.603,0.430,1.155,0.233
2016-12-01 01:48:49.385,269.004,0.006,-0.799,0.033,0.600,0.431,1.155,0.232
2016-12-01 01:48:49.396,269.025,0.006,-0.801,0.034,0.597,0.431,1.155,0.232
2016-12-01 01:48:49.407,269.025,0.006,-0.803,0.034,0.595,0.431,1.155,0.231
2016-12-01 01:48:49.418,269.047,0.005,-0.805,0.035,0.592,0.431,1.155,0.231
2016-12-01 01:48:49.430,269.047,0.005,-0.807,0.035,0.590,0.432,1.155,0.231
2016-12-01 01:48:49.441,269.068,0.004,-0.808,0.036,0.588,0.432,1.155,0.230
2016-12-01 01:48:49.452,269.068,0.004,-0.810,0.036,0.585,0.432,1.155,0.230
2016-12-01 01:48:49.463,269.089,0.003,-0.811,0.036,0.584,0.432,1.155,0.230
2016-12-01 01:48:49.475,269.089,0.003,-0.813,0.036,0.582,0.433,1.155,0.229
2016-12-01 01:48:49.485,269.111,0.002,-0.814,0.036,0.580,0.433,1.155,0.229
2016-12-01 01:48:49.497,269.132,0.001,-0.815,0.036,0.579,0.434,1.155,0.229
2016-12-01 01:48:49.508,269.132,0.000,-0.816,0.036,0.577,0.434,1.155,0.229
2016-12-01 01:48:49.519,269.153,-0.001,-0.817,0.036,0.576,0.434,1.155,0.229
2016-12-01 01:48:49.531,269.153,-0.002,-0.818,0.036,0.574,0.434,1.155,0.229
2016-12-01 01:48:49.541,269.153,-0.003,-0.819,0.036,0.573,0.435,1.155,0.229
2016-12-01 01:48:49.552,269.175,-0.004,-0.820,0.036,0.572,0.435,1.156,0.229
2016-12-01 01:48:49.564,269.175,-0.005,-0.820,0.036,0.571,0.435,1.156,0.229
2016-12-01 01:48:49.574,269.196,-0.006,-0.821,0.036,0.569,0.436,1.156,0.228
2016-12-01 01:48:49.586,269.217,-0.007,-0.822,0.036,0.568,0.436,1.156,0.228
2016-12-01 01:48:49.598,269.217,-0.007,-0.823,0.035,0.566,0.436,1.156,0.228
2016-12-01 01:48:49.609,269.239,-0.008,-0.824,0.035,0.565,0.437,1.156,0.228
2016-12-01 01:48:49.621,269.239,-0.008,-0.825,0.035,0.563,0.437,1.156,0.228
2016-12-01 01:48:49.631,269.260,-0.009,-0.827,0.035,0.562,0.438,1.156,0.229
2016-12-01 01:48:49.642,269.260,-0.009,-0.828,0.035,0.560,0.438,1.156,0.229
2016-12-01 01:48:49.653,269.281,-0.009,-0.829,0.034,0.558,0.438,1.156,0.229
2016-12-01 01:48:49.665,269.281,-0.009,-0.830,0.034,0.557,0.438,1.156,0.229
2016-12-01 01:48:49.675,269.303,-0.009,-0.831,0.034,0.555,0.439,1.156,0.229
2016-12-01 01:48:49.687,269.324,-0.009,-0.832,0.034,0.553,0.439,1.156,0.229
2016-12-01 01:48:49.698,269.324,-0.009,-0.833,0.034,0.552,0.439,1.156,0.229
2016-12-01 01:48:49.709,269.324,-0.008,-0.834,0.034,0.550,0.439,1.155,0.229
2016-12-01 01:48:49.721,269.345,-0.008,-0.835,0.034,0.548,0.439,1.155,0.229
2016-12-01 01:48:49.732,269.345,-0.007,-0.837,0.034,0.547,0.439,1.155,0.229
2016-12-01 01:48:49.742,269.367,-0.007,-0.837,0.034,0.545,0.440,1.155,0.230
2016-12-01 01:48:49.754,269.367,-0.007,-0.838,0.034,0.544,0.440,1.156,0.230
2016-12-01 01:48:49.765,269.388,-0.006,-0.839,0.033,0.543,0.440,1.156,0.230
2016-12-01 01:48:49.776,269.409,-0.006,-0.840,0.033,0.541,0.440,1.156,0.230
2016-12-01 01:48:49.787,269.409,-0.005,-0.841,0.033,0.540,0.440,1.156,0.230
2016-12-01 01:48:49.799,269.431,-0.005,-0.842,0.032,0.539,0.440,1.156,0.231
2016-12-01 01:48:49.809,269.431,-0.005,-0.842,0.032,0.538,0.440,1.156,0.231
2016-12-01 01:48:49.821,269.452,-0.004,-0.843,0.032,0.537,0.440,1.156,0.231
2016-12-01 01:48:49.832,269.452,-0.004,-0.844,0.031,0.536,0.441,1.156,0.232
2016-12-01 01:48:49.844,269.473,-0.004,-0.844,0.031,0.535,0.441,1.156,0.232
2016-12-01 01:48:49.855,269.473,-0.003,-0.845,0.030,0.534,0.441,1.156,0.232
2016-12-01 01:48:49.865,269.473,-0.003,-0.845,0.030,0.533,0.441,1.156,0.233
2016-12-01 01:48:49.876,269.495,-0.003,-0.846,0.030,0.532,0.441,1.156,0.233
2016-12-01 01:48:49.889,269.516,-0.003,-0.847,0.029,0.532,0.441,1.156,0.233
2016-12-01 01:48:49.899,269.516,-0.003,-0.847,0.029,0.531,0.441,1.156,0.233
2016-12-01 01:48:49.913,269.537,-0.003,-0.847,0.028,0.530,0.441,1.156,0.234
2016-12-01 01:48:49.922,269.537,-0.003,-0.848,0.028,0.529,0.441,1.156,0.234
2016-12-01 01:48:49.932,269.559,-0.002,-0.848,0.028,0.529,0.441,1.156,0.234
2016-12-01 01:48:49.943,269.559,-0.002,-0.849,0.027,0.528,0.441,1.156,0.235
2016-12-01 01:48:49.954,269.580,-0.002,-0.849,0.027,0.528,0.441,1.156,0.235
2016-12-01 01:48:49.966,269.601,-0.002,-0.849,0.027,0.528,0.442,1.156,0.236
2016-12-01 01:48:49.976,269.601,-0.003,-0.849,0.027,0.528,0.443,1.156,0.236
2016-12-01 01:48:49.988,269.623,-0.006,-0.849,0.027,0.527,0.444,1.156,0.237
2016-12-01 01:48:50.000,269.623,-0.010,-0.850,0.026,0.526,0.444,1.157,0.237
2016-12-01 01:48:50.010,269.644,-0.016,-0.850,0.024,0.526,0.445,1.158,0.238
2016-12-01 01:48:50.022,269.644,-0.021,-0.851,0.020,0.525,0.445,1.158,0.238
2016-12-01 01:48:50.033,269.644,-0.026,-0.851,0.015,0.524,0.446,1.159,0.238
2016-12-01 01:48:50.044,269.665,-0.029,-0.852,0.011,0.523,0.447,1.160,0.239
2016-12-01 01:48:50.055,269.665,-0.032,-0.852,0.008,0.523,0.447,1.161,0.239
2016-12-01 01:48:50.066,269.687,-0.034,-0.852,0.005,0.522,0.448,1.161,0.239
2016-12-01 01:48:50.078,269.708,-0.035,-0.853,0.002,0.521,0.449,1.162,0.240
2016-12-01 01:48:50.089,269.708,-0.036,-0.853,0.000,0.521,0.449,1.162,0.241
2016-12-01 01:48:50.099,269.729,-0.037,-0.853,-0.002,0.520,0.450,1.163,0.241
2016-12-01 01:48:50.111,269.729,-0.037,-0.853,-0.004,0.520,0.450,1.163,0.242
2016-12-01 01:48:50.122,269.751,-0.037,-0.854,-0.006,0.520,0.451,1.163,0.242
2016-12-01 01:48:50.133,269.751,-0.037,-0.854,-0.008,0.519,0.451,1.163,0.243
2016-12-01 01:48:50.144,269.772,-0.038,-0.854,-0.010,0.519,0.452,1.164,0.243
2016-12-01 01:48:50.156,269.793,-0.037,-0.854,-0.011,0.519,0.452,1.164,0.244
2016-12-01 01:48:50.166,269.793,-0.037,-0.854,-0.013,0.520,0.453,1.164,0.244
2016-12-01 01:48:50.178,269.815,-0.036,-0.853,-0.015,0.520,0.453,1.165,0.245
2016-12-01 01:48:50.190,269.815,-0.036,-0.853,-0.016,0.520,0.453,1.165,0.245
2016-12-01 01:48:50.200,269.815,-0.035,-0.853,-0.017,0.520,0.454,1.165,0.246
2016-12-01 01:48:50.212,269.836,-0.035,-0.853,-0.017,0.521,0.454,1.164,0.246
2016-12-01 01:48:50.223,269.836,-0.034,-0.853,-0.018,0.521,0.454,1.164,0.247
2016-12-01 01:48:50.234,269.857,-0.034,-0.852,-0.019,0.521,0.455,1.164,0.248
2016-12-01 01:48:50.245,269.857,-0.033,-0.852,-0.019,0.522,0.455,1.164,0.248
2016-12-01 01:48:50.256,269.879,-0.033,-0.851,-0.020,0.523,0.456,1.164,0.249
2016-12-01 01:48:50.269,269.900,-0.032,-0.851,-0.020,0.524,0.456,1.164,0.249
2016-12-01 01:48:50.278,269.900,-0.031,-0.850,-0.021,0.525,0.456,1.164,0.250
2016-12-01 01:48:50.289,269.921,-0.029,-0.849,-0.022,0.527,0.456,1.163,0.251
2016-12-01 01:48:50.301,269.921,-0.026,-0.848,-0.023,0.528,0.457,1.163,0.252
2016-12-01 01:48:50.312,269.943,-0.024,-0.847,-0.024,0.530,0.457,1.163,0.253
2016-12-01 01:48:50.323,269.943,-0.021,-0.846,-0.024,0.533,0.457,1.163,0.254
2016-12-01 01:48:50.334,269.964,-0.018,-0.844,-0.025,0.535,0.457,1.163,0.255
2016-12-01 01:48:50.345,269.964,-0.016,-0.843,-0.026,0.537,0.458,1.163,0.256
2016-12-01 01:48:50.356,269.985,-0.013,-0.841,-0.026,0.540,0.458,1.163,0.257
2016-12-01 01:48:50.369,269.985,-0.011,-0.840,-0.027,0.542,0.458,1.163,0.258
2016-12-01 01:48:50.379,270.007,-0.008,-0.838,-0.027,0.545,0.457,1.163,0.259
2016-12-01 01:48:50.391,270.007,-0.005,-0.836,-0.028,0.547,0.457,1.163,0.260
2016-12-01 01:48:50.401,270.028,-0.002,-0.835,-0.029,0.550,0.457,1.163,0.261
2016-12-01 01:48:50.412,270.028,0.000,-0.833,-0.030,0.552,0.457,1.163,0.262
2016-12-01 01:48:50.424,270.049,0.003,-0.832,-0.031,0.555,0.457,1.163,0.263
2016-12-01 01:48:50.435,270.049,0.006,-0.830,-0.032,0.557,0.456,1.162,0.264
2016-12-01 01:48:50.446,270.071,0.009,-0.828,-0.032,0.559,0.456,1.162,0.265
2016-12-01 01:48:50.457,270.092,0.011,-0.827,-0.033,0.561,0.455,1.162,0.266
2016-12-01 01:48:50.468,270.092,0.014,-0.825,-0.034,0.564,0.455,1.162,0.268
2016-12-01 01:48:50.479,270.113,0.016,-0.824,-0.035,0.566,0.455,1.162,0.269
2016-12-01 01:48:50.491,270.113,0.019,-0.822,-0.036,0.568,0.454,1.162,0.270
2016-12-01 01:48:50.502,270.135,0.021,-0.821,-0.036,0.570,0.454,1.161,0.271
2016-12-01 01:48:50.513,270.135,0.023,-0.819,-0.037,0.572,0.453,1.161,0.272
2016-12-01 01:48:50.524,270.135,0.025,-0.818,-0.038,0.574,0.453,1.161,0.273
2016-12-01 01:48:50.535,270.156,0.026,-0.816,-0.039,0.576,0.452,1.162,0.274
2016-12-01 01:48:50.547,270.177,0.028,-0.815,-0.040,0.578,0.452,1.162,0.275
2016-12-01 01:48:50.558,270.177,0.029,-0.813,-0.041,0.579,0.451,1.162,0.276
2016-12-01 01:48:50.569,270.199,0.031,-0.812,-0.043,0.581,0.451,1.162,0.277
2016-12-01 01:48:50.580,270.199,0.032,-0.811,-0.043,0.583,0.450,1.162,0.277
2016-12-01 01:48:50.591,270.220,0.033,-0.810,-0.044,0.584,0.450,1.162,0.278
2016-12-01 01:48:50.603,270.220,0.033,-0.808,-0.045,0.586,0.449,1.162,0.279
2016-12-01 01:48:50.613,270.241,0.034,-0.807,-0.045,0.588,0.449,1.162,0.280
2016-12-01 01:48:50.625,270.241,0.034,-0.806,-0.046,0.589,0.448,1.162,0.281
2016-12-01 01:48:50.636,270.263,0.034,-0.805,-0.046,0.591,0.448,1.162,0.282
2016-12-01 01:48:50.647,270.284,0.033,-0.804,-0.045,0.593,0.447,1.162,0.283
2016-12-01 01:48:50.659,270.284,0.032,-0.802,-0.044,0.595,0.447,1.162,0.283
2016-12-01 01:48:50.669,270.284,0.030,-0.800,-0.043,0.597,0.446,1.162,0.284
2016-12-01 01:48:50.680,270.305,0.028,-0.798,-0.042,0.600,0.446,1.162,0.285
2016-12-01 01:48:50.692,270.305,0.026,-0.796,-0.040,0.603,0.445,1.162,0.285
2016-12-01 01:48:50.703,270.327,0.024,-0.794,-0.039,0.607,0.444,1.162,0.286
2016-12-01 01:48:50.714,270.327,0.022,-0.791,-0.037,0.610,0.444,1.162,0.286
2016-12-01 01:48:50.725,270.348,0.021,-0.789,-0.036,0.613,0.443,1.162,0.287
2016-12-01 01:48:50.737,270.369,0.020,-0.787,-0.034,0.616,0.443,1.162,0.287
2016-12-01 01:48:50.748,270.369,0.019,-0.785,-0.033,0.618,0.443,1.162,0.287
2016-12-01 01:48:50.759,270.391,0.018,-0.783,-0.032,0.620,0.442,1.161,0.287
2016-12-01 01:48:50.770,270.391,0.017,-0.782,-0.031,0.623,0.442,1.161,0.287
2016-12-01 01:48:50.781,270.412,0.016,-0.779,-0.030,0.626,0.441,1.161,0.288
2016-12-01 01:48:50.792,270.412,0.016,-0.777,-0.029,0.628,0.441,1.161,0.288
2016-12-01 01:48:50.803,270.433,0.017,-0.775,-0.029,0.631,0.441,1.161,0.288
2016-12-01 01:48:50.814,270.433,0.017,-0.773,-0.028,0.634,0.440,1.161,0.288
2016-12-01 01:48:50.826,270.455,0.018,-0.770,-0.027,0.637,0.440,1.161,0.288
2016-12-01 01:48:50.837,270.455,0.019,-0.768,-0.026,0.639,0.439,1.161,0.288
2016-12-01 01:48:50.848,270.476,0.019,-0.766,-0.025,0.642,0.439,1.161,0.288
2016-12-01 01:48:50.859,270.476,0.020,-0.765,-0.024,0.644,0.439,1.160,0.288
2016-12-01 01:48:50.870,270.497,0.021,-0.763,-0.023,0.646,0.438,1.160,0.288
2016-12-01 01:48:50.881,270.497,0.022,-0.761,-0.022,0.648,0.438,1.160,0.288
2016-12-01 01:48:50.892,270.519,0.023,-0.760,-0.022,0.649,0.438,1.160,0.288
2016-12-01 01:48:50.904,270.519,0.025,-0.758,-0.021,0.651,0.437,1.160,0.288
2016-12-01 01:48:50.915,270.540,0.026,-0.757,-0.021,0.652,0.437,1.160,0.288
2016-12-01 01:48:50.927,270.561,0.027,-0.756,-0.021,0.654,0.437,1.160,0.288
2016-12-01 01:48:50.938,270.561,0.028,-0.755,-0.020,0.655,0.437,1.160,0.288
2016-12-01 01:48:50.949,270.583,0.030,-0.754,-0.020,0.656,0.436,1.160,0.288
2016-12-01 01:48:50.960,270.583,0.031,-0.753,-0.020,0.657,0.436,1.159,0.288
2016-12-01 01:48:50.971,270.604,0.033,-0.752,-0.020,0.658,0.436,1.159,0.287
2016-12-01 01:48:50.983,270.604,0.034,-0.751,-0.019,0.659,0.436,1.159,0.287
2016-12-01 01:48:50.994,270.625,0.035,-0.750,-0.018,0.660,0.436,1.159,0.287
2016-12-01 01:48:51.005,270.625,0.036,-0.750,-0.017,0.661,0.436,1.158,0.287
2016-12-01 01:48:51.015,270.625,0.037,-0.749,-0.017,0.662,0.435,1.158,0.286
2016-12-01 01:48:51.027,270.647,0.038,-0.748,-0.016,0.662,0.435,1.158,0.286
2016-12-01 01:48:51.038,270.668,0.039,-0.747,-0.016,0.663,0.435,1.158,0.286
2016-12-01 01:48:51.049,270.668,0.040,-0.746,-0.015,0.664,0.435,1.158,0.285
2016-12-01 01:48:51.060,270.689,0.040,-0.746,-0.014,0.665,0.435,1.158,0.285
2016-12-01 01:48:51.072,270.689,0.041,-0.745,-0.014,0.666,0.435,1.157,0.285
2016-12-01 01:48:51.083,270.711,0.041,-0.744,-0.013,0.667,0.435,1.157,0.284
2016-12-01 01:48:51.094,270.711,0.042,-0.743,-0.012,0.668,0.435,1.157,0.284
2016-12-01 01:48:51.105,270.732,0.042,-0.742,-0.011,0.669,0.435,1.157,0.284
2016-12-01 01:48:51.116,270.753,0.042,-0.741,-0.010,0.670,0.435,1.157,0.283
2016-12-01 01:48:51.128,270.753,0.043,-0.740,-0.009,0.671,0.435,1.157,0.283
2016-12-01 01:48:51.139,270.775,0.042,-0.740,-0.009,0.672,0.435,1.156,0.283
2016-12-01 01:48:51.151,270.775,0.042,-0.739,-0.008,0.673,0.435,1.156,0.282
2016-12-01 01:48:51.161,270.775,0.042,-0.738,-0.008,0.674,0.435,1.156,0.282
2016-12-01 01:48:51.172,270.796,0.042,-0.736,-0.007,0.675,0.435,1.156,0.282
2016-12-01 01:48:51.183,270.796,0.041,-0.735,-0.007,0.677,0.435,1.157,0.281
2016-12-01 01:48:51.194,270.817,0.041,-0.734,-0.007,0.678,0.435,1.157,0.281
2016-12-01 01:48:51.206,270.817,0.041,-0.733,-0.006,0.679,0.435,1.157,0.281
2016-12-01 01:48:51.217,270.839,0.040,-0.732,-0.006,0.680,0.435,1.157,0.280
2016-12-01 01:48:51.228,270.860,0.040,-0.731,-0.006,0.681,0.435,1.157,0.280
2016-12-01 01:48:51.239,270.860,0.039,-0.730,-0.005,0.682,0.435,1.157,0.280
2016-12-01 01:48:51.252,270.881,0.039,-0.730,-0.005,0.683,0.435,1.157,0.280
2016-12-01 01:48:51.263,270.881,0.038,-0.729,-0.005,0.684,0.435,1.157,0.279
2016-12-01 01:48:51.272,270.903,0.038,-0.728,-0.005,0.684,0.435,1.157,0.279
2016-12-01 01:48:51.283,270.903,0.038,-0.727,-0.005,0.685,0.435,1.157,0.279
2016-12-01 01:48:51.295,270.924,0.037,-0.727,-0.005,0.686,0.436,1.157,0.279
2016-12-01 01:48:51.307,270.945,0.037,-0.726,-0.005,0.686,0.436,1.157,0.278
2016-12-01 01:48:51.318,270.945,0.037,-0.726,-0.005,0.687,0.436,1.157,0.278
2016-12-01 01:48:51.329,270.945,0.036,-0.725,-0.005,0.688,0.436,1.157,0.278
2016-12-01 01:48:51.340,270.967,0.036,-0.725,-0.005,0.688,0.436,1.157,0.278
2016-12-01 01:48:51.351,270.967,0.035,-0.724,-0.005,0.689,0.436,1.157,0.277
2016-12-01 01:48:51.362,270.988,0.035,-0.723,-0.005,0.690,0.436,1.157,0.277
2016-12-01 01:48:51.375,270.988,0.035,-0.722,-0.005,0.691,0.436,1.157,0.277
2016-12-01 01:48:51.385,271.009,0.034,-0.721,-0.005,0.692,0.436,1.157,0.277
2016-12-01 01:48:51.396,271.009,0.034,-0.721,-0.005,0.693,0.437,1.157,0.277
2016-12-01 01:48:51.407,271.031,0.033,-0.720,-0.005,0.693,0.436,1.157,0.277
2016-12-01 01:48:51.418,271.052,0.033,-0.719,-0.004,0.694,0.437,1.157,0.276
2016-12-01 01:48:51.429,271.052,0.032,-0.718,-0.004,0.695,0.437,1.157,0.276
2016-12-01 01:48:51.440,271.073,0.032,-0.717,-0.004,0.696,0.437,1.157,0.276
2016-12-01 01:48:51.452,271.073,0.032,-0.716,-0.004,0.697,0.437,1.157,0.276
2016-12-01 01:48:51.462,271.095,0.032,-0.715,-0.004,0.698,0.437,1.157,0.276
2016-12-01 01:48:51.474,271.095,0.031,-0.714,-0.004,0.699,0.437,1.157,0.275
2016-12-01 01:48:51.485,271.095,0.031,-0.713,-0.003,0.700,0.437,1.157,0.275
2016-12-01 01:48:51.496,271.116,0.031,-0.712,-0.003,0.701,0.437,1.157,0.275
2016-12-01 01:48:51.508,271.137,0.031,-0.712,-0.003,0.702,0.437,1.157,0.275
2016-12-01 01:48:51.518,271.137,0.031,-0.711,-0.003,0.703,0.437,1.157,0.275
2016-12-01 01:48:51.529,271.159,0.031,-0.710,-0.002,0.704,0.437,1.157,0.275
2016-12-01 01:48:51.541,271.159,0.031,-0.709,-0.002,0.705,0.437,1.157,0.274
2016-12-01 01:48:51.552,271.180,0.030,-0.708,-0.002,0.705,0.437,1.157,0.274
2016-12-01 01:48:51.563,271.180,0.030,-0.707,-0.001,0.706,0.437,1.157,0.274
2016-12-01 01:48:51.574,271.201,0.030,-0.707,-0.001,0.707,0.437,1.157,0.274
2016-12-01 01:48:51.586,271.201,0.030,-0.706,-0.001,0.708,0.437,1.157,0.274
2016-12-01 01:48:51.596,271.223,0.029,-0.705,-0.001,0.708,0.437,1.157,0.273
2016-12-01 01:48:51.608,271.244,0.029,-0.705,-0.001,0.709,0.437,1.157,0.273
2016-12-01 01:48:51.619,271.244,0.029,-0.704,-0.001,0.709,0.438,1.157,0.273
2016-12-01 01:48:51.630,271.265,0.028,-0.704,-0.001,0.710,0.438,1.157,0.273
2016-12-01 01:48:51.641,271.265,0.028,-0.703,-0.001,0.710,0.438,1.157,0.273
2016-12-01 01:48:51.652,271.265,0.028,-0.703,-0.001,0.711,0.438,1.157,0.273
2016-12-01 01:48:51.663,271.287,0.028,-0.702,-0.001,0.711,0.438,1.157,0.272
2016-12-01 01:48:51.675,271.287,0.028,-0.702,0.000,0.712,0.438,1.157,0.272
2016-12-01 01:48:51.686,271.308,0.027,-0.701,0.000,0.712,0.438,1.157,0.272
2016-12-01 01:48:51.698,271.329,0.027,-0.701,0.000,0.713,0.438,1.158,0.272
2016-12-01 01:48:51.708,271.329,0.027,-0.700,-0.001,0.713,0.438,1.158,0.272
2016-12-01 01:48:51.719,271.351,0.026,-0.700,-0.001,0.714,0.438,1.158,0.272
2016-12-01 01:48:51.731,271.351,0.026,-0.699,-0.001,0.714,0.438,1.157,0.271
2016-12-01 01:48:51.742,271.372,0.026,-0.699,-0.001,0.715,0.438,1.158,0.271
2016-12-01 01:48:51.753,271.372,0.025,-0.699,-0.001,0.715,0.438,1.158,0.271
2016-12-01 01:48:51.764,271.393,0.025,-0.698,-0.001,0.715,0.438,1.158,0.271
2016-12-01 01:48:51.775,271.393,0.025,-0.698,-0.001,0.716,0.438,1.158,0.271
2016-12-01 01:48:51.786,271.415,0.024,-0.697,-0.001,0.716,0.438,1.158,0.270
2016-12-01 01:48:51.798,271.436,0.024,-0.697,-0.001,0.717,0.438,1.158,0.270
2016-12-01 01:48:51.808,271.436,0.024,-0.697,-0.001,0.717,0.438,1.158,0.270
2016-12-01 01:48:51.820,271.436,0.024,-0.696,0.000,0.717,0.439,1.158,0.270
2016-12-01 01:48:51.831,271.457,0.024,-0.696,0.000,0.718,0.438,1.158,0.269
2016-12-01 01:48:51.842,271.457,0.023,-0.696,0.000,0.718,0.439,1.158,0.269
2016-12-01 01:48:51.853,271.479,0.023,-0.695,0.000,0.718,0.439,1.158,0.269
2016-12-01 01:48:51.865,271.479,0.023,-0.695,0.000,0.718,0.439,1.158,0.269
2016-12-01 01:48:51.876,271.500,0.023,-0.695,0.000,0.719,0.439,1.158,0.269
2016-12-01 01:48:51.887,271.521,0.023,-0.695,0.000,0.719,0.439,1.158,0.269
2016-12-01 01:48:51.898,271.521,0.023,-0.695,0.001,0.719,0.439,1.158,0.268
2016-12-01 01:48:51.909,271.543,0.023,-0.695,0.001,0.719,0.439,1.158,0.268
2016-12-01 01:48:51.921,271.543,0.023,-0.695,0.001,0.719,0.439,1.158,0.268
2016-12-01 01:48:51.932,271.564,0.022,-0.695,0.001,0.719,0.439,1.158,0.268
2016-12-01 01:48:51.943,271.564,0.022,-0.695,0.001,0.719,0.439,1.158,0.268
2016-12-01 01:48:51.954,271.585,0.022,-0.695,0.001,0.719,0.439,1.158,0.267
2016-12-01 01:48:51.965,271.585,0.022,-0.695,0.001,0.718,0.439,1.158,0.267
2016-12-01 01:48:51.976,271.607,0.021,-0.696,0.002,0.718,0.439,1.158,0.267
2016-12-01 01:48:51.988,271.607,0.021,-0.696,0.002,0.718,0.439,1.158,0.267
2016-12-01 01:48:51.999,271.628,0.021,-0.697,0.002,0.717,0.439,1.158,0.267
2016-12-01 01:48:52.010,271.628,0.020,-0.697,0.002,0.716,0.439,1.158,0.267
2016-12-01 01:48:52.021,271.649,0.020,-0.698,0.002,0.716,0.439,1.158,0.266
2016-12-01 01:48:52.032,271.649,0.020,-0.699,0.002,0.715,0.439,1.158,0.266
2016-12-01 01:48:52.045,271.671,0.019,-0.700,0.003,0.714,0.439,1.158,0.266
2016-12-01 01:48:52.054,271.671,0.019,-0.700,0.003,0.713,0.439,1.158,0.266
2016-12-01 01:48:52.066,271.692,0.019,-0.701,0.003,0.713,0.439,1.159,0.265
2016-12-01 01:48:52.077,271.713,0.019,-0.702,0.003,0.712,0.438,1.158,0.265
2016-12-01 01:48:52.089,271.713,0.019,-0.703,0.003,0.711,0.439,1.158,0.265
2016-12-01 01:48:52.099,271.735,0.019,-0.704,0.004,0.710,0.438,1.158,0.265
2016-12-01 01:48:52.110,271.735,0.018,-0.705,0.004,0.709,0.438,1.158,0.265
2016-12-01 01:48:52.121,271.756,0.018,-0.705,0.004,0.709,0.438,1.158,0.264
2016-12-01 01:48:52.133,271.756,0.018,-0.706,0.004,0.708,0.438,1.158,0.264
2016-12-01 01:48:52.144,271.756,0.018,-0.707,0.004,0.707,0.438,1.158,0.264
2016-12-01 01:48:52.155,271.777,0.018,-0.708,0.005,0.706,0.438,1.158,0.264
2016-12-01 01:48:52.166,271.799,0.018,-0.709,0.005,0.705,0.438,1.158,0.264
2016-12-01 01:48:52.177,271.799,0.018,-0.710,0.005,0.704,0.438,1.158,0.264
2016-12-01 01:48:52.188,271.820,0.018,-0.710,0.006,0.704,0.437,1.158,0.263
2016-12-01 01:48:52.200,271.820,0.018,-0.711,0.006,0.703,0.437,1.158,0.263
2016-12-01 01:48:52.211,271.841,0.018,-0.712,0.006,0.702,0.437,1.158,0.263
2016-12-01 01:48:52.222,271.841,0.018,-0.713,0.007,0.701,0.437,1.158,0.263
2016-12-01 01:48:52.233,271.863,0.018,-0.714,0.007,0.699,0.437,1.158,0.263
2016-12-01 01:48:52.245,271.863,0.018,-0.716,0.007,0.698,0.437,1.158,0.263
2016-12-01 01:48:52.256,271.884,0.018,-0.717,0.007,0.697,0.437,1.158,0.263
2016-12-01 01:48:52.270,271.905,0.018,-0.718,0.008,0.696,0.437,1.157,0.263
2016-12-01 01:48:52.278,271.905,0.018,-0.719,0.008,0.694,0.437,1.157,0.262
2016-12-01 01:48:52.289,271.905,0.018,-0.721,0.008,0.693,0.437,1.157,0.262
2016-12-01 01:48:52.300,271.927,0.018,-0.722,0.009,0.692,0.437,1.158,0.262
2016-12-01 01:48:52.311,271.927,0.018,-0.723,0.009,0.690,0.437,1.158,0.262
2016-12-01 01:48:52.322,271.948,0.018,-0.725,0.009,0.689,0.437,1.158,0.262
2016-12-01 01:48:52.334,271.948,0.018,-0.726,0.009,0.687,0.437,1.158,0.262
2016-12-01 01:48:52.345,271.969,0.017,-0.728,0.009,0.686,0.437,1.158,0.262
2016-12-01 01:48:52.356,271.991,0.017,-0.729,0.009,0.684,0.437,1.158,0.262
2016-12-01 01:48:52.367,271.991,0.017,-0.730,0.009,0.683,0.437,1.158,0.261
2016-12-01 01:48:52.378,272.012,0.017,-0.732,0.009,0.681,0.437,1.158,0.261
2016-12-01 01:48:52.390,272.012,0.016,-0.734,0.009,0.679,0.437,1.158,0.261
2016-12-01 01:48:52.400,272.033,0.016,-0.735,0.009,0.678,0.437,1.158,0.261
2016-12-01 01:48:52.412,272.033,0.015,-0.737,0.009,0.676,0.437,1.158,0.261
2016-12-01 01:48:52.423,272.055,0.015,-0.738,0.009,0.674,0.437,1.158,0.261
2016-12-01 01:48:52.435,272.055,0.015,-0.740,0.008,0.673,0.437,1.158,0.261
2016-12-01 01:48:52.445,272.076,0.014,-0.741,0.008,0.671,0.437,1.158,0.261
2016-12-01 01:48:52.457,272.076,0.014,-0.743,0.008,0.669,0.437,1.158,0.261
2016-12-01 01:48:52.468,272.097,0.014,-0.745,0.008,0.667,0.437,1.158,0.261
2016-12-01 01:48:52.479,272.097,0.014,-0.746,0.008,0.666,0.436,1.158,0.261
2016-12-01 01:48:52.490,272.119,0.014,-0.748,0.008,0.664,0.436,1.158,0.261
2016-12-01 01:48:52.503,272.119,0.014,-0.749,0.008,0.662,0.436,1.158,0.261
2016-12-01 01:48:52.513,272.140,0.013,-0.751,0.008,0.660,0.436,1.158,0.261
2016-12-01 01:48:52.525,272.140,0.013,-0.752,0.009,0.659,0.436,1.158,0.261
2016-12-01 01:48:52.535,272.161,0.013,-0.754,0.009,0.657,0.436,1.158,0.261
2016-12-01 01:48:52.546,272.183,0.013,-0.755,0.009,0.655,0.436,1.158,0.261
2016-12-01 01:48:52.557,272.183,0.013,-0.757,0.009,0.653,0.436,1.158,0.261
2016-12-01 01:48:52.568,272.204,0.013,-0.758,0.009,0.652,0.436,1.158,0.261
2016-12-01 01:48:52.581,272.204,0.013,-0.760,0.009,0.650,0.436,1.158,0.260
2016-12-01 01:48:52.591,272.225,0.013,-0.761,0.010,0.648,0.436,1.158,0.260
2016-12-01 01:48:52.601,272.225,0.013,-0.763,0.010,0.646,0.436,1.158,0.260
2016-12-01 01:48:52.613,272.247,0.013,-0.764,0.010,0.645,0.436,1.158,0.260
2016-12-01 01:48:52.627,272.247,0.013,-0.766,0.010,0.643,0.436,1.158,0.260
2016-12-01 01:48:52.635,272.247,0.013,-0.767,0.010,0.641,0.436,1.158,0.260
2016-12-01 01:48:52.647,272.268,0.014,-0.769,0.011,0.640,0.436,1.158,0.260
2016-12-01 01:48:52.658,272.289,0.014,-0.770,0.011,0.638,0.436,1.158,0.260
2016-12-01 01:48:52.669,272.289,0.014,-0.771,0.011,0.636,0.436,1.158,0.260
2016-12-01 01:48:52.681,272.311,0.014,-0.773,0.011,0.634,0.436,1.158,0.260
2016-12-01 01:48:52.692,272.311,0.014,-0.774,0.011,0.633,0.436,1.158,0.260
2016-12-01 01:48:52.703,272.332,0.014,-0.776,0.011,0.631,0.436,1.158,0.260
2016-12-01 01:48:52.714,272.332,0.014,-0.777,0.011,0.629,0.436,1.158,0.260
2016-12-01 01:48:52.725,272.353,0.014,-0.778,0.011,0.628,0.436,1.158,0.260
2016-12-01 01:48:52.736,272.375,0.014,-0.779,0.011,0.626,0.436,1.158,0.260
2016-12-01 01:48:52.747,272.375,0.014,-0.781,0.010,0.625,0.436,1.158,0.261
2016-12-01 01:48:52.759,272.396,0.014,-0.782,0.010,0.623,0.436,1.158,0.261
2016-12-01 01:48:52.770,272.396,0.014,-0.783,0.010,0.622,0.436,1.158,0.261
2016-12-01 01:48:52.781,272.396,0.014,-0.784,0.010,0.620,0.436,1.158,0.261
2016-12-01 01:48:52.791,272.417,0.013,-0.785,0.010,0.619,0.436,1.158,0.261
2016-12-01 01:48:52.804,272.417,0.013,-0.787,0.010,0.617,0.436,1.158,0.261
2016-12-01 01:48:52.814,272.439,0.013,-0.788,0.009,0.616,0.436,1.158,0.261
2016-12-01 01:48:52.825,272.439,0.013,-0.789,0.009,0.615,0.436,1.158,0.261
2016-12-01 01:48:52.836,272.460,0.013,-0.790,0.009,0.613,0.436,1.158,0.261
2016-12-01 01:48:52.848,272.481,0.013,-0.791,0.009,0.612,0.436,1.158,0.261
2016-12-01 01:48:52.859,272.481,0.013,-0.792,0.009,0.611,0.436,1.158,0.261
2016-12-01 01:48:52.870,272.503,0.013,-0.793,0.009,0.610,0.436,1.158,0.261
2016-12-01 01:48:52.881,272.503,0.013,-0.793,0.009,0.608,0.436,1.158,0.261
2016-12-01 01:48:52.892,272.524,0.013,-0.794,0.009,0.607,0.436,1.158,0.261
2016-12-01 01:48:52.904,272.524,0.014,-0.795,0.009,0.606,0.436,1.158,0.261
2016-12-01 01:48:52.915,272.545,0.014,-0.796,0.009,0.605,0.436,1.158,0.261
2016-12-01 01:48:52.926,272.567,0.014,-0.797,0.009,0.604,0.436,1.158,0.261
2016-12-01 01:48:52.937,272.567,0.014,-0.797,0.009,0.603,0.435,1.158,0.262
2016-12-01 01:48:52.948,272.567,0.015,-0.798,0.009,0.602,0.435,1.157,0.262
2016-12-01 01:48:52.959,272.588,0.015,-0.799,0.010,0.601,0.435,1.157,0.262
2016-12-01 01:48:52.971,272.588,0.015,-0.799,0.010,0.600,0.436,1.157,0.262
2016-12-01 01:48:52.982,272.609,0.015,-0.800,0.010,0.600,0.435,1.157,0.262
2016-12-01 01:48:52.993,272.609,0.015,-0.801,0.010,0.599,0.435,1.157,0.262
2016-12-01 01:48:53.006,272.631,0.016,-0.801,0.010,0.598,0.435,1.157,0.262
2016-12-01 01:48:53.016,272.652,0.016,-0.802,0.010,0.597,0.435,1.157,0.262
2016-12-01 01:48:53.026,272.652,0.016,-0.802,0.010,0.597,0.435,1.157,0.262
2016-12-01 01:48:53.038,272.673,0.016,-0.803,0.010,0.596,0.435,1.157,0.262
2016-12-01 01:48:53.049,272.673,0.016,-0.803,0.010,0.595,0.435,1.157,0.262
2016-12-01 01:48:53.060,272.695,0.016,-0.804,0.010,0.595,0.435,1.158,0.262
2016-12-01 01:48:53.071,272.695,0.016,-0.804,0.010,0.594,0.435,1.158,0.262
2016-12-01 01:48:53.082,272.716,0.016,-0.805,0.010,0.593,0.435,1.158,0.262
2016-12-01 01:48:53.094,272.716,0.016,-0.805,0.010,0.593,0.435,1.158,0.262
2016-12-01 01:48:53.104,272.716,0.016,-0.806,0.010,0.592,0.435,1.158,0.262
2016-12-01 01:48:53.115,272.737,0.016,-0.806,0.009,0.591,0.435,1.158,0.262
2016-12-01 01:48:53.126,272.759,0.015,-0.807,0.009,0.591,0.435,1.158,0.262
2016-12-01 01:48:53.138,272.759,0.015,-0.807,0.009,0.590,0.435,1.158,0.262
2016-12-01 01:48:53.149,272.780,0.015,-0.807,0.009,0.590,0.435,1.158,0.262
2016-12-01 01:48:53.160,272.780,0.015,-0.808,0.009,0.589,0.434,1.158,0.262
2016-12-01 01:48:53.171,272.801,0.015,-0.808,0.008,0.589,0.434,1.158,0.262
2016-12-01 01:48:53.182,272.801,0.015,-0.809,0.008,0.588,0.434,1.158,0.262
2016-12-01 01:48:53.194,272.823,0.015,-0.809,0.008,0.588,0.434,1.158,0.262
2016-12-01 01:48:53.205,272.823,0.015,-0.809,0.008,0.587,0.434,1.158,0.262
2016-12-01 01:48:53.216,272.844,0.015,-0.810,0.008,0.587,0.434,1.158,0.262
2016-12-01 01:48:53.228,272.865,0.015,-0.810,0.008,0.586,0.434,1.158,0.262
2016-12-01 01:48:53.238,272.865,0.015,-0.810,0.008,0.586,0.434,1.158,0.262
2016-12-01 01:48:53.249,272.887,0.015,-0.811,0.008,0.585,0.434,1.158,0.262
2016-12-01 01:48:53.261,272.887,0.015,-0.811,0.008,0.585,0.434,1.158,0.262
2016-12-01 01:48:53.272,272.887,0.015,-0.811,0.009,0.584,0.434,1.158,0.262
2016-12-01 01:48:53.283,272.908,0.015,-0.812,0.008,0.584,0.434,1.158,0.262
2016-12-01 01:48:53.295,272.908,0.015,-0.812,0.009,0.583,0.434,1.158,0.262
2016-12-01 01:48:53.305,272.929,0.015,-0.812,0.009,0.583,0.434,1.158,0.262
2016-12-01 01:48:53.317,272.951,0.015,-0.813,0.009,0.582,0.434,1.158,0.261
2016-12-01 01:48:53.329,272.951,0.015,-0.813,0.009,0.582,0.433,1.158,0.261
2016-12-01 01:48:53.339,272.972,0.016,-0.814,0.009,0.581,0.433,1.158,0.261
2016-12-01 01:48:53.350,272.972,0.016,-0.814,0.009,0.581,0.434,1.158,0.261
2016-12-01 01:48:53.361,272.993,0.016,-0.815,0.009,0.580,0.434,1.158,0.261
2016-12-01 01:48:53.373,272.993,0.016,-0.815,0.009,0.579,0.434,1.158,0.261
2016-12-01 01:48:53.384,273.015,0.016,-0.816,0.008,0.578,0.434,1.158,0.261
2016-12-01 01:48:53.395,273.015,0.017,-0.817,0.008,0.577,0.434,1.158,0.261
2016-12-01 01:48:53.406,273.036,0.017,-0.817,0.007,0.576,0.434,1.158,0.261
2016-12-01 01:48:53.417,273.057,0.017,-0.818,0.006,0.575,0.434,1.158,0.261
2016-12-01 01:48:53.429,273.057,0.018,-0.819,0.005,0.573,0.434,1.158,0.261
2016-12-01 01:48:53.440,273.057,0.018,-0.820,0.004,0.572,0.434,1.158,0.260
2016-12-01 01:48:53.451,273.079,0.018,-0.822,0.003,0.570,0.434,1.159,0.260
2016-12-01 01:48:53.462,273.079,0.018,-0.823,0.003,0.568,0.434,1.159,0.260
2016-12-01 01:48:53.473,273.100,0.018,-0.824,0.002,0.566,0.434,1.159,0.260
2016-12-01 01:48:53.485,273.100,0.017,-0.826,0.001,0.564,0.435,1.159,0.259
2016-12-01 01:48:53.496,273.121,0.017,-0.827,0.001,0.562,0.435,1.159,0.259
2016-12-01 01:48:53.507,273.143,0.017,-0.828,0.000,0.560,0.435,1.159,0.259
2016-12-01 01:48:53.518,273.143,0.017,-0.830,-0.001,0.558,0.435,1.159,0.258
2016-12-01 01:48:53.529,273.164,0.017,-0.831,-0.001,0.556,0.435,1.159,0.258
2016-12-01 01:48:53.540,273.164,0.016,-0.832,-0.002,0.554,0.435,1.159,0.258
2016-12-01 01:48:53.551,273.185,0.016,-0.834,-0.002,0.552,0.435,1.159,0.258
2016-12-01 01:48:53.563,273.185,0.016,-0.835,-0.002,0.550,0.436,1.159,0.257
2016-12-01 01:48:53.574,273.207,0.016,-0.836,-0.003,0.548,0.436,1.159,0.257
2016-12-01 01:48:53.585,273.207,0.015,-0.838,-0.002,0.546,0.436,1.159,0.257
2016-12-01 01:48:53.596,273.207,0.015,-0.839,-0.002,0.543,0.436,1.159,0.256
2016-12-01 01:48:53.607,273.228,0.015,-0.841,-0.002,0.541,0.436,1.159,0.256
2016-12-01 01:48:53.618,273.249,0.014,-0.842,-0.002,0.539,0.437,1.159,0.256
2016-12-01 01:48:53.630,273.249,0.014,-0.843,-0.002,0.537,0.437,1.159,0.255
2016-12-01 01:48:53.640,273.271,0.014,-0.845,-0.002,0.535,0.437,1.159,0.255
2016-12-01 01:48:53.652,273.271,0.013,-0.846,-0.002,0.533,0.437,1.159,0.255
2016-12-01 01:48:53.663,273.292,0.013,-0.847,-0.002,0.531,0.438,1.159,0.254
2016-12-01 01:48:53.674,273.292,0.013,-0.848,-0.002,0.529,0.438,1.159,0.254
2016-12-01 01:48:53.685,273.313,0.013,-0.849,-0.002,0.527,0.438,1.159,0.254
2016-12-01 01:48:53.697,273.335,0.012,-0.851,-0.002,0.526,0.438,1.159,0.253
2016-12-01 01:48:53.707,273.335,0.012,-0.852,-0.001,0.524,0.439,1.159,0.253
2016-12-01 01:48:53.718,273.356,0.011,-0.853,-0.001,0.522,0.439,1.159,0.252
2016-12-01 01:48:53.730,273.356,0.011,-0.854,-0.001,0.521,0.439,1.160,0.252
2016-12-01 01:48:53.741,273.377,0.011,-0.854,-0.001,0.520,0.439,1.160,0.252
2016-12-01 01:48:53.753,273.377,0.010,-0.855,-0.001,0.518,0.439,1.160,0.252
2016-12-01 01:48:53.763,273.377,0.010,-0.856,-0.001,0.517,0.440,1.160,0.251
2016-12-01 01:48:53.775,273.399,0.010,-0.857,-0.001,0.516,0.440,1.160,0.251
2016-12-01 01:48:53.786,273.399,0.010,-0.857,0.000,0.515,0.440,1.160,0.251
2016-12-01 01:48:53.797,273.420,0.009,-0.858,-0.001,0.513,0.440,1.160,0.251
2016-12-01 01:48:53.809,273.441,0.009,-0.859,-0.001,0.512,0.440,1.160,0.250
2016-12-01 01:48:53.820,273.441,0.008,-0.860,-0.001,0.511,0.441,1.160,0.250
2016-12-01 01:48:53.831,273.463,0.008,-0.860,-0.001,0.510,0.441,1.160,0.250
2016-12-01 01:48:53.842,273.463,0.008,-0.861,-0.001,0.509,0.441,1.160,0.250
2016-12-01 01:48:53.853,273.484,0.007,-0.862,-0.001,0.508,0.441,1.160,0.250
2016-12-01 01:48:53.864,273.484,0.007,-0.862,-0.001,0.506,0.441,1.160,0.249
2016-12-01 01:48:53.875,273.505,0.007,-0.863,-0.001,0.505,0.442,1.160,0.249
2016-12-01 01:48:53.886,273.527,0.007,-0.864,-0.002,0.504,0.442,1.160,0.249
2016-12-01 01:48:53.898,273.527,0.006,-0.864,-0.002,0.503,0.442,1.160,0.249
2016-12-01 01:48:53.909,273.527,0.006,-0.865,-0.002,0.502,0.442,1.160,0.248
2016-12-01 01:48:53.919,273.548,0.006,-0.866,-0.003,0.501,0.443,1.160,0.248
2016-12-01 01:48:53.931,273.548,-0.006,0.866,0.003,-0.500,0.443,1.160,0.248
2016-12-01 01:48:53.942,273.569,-0.006,0.867,0.003,-0.498,0.443,1.160,0.248
2016-12-01 01:48:53.954,273.569,-0.006,0.868,0.004,-0.497,0.443,1.160,0.248
2016-12-01 01:48:53.965,273.591,-0.006,0.868,0.004,-0.496,0.443,1.160,0.247
2016-12-01 01:48:53.976,273.612,-0.006,0.869,0.005,-0.495,0.443,1.160,0.247
2016-12-01 01:48:53.987,273.612,-0.006,0.870,0.005,-0.494,0.443,1.161,0.247
2016-12-01 01:48:53.998,273.633,-0.006,0.870,0.006,-0.493,0.444,1.161,0.247
2016-12-01 01:48:54.009,273.633,-0.006,0.871,0.006,-0.491,0.444,1.161,0.246
2016-12-01 01:48:54.020,273.655,-0.006,0.872,0.007,-0.490,0.444,1.161,0.246
2016-12-01 01:48:54.032,273.655,-0.006,0.872,0.007,-0.489,0.444,1.161,0.246
2016-12-01 01:48:54.043,273.676,-0.006,0.873,0.007,-0.488,0.444,1.161,0.246
2016-12-01 01:48:54.054,273.676,-0.006,0.873,0.008,-0.487,0.444,1.161,0.245
2016-12-01 01:48:54.065,273.697,-0.006,0.874,0.008,-0.486,0.444,1.161,0.245
2016-12-01 01:48:54.076,273.697,-0.006,0.875,0.008,-0.485,0.445,1.161,0.245
2016-12-01 01:48:54.087,273.719,-0.006,0.875,0.008,-0.484,0.445,1.161,0.245
2016-12-01 01:48:54.099,273.719,-0.006,0.876,0.008,-0.482,0.445,1.161,0.244
2016-12-01 01:48:54.109,273.740,-0.006,0.877,0.008,-0.481,0.445,1.161,0.244
2016-12-01 01:48:54.121,273.740,-0.005,0.877,0.008,-0.480,0.445,1.161,0.244
2016-12-01 01:48:54.132,273.761,-0.005,0.878,0.008,-0.479,0.445,1.161,0.243
2016-12-01 01:48:54.144,273.761,-0.005,0.879,0.008,-0.477,0.445,1.161,0.243
2016-12-01 01:48:54.155,273.783,-0.005,0.879,0.008,-0.476,0.445,1.161,0.243
2016-12-01 01:48:54.166,273.783,-0.004,0.880,0.008,-0.475,0.446,1.161,0.243
2016-12-01 01:48:54.177,273.804,-0.004,0.881,0.007,-0.474,0.446,1.161,0.242
2016-12-01 01:48:54.188,273.825,-0.004,0.881,0.007,-0.473,0.446,1.161,0.242
2016-12-01 01:48:54.199,273.825,-0.004,0.882,0.007,-0.472,0.446,1.161,0.242
2016-12-01 01:48:54.210,273.847,-0.004,0.882,0.007,-0.471,0.446,1.161,0.242
2016-12-01 01:48:54.222,273.847,-0.003,0.883,0.007,-0.470,0.446,1.161,0.242
2016-12-01 01:48:54.232,273.868,-0.003,0.883,0.007,-0.469,0.446,1.162,0.242
2016-12-01 01:48:54.244,273.868,-0.003,0.884,0.008,-0.468,0.446,1.161,0.242
2016-12-01 01:48:54.255,273.868,-0.003,0.884,0.008,-0.467,0.447,1.161,0.241
2016-12-01 01:48:54.266,273.889,-0.003,0.885,0.007,-0.466,0.447,1.161,0.241
2016-12-01 01:48:54.277,273.911,-0.003,0.885,0.008,-0.465,0.447,1.161,0.241
2016-12-01 01:48:54.289,273.911,-0.003,0.886,0.008,-0.464,0.447,1.161,0.241
2016-12-01 01:48:54.299,273.932,-0.003,0.886,0.008,-0.464,0.447,1.161,0.241
2016-12-01 01:48:54.310,273.932,-0.003,0.886,0.008,-0.463,0.447,1.161,0.241
2016-12-01 01:48:54.322,273.953,-0.003,0.887,0.008,-0.462,0.447,1.161,0.241
2016-12-01 01:48:54.334,273.953,-0.003,0.887,0.008,-0.461,0.447,1.161,0.241
2016-12-01 01:48:54.344,273.975,-0.003,0.888,0.008,-0.461,0.447,1.161,0.240
2016-12-01 01:48:54.356,273.975,-0.003,0.888,0.009,-0.460,0.447,1.161,0.240
2016-12-01 01:48:54.367,273.996,-0.003,0.888,0.009,-0.459,0.447,1.161,0.240
2016-12-01 01:48:54.378,274.017,-0.004,0.889,0.009,-0.459,0.447,1.161,0.240
2016-12-01 01:48:54.389,274.017,-0.004,0.889,0.009,-0.458,0.447,1.161,0.240
2016-12-01 01:48:54.400,274.017,-0.004,0.889,0.009,-0.458,0.447,1.161,0.240
2016-12-01 01:48:54.411,274.039,-0.004,0.889,0.009,-0.458,0.447,1.161,0.240
2016-12-01 01:48:54.422,274.039,-0.004,0.889,0.009,-0.458,0.447,1.162,0.240
2016-12-01 01:48:54.434,274.060,-0.004,0.889,0.009,-0.458,0.448,1.162,0.240
2016-12-01 01:48:54.445,274.060,-0.004,0.889,0.009,-0.459,0.448,1.162,0.240
2016-12-01 01:48:54.456,274.081,-0.004,0.888,0.009,-0.459,0.448,1.162,0.240
2016-12-01 01:48:54.467,274.103,-0.004,0.888,0.009,-0.459,0.448,1.162,0.240
2016-12-01 01:48:54.478,274.103,-0.004,0.888,0.009,-0.460,0.448,1.162,0.240
2016-12-01 01:48:54.489,274.124,-0.004,0.888,0.009,-0.460,0.448,1.162,0.240
2016-12-01 01:48:54.501,274.124,-0.004,0.888,0.009,-0.461,0.448,1.162,0.240
2016-12-01 01:48:54.512,274.145,-0.003,0.887,0.009,-0.461,0.448,1.162,0.240
2016-12-01 01:48:54.523,274.145,-0.003,0.887,0.009,-0.461,0.448,1.162,0.240
2016-12-01 01:48:54.534,274.167,-0.003,0.887,0.009,-0.462,0.448,1.162,0.240
2016-12-01 01:48:54.545,274.167,-0.003,0.887,0.009,-0.462,0.448,1.162,0.240
2016-12-01 01:48:54.557,274.188,-0.003,0.887,0.009,-0.462,0.448,1.162,0.240
2016-12-01 01:48:54.568,274.188,-0.003,0.887,0.009,-0.463,0.448,1.162,0.240
2016-12-01 01:48:54.579,274.209,-0.003,0.886,0.009,-0.463,0.448,1.162,0.240
2016-12-01 01:48:54.591,274.209,-0.003,0.886,0.010,-0.463,0.448,1.162,0.240
2016-12-01 01:48:54.601,274.231,-0.003,0.886,0.010,-0.463,0.448,1.162,0.240
2016-12-01 01:48:54.612,274.231,-0.003,0.886,0.010,-0.463,0.448,1.162,0.240
2016-12-01 01:48:54.623,274.252,-0.003,0.886,0.010,-0.463,0.448,1.162,0.240
2016-12-01 01:48:54.635,274.252,-0.003,0.886,0.010,-0.464,0.448,1.162,0.240
2016-12-01 01:48:54.646,274.273,-0.003,0.886,0.010,-0.464,0.448,1.162,0.241
2016-12-01 01:48:54.657,274.295,-0.003,0.886,0.010,-0.464,0.448,1.162,0.241
2016-12-01 01:48:54.669,274.295,-0.003,0.886,0.010,-0.464,0.448,1.162,0.241
2016-12-01 01:48:54.679,274.316,-0.003,0.886,0.010,-0.464,0.448,1.162,0.241
2016-12-01 01:48:54.691,274.316,-0.003,0.886,0.010,-0.464,0.448,1.162,0.241
2016-12-01 01:48:54.702,274.337,-0.003,0.886,0.010,-0.464,0.448,1.162,0.241
2016-12-01 01:48:54.713,274.337,-0.003,0.886,0.010,-0.465,0.448,1.162,0.241
2016-12-01 01:48:54.724,274.337,-0.003,0.885,0.010,-0.465,0.448,1.162,0.241
2016-12-01 01:48:54.735,274.359,-0.003,0.885,0.009,-0.465,0.448,1.161,0.241
2016-12-01 01:48:54.747,274.380,-0.003,0.885,0.009,-0.465,0.448,1.161,0.241
2016-12-01 01:48:54.758,274.380,-0.003,0.885,0.009,-0.465,0.448,1.161,0.241
2016-12-01 01:48:54.769,274.401,-0.003,0.885,0.009,-0.466,0.448,1.161,0.241
2016-12-01 01:48:54.780,274.401,-0.003,0.885,0.009,-0.466,0.448,1.161,0.241
2016-12-01 01:48:54.791,274.423,-0.004,0.885,0.008,-0.466,0.447,1.161,0.241
2016-12-01 01:48:54.803,274.423,-0.004,0.884,0.008,-0.467,0.447,1.161,0.241
2016-12-01 01:48:54.813,274.444,-0.004,0.884,0.008,-0.467,0.447,1.161,0.241
2016-12-01 01:48:54.825,274.444,-0.004,0.884,0.008,-0.467,0.447,1.161,0.241
2016-12-01 01:48:54.835,274.465,-0.004,0.884,0.008,-0.468,0.447,1.161,0.241
2016-12-01 01:48:54.847,274.487,-0.004,0.884,0.008,-0.468,0.447,1.161,0.241
2016-12-01 01:48:54.858,274.487,-0.004,0.883,0.008,-0.469,0.447,1.161,0.241
2016-12-01 01:48:54.869,274.508,-0.004,0.883,0.008,-0.469,0.447,1.161,0.241
2016-12-01 01:48:54.881,274.508,-0.004,0.883,0.008,-0.470,0.447,1.161,0.241
2016-12-01 01:48:54.892,274.508,-0.004,0.883,0.008,-0.470,0.447,1.161,0.241
2016-12-01 01:48:54.903,274.529,-0.004,0.882,0.008,-0.471,0.447,1.161,0.241
2016-12-01 01:48:54.914,274.529,-0.004,0.882,0.008,-0.471,0.447,1.161,0.241
2016-12-01 01:48:54.925,274.551,-0.004,0.882,0.008,-0.471,0.447,1.161,0.241
2016-12-01 01:48:54.937,274.572,-0.004,0.882,0.008,-0.472,0.447,1.161,0.241
2016-12-01 01:48:54.947,274.572,-0.004,0.881,0.008,-0.472,0.447,1.161,0.241
2016-12-01 01:48:54.959,274.593,-0.003,0.881,0.009,-0.473,0.447,1.161,0.241
2016-12-01 01:48:54.970,274.593,-0.003,0.881,0.009,-0.473,0.447,1.161,0.241
2016-12-01 01:48:54.981,274.615,-0.003,0.881,0.009,-0.474,0.447,1.161,0.241
2016-12-01 01:48:54.992,274.615,-0.003,0.880,0.008,-0.474,0.447,1.161,0.241
2016-12-01 01:48:55.003,274.636,-0.003,0.880,0.008,-0.475,0.447,1.161,0.241
2016-12-01 01:48:55.014,274.636,-0.003,0.880,0.008,-0.475,0.447,1.161,0.241
2016-12-01 01:48:55.025,274.657,-0.003,0.880,0.008,-0.476,0.447,1.161,0.241
2016-12-01 01:48:55.037,274.679,-0.004,0.879,0.008,-0.477,0.447,1.161,0.241
2016-12-01 01:48:55.048,274.679,-0.004,0.879,0.008,-0.477,0.447,1.161,0.241
2016-12-01 01:48:55.059,274.679,-0.004,0.878,0.008,-0.478,0.446,1.161,0.241
2016-12-01 01:48:55.070,274.700,-0.005,0.878,0.007,-0.478,0.446,1.161,0.241
2016-12-01 01:48:55.082,274.700,-0.005,0.878,0.007,-0.479,0.446,1.161,0.241
2016-12-01 01:48:55.093,274.721,-0.005,0.877,0.007,-0.480,0.446,1.161,0.241
2016-12-01 01:48:55.104,274.721,-0.005,0.877,0.007,-0.480,0.446,1.161,0.241
2016-12-01 01:48:55.115,274.743,-0.005,0.877,0.007,-0.481,0.446,1.161,0.241
2016-12-01 01:48:55.127,274.743,-0.005,0.876,0.006,-0.482,0.446,1.160,0.241
2016-12-01 01:48:55.137,274.764,-0.006,0.876,0.006,-0.483,0.446,1.160,0.241
2016-12-01 01:48:55.148,274.785,-0.006,0.875,0.006,-0.484,0.446,1.160,0.241
2016-12-01 01:48:55.160,274.785,-0.007,0.874,0.006,-0.485,0.446,1.160,0.241
2016-12-01 01:48:55.171,274.807,-0.007,0.874,0.005,-0.486,0.446,1.160,0.241
2016-12-01 01:48:55.182,274.807,-0.007,0.873,0.005,-0.487,0.446,1.161,0.241
2016-12-01 01:48:55.193,274.828,-0.007,0.872,0.005,-0.489,0.446,1.161,0.241
2016-12-01 01:48:55.205,274.828,-0.007,0.872,0.005,-0.490,0.446,1.161,0.242
2016-12-01 01:48:55.215,274.828,-0.007,0.871,0.006,-0.491,0.445,1.161,0.242
2016-12-01 01:48:55.227,274.849,-0.007,0.870,0.006,-0.492,0.445,1.161,0.242
2016-12-01 01:48:55.238,274.871,-0.007,0.870,0.006,-0.494,0.445,1.161,0.242
2016-12-01 01:48:55.249,274.871,-0.006,0.869,0.006,-0.495,0.445,1.161,0.242
2016-12-01 01:48:55.260,274.892,-0.006,0.868,0.007,-0.496,0.445,1.161,0.242
2016-12-01 01:48:55.272,274.892,-0.006,0.868,0.007,-0.497,0.445,1.161,0.243
2016-12-01 01:48:55.283,274.913,-0.006,0.867,0.007,-0.498,0.445,1.161,0.243
2016-12-01 01:48:55.294,274.913,-0.005,0.866,0.007,-0.499,0.445,1.161,0.243
2016-12-01 01:48:55.305,274.935,0.005,-0.866,-0.007,0.501,0.445,1.161,0.243
2016-12-01 01:48:55.316,274.956,0.005,-0.865,-0.007,0.502,0.445,1.161,0.243
2016-12-01 01:48:55.327,274.956,0.005,-0.864,-0.007,0.503,0.445,1.161,0.243
2016-12-01 01:48:55.339,274.977,0.006,-0.864,-0.007,0.504,0.445,1.161,0.243
2016-12-01 01:48:55.350,274.977,0.006,-0.863,-0.007,0.505,0.445,1.161,0.243
2016-12-01 01:48:55.361,274.999,0.006,-0.863,-0.007,0.506,0.445,1.161,0.244
2016-12-01 01:48:55.372,274.999,0.006,-0.862,-0.007,0.507,0.445,1.161,0.244
2016-12-01 01:48:55.383,274.999,0.006,-0.861,-0.007,0.508,0.445,1.161,0.244
2016-12-01 01:48:55.394,275.020,0.007,-0.861,-0.007,0.509,0.445,1.161,0.244
2016-12-01 01:48:55.406,275.020,0.007,-0.860,-0.007,0.510,0.445,1.161,0.244
2016-12-01 01:48:55.416,275.041,0.007,-0.859,-0.007,0.511,0.445,1.161,0.244
2016-12-01 01:48:55.427,275.063,0.007,-0.859,-0.007,0.512,0.445,1.161,0.245
2016-12-01 01:48:55.439,275.063,0.007,-0.858,-0.007,0.513,0.445,1.161,0.245
2016-12-01 01:48:55.450,275.084,0.007,-0.857,-0.008,0.514,0.445,1.161,0.245
2016-12-01 01:48:55.462,275.084,0.008,-0.857,-0.008,0.516,0.445,1.161,0.245
2016-12-01 01:48:55.473,275.105,0.008,-0.856,-0.008,0.517,0.445,1.161,0.245
2016-12-01 01:48:55.484,275.105,0.008,-0.856,-0.008,0.518,0.445,1.161,0.245
2016-12-01 01:48:55.495,275.127,0.008,-0.855,-0.007,0.519,0.445,1.161,0.245
2016-12-01 01:48:55.506,275.148,0.008,-0.854,-0.007,0.520,0.444,1.161,0.245
2016-12-01 01:48:55.517,275.148,0.008,-0.854,-0.007,0.521,0.444,1.161,0.246
2016-12-01 01:48:55.528,275.148,0.008,-0.853,-0.007,0.522,0.444,1.161,0.246
2016-12-01 01:48:55.539,275.169,0.008,-0.852,-0.007,0.523,0.444,1.161,0.246
2016-12-01 01:48:55.551,275.169,0.007,-0.852,-0.008,0.524,0.444,1.161,0.246
2016-12-01 01:48:55.562,275.191,0.007,-0.851,-0.008,0.525,0.444,1.161,0.246
2016-12-01 01:48:55.573,275.191,0.007,-0.851,-0.008,0.526,0.444,1.161,0.247
2016-12-01 01:48:55.584,275.212,0.006,-0.850,-0.008,0.527,0.444,1.161,0.247
2016-12-01 01:48:55.595,275.212,0.006,-0.849,-0.008,0.528,0.444,1.161,0.247
2016-12-01 01:48:55.606,275.233,0.006,-0.849,-0.008,0.529,0.445,1.161,0.247
2016-12-01 01:48:55.617,275.255,0.006,-0.848,-0.008,0.530,0.444,1.161,0.248
2016-12-01 01:48:55.629,275.255,0.006,-0.847,-0.008,0.531,0.445,1.161,0.248
2016-12-01 01:48:55.640,275.276,0.005,-0.846,-0.009,0.532,0.444,1.161,0.248
2016-12-01 01:48:55.652,275.276,0.005,-0.846,-0.009,0.534,0.444,1.161,0.248
2016-12-01 01:48:55.662,275.297,0.005,-0.845,-0.009,0.535,0.444,1.161,0.248
2016-12-01 01:48:55.674,275.297,0.005,-0.844,-0.009,0.536,0.444,1.161,0.249
2016-12-01 01:48:55.685,275.319,0.005,-0.843,-0.009,0.537,0.444,1.161,0.249
2016-12-01 01:48:55.696,275.319,0.005,-0.843,-0.009,0.538,0.444,1.161,0.249
2016-12-01 01:48:55.707,275.340,0.004,-0.842,-0.009,0.540,0.444,1.161,0.249
2016-12-01 01:48:55.718,275.340,0.005,-0.841,-0.009,0.541,0.444,1.161,0.249
2016-12-01 01:48:55.729,275.361,0.005,-0.840,-0.009,0.542,0.444,1.161,0.250
2016-12-01 01:48:55.741,275.361,0.005,-0.840,-0.009,0.543,0.444,1.161,0.250
2016-12-01 01:48:55.752,275.383,0.005,-0.839,-0.009,0.544,0.444,1.161,0.250
2016-12-01 01:48:55.763,275.383,0.005,-0.838,-0.009,0.545,0.444,1.161,0.250
2016-12-01 01:48:55.774,275.404,0.005,-0.837,-0.009,0.546,0.444,1.161,0.250
2016-12-01 01:48:55.785,275.404,0.005,-0.837,-0.009,0.547,0.444,1.161,0.251
2016-12-01 01:48:55.796,275.425,0.005,-0.836,-0.009,0.548,0.444,1.161,0.251
2016-12-01 01:48:55.808,275.447,0.005,-0.835,-0.010,0.549,0.444,1.161,0.251
2016-12-01 01:48:55.819,275.447,0.006,-0.835,-0.009,0.550,0.444,1.161,0.251
2016-12-01 01:48:55.830,275.468,0.006,-0.834,-0.009,0.551,0.444,1.161,0.251
2016-12-01 01:48:55.841,275.468,0.006,-0.834,-0.009,0.552,0.444,1.161,0.251
2016-12-01 01:48:55.852,275.489,0.006,-0.833,-0.009,0.553,0.444,1.161,0.252
2016-12-01 01:48:55.864,275.489,0.006,-0.833,-0.009,0.554,0.444,1.161,0.252
2016-12-01 01:48:55.874,275.489,0.007,-0.832,-0.009,0.554,0.444,1.161,0.252
2016-12-01 01:48:55.886,275.511,0.007,-0.832,-0.009,0.555,0.444,1.161,0.252
2016-12-01 01:48:55.897,275.532,0.007,-0.831,-0.009,0.556,0.444,1.161,0.252
2016-12-01 01:48:55.908,275.532,0.008,-0.831,-0.009,0.557,0.443,1.161,0.252
2016-12-01 01:48:55.919,275.553,0.008,-0.830,-0.009,0.557,0.443,1.161,0.252
2016-12-01 01:48:55.931,275.553,0.008,-0.830,-0.009,0.558,0.443,1.161,0.252
2016-12-01 01:48:55.941,275.575,0.008,-0.829,-0.010,0.559,0.443,1.161,0.252
2016-12-01 01:48:55.952,275.575,0.009,-0.829,-0.010,0.559,0.443,1.161,0.252
2016-12-01 01:48:55.964,275.596,0.009,-0.828,-0.010,0.560,0.443,1.161,0.253
2016-12-01 01:48:55.975,275.596,0.009,-0.828,-0.010,0.561,0.443,1.161,0.253
2016-12-01 01:48:55.986,275.617,0.009,-0.827,-0.010,0.562,0.443,1.161,0.253
2016-12-01 01:48:55.998,275.639,0.009,-0.827,-0.010,0.562,0.443,1.161,0.253
2016-12-01 01:48:56.009,275.639,0.009,-0.826,-0.010,0.563,0.443,1.161,0.253
2016-12-01 01:48:56.020,275.639,0.010,-0.826,-0.010,0.564,0.443,1.161,0.253
2016-12-01 01:48:56.031,275.660,0.010,-0.825,-0.009,0.564,0.442,1.161,0.253
2016-12-01 01:48:56.042,275.660,0.010,-0.825,-0.009,0.565,0.442,1.161,0.253
2016-12-01 01:48:56.053,275.681,0.010,-0.824,-0.009,0.566,0.442,1.161,0.253
2016-12-01 01:48:56.065,275.681,0.011,-0.824,-0.009,0.567,0.442,1.161,0.253
2016-12-01 01:48:56.076,275.703,0.011,-0.823,-0.009,0.567,0.442,1.161,0.253
2016-12-01 01:48:56.087,275.724,0.011,-0.823,-0.009,0.568,0.442,1.161,0.253
2016-12-01 01:48:56.098,275.724,0.011,-0.823,-0.009,0.569,0.442,1.161,0.253
2016-12-01 01:48:56.109,275.745,0.011,-0.822,-0.009,0.569,0.442,1.161,0.253
2016-12-01 01:48:56.121,275.745,0.011,-0.822,-0.009,0.570,0.441,1.161,0.253
2016-12-01 01:48:56.131,275.767,0.011,-0.821,-0.009,0.571,0.441,1.161,0.253
2016-12-01 01:48:56.142,275.767,0.011,-0.821,-0.009,0.571,0.441,1.161,0.253
2016-12-01 01:48:56.154,275.788,0.011,-0.820,-0.009,0.572,0.441,1.161,0.253
2016-12-01 01:48:56.165,275.788,0.011,-0.820,-0.009,0.573,0.441,1.161,0.253
2016-12-01 01:48:56.176,275.809,0.011,-0.819,-0.009,0.573,0.441,1.161,0.253
2016-12-01 01:48:56.188,275.809,0.011,-0.819,-0.009,0.574,0.441,1.161,0.253
2016-12-01 01:48:56.198,275.831,0.011,-0.818,-0.009,0.575,0.441,1.161,0.253
2016-12-01 01:48:56.210,275.831,0.011,-0.818,-0.009,0.575,0.441,1.161,0.253
2016-12-01 01:48:56.221,275.852,0.010,-0.817,-0.009,0.576,0.441,1.161,0.253
2016-12-01 01:48:56.232,275.852,0.011,-0.817,-0.009,0.577,0.441,1.161,0.253
2016-12-01 01:48:56.243,275.873,0.011,-0.816,-0.009,0.577,0.441,1.161,0.253
2016-12-01 01:48:56.254,275.873,0.011,-0.816,-0.008,0.578,0.441,1.160,0.253
2016-12-01 01:48:56.265,275.895,0.011,-0.816,-0.008,0.579,0.441,1.160,0.253
2016-12-01 01:48:56.277,275.916,0.011,-0.815,-0.008,0.579,0.441,1.160,0.253
2016-12-01 01:48:56.288,275.916,0.011,-0.815,-0.008,0.580,0.441,1.160,0.252
2016-12-01 01:48:56.299,275.937,0.011,-0.814,-0.008,0.580,0.441,1.160,0.252
2016-12-01 01:48:56.310,275.937,0.011,-0.814,-0.007,0.581,0.441,1.160,0.252
2016-12-01 01:48:56.321,275.959,0.012,-0.814,-0.007,0.581,0.441,1.160,0.252
2016-12-01 01:48:56.333,275.959,0.012,-0.814,-0.007,0.581,0.441,1.160,0.252
2016-12-01 01:48:56.343,275.959,0.012,-0.813,-0.007,0.582,0.441,1.160,0.252
2016-12-01 01:48:56.355,275.980,0.012,-0.813,-0.007,0.582,0.440,1.160,0.252
2016-12-01 01:48:56.366,276.001,0.012,-0.813,-0.006,0.582,0.441,1.160,0.252
2016-12-01 01:48:56.377,276.001,0.012,-0.813,-0.006,0.583,0.441,1.160,0.252
2016-12-01 01:48:56.388,276.023,0.012,-0.812,-0.006,0.583,0.441,1.160,0.252
2016-12-01 01:48:56.400,276.023,0.012,-0.812,-0.006,0.583,0.441,1.160,0.252
2016-12-01 01:48:56.411,276.044,0.012,-0.812,-0.006,0.584,0.441,1.160,0.252
2016-12-01 01:48:56.422,276.044,0.012,-0.812,-0.006,0.584,0.441,1.160,0.252
2016-12-01 01:48:56.433,276.065,0.012,-0.811,-0.005,0.585,0.441,1.160,0.252
2016-12-01 01:48:56.444,276.065,0.012,-0.811,-0.005,0.585,0.441,1.160,0.252
2016-12-01 01:48:56.455,276.087,0.012,-0.811,-0.006,0.585,0.441,1.160,0.252
2016-12-01 01:48:56.467,276.108,0.012,-0.810,-0.006,0.586,0.441,1.160,0.251
2016-12-01 01:48:56.478,276.108,0.012,-0.810,-0.006,0.586,0.441,1.160,0.251
2016-12-01 01:48:56.489,276.129,0.011,-0.810,-0.006,0.587,0.441,1.160,0.251
2016-12-01 01:48:56.500,276.129,0.011,-0.809,-0.006,0.587,0.441,1.160,0.251
2016-12-01 01:48:56.511,276.129,0.011,-0.809,-0.006,0.588,0.441,1.160,0.251
2016-12-01 01:48:56.522,276.151,0.010,-0.809,-0.006,0.588,0.441,1.160,0.251
2016-12-01 01:48:56.534,276.151,0.010,-0.808,-0.006,0.588,0.441,1.160,0.251
2016-12-01 01:48:56.544,276.172,0.010,-0.808,-0.006,0.589,0.441,1.160,0.250
2016-12-01 01:48:56.556,276.172,0.010,-0.808,-0.006,0.590,0.441,1.160,0.250
2016-12-01 01:48:56.567,276.193,0.010,-0.807,-0.006,0.590,0.441,1.160,0.250
2016-12-01 01:48:56.579,276.215,0.010,-0.807,-0.006,0.591,0.441,1.160,0.250
2016-12-01 01:48:56.590,276.215,0.010,-0.806,-0.006,0.591,0.441,1.160,0.250
2016-12-01 01:48:56.601,276.236,0.010,-0.806,-0.005,0.592,0.442,1.160,0.250
2016-12-01 01:48:56.612,276.236,0.010,-0.806,-0.005,0.592,0.442,1.160,0.250
2016-12-01 01:48:56.623,276.257,0.010,-0.805,-0.005,0.593,0.442,1.160,0.250
2016-12-01 01:48:56.634,276.257,0.010,-0.805,-0.005,0.593,0.442,1.160,0.250
2016-12-01 01:48:56.645,276.279,0.010,-0.805,-0.005,0.594,0.442,1.160,0.250
2016-12-01 01:48:56.657,276.300,0.010,-0.804,-0.005,0.594,0.442,1.160,0.250
2016-12-01 01:48:56.668,276.300,0.010,-0.804,-0.005,0.595,0.442,1.160,0.250
2016-12-01 01:48:56.679,276.300,0.010,-0.803,-0.006,0.595,0.442,1.160,0.250
2016-12-01 01:48:56.690,276.321,0.010,-0.803,-0.006,0.596,0.442,1.160,0.250
2016-12-01 01:48:56.701,276.321,0.009,-0.803,-0.006,0.596,0.442,1.160,0.250
2016-12-01 01:48:56.712,276.343,0.009,-0.803,-0.006,0.597,0.442,1.161,0.250
2016-12-01 01:48:56.723,276.343,0.009,-0.802,-0.006,0.597,0.442,1.161,0.250
2016-12-01 01:48:56.734,276.364,0.009,-0.802,-0.007,0.598,0.442,1.161,0.250
2016-12-01 01:48:56.746,276.385,0.009,-0.801,-0.007,0.598,0.442,1.161,0.250
2016-12-01 01:48:56.757,276.385,0.008,-0.801,-0.007,0.599,0.442,1.161,0.250
2016-12-01 01:48:56.768,276.407,0.008,-0.800,-0.007,0.599,0.442,1.161,0.250
2016-12-01 01:48:56.779,276.407,0.008,-0.800,-0.007,0.600,0.442,1.161,0.250
2016-12-01 01:48:56.790,276.428,0.008,-0.799,-0.007,0.601,0.442,1.160,0.250
2016-12-01 01:48:56.802,276.428,0.008,-0.799,-0.007,0.601,0.442,1.160,0.250
2016-12-01 01:48:56.813,276.449,0.008,-0.798,-0.007,0.602,0.442,1.160,0.250
2016-12-01 01:48:56.824,276.449,0.008,-0.798,-0.007,0.603,0.442,1.160,0.250
2016-12-01 01:48:56.835,276.449,0.008,-0.797,-0.007,0.604,0.442,1.160,0.250
2016-12-01 01:48:56.846,276.471,0.008,-0.797,-0.006,0.604,0.442,1.160,0.250
2016-12-01 01:48:56.857,276.492,0.008,-0.796,-0.006,0.605,0.442,1.160,0.250
2016-12-01 01:48:56.869,276.492,0.008,-0.795,-0.006,0.606,0.442,1.160,0.250
2016-12-01 01:48:56.880,276.513,0.008,-0.795,-0.006,0.607,0.442,1.160,0.250
2016-12-01 01:48:56.891,276.513,0.008,-0.794,-0.006,0.607,0.442,1.160,0.250
2016-12-01 01:48:56.902,276.535,0.009,-0.794,-0.005,0.608,0.442,1.160,0.250
2016-12-01 01:48:56.913,276.535,0.009,-0.794,-0.005,0.608,0.442,1.160,0.250
2016-12-01 01:48:56.924,276.556,0.009,-0.793,-0.005,0.609,0.442,1.160,0.250
2016-12-01 01:48:56.936,276.577,0.009,-0.792,-0.005,0.610,0.442,1.160,0.250
2016-12-01 01:48:56.947,276.577,0.009,-0.792,-0.005,0.610,0.442,1.160,0.250
2016-12-01 01:48:56.958,276.599,0.009,-0.791,-0.005,0.611,0.442,1.160,0.250
2016-12-01 01:48:56.970,276.599,0.009,-0.791,-0.005,0.612,0.442,1.160,0.250
2016-12-01 01:48:56.980,276.620,0.009,-0.790,-0.006,0.613,0.442,1.160,0.250
2016-12-01 01:48:56.992,276.620,0.009,-0.790,-0.006,0.613,0.442,1.161,0.250
2016-12-01 01:48:57.003,276.620,0.009,-0.789,-0.006,0.614,0.442,1.160,0.250
2016-12-01 01:48:57.014,276.641,0.009,-0.789,-0.006,0.615,0.442,1.160,0.250
2016-12-01 01:48:57.025,276.641,0.009,-0.788,-0.006,0.616,0.442,1.160,0.250
2016-12-01 01:48:57.036,276.663,0.009,-0.787,-0.006,0.617,0.442,1.160,0.250
2016-12-01 01:48:57.048,276.684,0.009,-0.787,-0.006,0.617,0.442,1.160,0.250
2016-12-01 01:48:57.059,276.684,0.009,-0.786,-0.006,0.618,0.442,1.160,0.250
2016-12-01 01:48:57.069,276.705,0.009,-0.785,-0.006,0.619,0.442,1.160,0.250
2016-12-01 01:48:57.081,276.705,0.009,-0.785,-0.006,0.620,0.442,1.160,0.250
2016-12-01 01:48:57.092,276.727,0.009,-0.784,-0.006,0.621,0.442,1.160,0.250
2016-12-01 01:48:57.104,276.727,0.009,-0.783,-0.006,0.622,0.442,1.160,0.250
2016-12-01 01:48:57.114,276.748,0.009,-0.783,-0.006,0.622,0.442,1.160,0.250
2016-12-01 01:48:57.126,276.748,0.009,-0.782,-0.006,0.623,0.442,1.160,0.250
2016-12-01 01:48:57.137,276.769,0.009,-0.781,-0.006,0.624,0.442,1.160,0.250
2016-12-01 01:48:57.148,276.791,0.010,-0.781,-0.006,0.625,0.442,1.160,0.250
2016-12-01 01:48:57.160,276.791,0.010,-0.780,-0.006,0.626,0.442,1.160,0.250
2016-12-01 01:48:57.170,276.791,0.010,-0.779,-0.006,0.627,0.442,1.160,0.250
2016-12-01 01:48:57.181,276.812,0.010,-0.779,-0.005,0.627,0.442,1.161,0.250
2016-12-01 01:48:57.193,276.812,0.010,-0.778,-0.005,0.628,0.442,1.161,0.250
2016-12-01 01:48:57.204,276.833,0.010,-0.777,-0.005,0.629,0.442,1.161,0.250
2016-12-01 01:48:57.215,276.833,0.010,-0.777,-0.006,0.630,0.442,1.160,0.250
2016-12-01 01:48:57.226,276.855,0.010,-0.776,-0.006,0.630,0.442,1.160,0.250
2016-12-01 01:48:57.238,276.876,0.010,-0.776,-0.006,0.631,0.442,1.160,0.250
2016-12-01 01:48:57.248,276.876,0.010,-0.775,-0.006,0.632,0.442,1.160,0.250
2016-12-01 01:48:57.259,276.897,0.010,-0.775,-0.005,0.632,0.442,1.160,0.250
2016-12-01 01:48:57.271,276.897,0.010,-0.774,-0.005,0.633,0.442,1.160,0.250
2016-12-01 01:48:57.282,276.919,0.010,-0.773,-0.005,0.634,0.442,1.160,0.250
2016-12-01 01:48:57.293,276.919,0.011,-0.773,-0.005,0.635,0.442,1.160,0.250
2016-12-01 01:48:57.304,276.940,0.011,-0.772,-0.005,0.635,0.442,1.160,0.250
2016-12-01 01:48:57.315,276.940,0.011,-0.771,-0.005,0.636,0.442,1.160,0.250
2016-12-01 01:48:57.327,276.961,0.012,-0.771,-0.005,0.637,0.442,1.160,0.250
2016-12-01 01:48:57.338,276.961,0.012,-0.770,-0.004,0.637,0.442,1.160,0.250
2016-12-01 01:48:57.349,276.983,0.012,-0.770,-0.004,0.638,0.442,1.160,0.250
2016-12-01 01:48:57.360,276.983,0.012,-0.769,-0.004,0.639,0.442,1.160,0.250
2016-12-01 01:48:57.371,277.004,0.013,-0.769,-0.003,0.639,0.443,1.160,0.249
2016-12-01 01:48:57.383,277.004,0.013,-0.768,-0.003,0.640,0.442,1.160,0.249
2016-12-01 01:48:57.394,277.025,0.013,-0.768,-0.003,0.640,0.442,1.160,0.249
2016-12-01 01:48:57.405,277.025,0.013,-0.768,-0.003,0.641,0.442,1.160,0.249
2016-12-01 01:48:57.416,277.047,0.013,-0.767,-0.003,0.641,0.442,1.160,0.249
2016-12-01 01:48:57.427,277.068,0.014,-0.767,-0.003,0.642,0.442,1.160,0.249
2016-12-01 01:48:57.438,277.068,0.014,-0.766,-0.002,0.642,0.443,1.160,0.249
2016-12-01 01:48:57.449,277.089,0.014,-0.766,-0.002,0.643,0.443,1.160,0.249
2016-12-01 01:48:57.461,277.089,0.014,-0.766,-0.002,0.643,0.442,1.160,0.249
2016-12-01 01:48:57.472,277.111,0.014,-0.765,-0.002,0.644,0.442,1.160,0.249
2016-12-01 01:48:57.483,277.111,0.014,-0.765,-0.002,0.644,0.443,1.159,0.249
2016-12-01 01:48:57.494,277.111,0.014,-0.764,-0.002,0.644,0.443,1.159,0.249
2016-12-01 01:48:57.505,277.132,0.014,-0.764,-0.002,0.645,0.442,1.159,0.249
2016-12-01 01:48:57.517,277.153,0.014,-0.764,-0.002,0.645,0.443,1.159,0.249
2016-12-01 01:48:57.528,277.153,0.014,-0.763,-0.002,0.646,0.443,1.159,0.249
2016-12-01 01:48:57.539,277.175,0.014,-0.763,-0.002,0.646,0.443,1.159,0.248
2016-12-01 01:48:57.550,277.175,0.013,-0.763,-0.002,0.647,0.443,1.159,0.248
2016-12-01 01:48:57.561,277.196,0.013,-0.762,-0.002,0.647,0.442,1.159,0.248
2016-12-01 01:48:57.573,277.196,0.013,-0.762,-0.002,0.647,0.442,1.159,0.248
2016-12-01 01:48:57.584,277.217,0.013,-0.762,-0.002,0.648,0.442,1.159,0.248
2016-12-01 01:48:57.595,277.217,0.013,-0.762,-0.002,0.648,0.442,1.159,0.248
2016-12-01 01:48:57.606,277.239,0.013,-0.762,-0.001,0.648,0.442,1.159,0.248
2016-12-01 01:48:57.617,277.260,0.013,-0.761,-0.001,0.648,0.442,1.159,0.248
2016-12-01 01:48:57.629,277.260,0.012,-0.761,-0.001,0.648,0.442,1.159,0.248
2016-12-01 01:48:57.639,277.260,0.012,-0.761,-0.001,0.648,0.442,1.159,0.247
2016-12-01 01:48:57.650,277.281,0.012,-0.761,-0.001,0.648,0.442,1.159,0.247
2016-12-01 01:48:57.662,277.281,0.012,-0.761,-0.001,0.648,0.442,1.160,0.247
2016-12-01 01:48:57.673,277.303,0.012,-0.762,-0.001,0.648,0.442,1.160,0.247
2016-12-01 01:48:57.684,277.303,0.012,-0.762,-0.001,0.648,0.442,1.160,0.247
2016-12-01 01:48:57.695,277.324,0.012,-0.762,-0.001,0.648,0.442,1.160,0.247
2016-12-01 01:48:57.707,277.345,0.012,-0.762,-0.001,0.647,0.442,1.160,0.247
2016-12-01 01:48:57.718,277.345,0.012,-0.762,-0.001,0.647,0.442,1.160,0.247
2016-12-01 01:48:57.729,277.367,0.012,-0.763,0.000,0.647,0.442,1.159,0.247
2016-12-01 01:48:57.740,277.367,0.012,-0.763,0.000,0.647,0.441,1.159,0.247
2016-12-01 01:48:57.751,277.388,0.012,-0.763,0.000,0.646,0.441,1.159,0.247
2016-12-01 01:48:57.763,277.388,0.011,-0.763,0.000,0.646,0.441,1.159,0.247
2016-12-01 01:48:57.773,277.409,0.011,-0.764,0.000,0.645,0.441,1.159,0.247
2016-12-01 01:48:57.785,277.409,0.012,-0.764,0.000,0.645,0.441,1.159,0.247
2016-12-01 01:48:57.796,277.431,0.012,-0.765,0.000,0.644,0.441,1.159,0.246
2016-12-01 01:48:57.807,277.431,0.011,-0.765,0.000,0.644,0.441,1.159,0.246
2016-12-01 01:48:57.818,277.452,0.011,-0.765,0.001,0.643,0.441,1.159,0.246
2016-12-01 01:48:57.830,277.452,0.012,-0.766,0.001,0.643,0.441,1.159,0.246
2016-12-01 01:48:57.840,277.473,0.012,-0.766,0.001,0.642,0.441,1.159,0.246
2016-12-01 01:48:57.851,277.473,0.012,-0.767,0.001,0.642,0.441,1.159,0.246
2016-12-01 01:48:57.863,277.495,0.012,-0.767,0.002,0.642,0.441,1.159,0.246
2016-12-01 01:48:57.874,277.495,0.013,-0.767,0.002,0.641,0.440,1.159,0.246
2016-12-01 01:48:57.885,277.516,0.013,-0.768,0.003,0.641,0.441,1.159,0.246
2016-12-01 01:48:57.897,277.537,0.013,-0.768,0.003,0.640,0.440,1.159,0.246
2016-12-01 01:48:57.907,277.537,0.014,-0.769,0.003,0.639,0.440,1.159,0.246
2016-12-01 01:48:57.919,277.559,0.014,-0.769,0.003,0.639,0.440,1.159,0.246
2016-12-01 01:48:57.930,277.559,0.014,-0.770,0.003,0.638,0.440,1.159,0.246
2016-12-01 01:48:57.941,277.580,0.014,-0.771,0.003,0.637,0.440,1.158,0.246
2016-12-01 01:48:57.952,277.580,0.014,-0.771,0.003,0.636,0.440,1.159,0.246
2016-12-01 01:48:57.963,277.601,0.014,-0.772,0.003,0.635,0.440,1.159,0.246
2016-12-01 01:48:57.974,277.601,0.013,-0.773,0.003,0.634,0.440,1.159,0.246
2016-12-01 01:48:57.986,277.601,0.013,-0.774,0.003,0.634,0.440,1.159,0.246
2016-12-01 01:48:57.997,277.623,0.013,-0.774,0.003,0.633,0.440,1.159,0.246
2016-12-01 01:48:58.008,277.644,0.013,-0.775,0.003,0.632,0.440,1.159,0.246
2016-12-01 01:48:58.019,277.644,0.013,-0.776,0.004,0.631,0.440,1.159,0.246
2016-12-01 01:48:58.031,277.665,0.013,-0.777,0.004,0.630,0.440,1.158,0.246
2016-12-01 01:48:58.042,277.665,0.013,-0.777,0.004,0.629,0.439,1.158,0.246
2016-12-01 01:48:58.053,277.687,0.013,-0.778,0.004,0.628,0.439,1.158,0.246
2016-12-01 01:48:58.064,277.687,0.013,-0.779,0.004,0.627,0.439,1.158,0.246
2016-12-01 01:48:58.075,277.708,0.013,-0.780,0.004,0.626,0.439,1.158,0.246
2016-12-01 01:48:58.087,277.708,0.013,-0.781,0.004,0.624,0.439,1.158,0.246
2016-12-01 01:48:58.098,277.729,0.013,-0.782,0.005,0.623,0.439,1.158,0.247
2016-12-01 01:48:58.109,277.751,0.013,-0.783,0.005,0.622,0.439,1.158,0.247
2016-12-01 01:48:58.120,277.751,0.013,-0.784,0.005,0.621,0.439,1.158,0.247
2016-12-01 01:48:58.131,277.751,0.014,-0.785,0.005,0.620,0.439,1.158,0.247
2016-12-01 01:48:58.142,277.772,0.014,-0.786,0.005,0.618,0.438,1.158,0.247
2016-12-01 01:48:58.153,277.772,0.014,-0.787,0.006,0.617,0.438,1.158,0.247
2016-12-01 01:48:58.165,277.793,0.014,-0.788,0.006,0.616,0.438,1.158,0.247
2016-12-01 01:48:58.176,277.815,0.015,-0.789,0.006,0.615,0.438,1.158,0.247
2016-12-01 01:48:58.187,277.815,0.015,-0.790,0.005,0.613,0.438,1.158,0.247
2016-12-01 01:48:58.198,277.836,0.015,-0.791,0.005,0.612,0.438,1.158,0.247
2016-12-01 01:48:58.209,277.836,0.015,-0.792,0.005,0.611,0.438,1.158,0.248
2016-12-01 01:48:58.220,277.857,0.015,-0.793,0.005,0.610,0.438,1.159,0.248
2016-12-01 01:48:58.232,277.857,0.015,-0.794,0.005,0.608,0.438,1.159,0.248
2016-12-01 01:48:58.242,277.879,0.015,-0.794,0.004,0.607,0.438,1.159,0.248
2016-12-01 01:48:58.254,277.879,0.015,-0.795,0.004,0.606,0.438,1.159,0.248
2016-12-01 01:48:58.265,277.900,0.015,-0.796,0.004,0.605,0.438,1.159,0.248
2016-12-01 01:48:58.276,277.921,0.015,-0.797,0.004,0.604,0.438,1.159,0.248
2016-12-01 01:48:58.288,277.921,0.015,-0.798,0.004,0.602,0.438,1.159,0.249
2016-12-01 01:48:58.299,277.921,0.015,-0.799,0.004,0.601,0.438,1.159,0.249
2016-12-01 01:48:58.310,277.943,0.015,-0.800,0.004,0.600,0.438,1.159,0.249
2016-12-01 01:48:58.321,277.943,0.015,-0.801,0.004,0.599,0.438,1.159,0.249
2016-12-01 01:48:58.332,277.964,0.015,-0.802,0.004,0.598,0.438,1.159,0.249
2016-12-01 01:48:58.344,277.964,0.016,-0.803,0.004,0.596,0.438,1.158,0.249
2016-12-01 01:48:58.354,277.985,0.016,-0.803,0.004,0.595,0.438,1.158,0.249
2016-12-01 01:48:58.366,278.007,0.016,-0.805,0.004,0.594,0.438,1.158,0.249
2016-12-01 01:48:58.376,278.007,0.016,-0.805,0.004,0.592,0.438,1.158,0.250
2016-12-01 01:48:58.388,278.028,0.017,-0.806,0.004,0.591,0.438,1.158,0.250
2016-12-01 01:48:58.399,278.028,0.017,-0.807,0.004,0.590,0.438,1.158,0.250
2016-12-01 01:48:58.410,278.049,0.017,-0.808,0.004,0.589,0.438,1.158,0.250
2016-12-01 01:48:58.421,278.049,0.017,-0.809,0.004,0.587,0.438,1.158,0.250
2016-12-01 01:48:58.432,278.071,0.018,-0.810,0.005,0.586,0.438,1.158,0.250
2016-12-01 01:48:58.443,278.071,0.018,-0.811,0.005,0.585,0.437,1.158,0.250
2016-12-01 01:48:58.455,278.071,0.018,-0.812,0.005,0.583,0.437,1.158,0.250
2016-12-01 01:48:58.466,278.092,0.018,-0.813,0.005,0.582,0.437,1.158,0.251
2016-12-01 01:48:58.478,278.113,0.018,-0.814,0.005,0.581,0.437,1.158,0.251
2016-12-01 01:48:58.489,278.113,0.018,-0.815,0.005,0.580,0.437,1.158,0.251
2016-12-01 01:48:58.500,278.135,0.018,-0.816,0.005,0.578,0.437,1.158,0.251
2016-12-01 01:48:58.511,278.135,0.018,-0.816,0.004,0.577,0.437,1.158,0.251
2016-12-01 01:48:58.522,278.156,0.018,-0.817,0.004,0.576,0.437,1.158,0.251
2016-12-01 01:48:58.533,278.156,0.018,-0.818,0.004,0.574,0.437,1.158,0.251
2016-12-01 01:48:58.544,278.156,0.018,-0.819,0.003,0.573,0.437,1.158,0.251
2016-12-01 01:48:58.555,278.156,0.018,-0.820,0.003,0.572,0.437,1.158,0.251
2016-12-01 01:48:58.566,278.156,0.017,-0.821,0.003,0.571,0.437,1.158,0.251
2016-12-01 01:48:58.577,278.177,0.017,-0.822,0.003,0.569,0.437,1.159,0.251
2016-12-01 01:48:58.589,278.177,0.017,-0.823,0.003,0.568,0.437,1.159,0.251
2016-12-01 01:48:58.600,278.199,0.017,-0.824,0.003,0.567,0.437,1.159,0.252
2016-12-01 01:48:58.611,278.199,0.017,-0.825,0.002,0.565,0.437,1.159,0.252
2016-12-01 01:48:58.622,278.199,0.017,-0.826,0.002,0.564,0.437,1.159,0.252
2016-12-01 01:48:58.633,278.199,0.016,-0.827,0.002,0.563,0.437,1.159,0.252
2016-12-01 01:48:58.645,278.199,0.016,-0.827,0.002,0.561,0.437,1.159,0.252
2016-12-01 01:48:58.656,278.199,0.016,-0.828,0.002,0.560,0.437,1.159,0.252
2016-12-01 01:48:58.667,278.220,0.016,-0.829,0.002,0.559,0.437,1.159,0.252
2016-12-01 01:48:58.679,278.220,0.016,-0.830,0.002,0.557,0.437,1.159,0.252
2016-12-01 01:48:58.689,278.241,0.016,-0.831,0.002,0.556,0.437,1.159,0.252
2016-12-01 01:48:58.700,278.241,0.016,-0.832,0.002,0.555,0.437,1.158,0.252
2016-12-01 01:48:58.712,278.263,0.016,-0.833,0.002,0.553,0.437,1.158,0.252
2016-12-01 01:48:58.723,278.263,0.017,-0.834,0.002,0.552,0.437,1.158,0.252
2016-12-01 01:48:58.734,278.284,0.017,-0.834,0.003,0.551,0.437,1.158,0.252
2016-12-01 01:48:58.745,278.284,0.017,-0.835,0.003,0.550,0.437,1.158,0.252
2016-12-01 01:48:58.756,278.305,0.018,-0.836,0.003,0.548,0.437,1.158,0.252
2016-12-01 01:48:58.767,278.305,0.018,-0.837,0.003,0.547,0.437,1.158,0.252
2016-12-01 01:48:58.778,278.305,0.018,-0.838,0.004,0.546,0.437,1.158,0.252
2016-12-01 01:48:58.790,278.305,0.019,-0.838,0.004,0.545,0.437,1.158,0.252
2016-12-01 01:48:58.801,278.327,0.019,-0.839,0.004,0.544,0.437,1.158,0.252
